smiles,M1_alpha_ve,M1_beta_ve,M2_ve,R_ve,ABC_ve,GA_ve,H_ve,X_ve,HM1_ve,HM2_ve,F_ve,F1_ve,ReZG3_ve,AG_ve,ISI_ve,T_ve,ID_ve,ZD_ve,mM1_ve,T_ev,M_ev,F_ev,mM_ev,ID_ev,R_ev,RR_ev,mpC
c1cc(cc2c1ccc(=O)o2)O,806,284,786,4.9421433916743345,14.421094274536092,25.7886214388934,4.895038295038296,7.948704483473413,3184,26258,1612,4726,9036,26.216441846037068,69.99883449883448,142,4.990476190476191,11.316470875289479,1.0157823129251704,124,600,2944,1.195555555555556,5.533333333333334,11.971914108927058,56.67606712556298,230.0
CCOC(=O)C(=O)OCC,378,156,348,4.6722278390997145,11.097670294140311,17.546839882844505,4.5494949494949495,6.3197969252069415,1452,8532,756,1974,3432,18.472937916083705,37.20909090909091,78,4.8,9.116659302293861,1.4933333333333336,76,336,1552,1.1600000000000001,4.466666666666667,8.914752039686062,36.77145462584102,-41.0
NS(=O)(=O)Cc2noc1ccccc12,996,336,964,5.624779320621389,16.51417576508827,29.76330451166618,5.582295482295484,9.104314962350784,3920,36108,1992,6228,11688,30.240185851938623,82.64273504273505,168,5.6678571428571445,12.950939101853134,1.1276403061224494,148,744,3808,1.3066666666666666,6.200000000000001,13.604907270782508,66.47402609669568,162.0
COc1cccc(c1O)C(=O)O,756,256,694,4.972222546208115,13.798817916732283,23.350657682966986,4.82029082029082,7.537192622782615,2900,25002,1512,4814,8304,24.68219892683503,60.954156954156964,128,5.132142857142857,10.898099767090317,1.2826573129251704,112,544,2740,1.2538888888888888,5.366666666666666,11.287471854162177,51.57744793683556,152.0
Fc1ccccc1,280,124,274,3.2108249704942384,8.343574419887329,13.911723633103334,3.188888888888889,4.719564740960328,1108,5574,560,1286,2472,14.09051347747691,30.638888888888886,62,3.2333333333333334,6.707845437689333,0.7661111111111112,60,260,1140,0.785,3.3,6.7888543819998315,28.94427190999916,-40.0
O=C(Oc1ccccc1)c2ccccc2,836,320,812,6.6419524165047505,18.33976034450799,31.757646034800793,6.590520590520592,10.231907109374308,3296,23108,1672,4552,8608,32.250481123134186,78.81507381507383,160,6.695238095238097,14.554938775927877,1.464557823129252,144,660,3084,1.6605555555555556,7.233333333333334,15.183059726927224,67.73179521556382,70.0
N#Cc1ccc(Br)cc1,428,172,414,3.962049594484955,10.550198794434266,17.765138332350134,3.893939393939395,5.891926400593708,1684,10330,856,2186,4136,18.244785002227463,42.125757575757575,86,4.033333333333335,8.428551472267303,1.0094444444444448,80,364,1688,0.9972222222222222,4.166666666666667,8.626836493378832,37.824781390135655,111.0
C=CC(C)(C)CC,284,112,256,2.8117043883352997,7.328718431525358,11.516651981929844,2.6701298701298697,3.9828143344153157,1080,6304,568,1508,2560,12.52630371724558,26.223376623376616,56,2.9666666666666672,5.83606110622838,0.8961111111111112,56,280,1472,0.7155555555555555,2.8000000000000003,5.731248620613787,25.670434111407385,-134.0
c1cc(ncc1C(=O)N)N,524,200,500,4.163378444157187,11.527351494745051,19.72555480241075,4.1,6.383193279263225,2048,13700,1048,2860,5240,20.28188398797719,48.74999999999999,100,4.228571428571429,9.126934563595972,0.954557823129252,92,432,2072,1.0005555555555556,4.433333333333334,9.394205344927391,42.787523305564676,247.0
S=C(Nc1ccccc1)Nc2ccccc2,836,332,822,7.162809058181488,19.577610172954305,33.83726593867023,7.126262626262627,10.975037245911818,3316,21682,1672,4330,8392,34.1653321020902,82.25505050505052,166,7.200000000000003,15.579182724327797,1.578888888888889,152,688,3152,1.7650000000000001,7.700000000000001,16.15541752799933,71.77708763999661,154.0
c1ccc(cc1)NC(=O)NN,496,204,482,4.99392379552441,13.01869013750385,21.760112869050904,4.924242424242424,7.324235261143576,1956,11994,992,2502,4772,22.249243133343196,50.11363636363636,102,5.066666666666667,10.456193671195196,1.28,96,428,1944,1.2472222222222225,5.166666666666667,10.626836493378834,45.82478139013564,124.0
Cc1cccc(C)n1,372,152,360,3.457519493328782,9.349885971192165,15.831652088062796,3.416161616161616,5.218503338084835,1464,8600,744,1864,3520,16.172736683825416,37.29797979797979,76,3.5000000000000004,7.443333074306559,0.8027777777777778,72,328,1512,0.8200000000000002,3.6000000000000005,7.577708763999665,33.88854381999832,-6.0
COc1ccc(cc1C(C)=O)OC,784,272,736,5.541929434253757,15.009229656065374,25.412793328883055,5.387345987345986,8.278484164530607,3040,26048,1568,4846,8696,26.611220968094305,65.48977688977689,136,5.703571428571427,11.935204312378874,1.4992106009070298,120,576,2856,1.4105555555555558,5.9,12.308957384613453,55.55897793140569,20.0
COc1ccccc1N3CCN(CCCNc2cc(=O)n(C)c(=O)n2C)CC3,1962,664,1856,11.560769261144797,33.55266183769271,58.93350159850575,11.323654123654114,18.32562683851165,7636,66712,3924,12194,22152,61.13254189950984,160.84257964257964,332,11.813095238095237,26.30193239560121,2.5958886054421755,284,1384,6932,2.9355555555555553,13.06666666666666,27.892379124944675,130.05147403353118,156.0
Cc1cc[n+](cc1)[O-],368,152,360,3.4327955589886447,9.31804722752556,15.872983346207418,3.4000000000000004,5.208946754575151,1456,8400,736,1804,3480,16.131182235954576,37.5,76,3.4666666666666677,7.415690875378665,0.7822222222222224,72,328,1512,0.8200000000000001,3.6,7.577708763999665,33.88854381999832,184.0
c1cc(ccc1C(F)(F)F)F,668,236,630,4.262273317514401,12.352113775139317,21.686787736289066,4.201098901098902,6.778218381697587,2596,19914,1336,3994,7104,22.32100237531781,57.31483516483516,118,4.324999999999999,9.690353153324438,0.8965972222222223,108,544,2820,0.9758163265306126,4.585714285714287,10.016919283017868,48.59645430712622,-42.0
BrCCCCCCCCBr,236,128,232,5.287693700234704,11.534140379175748,17.87815686289623,5.242857142857144,6.83624617996948,936,3280,472,892,1736,18.123934788966007,31.65714285714286,64,5.333333333333332,9.723614639131599,1.6944444444444446,68,260,1004,1.3194444444444446,4.833333333333332,9.309401076758505,34.92820323027551,15.5
c1ccc(cc1)S(=O)(=O)c2ccccc2,1064,352,992,6.260872227253731,17.933975375613414,31.505768172895827,6.1752136752136755,9.868595114693026,4112,38528,2128,7016,12256,32.51440732255632,85.05982905982908,176,6.3500000000000005,14.113242669932403,1.35125,152,752,3896,1.5616326530612248,6.971428571428572,14.878421038036405,69.41582097425584,128.0
CCc1ccc(cc1)CC,488,192,468,4.491303629981266,11.782350361342974,19.65729331849284,4.387878787878788,6.574906046612265,1912,12260,976,2568,4792,20.358387768500354,46.75151515151515,96,4.6000000000000005,9.44141206915594,1.2366666666666668,88,400,1864,1.1744444444444446,4.733333333333333,9.675964222758001,41.76101896027298,-43.0
CCOCCC,108,64,104,3.287693700234704,6.635160893609391,9.878156862896235,3.2428571428571424,4.007819055223289,424,1232,216,380,712,10.123934788966011,15.657142857142855,32,3.3333333333333335,5.723614639131599,1.1944444444444444,36,132,492,0.8194444444444444,2.8333333333333335,5.309401076758503,18.92820323027551,-127.0
CCN(CC)C(=S)SSC(=S)N(CC)CC,772,288,698,7.030604201553752,18.056192526248175,28.982024489671012,6.7527583527583515,9.959311716461533,2940,19986,1544,4452,7500,31.071659654946473,67.86247086247086,144,7.323809523809525,14.489258625963817,2.171337868480726,132,612,2964,1.8550000000000002,7.233333333333333,14.618358461371958,62.48718116168118,70.0
CCCCCCCCCCCCCC(=O)OCC,548,268,536,8.990352585533682,21.117905200557864,33.75926955188189,8.915873015873018,12.254535651804327,2168,9240,1096,2306,4432,34.246852262506714,66.17301587301587,134,9.066666666666668,17.43146007682093,2.585555555555556,136,552,2272,2.229444444444445,8.633333333333335,17.098255458758338,67.87247514027466,12.0
CC[Si](CC)(CC)CC,472,160,400,3.7947331922020555,9.85208964217299,15.012131309810329,3.516483516483515,5.242516568974734,1744,13600,944,3080,4720,17.076299364909254,36.043956043956044,80,4.1000000000000005,7.82034945111895,1.3825,72,360,1944,1.1111111111111112,4.0,7.884788477227913,33.45232440281645,-82.0
O=C(O)CCCCCCCCCCC,394,200,388,6.94297457949652,16.226842921561484,25.87328366589089,6.9031746031746035,9.445294830694449,1564,6120,788,1582,3076,26.128341638310005,49.57460317460318,100,6.9833333333333325,13.410935048944967,1.9619444444444445,104,420,1712,1.6772222222222224,6.566666666666666,13.049127729379169,51.93623757013733,45.0
C=Cc1cccc(c1)C(=O)O,588,220,560,4.725789630349413,12.776328377264402,21.62327082430724,4.6268842268842265,7.086272701617466,2296,16600,1176,3302,6072,22.38966640772284,53.43830613830614,110,4.828571428571428,10.167437359412503,1.2023356009070298,100,468,2248,1.1777777777777778,5.000000000000001,10.443333074306558,46.723760875702006,95.0
CCc1cc(c(c(c1)C(C)(C)C)O)C(C)(C)C,1314,404,1222,6.260562000154846,18.650574372368908,33.2427850642353,6.100000000000002,10.09643249355367,5072,53462,2628,9190,16116,34.78877626686376,97.01666666666674,202,6.428571428571429,14.5420748263618,1.4130763416477703,176,940,5168,1.4199659863945584,6.804761904761907,15.138250693270692,77.03856133552418,43.0
c1ccc2c(c1)nc(s2)N,686,240,668,4.220172803179926,12.221876595506268,21.827361725789313,4.1839271839271825,6.752215688672039,2708,22920,1372,4080,7772,22.175773087559403,59.13772338772339,120,4.257142857142857,9.608625437600148,0.8746712018140592,104,500,2444,1.0355555555555558,4.733333333333334,10.183059726927224,47.73179521556382,128.0
C1=CC=C2C(=C1)C=CC3=CC4=C(C=CC5=CC=CC=C54)C=C32,2028,632,1968,9.01328876206964,27.72937317419965,51.60398135114069,8.946642246642249,15.163329778772775,7992,85568,4056,13636,25760,52.40220318602327,155.5894993894994,316,9.080952380952384,21.566625053084785,1.683509070294785,256,1288,6616,2.293333333333333,10.799999999999997,23.632105777565343,115.05950837339302,269.0
C1C(=O)NC(=O)N1,340,136,330,2.9630923023288664,8.114824907850796,13.856420128063172,2.927272727272728,4.517625536785178,1340,8250,680,1736,3300,14.147814324325793,33.40909090909091,68,3.000000000000001,6.443333074306559,0.6777777777777778,64,296,1384,0.695,3.1000000000000005,6.577708763999664,29.88854381999832,222.0
COc1ccc(cc1)C(=O)OC,644,240,608,5.217141511139072,14.000301826984671,23.497601869582866,5.079409479409478,7.7449280695723575,2504,17736,1288,3624,6568,24.52575999589285,57.970629370629375,120,5.361904761904762,11.152655757373246,1.4090022675736964,108,504,2424,1.3550000000000002,5.566666666666667,11.492460803685727,50.659998445839335,50.0
COc1cc(cc(Cl)c1)OC,588,220,566,4.810737999468698,12.809999709150548,21.6103482097408,4.6939393939393925,7.120457462178909,2308,16978,1176,3266,6168,22.407346798106428,53.592424242424244,110,4.933333333333334,10.232184103628953,1.3144444444444447,100,468,2236,1.2094444444444448,5.033333333333334,10.464818604757834,46.70529087027212,34.0
C1CC(=O)N(C1=O)Cl,490,172,452,3.126754965242637,9.098191400341804,15.575851348263486,3.0315462315462316,4.913690168162198,1884,14084,980,2906,5072,16.453338776864815,41.03216783216783,86,3.228571428571428,7.104288351379569,0.7212244897959186,76,372,1876,0.7711111111111112,3.466666666666667,7.421847543855284,34.742230881131874,148.0
COC(=O)CS(=O)(=O)c1ccccc1,834,292,782,5.844567054750991,16.06607917139897,27.49293448356409,5.728371628371628,8.881533227757679,3232,27062,1668,5144,9132,28.52569468779839,70.53951048951052,146,5.96547619047619,12.743399228711063,1.435435090702948,132,648,3312,1.4235941043083904,6.185714285714287,13.093689211324929,60.48739945283076,30.0
[C@@H]1([C@@H]([C@@H]([C@H]([C@H]([C@@H]1Cl)Cl)Cl)Cl)Cl)Cl,936,288,840,4.332900397117624,13.345020709845132,22.998181667894023,4.114285714285715,7.001868095151148,3552,34104,1872,6336,10752,25.093073414159537,67.2,144,4.571428571428571,10.267462129303844,1.0340136054421771,120,624,3360,1.0833333333333335,5.0,10.898979485566358,53.39387691339814,159.0
C1C(=O)NC(=O)S1,340,136,330,2.9630923023288664,8.114824907850796,13.856420128063172,2.927272727272728,4.517625536785178,1340,8250,680,1736,3300,14.147814324325793,33.40909090909091,68,3.000000000000001,6.443333074306559,0.6777777777777778,64,296,1384,0.695,3.1000000000000005,6.577708763999664,29.88854381999832,125.0
Clc1ccccc1C(c2ccccc2)(c3ccccc3)n4ccnc4,2232,656,2078,10.686758701963377,30.900763240339952,55.18884995307055,10.552647352647346,17.002861383917217,8620,119626,4464,17662,30576,56.83489723084116,158.6474636474637,328,10.824999999999998,24.294193722299244,2.28988425925926,268,1344,7096,2.733820861678005,12.176190476190474,25.995629893000867,121.84207761407968,147.0
Cc1nc2ccccc2s1,686,240,668,4.220172803179927,12.22187659550627,21.82736172578931,4.183927183927184,6.752215688672042,2708,22920,1372,4080,7772,22.175773087559392,59.13772338772338,120,4.257142857142858,9.608625437600148,0.8746712018140592,104,500,2444,1.0355555555555556,4.733333333333334,10.183059726927222,47.73179521556382,12.0
c1cc(cc(c1)O)CC(=O)O,534,212,520,4.770737209344242,12.79847859985612,21.813725483628783,4.725685425685426,7.177954987314447,2108,13812,1068,2788,5324,22.189838902494827,52.20512265512266,106,4.816666666666666,10.220284009315627,1.120277777777778,100,460,2140,1.105,4.9,10.366563145999496,46.83281572999746,130.0
CC(C)(C)C1=CC(=O)C=C(C1=O)C(C)(C)C,1254,384,1164,5.7252347846723115,17.429276458925653,31.317503641804098,5.5939393939393955,9.40593200171062,4836,51048,2508,8808,15372,32.70843767733333,92.20909090909093,192,5.861904761904763,13.529214229473167,1.1858541194255483,168,904,4992,1.242743764172336,6.238095238095241,14.089122963891523,73.10232376538686,67.0
Cc1c(cccc1Cl)[N+]([O-])=O,690,236,634,4.408534896791972,12.558119524444319,21.44024076889355,4.286713286713287,6.8301901517323085,2648,22030,1380,4324,7456,22.589283707628653,56.279331779331784,118,4.536904761904762,9.859194707457304,1.0408772675736964,104,508,2564,1.0766666666666667,4.8,10.23834412478301,47.64121036669823,36.0
CC#N,16,16,16,2.0,2.8284271247461903,4.0,2.0,2.0,64,64,32,32,64,4.0,4.0,8,2.0,2.82842712474619,1.0,12,36,108,0.4444444444444444,1.3333333333333333,2.309401076758503,6.928203230275509,-46.0
c1cc(oc1CO)C=O,460,176,442,4.02767355330771,10.568274388202754,17.673856536637093,3.9272727272727286,5.891105674646786,1804,12594,920,2500,4700,18.341755680129136,42.842424242424244,88,4.133333333333334,8.469054268083832,1.1322222222222222,80,368,1736,1.0494444444444446,4.233333333333334,8.675964222758001,37.76101896027298,34.0
c1ccc(cc1)CC(=O)c2ccccc2,836,320,812,6.64195241650475,18.339760344507994,31.75764603480079,6.590520590520592,10.231907109374308,3296,23108,1672,4552,8608,32.25048112313418,78.81507381507383,160,6.695238095238096,14.554938775927877,1.464557823129252,144,660,3084,1.6605555555555558,7.233333333333335,15.183059726927224,67.73179521556382,55.0
c1ccc2c(c1)cc(cn2)Br,714,256,694,4.684479433477039,13.43468551650427,23.8135958681794,4.645931845931846,7.436754136548261,2816,22542,1428,4148,7860,24.189883705215035,63.054972804972806,128,4.723809523809524,10.580983238672255,0.9791156462585038,112,532,2572,1.1605555555555558,5.233333333333334,11.183059726927224,51.73179521556382,14.0
c1cc(ccc1N)F,368,152,360,3.4327955589886447,9.31804722752556,15.87298334620742,3.4000000000000004,5.208946754575151,1456,8400,736,1804,3480,16.131182235954576,37.5,76,3.4666666666666672,7.415690875378665,0.7822222222222222,72,328,1512,0.8200000000000001,3.6000000000000005,7.577708763999665,33.88854381999832,-2.0
c1cc(ccc1CBr)Br,428,172,414,3.9620495944849554,10.550198794434266,17.76513833235013,3.893939393939394,5.891926400593708,1684,10330,856,2186,4136,18.244785002227466,42.125757575757575,86,4.033333333333332,8.428551472267301,1.0094444444444444,80,364,1688,0.9972222222222225,4.166666666666668,8.626836493378834,37.82478139013565,62.0
CCCCCO,108,64,104,3.287693700234704,6.635160893609391,9.878156862896235,3.2428571428571424,4.007819055223289,424,1232,216,380,712,10.123934788966011,15.657142857142855,32,3.3333333333333335,5.723614639131599,1.1944444444444444,36,132,492,0.8194444444444444,2.8333333333333335,5.309401076758503,18.92820323027551,-78.0
C1=CC=C(C(=C1)C(=O)O)Cl,566,204,524,4.184906309078191,11.561280853041422,19.597072460804785,4.098068598068598,6.368265908990477,2180,16468,1132,3396,5864,20.41742788358204,49.00826950826951,102,4.275000000000001,9.147951019239997,0.993541666666667,92,436,2132,1.0211111111111113,4.466666666666667,9.421847543855286,42.742230881131874,140.0
c1cc(c(cc1S(=O)(=O)c2ccc(c(c2)[N+](=O)[O-])F)[N+](=O)[O-])F,1820,568,1692,8.742765555722354,26.309846507503675,46.93286371682483,8.52788322788323,14.213353126687185,7024,70124,3640,12392,21784,49.110555503938905,136.33399933399937,284,8.96666666666667,20.464429106268174,1.8794444444444451,240,1240,6624,2.1038548752834467,9.904761904761907,21.722116125746975,106.90028273651954,194.0
COC(=O)c1ccc(c(c1)[N+](=O)[O-])Cl,874,300,816,5.7049611808374685,15.984909530341637,27.34631279340313,5.547030747030748,8.742473055372043,3380,28448,1748,5412,9616,28.681890436938097,72.04575424575427,150,5.870238095238095,12.607542940963166,1.4297661564625854,132,644,3240,1.413888888888889,6.166666666666668,13.076326236162013,60.52171984683472,80.0
COc1ccccc1C(=O)c2ccccc2,1038,360,982,6.961011057897787,19.362567514800865,33.446493070129634,6.834820734820737,10.694030858950839,4040,35210,2076,6426,11632,34.581658308310686,87.32253302253307,180,7.094047619047621,15.324506243238705,1.6616595804988665,156,740,3624,1.7888888888888888,7.666666666666668,16.07632623616201,72.52171984683471,37.0
Cc1ccc(cc1C)C(=O)O,646,232,610,4.392149742614482,12.520884024409439,21.5740651532452,4.2935508935508935,6.847126389879365,2512,18858,1292,3740,6788,22.444822939463553,56.082750582750585,116,4.495238095238094,9.839775987996797,1.0078911564625854,104,504,2504,1.056111111111111,4.766666666666667,10.210701925855117,47.68650279113103,166.0
Cn1ccc(=O)n(c1=O)C,646,220,592,3.848905031428908,11.322361518649325,19.408881626245822,3.7172605172605175,6.080668184020724,2476,19768,1292,3962,6864,20.635517679224737,52.23216783216784,110,3.9904761904761905,8.815532039596874,0.8935600907029482,96,476,2436,0.9516666666666667,4.299999999999999,9.23834412478301,43.64121036669823,121.0
COCCOCCOC,204,112,200,4.787693700234704,10.30939550778416,15.878156862896233,4.742857142857143,6.129139398782932,808,2768,408,764,1480,16.12393478896601,27.65714285714286,56,4.833333333333333,8.723614639131599,1.5694444444444446,60,228,876,1.1944444444444444,4.333333333333333,8.309401076758503,30.92820323027551,-64.0
O=[N+]([O-])c1c(C)cccc1C(=O)O,870,284,798,5.235036917843421,14.793331360873768,25.36332745295547,5.100029382382323,8.076841719744012,3336,32498,1740,5884,10072,26.659591622053934,67.75028631499221,142,5.375000000000001,11.64429234411912,1.2478009259259262,124,612,3124,1.2572222222222222,5.633333333333335,12.054840705710738,56.54018985226458,221.0
CCCCCCCCCCc1ccccc1,600,272,592,7.83093275162756,19.339150197132376,31.877081544231203,7.795670995670996,11.116278453977332,2384,12256,1200,2740,5336,32.12429906628928,67.52554112554112,136,7.866666666666668,15.769833763957138,2.0455555555555556,132,552,2340,1.9622222222222225,7.866666666666667,15.837982111379002,64.88050948013647,-14.0
c1cc(cc(c1)[N+](=O)[O-])C(=O)N,684,248,648,4.9294785163912,13.749321302984681,23.597453151977767,4.837606837606837,7.580561927288487,2664,20256,1368,3976,7224,24.412654775816932,60.145299145299134,124,5.023809523809525,10.865820450741175,1.1474489795918372,112,536,2632,1.181111111111111,5.266666666666667,11.210701925855117,51.68650279113103,142.0
C[Si]1(N[Si](N[Si](N[Si](N1)(C)C)(C)C)(C)C)C,1216,384,1152,5.575387400469409,17.237604307034015,31.51262745158493,5.485714285714287,9.335824126868195,4736,46080,2432,8064,14592,32.49573915586404,93.25714285714291,192,5.666666666666666,13.360399772168,1.0694444444444446,176,976,5456,1.084444444444445,5.866666666666668,13.687390175421141,74.96892352452745,96.0
O=S=O,16,16,16,2.0,2.8284271247461903,4.0,2.0,2.0,64,64,32,32,64,4.0,4.0,8,2.0,2.82842712474619,1.0,12,36,108,0.4444444444444444,1.3333333333333333,2.309401076758503,6.928203230275509,-73.0
C/C(=C/C(=O)O)/C(=O)O,348,144,324,3.765630613626234,9.663268361310005,15.668884888969112,3.6842712842712837,5.405566611455501,1344,7668,696,1782,3144,16.343511960346525,34.61168831168831,72,3.850000000000001,7.7696335847673215,1.0019444444444447,72,332,1572,0.8405555555555556,3.6333333333333333,7.605350962927558,33.84325139556552,90.0
Cc1cccc(c1C)O,522,188,482,3.6211821562425532,10.333252463683175,17.55108330826311,3.5204351204351205,5.614567969461855,2008,14434,1044,3034,5292,18.478261136364434,44.92105672105672,94,3.728571428571428,8.10428835137957,0.8462244897959186,84,404,2004,0.8961111111111112,3.9666666666666663,8.421847543855286,38.742230881131874,72.0
c1ccc2c(c1)CC(=O)C2,686,240,668,4.220172803179925,12.221876595506268,21.827361725789313,4.183927183927183,6.752215688672039,2708,22920,1372,4080,7772,22.175773087559403,59.13772338772339,120,4.257142857142858,9.608625437600148,0.8746712018140592,104,500,2444,1.0355555555555558,4.733333333333334,10.183059726927224,47.73179521556382,54.0
CN(C)C(=O)NC1=CC(=C(C=C1)Cl)Cl,796,292,758,5.609120903038737,15.959648476785416,27.50499276848343,5.49090909090909,8.742488507821482,3108,22454,1592,4466,8252,28.520091399190342,70.86363636363636,146,5.7333333333333325,12.549219161869647,1.2800000000000002,132,636,3132,1.3411111111111116,6.066666666666668,12.999556307854952,60.63077470113018,159.0
C(CC(=O)O)C(=O)C(=O)O,376,160,354,4.236410956999107,10.864507191070025,17.68862746567026,4.159018759018759,6.097905698088068,1460,7774,752,1850,3320,18.323047731962628,38.71067821067821,80,4.316666666666667,8.741991385839425,1.106388888888889,80,364,1700,0.9655555555555556,4.133333333333333,8.605350962927558,37.84325139556552,115.0
Nc2nc(N)ncc2Cc1cc(OC)c(OCCOC)c(OC)c1,1538,532,1476,10.420725710727485,28.435302588171073,49.24556534110036,10.223021423021423,15.797923212177105,6028,53136,3076,9416,17556,50.78644948734916,129.7593795093795,266,10.627380952380951,22.63346027517472,2.673881802721088,232,1112,5476,2.623333333333334,11.200000000000001,23.54114484091984,107.22701071710682,154.5
C1CC(=O)CC(=O)C1,372,152,360,3.4575194933287827,9.349885971192165,15.831652088062796,3.4161616161616166,5.218503338084835,1464,8600,744,1864,3520,16.172736683825416,37.2979797979798,76,3.500000000000001,7.443333074306559,0.802777777777778,72,328,1512,0.8200000000000001,3.6000000000000005,7.577708763999665,33.88854381999832,103.0
CC(C)(C)c1ccccc1O,716,240,658,4.298198405804437,12.393351728543445,21.56715710022416,4.216017316017315,6.774814109256594,2748,23730,1432,4674,7900,22.44776278784126,57.572005772005774,120,4.383333333333333,9.723942684436501,0.9400925925925927,108,548,2880,0.9963718820861679,4.6190476190476195,10.04456148194576,48.55116188269343,-7.0
Nc2ccc(Cl)cc2C(=O)c1ccccc1,1064,368,1014,6.655411215696627,19.107567944098985,33.51238584556122,6.551082251082252,10.499398087319847,4156,35894,2128,6514,11956,34.51329643313513,89.59559884559889,184,6.765476190476192,15.021088820222916,1.4565462018140591,160,772,3820,1.646666666666667,7.400000000000002,15.816052888782677,73.52975418669654,96.0
CCOC(=O)C(C(=O)OCC)NC=O,642,240,590,6.565366901394894,15.771511215361452,25.347913646259983,6.395282495282497,8.967725792078705,2464,18878,1284,3822,6596,26.67670284981714,57.227222777222785,120,6.741666666666665,12.933553984639401,2.092430555555556,112,508,2416,1.6427777777777781,6.366666666666666,12.780376349992958,53.6066716815447,53.0
COC(=O)c1cc(ccc1Cl)Cl,718,252,674,4.970884039851457,13.781895352486611,23.474834410343107,4.839971139971141,7.563916121334235,2784,22950,1436,4356,7816,24.549603515837827,60.697186147186144,126,5.108333333333334,10.89629925274586,1.2574305555555558,112,540,2680,1.2333333333333334,5.333333333333335,11.259829655234286,51.62274036126836,39.0
c1cc2c(cc1[N+](=O)[O-])C(=O)OC2,968,320,924,5.174813470041648,15.398564685563176,27.587024139536734,5.087201687201687,8.398358002390394,3784,34664,1936,6130,11284,28.426154217271357,77.93036963036964,160,5.265476190476192,12.021088820222918,1.0815462018140591,136,676,3436,1.2716666666666667,5.900000000000001,12.816052888782677,61.529754186696536,143.0
c1cc2c(cc1/C=C/C=C/C(=O)N3CCCCC3)OCO2,1330,484,1290,9.076700737154129,25.87458165087379,45.634750229876495,9.003119103119102,14.337535101139629,5240,40334,2660,7610,14352,46.37477371037192,119.1200466200467,242,9.152380952380952,20.400434377982897,1.907006802721089,212,996,4772,2.2861111111111114,10.166666666666668,21.57726507185461,98.51931852112848,131.0
C=CC#N,44,32,42,2.2996598285221186,4.161760458079524,5.919183588453085,2.2666666666666666,2.6053509629275577,172,306,88,124,228,6.082482904638631,7.800000000000001,16,2.333333333333333,3.723614639131598,0.9444444444444444,20,68,236,0.5694444444444444,1.833333333333333,3.309401076758503,10.928203230275509,-84.0
c1ccc(cc1)c2ccccc2CO,882,312,842,6.2388609917115145,17.13839739649334,29.6134627921473,6.1491064491064495,9.527052843092314,3448,29526,1764,5370,9840,30.39947940595077,76.12253302253302,156,6.332142857142859,13.613262555021397,1.489323979591837,136,636,3064,1.6083333333333334,6.833333333333334,14.259829655234286,63.622740361268356,49.0
Cc1ccccc1CBr,464,176,434,3.962719739472424,10.574525609055208,17.628469944354205,3.868298368298368,5.861699205840183,1796,12234,928,2596,4604,18.3889974532109,42.3958818958819,88,4.061904761904762,8.431949722795276,1.040668934240363,80,368,1748,1.017777777777778,4.2,8.654478692306727,37.77948896570284,19.0
O=C=S,16,16,16,2.0,2.8284271247461903,4.0,2.0,2.0,64,64,32,32,64,4.0,4.0,8,2.0,2.82842712474619,1.0,12,36,108,0.4444444444444444,1.3333333333333333,2.309401076758503,6.928203230275509,-139.0
c1cccs1,160,80,160,2.5,6.123724356957946,10.0,2.5,3.5355339059327386,640,2560,320,640,1280,10.0,20.0,40,2.5,5.0,0.625,40,160,640,0.625,2.5,5.0,20.0,-38.0
COCC(=O)Nc2cc(Sc1ccccc1)ccc2N=C(NC(=O)OC)NC(=O)OC,1742,648,1700,13.625641960676841,36.77399240342269,63.331817696048404,13.435053835053829,20.559849862469747,6884,53040,3484,9768,18796,64.69218845533067,159.45633255633265,324,13.823809523809516,29.34613094180345,3.396337868480725,292,1364,6496,3.3672222222222232,14.433333333333325,30.274714825063864,136.26186747597154,129.0
c1ccc(cc1)/N=[N+](/c2ccccc2)[O-],836,320,812,6.641952416504749,18.339760344507994,31.75764603480079,6.590520590520591,10.23190710937431,3296,23108,1672,4552,8608,32.25048112313418,78.81507381507383,160,6.695238095238095,14.554938775927877,1.464557823129252,144,660,3084,1.6605555555555558,7.233333333333335,15.183059726927224,67.73179521556382,35.0
SCc1ccc(Cl)cc1,428,172,414,3.962049594484955,10.550198794434266,17.765138332350134,3.893939393939395,5.891926400593708,1684,10330,856,2186,4136,18.244785002227463,42.125757575757575,86,4.033333333333335,8.428551472267303,1.0094444444444448,80,364,1688,0.9972222222222222,4.166666666666667,8.626836493378832,37.824781390135655,19.0
CCOc1ccc2ccccc2c1,810,292,788,5.7994577194082115,15.867065897378678,27.764906053333828,5.742901542901545,8.879098753859656,3196,25756,1620,4706,8944,28.239441201719956,71.90951825951825,146,5.85714285714286,12.642971564940057,1.3835600907029482,128,600,2876,1.462777777777778,6.300000000000002,13.232187456306393,59.66803278570116,36.0
Cc1ccc(C)c(C)c1C,646,220,592,3.848905031428908,11.322361518649325,19.408881626245822,3.7172605172605175,6.080668184020724,2476,19768,1292,3962,6864,20.635517679224737,52.23216783216784,110,3.9904761904761905,8.815532039596876,0.8935600907029482,96,476,2436,0.9516666666666667,4.3,9.23834412478301,43.64121036669823,-6.0
CCC(CCCC)COC(=O)c1ccccc1C(=O)OCC(CC)CCCC,1478,548,1404,12.70076329836138,32.86873561233581,55.09159436729964,12.461488511488513,18.46721584024676,5764,45396,2956,8626,15728,56.943852894502385,133.1175047175048,274,12.949999999999998,26.468246097009263,3.48375,248,1140,5420,3.2305555555555556,13.166666666666664,27.012563806299337,117.27470446724584,-50.0
CCOc1ccccc1OCC,602,228,574,5.698177005123927,14.215349226721909,23.655505272126284,5.607936507936509,8.087431619476162,2352,17758,1204,3438,6308,24.352068345486583,55.52222222222222,114,5.790476190476191,11.569110241186628,1.6368934240362816,104,468,2180,1.445,5.766666666666667,11.703606421685894,49.715726535840176,44.0
c1ccc(cc1)C(=O)C(=O)O,592,220,554,4.663557921849052,12.777048805414344,21.597325367289,4.574603174603174,7.060789281506928,2292,16558,1184,3398,6024,22.423394131859443,53.08888888888889,110,4.757142857142857,10.130332814123948,1.1107823129251704,100,468,2260,1.146111111111111,4.966666666666667,10.421847543855284,46.742230881131874,65.0
c1cc[n+](cc1)[O-],280,124,274,3.2108249704942384,8.343574419887327,13.911723633103335,3.188888888888889,4.719564740960329,1108,5574,560,1286,2472,14.090513477476907,30.638888888888886,62,3.2333333333333334,6.707845437689333,0.766111111111111,60,260,1140,0.7849999999999999,3.3,6.7888543819998315,28.94427190999916,64.0
ICI,16,16,16,2.0,2.8284271247461903,4.0,2.0,2.0,64,64,32,32,64,4.0,4.0,8,2.0,2.82842712474619,1.0,12,36,108,0.4444444444444444,1.3333333333333333,2.309401076758503,6.928203230275509,5.0
Fc1cc(F)c(F)c(F)c1F,774,252,706,4.1074250209416245,12.332455663816628,21.258475122372406,3.942368742368743,6.563845827913769,2960,25786,1548,4950,8564,22.801064493213442,59.52307692307693,126,4.285714285714286,9.554417926742078,0.9614512471655332,108,548,2868,1.0072222222222225,4.633333333333333,10.054840705710737,48.54018985226459,-48.0
Cc1ccc(c(c1)C(C)(C)C)O,808,268,754,4.559340495944889,13.37378402672332,23.563097303482838,4.471717171717172,7.291289824815616,3124,28150,1616,5252,9184,24.450992263824034,64.6590909090909,134,4.649999999999999,10.459430321053723,0.9767592592592593,120,616,3252,1.0313718820861681,4.91904761904762,10.833415863945595,53.49543379269258,52.0
c1ccc(cc1)Oc2cccc(c2)C(=O)O,928,348,904,6.901825159705807,19.322411269334655,33.73672968877195,6.843045843045845,10.745613401052795,3664,26728,1856,5130,9776,34.26865905971473,85.76961926961926,174,6.961904761904764,15.290426412545104,1.5012244897959186,156,728,3456,1.6955555555555557,7.533333333333336,15.971914108927058,72.67606712556297,148.0
c1ccc2c(c1)C(=O)c3c(ccc(c3C2=O)O)O,1680,496,1580,7.0278884595777065,21.574130486049647,39.16691127504131,6.85932400932401,11.623581453484077,6520,77820,3360,12164,21960,40.88253647668563,119.58900543900545,248,7.207142857142858,16.725706765156357,1.4713841647770225,200,1032,5480,1.764444444444444,8.26666666666667,18.109681411421477,89.08037970452912,197.0
C1=CC=C(C(=C1)C(=O)O)Br,566,204,524,4.184906309078191,11.561280853041422,19.597072460804785,4.098068598068598,6.368265908990477,2180,16468,1132,3396,5864,20.41742788358204,49.00826950826951,102,4.275000000000001,9.147951019239997,0.993541666666667,92,436,2132,1.0211111111111113,4.466666666666667,9.421847543855286,42.742230881131874,149.0
O=C(N)c1ccc(Br)cc1,524,200,500,4.163378444157187,11.527351494745053,19.725554802410745,4.100000000000001,6.383193279263224,2048,13700,1048,2860,5240,20.28188398797718,48.75,100,4.2285714285714295,9.126934563595974,0.954557823129252,92,432,2072,1.0005555555555556,4.4333333333333345,9.394205344927391,42.787523305564676,191.0
Ic1cc(ccc1)C(=O)OC,588,220,558,4.718008036345566,12.790402402419335,21.594444701049685,4.612354312354313,7.078287776977236,2292,16534,1176,3302,6044,22.42296897146395,53.31651126651127,110,4.828571428571429,10.167437359412503,1.2023356009070296,100,468,2248,1.1777777777777778,4.999999999999999,10.443333074306558,46.723760875702,54.0
c1(c(c(c(c(c1F)F)F)F)F)C(F)(F)F,1272,372,1146,5.2860712500895755,16.412940870688978,28.91764209997302,5.063445378151262,8.667876691714133,4836,53874,2544,9336,15708,31.163987258471778,87.37058823529415,186,5.526190476190477,12.637894900992503,1.1902891156462587,156,840,4668,1.2391496598639458,5.985714285714287,13.338190004584561,68.10178740052605,-66.0
NC(=O)N2c1ccccc1C=Cc3ccccc23,1442,460,1376,7.510421682203632,22.003129754893216,39.504392182392664,7.416131580837466,12.083811335614323,5636,59904,2884,9758,17888,40.5083225929764,112.22188465129646,230,7.607142857142861,17.252011652493625,1.5754582388510965,192,948,4812,1.8827777777777779,8.566666666666666,18.449046050638128,87.32771315782924,190.0
O=C1OCc2ccc(OC)c(OC)c21,1118,348,1048,5.823574768734293,16.69350622454688,29.31044595611025,5.65701128936423,9.09788415672034,4332,46580,2236,7728,13844,30.72249315676051,83.72437611408199,174,5.998809523809523,13.122464476789158,1.4708054610733186,144,720,3720,1.5216666666666665,6.566666666666667,13.941950546468908,65.35693690253841,101.0
O=COCC,76,48,72,2.7876937002347035,5.4104160222178015,7.878156862896232,2.7428571428571424,3.3007122740367407,296,720,152,252,456,8.123934788966011,11.657142857142855,24,2.833333333333333,4.723614639131599,1.0694444444444444,28,100,364,0.6944444444444444,2.333333333333333,4.309401076758503,14.928203230275507,-81.0
CCCCCCCCC(=O)Cl,298,152,292,5.4429745794965205,12.552608307386713,19.873283665890895,5.403174603174603,7.323974487134802,1180,4584,596,1198,2308,20.12834163831001,37.574603174603176,76,5.4833333333333325,10.410935048944967,1.5869444444444447,80,324,1328,1.3022222222222222,5.066666666666666,10.049127729379167,39.93623757013734,-61.0
CC1CCCCC1,280,124,274,3.2108249704942384,8.343574419887329,13.911723633103334,3.188888888888889,4.719564740960328,1108,5574,560,1286,2472,14.09051347747691,30.638888888888886,62,3.2333333333333334,6.707845437689333,0.7661111111111112,60,260,1140,0.785,3.3,6.7888543819998315,28.94427190999916,-127.0
CC[SiH2]CC,76,48,72,2.7876937002347035,5.4104160222178015,7.878156862896232,2.7428571428571424,3.3007122740367407,296,720,152,252,456,8.123934788966011,11.657142857142855,24,2.833333333333333,4.723614639131599,1.0694444444444444,28,100,364,0.6944444444444444,2.333333333333333,4.309401076758503,14.928203230275507,-132.0
c1ccc(cc1)C(=O)c2ccncc2,842,308,806,6.148965541466016,17.121936619563147,29.67160057544775,6.082539682539683,9.505995367854736,3296,25534,1684,4882,8988,30.345504466752924,75.31111111111112,154,6.219047619047619,13.556739290272334,1.3647845804988665,136,632,3016,1.5561111111111112,6.766666666666667,14.210701925855117,63.68650279113102,70.0
CCN(CC)CCSC(=O)N(c1ccccc1)c2ccccc2,1358,488,1292,10.244057945652326,27.717317502424123,47.30149563808968,10.07171717171717,15.42484225189954,5300,45164,2716,8236,14992,48.72418644533248,118.79242424242432,244,10.423809523809522,22.075403558400758,2.542263794406652,216,1004,4812,2.626111111111111,11.033333333333331,22.914308347541002,101.4022293269712,48.0
CC(=O)CCc1ccc(c(c1)OC)O,746,280,716,6.0043817570580496,16.210765825511004,27.605311487335324,5.9016761016761015,9.025440288627511,2924,21268,1492,4166,7760,28.412193584318448,68.34587634587635,140,6.111904761904763,12.916746095493675,1.4992800453514743,128,600,2876,1.4627777777777782,6.300000000000002,13.232187456306393,59.66803278570114,41.0
Cc1ccccc1CCl,464,176,434,3.962719739472424,10.574525609055208,17.628469944354205,3.868298368298368,5.861699205840183,1796,12234,928,2596,4604,18.3889974532109,42.3958818958819,88,4.061904761904762,8.431949722795276,1.040668934240363,80,368,1748,1.017777777777778,4.2,8.654478692306727,37.77948896570284,-2.0
OC(C1CCNCC1)(c2ccccc2)c3ccccc3,1580,496,1472,8.567696328367548,24.51934474510006,43.37166175566131,8.465201465201465,13.519577910668605,6104,68672,3160,11324,19696,44.65862785452285,119.97069597069604,248,8.675,19.31345472540631,1.8481250000000005,208,1028,5344,2.182448979591837,9.657142857142858,20.528777175054774,95.17945955138458,160.0
OC(CCN1CCCCC1)(c2ccccc2)c3ccccc3,1542,520,1460,9.485689504847814,26.937371038852007,47.475456758536076,9.396928561634445,14.914772704507195,6004,57032,3084,10034,17948,48.544799717388834,126.77987110928295,260,9.577777777777778,21.256885466211696,2.029521604938272,224,1084,5468,2.4021882086167805,10.604761904761904,22.48377200096396,103.25907236982133,120.0
c1cc(c(c(c1)Cl)Cl)C(=O)O,690,236,634,4.408534896791972,12.558119524444315,21.44024076889355,4.286713286713287,6.8301901517323085,2648,22030,1380,4324,7456,22.58928370762865,56.279331779331784,118,4.536904761904762,9.859194707457304,1.0408772675736964,104,508,2564,1.0766666666666667,4.800000000000001,10.23834412478301,47.64121036669823,168.0
C=CCN,44,32,42,2.2996598285221186,4.161760458079524,5.919183588453085,2.2666666666666666,2.6053509629275577,172,306,88,124,228,6.082482904638631,7.800000000000001,16,2.333333333333333,3.723614639131598,0.9444444444444444,20,68,236,0.5694444444444444,1.833333333333333,3.309401076758503,10.928203230275509,-88.0
Cc1cc(Cl)ccc1O,490,184,466,3.656170231083274,10.321166358513182,17.691164621287715,3.582828282828283,5.666097095277538,1912,13030,980,2684,4936,18.324863893467793,44.65909090909091,92,3.7333333333333334,8.12853229977949,0.8355555555555556,84,400,1944,0.8755555555555556,3.9333333333333336,8.394205344927391,38.787523305564676,47.0
CC#CC,44,32,42,2.2996598285221186,4.161760458079524,5.919183588453085,2.2666666666666666,2.6053509629275577,172,306,88,124,228,6.082482904638631,7.800000000000001,16,2.333333333333333,3.723614639131598,0.9444444444444444,20,68,236,0.5694444444444444,1.833333333333333,3.309401076758503,10.928203230275509,-32.0
Oc1ccccc1OC,464,176,434,3.962719739472424,10.574525609055208,17.628469944354205,3.868298368298368,5.861699205840183,1796,12234,928,2596,4604,18.3889974532109,42.3958818958819,88,4.061904761904762,8.431949722795276,1.040668934240363,80,368,1748,1.017777777777778,4.2,8.654478692306727,37.77948896570284,28.0
CC(C)CC#C,138,72,130,2.934808494301258,6.444329480531982,9.842672721773212,2.8873015873015873,3.7800585308900394,536,1898,276,558,996,10.160745634373795,17.4515873015873,36,2.9833333333333334,5.4109350489449675,0.9619444444444445,40,164,688,0.6772222222222222,2.566666666666667,5.049127729379167,19.936237570137337,-105.0
CCCC,44,32,42,2.2996598285221186,4.161760458079524,5.919183588453085,2.2666666666666666,2.6053509629275577,172,306,88,124,228,6.082482904638631,7.800000000000001,16,2.333333333333333,3.723614639131598,0.9444444444444444,20,68,236,0.5694444444444444,1.833333333333333,3.309401076758503,10.928203230275509,-138.0
c1cc(cc(c1)N)C(F)(F)F,672,236,636,4.294296248762402,12.371069405523913,21.687207702796062,4.231646131646133,6.79703009568504,2616,20972,1344,4054,7288,22.31948624205728,57.3615662115662,118,4.358333333333333,9.717995352252334,0.9171527777777777,108,544,2820,0.9758163265306125,4.585714285714286,10.016919283017868,48.59645430712622,6.0
COC(=O)c1c[nH]c2c1cccc2,948,312,898,5.495702095765086,15.673426954199517,27.51718439607268,5.384432234432234,8.603535620330506,3692,35662,1896,6168,11208,28.50169113636087,75.65372405372408,156,5.611904761904763,12.342124448354753,1.2944189342403631,132,644,3240,1.4138888888888892,6.166666666666668,13.076326236162013,60.52171984683473,151.0
Fc1c(C#N)c(F)c(C#N)c(F)c1F,1080,328,972,5.507537004525854,15.836185384892222,26.856795869703596,5.238095238095241,8.452151913996396,4104,42572,2160,7568,12872,29.231834241050997,76.66666666666666,164,5.797619047619049,12.380508658801967,1.5330924036281182,136,696,3712,1.4377777777777776,6.133333333333334,12.997234944324694,61.266352053672804,79.0
FC1=CN(C(=O)NC1=O)[C@H]2C[C@H](O)[C@@H](CO)O2,1278,416,1216,6.716394314825353,19.86520090145936,35.28309331242085,6.5436119436119435,10.777180814742986,4988,46848,2556,8158,15064,36.755091716048305,100.78468198468195,208,6.8988095238095255,15.509920677057497,1.5443239795918369,176,884,4544,1.6644444444444448,7.600000000000002,16.470531581089404,79.30924315239938,150.5
O=C1CC2CC(OCCC)CCC2(C)C2CCC3(C)C(CCC3OCCC)C12,2714,776,2558,11.330332817870321,33.344913191670926,60.95430384036271,11.130506095211974,18.261803743064515,10544,136222,5428,20524,36948,63.09384418632863,187.86143399084574,388,11.53888888888888,26.1709911310411,2.603070987654322,312,1644,9036,2.8454875283446706,12.942857142857138,28.148726057469943,138.2547426066189,161.0
CC(C)C(CC)CC,312,124,274,3.5409997692716013,8.695081058585957,13.464611650268882,3.3939393939393945,4.830602371729228,1172,6742,624,1730,2744,14.5598023375238,28.848484848484844,62,3.695238095238095,7.044448306279904,1.1534467120181406,60,272,1296,0.9100000000000001,3.4666666666666672,6.9147520396860624,28.77145462584103,-115.0
ClCCOCCCl,140,80,136,3.787693700234704,7.85990576500098,11.878156862896233,3.7428571428571424,4.714925836409837,552,1744,280,508,968,12.123934788966011,19.657142857142855,40,3.8333333333333335,6.723614639131599,1.3194444444444444,44,164,620,0.9444444444444444,3.3333333333333335,6.309401076758503,22.92820323027551,-47.0
CC(=O)OCCOCC,234,120,228,4.44297457949652,10.103118564603538,15.873283665890892,4.4031746031746035,5.9097609247617084,924,3560,468,942,1796,16.128341638310005,29.574603174603173,60,4.483333333333333,8.410935048944967,1.3369444444444445,64,260,1072,1.0522222222222224,4.066666666666666,8.049127729379167,31.936237570137337,-62.0
OCc1ccccc1I,464,176,434,3.9627197394724236,10.57452560905521,17.628469944354205,3.8682983682983685,5.861699205840182,1796,12234,928,2596,4604,18.3889974532109,42.3958818958819,88,4.061904761904762,8.431949722795277,1.040668934240363,80,368,1748,1.017777777777778,4.2,8.654478692306725,37.779488965702846,92.0
c1cc(cc(c1)O)C[C@@H](C(=O)O)N,678,260,652,5.410470165284248,14.9883680894644,25.645480235258514,5.324242424242424,8.294894750628778,2660,18024,1356,3646,6836,26.36796418954797,63.50252525252525,130,5.5,11.864019936396717,1.2472222222222225,120,564,2700,1.2855555555555558,5.733333333333334,12.183059726927222,55.73179521556382,265.0
Clc1c(CC(=O)O)c(Cl)ccc1Cl,820,280,768,5.225708605263619,14.774972316413784,25.454866236607188,5.104806304806305,8.088746143151571,3176,27772,1640,5120,9164,26.57599976267489,67.4087246087246,140,5.3535714285714295,11.636145642466373,1.233377267573696,124,608,3064,1.2366666666666668,5.6000000000000005,12.027198506782844,56.58548227669737,156.0
C1=C(C=C(C(=C1Cl)O)Cl)Cl,618,216,576,3.9098194114036255,11.339916721289601,19.512343021367194,3.7982128982128986,6.143041955694321,2388,18468,1236,3672,6540,20.518929894842103,51.782167832167836,108,4.0285714285714285,8.86741818692469,0.9034467120181409,96,472,2376,0.9311111111111111,4.266666666666666,9.210701925855115,43.68650279113103,65.0
Nc1cccc(Cl)c1Cl,522,188,482,3.6211821562425532,10.333252463683175,17.551083308263113,3.5204351204351205,5.614567969461855,2008,14434,1044,3034,5292,18.478261136364434,44.92105672105672,94,3.728571428571428,8.10428835137957,0.8462244897959186,84,404,2004,0.8961111111111112,3.9666666666666663,8.421847543855286,38.742230881131874,24.0
c1ccc2c(c1)OCCOCCOCCOCCO2,910,372,890,8.926815475279742,23.470980600996732,39.83857029746542,8.896825396825394,13.288764820302035,3600,23434,1820,4722,8988,40.163325564393,92.11111111111113,186,8.957142857142856,18.845495602055024,2.0674489795918367,172,752,3352,2.2505555555555556,9.433333333333334,19.39420534492739,82.78752330556468,80.0
CC(=O)Oc1ccc(cc1)OC(=O)C,692,272,676,6.0531578110333415,16.226086138318927,27.80400370105089,6.006926406926406,9.12032920720988,2736,18340,1384,3652,7000,28.198650850035833,67.13246753246752,136,6.1000000000000005,12.9695927453968,1.4172222222222226,128,592,2768,1.3900000000000001,6.200000000000001,13.155417527999331,59.77708763999661,121.0
CC(C)(C)CC,202,88,190,2.3740963185335495,6.095232282131342,9.769863745809943,2.3047619047619046,3.3883844780521306,784,3850,404,950,1720,10.250977901367298,21.190476190476186,44,2.45,4.890388354186294,0.6775,48,240,1236,0.5177777777777778,2.2,4.654478692306725,21.779488965702853,-100.0
CC(C)S,54,36,54,1.9999999999999998,3.9999999999999996,6.0,1.9999999999999998,2.4494897427831783,216,486,108,162,324,6.0,9.0,18,1.9999999999999998,3.464101615137755,0.6666666666666667,24,96,384,0.375,1.5,3.0,12.0,-131.0
CCOc1ccc(cc1)C#N,524,208,506,5.073991290423015,12.988006002041407,21.6998852993603,4.984848484848484,7.330510594992853,2060,13302,1048,2744,5176,22.31097458710361,50.88939393939394,104,5.166666666666667,10.490539798535107,1.4138888888888892,96,432,1992,1.2994444444444446,5.233333333333334,10.675964222758001,45.76101896027298,62.0
c1ccc2c(c1)C(=O)OC23c4ccc(cc4Oc5c3ccc(c5)O)O,2662,748,2538,9.841886338501588,30.61803257391685,57.24811368959513,9.707133389486332,16.621595520019735,10400,146766,5324,20696,37856,58.777579059815984,182.37851919322506,374,9.981493506493505,23.746551474907577,1.907642601806563,296,1560,8492,2.440226757369615,11.72380952380952,25.977823225692887,130.50717270921376,320.0
Fc1cccc(O)c1,372,152,360,3.457519493328782,9.349885971192165,15.831652088062796,3.416161616161616,5.218503338084835,1464,8600,744,1864,3520,16.172736683825416,37.29797979797979,76,3.5000000000000004,7.443333074306559,0.8027777777777778,72,328,1512,0.8200000000000002,3.6000000000000005,7.577708763999665,33.88854381999832,10.0
C(C(CBr)Br)Br,156,76,142,2.8250385328673335,6.4597701020533895,9.682959799431588,2.7222222222222223,3.6734332763753335,596,2306,312,674,1152,10.333154164596193,17.97222222222222,38,2.933333333333333,5.333204618062595,0.981111111111111,40,168,736,0.7294444444444446,2.6333333333333333,5.098255458758334,19.87247514027467,17.0
O=C1C=CC(=O)C2C3C=CC(C3)C12,1286,380,1230,5.036948495406476,15.870345883746591,29.5746848140642,4.953768453768454,8.572590786321127,5032,60014,2572,9214,17020,30.442004247272155,92.64883449883449,190,5.123809523809525,12.266182464145183,0.960967498110356,152,788,4172,1.2577777777777777,6.066666666666669,13.44904605063813,67.32771315782924,73.0
C=CCCCCC(=O)O,234,120,228,4.4429745794965205,10.103118564603538,15.873283665890888,4.4031746031746035,5.909760924761707,924,3560,468,942,1796,16.128341638310005,29.574603174603176,60,4.483333333333333,8.410935048944967,1.3369444444444447,64,260,1072,1.0522222222222224,4.066666666666666,8.049127729379169,31.936237570137333,-6.0
Cc1cc(cc(c1)O)O,468,180,450,3.740083568503631,10.367403882264046,17.759785364878386,3.681818181818181,5.739456478492807,1836,12150,936,2502,4680,18.246669619045523,43.97727272727272,90,3.8000000000000003,8.206462909851679,0.8600000000000001,84,396,1884,0.8550000000000001,3.900000000000001,8.366563145999496,38.83281572999748,107.0
Oc1c(cccc1OC)C=O,654,228,602,4.7485574550748355,12.814649248259107,21.37191713640997,4.5875901875901866,7.028572911562465,2512,20378,1308,4014,6988,22.664091574777213,54.27070707070708,114,4.919047619047619,10.182098470645599,1.3297845804988662,100,476,2356,1.2505555555555559,5.1,10.520103002613622,46.61470602140653,41.0
O=Cc1ccc(Cl)cc1Cl,556,204,524,4.218023661300162,11.565094141677534,19.58972965745829,4.1127428127428125,6.370627205763826,2160,15664,1112,3174,5732,20.42966621168857,49.256993006993014,102,4.328571428571428,9.167437359412505,1.0773356009070296,92,436,2120,1.052777777777778,4.500000000000001,9.443333074306558,42.723760875702006,73.0
O=[N+]([O-])c1ccccc1CC#N,668,240,626,5.335957288139524,13.99945528250572,23.575936611833967,5.237606837606838,7.8366863594034735,2588,21106,1336,4062,7196,24.43509786100975,57.979914529914524,120,5.436904761904762,11.235983808252179,1.412543934240363,108,504,2436,1.3233333333333337,5.533333333333333,11.470975273234453,50.6784684512692,84.0
OC(=O)c1ccc(O)cc1O,658,232,614,4.440210230905931,12.551849385663749,21.558332173908862,4.342513042513042,6.877193908914121,2544,19898,1316,3974,6992,22.458096642059708,55.86938061938062,116,4.541666666666667,9.883438655857223,1.0302083333333334,104,504,2504,1.0561111111111114,4.7666666666666675,10.210701925855117,47.686502791131026,225.0
C(C(C(C(CO)(F)F)(F)F)(F)F)O,1116,304,936,4.391249286007757,13.377925388106567,22.637801559182297,4.107448107448106,6.942513370477631,4104,46992,2232,8996,13432,25.475542140428555,68.56166056166056,152,4.700000000000001,10.296406133186471,1.2,128,736,4520,1.0980555555555558,4.900000000000001,10.72317094698655,54.87268643039044,78.0
CCCCCCCCC(=O)CCCCCCCC,548,268,538,8.998518670728943,21.10245967045466,33.789880495999576,8.931746031746034,12.262917702116349,2172,9366,1096,2306,4464,34.21444826644292,66.29603174603174,134,9.066666666666668,17.43146007682093,2.585555555555556,136,552,2272,2.229444444444445,8.633333333333335,17.098255458758334,67.87247514027467,52.0
CC(C(C(=O)O)Br)Br,342,132,302,3.178150302232087,8.432160991265537,13.52305015913025,3.066666666666667,4.615583195159118,1288,7582,684,1914,3060,14.501283796965955,30.866666666666667,66,3.2952380952380955,6.70392633797556,0.856780045351474,64,304,1504,0.7361111111111112,3.166666666666667,6.6329931618554525,29.797958971132715,86.0
Oc2cccc(Nc1ccccc1)c2,772,300,760,6.165845648174598,17.122693603438403,29.853829156814477,6.132323232323231,9.564584106450972,3064,20900,1544,4074,7924,30.14870001371898,74.3459595959596,150,6.2,13.579182724327795,1.3288888888888888,136,624,2896,1.5150000000000006,6.700000000000002,14.155417527999331,63.77708763999661,81.5
C1C(=O)NC(=S)S1,340,136,330,2.9630923023288664,8.114824907850796,13.856420128063172,2.927272727272728,4.517625536785178,1340,8250,680,1736,3300,14.147814324325793,33.40909090909091,68,3.000000000000001,6.443333074306559,0.6777777777777778,64,296,1384,0.695,3.1000000000000005,6.577708763999664,29.88854381999832,169.0
Cc1cccc(c1)C(C)C,528,200,504,4.19349900485999,11.549603637088424,19.71455262002028,4.126884226884226,6.39953263268666,2064,14428,1056,2920,5372,20.292695729821173,48.72163947163947,100,4.261904761904762,9.154576762523865,0.9751133786848074,92,432,2072,1.0005555555555556,4.433333333333334,9.394205344927391,42.787523305564676,-64.0
O=[N+]([O-])c1ccccc1C=O,632,224,586,4.750072480021844,12.799392669816351,21.517627404984644,4.634576534576533,7.077321388110636,2436,19830,1264,3886,6768,22.500020024475106,53.754156954156954,112,4.870238095238095,10.18685607887301,1.2353217120181408,100,472,2308,1.1983333333333335,5.033333333333333,10.470975273234453,46.6784684512692,46.0
CCCC1CCCCC1,376,160,366,4.3227666664322975,10.781381627494465,17.84647060011351,4.27979797979798,6.158148935359474,1484,8546,752,1844,3512,18.156703062353053,39.402525252525244,80,4.366666666666667,8.769833763957136,1.1705555555555558,76,328,1444,1.087222222222222,4.366666666666666,8.837982111379,36.880509480136496,-95.0
CCCCCC,108,64,104,3.287693700234704,6.635160893609391,9.878156862896235,3.2428571428571424,4.007819055223289,424,1232,216,380,712,10.123934788966011,15.657142857142855,32,3.3333333333333335,5.723614639131599,1.1944444444444444,36,132,492,0.8194444444444444,2.8333333333333335,5.309401076758503,18.92820323027551,-95.0
OC(=O)c1cccc(C#N)c1,588,220,560,4.7257896303494125,12.776328377264402,21.623270824307237,4.626884226884227,7.086272701617465,2296,16600,1176,3302,6072,22.389666407722835,53.43830613830614,110,4.828571428571429,10.167437359412505,1.2023356009070294,100,468,2248,1.177777777777778,5.000000000000001,10.44333307430656,46.723760875701984,223.0
CNC,16,16,16,2.0,2.8284271247461903,4.0,2.0,2.0,64,64,32,32,64,4.0,4.0,8,2.0,2.82842712474619,1.0,12,36,108,0.4444444444444444,1.3333333333333333,2.309401076758503,6.928203230275509,-92.0
COc1ccc(cc1)N=C=S,524,208,506,5.073991290423014,12.988006002041406,21.6998852993603,4.984848484848484,7.330510594992854,2060,13302,1048,2744,5176,22.31097458710361,50.88939393939394,104,5.166666666666667,10.490539798535108,1.4138888888888892,96,432,1992,1.2994444444444446,5.233333333333333,10.675964222758001,45.76101896027298,19.0
N#CCCc1ccccc1,408,176,400,4.830932751627559,11.990680968782844,19.87708154423119,4.795670995670996,6.873637766858047,1616,9184,816,1972,3800,20.124299066289264,43.52554112554112,88,4.866666666666667,9.769833763957138,1.2955555555555558,84,360,1572,1.2122222222222225,4.866666666666667,9.837982111379,40.880509480136496,-2.0
C=CC=O,44,32,42,2.2996598285221186,4.161760458079524,5.919183588453085,2.2666666666666666,2.6053509629275577,172,306,88,124,228,6.082482904638631,7.800000000000001,16,2.333333333333333,3.723614639131598,0.9444444444444444,20,68,236,0.5694444444444444,1.833333333333333,3.309401076758503,10.928203230275509,-87.0
O=C(O)CCCC(=O)O,264,128,256,4.098255458758336,9.896841621422915,15.868410468885546,4.063492063492064,5.690382450740484,1040,4352,528,1120,2112,16.132748487654002,31.49206349206349,64,4.133333333333334,8.098255458758336,1.1044444444444446,68,292,1268,0.9100000000000001,3.8000000000000003,7.788854381999832,32.94427190999916,96.5
Fc1c(F)c(F)c(F)c(F)c1F,936,288,840,4.332900397117624,13.345020709845134,22.99818166789402,4.114285714285715,7.001868095151149,3552,34104,1872,6336,10752,25.093073414159537,67.2,144,4.571428571428571,10.267462129303842,1.0340136054421771,120,624,3360,1.0833333333333335,5.0,10.898979485566358,53.39387691339814,3.9
Clc2nc(Nc1ccccc1Cl)nc(Cl)n2,992,360,962,6.679644230869923,19.123831507437156,33.65260006047424,6.6002331002331,10.555235258546237,3908,29942,1984,5640,10696,34.35926247030473,88.41802641802644,180,6.7619047619047645,15.053556248090224,1.4334467120181407,160,764,3700,1.6055555555555556,7.333333333333335,15.760768490926889,73.62033903556214,159.5
O(CCN(C)C)c1ccc(cc1)C(c1ccccc1)=C(CC)c1ccccc1,1810,632,1744,12.276587338004457,34.02118760522538,59.41155040656779,12.146838129191064,18.940348309805785,7108,65516,3620,11236,20924,60.606039803479625,155.01914523385113,316,12.410714285714283,26.99316452981941,2.810641061980348,276,1304,6324,3.074444444444444,13.399999999999997,28.259385963089226,128.25351506239852,96.0
CC=CC=O,76,48,72,2.7876937002347035,5.4104160222178015,7.878156862896232,2.7428571428571424,3.3007122740367407,296,720,152,252,456,8.123934788966011,11.657142857142855,24,2.833333333333333,4.723614639131599,1.0694444444444444,28,100,364,0.6944444444444444,2.333333333333333,4.309401076758503,14.928203230275507,-76.0
c1cc(ccc1F)Br,368,152,360,3.4327955589886447,9.31804722752556,15.87298334620742,3.4000000000000004,5.208946754575151,1456,8400,736,1804,3480,16.131182235954576,37.5,76,3.4666666666666672,7.415690875378665,0.7822222222222222,72,328,1512,0.8200000000000001,3.6000000000000005,7.577708763999665,33.88854381999832,-16.0
CCC2CCC3C4CCC1CCCCC1(C)C4CCC23C,2286,632,2120,8.040717494126044,25.316880456878703,46.92512826456515,7.84461747402924,13.581145329089562,8812,114404,4572,17698,31036,49.13026792923092,151.53079338961695,316,8.24722222222222,19.55531027104762,1.6545756172839512,248,1340,7544,2.077709750566893,9.742857142857142,21.49424736516322,108.47525364091604,83.5
C=Cc1ccc(cc1)F,428,172,414,3.9620495944849554,10.550198794434266,17.765138332350134,3.893939393939395,5.891926400593708,1684,10330,856,2186,4136,18.244785002227466,42.125757575757575,86,4.033333333333335,8.428551472267303,1.0094444444444448,80,364,1688,0.9972222222222222,4.166666666666668,8.626836493378832,37.824781390135655,-36.0
COc1ccc(c(c1OC)OC)C(=O)O,1024,328,940,6.37696563258157,17.274910530716333,29.084867777641524,6.145687645687645,9.457030505859134,3928,39704,2048,6974,12116,30.960379039214075,77.86526806526805,164,6.620238095238095,13.72238998480575,1.8290717120181408,140,688,3524,1.6638888888888892,6.833333333333332,14.202223893848242,64.34890256267659,101.0
CN1[C@@H]2CC[C@H]1CC(=O)C2,778,256,746,3.9478956783662795,11.98624077908083,21.685160043772022,3.8807525807525796,6.5112091220443595,3048,27742,1556,4880,9088,22.333029630419706,62.44883449883451,128,4.019047619047619,9.319869125817455,0.7970068027210886,108,540,2748,0.9661111111111114,4.566666666666668,9.99955630785495,48.63077470113018,42.0
CC(=O)CCC(C)=O,232,112,226,3.60382826775842,8.661780558081546,13.89317850888592,3.5746031746031743,4.989504649440827,916,4002,464,992,1892,14.10782612815438,27.603174603174605,56,3.6333333333333337,7.098255458758335,0.9794444444444446,60,260,1140,0.785,3.3000000000000003,6.788854381999832,28.94427190999916,-7.0
C(CSCCC(=O)O)C(=O)O,328,160,320,5.098255458758337,12.346331364206092,19.86841046888555,5.063492063492063,7.104596013113578,1296,5376,656,1376,2624,20.13274848765401,39.4920634920635,80,5.133333333333333,10.098255458758338,1.3544444444444446,84,356,1524,1.1600000000000001,4.800000000000001,9.788854381999833,40.94427190999916,131.0
CCCCCCCCC(C)O,298,152,292,5.4429745794965205,12.552608307386713,19.873283665890895,5.403174603174603,7.323974487134802,1180,4584,596,1198,2308,20.12834163831001,37.574603174603176,76,5.4833333333333325,10.410935048944967,1.5869444444444447,80,324,1328,1.3022222222222222,5.066666666666666,10.049127729379167,39.93623757013734,-5.0
OC(=O)c1ccccc1I,566,204,524,4.184906309078192,11.561280853041422,19.597072460804778,4.098068598068598,6.368265908990476,2180,16468,1132,3396,5864,20.41742788358204,49.00826950826951,102,4.2749999999999995,9.147951019239995,0.9935416666666668,92,436,2132,1.0211111111111113,4.466666666666668,9.421847543855284,42.74223088113187,162.5
COc3ccc2n(C(=O)c1ccc(Cl)cc1)c(C)c(CC(=O)OCC(O)=O)c2c3,2200,708,2112,11.848898259826258,34.306957334537664,61.12403766749456,11.648036930389873,18.831622885487846,8624,91280,4400,14634,27312,62.92186934827233,172.79939831410422,354,12.060714285714283,26.95130630299292,2.6649466175359042,300,1492,7608,2.901111111111111,13.19999999999999,28.497730087872228,135.89472542909672,150.0
Ic1ccc(Br)cc1,368,152,360,3.432795558988645,9.31804722752556,15.872983346207418,3.4000000000000004,5.208946754575151,1456,8400,736,1804,3480,16.131182235954576,37.5,76,3.4666666666666677,7.415690875378665,0.7822222222222224,72,328,1512,0.8200000000000001,3.6000000000000005,7.577708763999665,33.88854381999832,91.0
c1cc(cc(c1)F)C(=O)O,528,200,504,4.19349900485999,11.549603637088422,19.71455262002028,4.126884226884227,6.399532632686661,2064,14428,1056,2920,5372,20.292695729821176,48.72163947163946,100,4.261904761904763,9.154576762523869,0.9751133786848074,92,432,2072,1.0005555555555556,4.433333333333334,9.394205344927391,42.787523305564676,123.0
C[C@@H](c1ccc2cc(ccc2c1)OC)C(=O)O,1178,400,1126,6.932563594881235,20.07170679891584,35.41327045312016,6.791475191475192,10.983451862864563,4608,39942,2356,7220,13380,36.615550472294416,97.33916083916084,200,7.0809523809523816,15.751818848612732,1.5876757369614518,172,844,4240,1.7338888888888893,7.766666666666668,16.654035000161677,78.41026366683302,155.0
c1cc(cc(c1)C(=O)Cl)C(=O)Cl,684,248,648,4.9294785163912,13.749321302984681,23.597453151977767,4.837606837606837,7.580561927288487,2664,20256,1368,3976,7224,24.412654775816932,60.145299145299134,124,5.023809523809525,10.865820450741175,1.1474489795918372,112,536,2632,1.181111111111111,5.266666666666667,11.210701925855117,51.68650279113103,44.0
COc1ccc(Cl)cc1N,556,204,524,4.218023661300162,11.565094141677534,19.58972965745829,4.1127428127428125,6.370627205763826,2160,15664,1112,3174,5732,20.42966621168857,49.256993006993014,102,4.328571428571428,9.167437359412505,1.0773356009070296,92,436,2120,1.052777777777778,4.500000000000001,9.443333074306558,42.723760875702006,83.0
CC1=CNC(=O)NC1=O,490,184,466,3.6561702310832724,10.321166358513182,17.691164621287715,3.5828282828282823,5.666097095277539,1912,13030,980,2684,4936,18.324863893467793,44.65909090909091,92,3.733333333333333,8.128532299779488,0.8355555555555556,84,400,1944,0.8755555555555556,3.933333333333334,8.394205344927391,38.787523305564676,316.5
c1cc(ccc1C(=O)CCl)Cl,584,220,554,4.687887475642762,12.768150260075965,21.605446883440152,4.585470085470085,7.0619484235538,2276,15806,1168,3242,5912,22.412157229619964,53.3448717948718,110,4.795238095238094,10.139795160484608,1.181780045351474,100,468,2248,1.177777777777778,5.0,10.44333307430656,46.723760875702,101.0
C(CCCC(=O)O)CCCBr,298,152,292,5.4429745794965205,12.552608307386716,19.873283665890888,5.4031746031746035,7.323974487134803,1180,4584,596,1198,2308,20.128341638310005,37.57460317460318,76,5.4833333333333325,10.41093504894497,1.5869444444444445,80,324,1328,1.3022222222222224,5.066666666666666,10.049127729379169,39.93623757013733,39.0
Oc1ccccc1O,398,156,376,3.4008663092555342,9.330597825890854,15.72990490818363,3.3383838383838382,5.157169095353894,1548,9600,796,2106,3808,16.284195134990124,37.79797979797979,78,3.466666666666667,7.393044663162263,0.798888888888889,72,332,1572,0.8405555555555556,3.6333333333333333,7.605350962927559,33.84325139556552,105.0
COC1=CC(=O)C=C(OC)C1=O,750,256,700,5.041914782975017,13.812993956684517,23.360708564733873,4.874691974691975,7.563091591797941,2900,24984,1500,4652,8332,24.676539097943603,61.29731934731936,128,5.21904761904762,10.945228306190717,1.387006802721089,112,544,2728,1.2855555555555556,5.400000000000001,11.308957384613453,51.55897793140569,253.0
c1ccc2c(c1)ccc(n2)C=O,774,276,750,5.2167700589664605,14.661410256680249,25.72231407246636,5.1459318459318455,8.123494205479066,3048,24714,1548,4530,8560,26.286854383116705,67.77163947163946,138,5.290476190476191,11.593843835560891,1.206337868480726,120,568,2748,1.3377777777777782,5.800000000000001,12.232187456306393,55.66803278570114,68.0
C(C(CO)(CO)COCC(CO)(CO)CO)O,1012,336,888,7.085946638420434,19.08753554001798,30.39635382761172,6.6461538461538465,10.19773088517915,3800,31920,2024,6636,10728,33.738383836329895,77.3802197802198,168,7.566666666666667,15.070624119720424,2.341111111111111,148,748,4036,2.0277777777777772,7.666666666666667,15.460175877697322,67.97644557535739,217.0
Cc1c(cc(cc1[N+](=O)[O-])[N+]([O-])=O)[N+]([O-])=O,1110,360,1036,6.234425844225845,17.96486933428634,31.254263563354456,6.068864468864469,9.773087799881845,4292,41248,2220,7308,13012,32.77731439181914,86.41172161172163,180,6.4071428571428575,14.088474587297467,1.4650878684807263,156,784,4056,1.4727777777777777,6.7666666666666675,14.660191668638296,70.38344124783009,80.0
C1=CC=C2C(=C1)C3=CC=CC=C3C4=CC=CC=C24,1644,504,1584,7.580648169100774,22.678869523076127,41.601798009851365,7.5128205128205146,12.44952152091102,6456,74688,3288,11484,21456,42.40764995315554,123.58974358974365,252,7.650000000000002,17.73052417667842,1.5112500000000002,204,1020,5244,1.938333333333333,8.899999999999999,19.26554263156585,92.2266926433956,197.0
c1cc(ccc1CBr)C(=O)O,584,220,554,4.692632479653497,12.75950306165376,21.61770978855346,4.593939393939394,7.066172925281782,2276,15630,1168,3242,5896,22.39548675425008,53.375757575757575,110,4.795238095238094,10.13979516048461,1.181780045351474,100,468,2248,1.177777777777778,5.000000000000001,10.44333307430656,46.723760875702006,225.0
FC(F)(F)C(=O)C(F)(F)F,636,204,558,3.3787209761947463,10.107977995026511,17.408785161381218,3.266666666666668,5.404879020380325,2388,20034,1272,4326,6768,18.63933269531302,47.699999999999996,102,3.4999999999999996,7.843336592900531,0.7453703703703703,96,528,3000,0.6866326530612247,3.471428571428572,7.8784210380364055,41.41582097425582,-129.0
c1cc2c(cc[nH]2)cc1O,682,240,662,4.184479433477039,12.209940645112681,21.813595868179405,4.145931845931846,6.729647355361714,2688,22030,1364,4020,7604,22.189883705215035,59.0549728049728,120,4.223809523809524,9.580983238672255,0.8541156462585036,104,500,2444,1.0355555555555558,4.733333333333334,10.183059726927224,47.73179521556382,109.0
Clc1cc(Cl)c(Cl)nc1OP(=S)(OCC)OCC,1140,388,1080,7.507168943278476,20.48840356492979,35.24775302015134,7.321389721389724,11.322457233797811,4440,39036,2280,7028,12924,36.79166342201637,93.73706293706293,194,7.7023809523809526,16.297566641669192,1.9961734693877555,172,856,4408,1.8272222222222225,7.900000000000001,16.758447127396632,78.25591638810478,42.5
COc1cccc(c1)CC(=O)O,594,232,576,5.303027834833663,14.025203340032098,23.722443687915742,5.225685425685425,7.864695056245252,2340,15984,1188,3170,6024,24.286809580396493,56.92178932178932,116,5.383333333333333,11.233144606204263,1.3475000000000001,108,496,2316,1.2822222222222224,5.466666666666668,11.415690875378665,50.7690533001348,70.0
c1ccc2c(c1)cc(cn2)N,714,256,694,4.684479433477039,13.43468551650427,23.8135958681794,4.645931845931846,7.436754136548261,2816,22542,1428,4148,7860,24.189883705215035,63.054972804972806,128,4.723809523809524,10.580983238672255,0.9791156462585038,112,532,2572,1.1605555555555558,5.233333333333334,11.183059726927224,51.73179521556382,94.0
Ic1cc(Cl)cc(Cl)c1,468,180,450,3.740083568503631,10.367403882264046,17.759785364878386,3.681818181818181,5.739456478492807,1836,12150,936,2502,4680,18.246669619045523,43.97727272727272,90,3.8000000000000003,8.206462909851679,0.8600000000000001,84,396,1884,0.8550000000000002,3.900000000000001,8.366563145999496,38.83281572999748,56.0
Cc1ccc(cc1)C(=O)N,524,200,500,4.163378444157187,11.527351494745051,19.725554802410745,4.1,6.383193279263225,2048,13700,1048,2860,5240,20.28188398797719,48.75000000000001,100,4.2285714285714295,9.126934563595972,0.954557823129252,92,432,2072,1.0005555555555556,4.433333333333334,9.394205344927391,42.787523305564676,163.0
O=C(NCN1CCOCC1)c2cnccn2,864,336,838,7.105582493178305,19.55383631764821,33.741082816656544,7.051126651126653,10.915707481339789,3404,22774,1728,4620,8700,34.2671132115054,82.72416472416474,168,7.161904761904764,15.527296576999982,1.5690022675736963,152,692,3212,1.7855555555555556,7.733333333333334,16.183059726927222,71.73179521556382,119.0
C=Cc1ccc(cc1)Br,428,172,414,3.9620495944849554,10.550198794434266,17.765138332350134,3.893939393939395,5.891926400593708,1684,10330,856,2186,4136,18.244785002227466,42.125757575757575,86,4.033333333333335,8.428551472267303,1.0094444444444448,80,364,1688,0.9972222222222222,4.166666666666668,8.626836493378832,37.824781390135655,5.0
CC(C)(C)c1ccc(cc1)C(O)CCCN2CCC(CC2)C(O)(c3ccccc3)c4ccccc4,2672,864,2508,14.230299977566094,41.947679869092546,74.91257671550399,14.039649239649226,22.964634106699787,10360,103388,5344,18012,31784,77.13130760436948,209.48191808191817,432,14.428571428571423,32.82325901804138,2.922613378684808,368,1844,9596,3.5338208616780045,16.176190476190467,34.939901803000026,166.5634371640755,147.5
Cn1c(nnn1)S,366,140,344,2.900866309255534,8.105852954499264,13.729904908183633,2.8383838383838382,4.450062314167347,1420,9088,732,1978,3552,14.284195134990123,33.79797979797979,70,2.9666666666666672,6.393044663162263,0.673888888888889,64,300,1444,0.7155555555555555,3.1333333333333337,6.605350962927558,29.843251395565517,127.0
N#Cc1ccc(C)cc1,428,172,414,3.962049594484955,10.550198794434266,17.765138332350134,3.893939393939395,5.891926400593708,1684,10330,856,2186,4136,18.244785002227463,42.125757575757575,86,4.033333333333335,8.428551472267303,1.0094444444444448,80,364,1688,0.9972222222222222,4.166666666666667,8.626836493378832,37.824781390135655,29.0
CCCCS(=O)(=O)NC(Cc2ccc(OCCCCC1CCNCC1)cc2)C(O)=O,1628,620,1588,13.069084689979023,35.571316342223064,61.5352229242211,12.959396159396153,19.922096348061096,6432,46356,3256,8902,17016,62.47350437024246,152.89912309912316,310,13.180952380952373,28.34360947537604,3.0287074829931973,284,1332,6392,3.1788888888888898,13.866666666666662,29.231743764161333,132.2988074868313,223.0
CC(=O)NC12CC3CC(C1)CC(C3)C2,1254,392,1236,5.527530078810728,16.965531977788732,31.84758065438995,5.496237096237098,9.30867390298317,4980,53368,2508,8278,16132,32.155924391772444,97.199333999334,196,5.559523809523811,13.21635424178411,1.0521541950113382,164,852,4484,1.2722222222222228,6.333333333333337,14.21025823371007,72.31727749226117,148.0
O=C(CCCCCCCCC(=O)OCC)OCC,604,280,584,8.69301147083266,20.903711050807285,33.640382240867545,8.58888888888889,12.015970874146795,2376,11104,1208,2696,5080,34.36976973604741,68.6888888888889,140,8.8,17.139305514510266,2.476666666666667,140,588,2516,2.139444444444445,8.433333333333334,16.887109840758168,68.81674705027382,2.0
N#Cc1ccc(cc1)C(c2ccc(C#N)cc2)n3cncn3,1536,524,1478,9.470029978348077,26.878965776415733,47.41762529458704,9.326767676767675,14.844358840337252,6028,55386,3072,9598,17856,48.600962964238256,128.26540404040412,262,9.619047619047622,21.209655472238477,2.1873771730914595,224,1076,5300,2.4461111111111116,10.633333333333333,22.49201711154067,103.29077314696949,181.0
c1ccc(c(c1)C=O)C#N,530,196,494,4.526407388888565,11.815224001343172,19.538886858427635,4.4018759018759015,6.568701676890487,2048,15206,1060,3086,5452,20.48191267241729,47.07070707070709,98,4.657142857142857,9.47085478242829,1.2824489795918368,88,404,1924,1.1950000000000003,4.766666666666667,9.703606421685896,41.715726535840176,104.0
C=Cc1ccccc1Cl,464,176,434,3.9627197394724236,10.57452560905521,17.628469944354205,3.8682983682983685,5.861699205840182,1796,12234,928,2596,4604,18.3889974532109,42.3958818958819,88,4.061904761904762,8.431949722795277,1.040668934240363,80,368,1748,1.017777777777778,4.2,8.654478692306725,37.779488965702846,-63.0
C=CC(=O)OCC,192,92,178,3.4036125166028763,7.672836059399294,11.705809203597902,3.311111111111111,4.42425953300108,740,3150,384,850,1496,12.306205211583345,22.01111111111111,46,3.5000000000000004,6.382332347441762,1.1583333333333334,48,200,864,0.8544444444444443,3.1333333333333337,6.098255458758334,23.87247514027467,-71.0
O=C(CCCCC(=O)OCC)OCC,476,216,456,6.693011470832659,16.004731565240938,25.640382240867545,6.588888888888891,9.187543749400609,1864,9056,952,2184,4056,26.369769736047406,52.6888888888889,108,6.8,13.139305514510268,1.9766666666666672,108,460,2004,1.639444444444445,6.433333333333333,12.88710984075817,52.81674705027382,-18.0
Ic1cc(I)c(O)c(I)c1,618,216,576,3.9098194114036255,11.3399167212896,19.512343021367194,3.798212898212898,6.143041955694321,2388,18468,1236,3672,6540,20.518929894842106,51.782167832167836,108,4.0285714285714285,8.86741818692469,0.9034467120181406,96,472,2376,0.9311111111111112,4.266666666666667,9.210701925855115,43.68650279113102,158.0
c1ccnc(c1)c2ccccn2,686,260,666,5.426815475279746,14.897766501255624,25.838570297465417,5.396825396825397,8.33901735199621,2704,19850,1372,3826,7196,26.163325564393002,64.1111111111111,130,5.457142857142857,11.845495602055028,1.1924489795918372,116,528,2456,1.3755555555555556,5.9333333333333345,12.394205344927391,54.78752330556466,70.0
c1cc(nc(c1)N)N,372,152,360,3.4575194933287823,9.349885971192165,15.831652088062798,3.4161616161616166,5.218503338084836,1464,8600,744,1864,3520,16.172736683825416,37.2979797979798,76,3.500000000000001,7.443333074306559,0.8027777777777778,72,328,1512,0.82,3.6,7.577708763999665,33.88854381999832,120.0
CCCCCCCCCCCCCCCCC#C,492,256,488,9.287693700234703,21.332099350308454,33.87815686289623,9.242857142857146,12.493100429461856,1960,7376,984,1916,3784,34.12393478896601,63.657142857142865,128,9.333333333333334,17.723614639131597,2.6944444444444446,132,516,2028,2.3194444444444446,8.833333333333334,17.309401076758505,66.92820323027551,27.0
c1ccc(cc1)CNc2ccc(cc2)O,796,316,784,6.6017152005149065,18.31035765964475,31.862033978670603,6.570707070707072,10.235067471994514,3160,20124,1592,4082,7932,32.14040974259057,78.36616161616162,158,6.6333333333333355,14.523898326472011,1.4127777777777784,144,656,3024,1.6400000000000003,7.200000000000002,15.155417527999331,67.77708763999661,84.0
[O-][N+]#N,16,16,16,2.0,2.8284271247461903,4.0,2.0,2.0,64,64,32,32,64,4.0,4.0,8,2.0,2.82842712474619,1.0,12,36,108,0.4444444444444444,1.3333333333333333,2.309401076758503,6.928203230275509,-90.8
Cc1cc(ccc1Cl)[N+](=O)[O-],646,232,610,4.392149742614482,12.520884024409439,21.574065153245197,4.2935508935508935,6.847126389879365,2512,18858,1292,3740,6788,22.444822939463553,56.082750582750585,116,4.495238095238095,9.839775987996799,1.0078911564625852,104,504,2504,1.0561111111111112,4.766666666666667,10.210701925855115,47.68650279113103,43.0
C1CCC1,128,64,128,2.0,4.898979485566357,8.0,2.0,2.8284271247461907,512,2048,256,512,1024,8.0,16.0,32,2.0,4.0,0.5,32,128,512,0.5,2.0,4.0,16.0,-91.0
CC1(O)CCCC1,384,144,368,2.799659828522119,7.951732131687516,13.838367176906171,2.766666666666667,4.391629447700503,1504,10304,768,2112,3904,14.16496580927726,35.199999999999996,72,2.833333333333333,6.265986323710905,0.5972222222222223,68,340,1748,0.6461111111111112,2.9666666666666663,6.421847543855284,30.742230881131874,37.0
C1=CC=C2C=C3C=CC=CC3=CC2=C1,1060,360,1036,5.946956560690767,17.532150602836506,31.814866541659704,5.913308913308916,9.67812705834888,4192,37740,2120,6492,12424,32.18709976242178,88.95726495726494,180,5.980952380952385,13.746275601965841,1.176009070294785,152,736,3632,1.5011111111111113,6.866666666666669,14.788410689854784,69.57504661112932,216.3
B(c1ccccc1)(O)O,436,172,414,3.9414078556627805,10.552878687106821,17.76429508930666,3.888888888888889,5.893811265648401,1700,10874,872,2342,4232,18.24121522949952,41.888888888888886,86,3.9952380952380957,8.41908912590664,0.9384467120181408,80,364,1700,0.9655555555555556,4.133333333333333,8.605350962927558,37.84325139556552,217.0
O=C(O)CCCCCCCCCCCCCCCCC,586,296,580,9.94297457949652,23.575312149911007,37.87328366589088,9.903174603174605,13.687935517813726,2332,9192,1172,2350,4612,38.128341638310005,73.57460317460317,148,9.983333333333334,19.410935048944964,2.7119444444444447,152,612,2480,2.4272222222222224,9.566666666666668,19.04912772937917,75.93623757013734,68.0
c1cc(cc(c1)[N+](=O)[O-])CC(=O)O,690,260,664,5.50671672087545,14.998196265752377,25.69662601558627,5.436408036408036,8.358984281916273,2708,19640,1380,3844,7176,26.309797948490584,63.62878232878232,130,5.578571428571429,11.931527697532934,1.2926133786848075,120,564,2700,1.2855555555555556,5.733333333333333,12.183059726927224,55.73179521556382,119.0
Clc1ccc(CC(=O)O)cc1,530,212,518,4.7429766850109925,12.772066682922242,21.838493523629154,4.703463203463204,7.164637980892515,2096,13370,1060,2728,5240,22.164916542995208,52.316233766233765,106,4.783333333333333,10.192641810387732,1.0997222222222225,100,460,2140,1.105,4.9,10.366563145999498,46.83281572999748,103.0
c1cc(ccc1C(C(=O)O)O)Br,680,248,640,4.885528510343459,13.751521613052574,23.558585080393087,4.785714285714286,7.550171295121751,2640,19384,1360,3916,7032,24.46406289033711,59.949999999999996,124,4.99047619047619,10.838178251813279,1.1268934240362816,112,536,2632,1.1811111111111112,5.266666666666667,11.210701925855117,51.68650279113103,117.0
CCCCC#N,108,64,104,3.287693700234704,6.635160893609391,9.878156862896235,3.2428571428571424,4.007819055223289,424,1232,216,380,712,10.123934788966011,15.657142857142855,32,3.3333333333333335,5.723614639131599,1.1944444444444444,36,132,492,0.8194444444444444,2.8333333333333335,5.309401076758503,18.92820323027551,-96.0
Fc2cccc1ccccc12,752,260,716,4.673694820767863,13.450795836935235,23.69290784796743,4.612598512598514,7.403783801599059,2936,25140,1504,4624,8424,24.316887265057694,63.37664557664558,130,4.736904761904762,10.57435749538838,0.997543934240363,112,536,2632,1.181111111111111,5.2666666666666675,11.210701925855119,51.68650279113103,-13.0
Cc1ccc(cc1Br)[N+]([O-])=O,646,232,610,4.392149742614482,12.520884024409439,21.5740651532452,4.2935508935508935,6.847126389879365,2512,18858,1292,3740,6788,22.444822939463553,56.082750582750585,116,4.495238095238094,9.839775987996797,1.0078911564625854,104,504,2504,1.056111111111111,4.766666666666667,10.210701925855117,47.68650279113103,76.0
Oc1ccc2ccccc2c1,714,256,694,4.68447943347704,13.434685516504267,23.813595868179405,4.645931845931847,7.436754136548262,2816,22542,1428,4148,7860,24.18988370521503,63.054972804972806,128,4.723809523809526,10.580983238672252,0.9791156462585036,112,532,2572,1.1605555555555556,5.233333333333334,11.183059726927224,51.73179521556382,122.0
OC(=O)c1ccc(cc1)C(=O)c2ccccc2,1086,384,1032,7.101519015128966,20.30571369442087,35.48543174475517,6.993650793650796,11.169623906157632,4236,33660,2172,6456,11756,36.53687497725319,93.42222222222227,192,7.214285714285717,15.975828416178974,1.5532312925170073,168,804,3948,1.7716666666666667,7.900000000000002,16.816052888782675,77.52975418669654,198.0
CC(CO)(CO)[N+](=O)[O-],506,168,432,3.4824041628711773,9.538517067685683,15.142406541619115,3.266178266178266,5.066464370835175,1876,14752,1012,3330,5120,16.922836655297242,38.212454212454205,84,3.7166666666666663,7.496726916516863,1.0905555555555557,76,392,2164,0.9263718820861677,3.685714285714286,7.592750375632326,34.48980077853699,150.0
CCCSSCCC,172,96,168,4.287693700234704,9.084650636392569,13.878156862896233,4.242857142857143,5.422032617596384,680,2256,344,636,1224,14.123934788966011,23.65714285714286,48,4.333333333333334,7.723614639131599,1.4444444444444444,52,196,748,1.0694444444444444,3.8333333333333335,7.309401076758503,26.92820323027551,-86.0
BrC(Br)Cl,54,36,54,1.9999999999999998,3.9999999999999996,6.0,1.9999999999999998,2.4494897427831783,216,486,108,162,324,6.0,9.0,18,1.9999999999999998,3.464101615137755,0.6666666666666667,24,96,384,0.375,1.5,3.0,12.0,-22.0
Oc1cc(ccc1)C(=O)OC,588,220,558,4.718008036345566,12.790402402419335,21.594444701049685,4.612354312354313,7.078287776977236,2292,16534,1176,3302,6044,22.42296897146395,53.31651126651127,110,4.828571428571429,10.167437359412503,1.2023356009070296,100,468,2248,1.1777777777777778,4.999999999999999,10.443333074306558,46.723760875702,74.0
c1cnn[nH]1,160,80,160,2.5,6.123724356957946,10.0,2.5,3.5355339059327386,640,2560,320,640,1280,10.0,20.0,40,2.5,5.0,0.625,40,160,640,0.625,2.5,5.0,20.0,24.0
c1c(cc(c(c1[N+](=O)[O-])Cl)[N+](=O)[O-])C#N,1014,332,946,6.028376921814503,16.996036183156573,29.266315378074026,5.853479853479853,9.27577622720932,3920,37306,2028,6634,11812,30.76843664138069,79.62197802197802,166,6.211904761904762,13.390091495968793,1.5199744897959186,144,716,3672,1.4694444444444446,6.5,13.892822817089737,65.42069933240107,141.0
[O-][N+](=O)C(COC(C)=O)C(OC(C)=O)c1ccccc1,1124,404,1074,8.606601025034612,23.11375501399121,39.524494104837956,8.503479853479853,12.93207516703624,4396,38250,2248,6838,12556,40.485597633600726,98.64578754578758,202,8.711904761904762,18.45516150915234,2.0671967120181405,184,868,4204,2.021666666666667,8.900000000000002,18.816052888782675,85.52975418669654,71.0
Cc1ccc(cc1OC)N,556,204,526,4.2203836976697175,11.560934367087027,19.603495515068197,4.117404817404816,6.373649552765332,2164,15950,1112,3174,5780,20.415555594032934,49.3397435897436,102,4.328571428571428,9.167437359412501,1.0773356009070294,92,436,2120,1.0527777777777778,4.500000000000001,9.44333307430656,42.72376087570201,58.0
Clc1ccccc1OC(C)C(=O)O,710,264,674,5.388936969983954,14.97653018455189,25.563062970854737,5.287101787101786,8.258133319367072,2768,20006,1420,3996,7312,26.45563468130754,64.05439005439005,132,5.495238095238094,11.839775987996797,1.2578911564625854,120,568,2760,1.3061111111111112,5.7666666666666675,12.210701925855117,55.68650279113102,114.0
C1CCC(CC1)Br,280,124,274,3.2108249704942384,8.343574419887327,13.911723633103335,3.188888888888889,4.719564740960329,1108,5574,560,1286,2472,14.090513477476907,30.638888888888886,62,3.2333333333333334,6.707845437689333,0.766111111111111,60,260,1140,0.7849999999999999,3.3,6.7888543819998315,28.94427190999916,-57.0
O=C(C=C/C(=O)OCC)OCC,412,184,394,5.698584279832742,13.544925630507977,21.66515028086792,5.6000000000000005,7.779559166914404,1612,8194,824,1928,3580,22.34484737654778,44.80000000000001,92,5.800000000000001,11.139305514510266,1.726666666666667,92,396,1748,1.3894444444444447,5.433333333333334,10.88710984075817,44.81674705027382,-10.0
CC(C)c1ccc(O)cc1,524,200,500,4.163378444157187,11.527351494745053,19.725554802410745,4.100000000000001,6.383193279263224,2048,13700,1048,2860,5240,20.28188398797718,48.75,100,4.2285714285714295,9.126934563595974,0.954557823129252,92,432,2072,1.0005555555555556,4.4333333333333345,9.394205344927391,42.787523305564676,61.0
Clc1ccc(cc1)C(CN)CC(=O)O,752,280,720,6.034862251954495,16.226556766261396,27.602984846402517,5.9332334332334336,9.044684821904417,2944,22104,1504,4274,7912,28.411093371938456,68.29292374292375,140,6.140476190476191,12.942790558238054,1.5138378684807257,128,600,2876,1.462777777777778,6.3,13.232187456306393,59.66803278570114,207.0
CCOC(=O)c1csc(n1)C,592,220,566,4.8062685057874,12.760996979776396,21.661804721917527,4.720435120435121,7.133014524058168,2316,17226,1184,3350,6208,22.350633430567584,53.56550116550117,110,4.8952380952380965,10.21656508879167,1.254557823129252,100,468,2248,1.177777777777778,5.000000000000001,10.44333307430656,46.723760875702,55.0
CC(C(C)(C)C)O,318,120,288,2.500887246306986,7.01263242637651,11.65001154900788,2.422222222222222,3.808050198623987,1212,7344,636,1758,2952,12.366365044077233,28.399999999999995,60,2.5833333333333335,5.512438571626294,0.6041666666666667,60,312,1692,0.5308163265306121,2.4857142857142858,5.439210519018203,26.70791048712792,5.0
CCN(CC)C(=O)Nc1ccc(OCC(O)CNC(C)(C)C)c(c1)C(C)=O,1574,564,1498,11.084720515406824,30.83596608514861,53.111879439877974,10.863725163725158,17.012987747711854,6144,48474,3148,9258,16956,54.92402496733894,137.06798201798208,282,11.31547619047619,24.39531304453229,2.6846017573696144,256,1248,6232,2.6616666666666666,11.76666666666666,25.09736807446822,117.13402454253496,110.0
c1cc(c(cc1C=O)[N+](=O)[O-])O,718,252,674,4.976763263310106,13.771117839290449,23.492238384703196,4.850838050838051,7.569428685410447,2784,22686,1436,4356,7792,24.52862882720123,60.74388944388944,126,5.1083333333333325,10.896299252745859,1.2574305555555558,112,540,2680,1.2333333333333334,5.333333333333335,11.259829655234286,51.62274036126836,142.0
O=C(O)COc1ccccc1,470,200,462,4.991786439889459,12.998832705044029,21.89697638722622,4.967099567099567,7.367595053910261,1864,10650,940,2278,4408,22.103783556133642,49.55411255411255,100,5.0166666666666675,10.457154173770505,1.1880555555555556,96,424,1896,1.1950000000000003,5.1000000000000005,10.577708763999665,45.88854381999832,100.0
CCOC(=O)c1c[nH]nc1N,630,224,586,4.794005371550714,12.779693875720401,21.530978671599115,4.684171384171385,7.097991181039109,2432,19434,1260,3826,6716,22.487960068723563,53.81611166611166,112,4.908333333333334,10.2099393455078,1.2729861111111112,100,472,2308,1.1983333333333333,5.033333333333334,10.470975273234453,46.678468451269204,106.0
Cc1ccccc1C,398,156,376,3.4008663092555342,9.330597825890854,15.72990490818363,3.3383838383838382,5.157169095353894,1548,9600,796,2106,3808,16.284195134990124,37.79797979797979,78,3.466666666666667,7.393044663162263,0.798888888888889,72,332,1572,0.8405555555555556,3.6333333333333333,7.605350962927559,33.84325139556552,-25.0
COC1=NC(=NC(=C1)NS(=O)(=O)C2=CC=C(C=C2)N)OC,1414,484,1356,8.597074628398165,24.595082581606896,43.35693568186389,8.43606393606394,13.520000980687717,5540,47700,2828,8636,16032,44.66968773490598,118.10104895104897,242,8.765476190476193,19.363084748855385,2.0121017573696154,212,1052,5360,2.115816326530613,9.452380952380956,20.298234468703424,96.20072466296472,204.5
CC(=CC(=O)O)C,204,96,192,3.12589765768623,7.473378871701724,11.83713013733938,3.085714285714285,4.28862684814117,792,3456,408,924,1632,12.16538667329339,23.31428571428572,48,3.1666666666666674,6.125897657686231,0.8750000000000002,52,228,1012,0.6599999999999999,2.8,5.7888543819998315,24.94427190999916,67.0
CCCCCCCC=C,204,112,200,4.787693700234704,10.30939550778416,15.878156862896233,4.742857142857143,6.129139398782932,808,2768,408,764,1480,16.12393478896601,27.65714285714286,56,4.833333333333333,8.723614639131599,1.5694444444444446,60,228,876,1.1944444444444444,4.333333333333333,8.309401076758503,30.92820323027551,-81.0
COc1cc(ccc1O)CC(=O)O,718,264,686,5.533601413685177,15.009526995750981,25.58556891063418,5.426928626928626,8.333101201994943,2808,21162,1436,4098,7584,26.43265781270234,64.24688644688644,132,5.645238095238096,11.944388294421572,1.39483560090703,120,568,2748,1.337777777777778,5.800000000000002,12.232187456306391,55.66803278570116,143.0
CC(C)(C)C(O)C(Oc1ccc(Cl)cc1)n2cncn2,1360,464,1298,7.978183123908113,23.352528911884473,41.453959952754886,7.8678932178932195,12.801297242121638,5316,46942,2720,8422,15464,42.57888714172477,113.15923520923526,232,8.095238095238097,18.292352847640714,1.6646967120181413,204,1016,5196,1.9069274376417238,8.852380952380955,19.227621208872986,92.28295709825721,135.5
O=C(N)c1ccccc1Cl,566,204,524,4.184906309078192,11.561280853041422,19.597072460804778,4.098068598068598,6.368265908990476,2180,16468,1132,3396,5864,20.41742788358204,49.00826950826951,102,4.2749999999999995,9.147951019239995,0.9935416666666668,92,436,2132,1.0211111111111113,4.466666666666668,9.421847543855284,42.74223088113187,143.0
c1(c(c(c(c(c1F)F)F)F)F)NN,1008,308,906,4.920218700821738,14.590603047368674,24.92748876879881,4.6761904761904765,7.7270100045737715,3828,38338,2016,6952,11812,27.162453827605265,71.93333333333334,154,5.184523809523809,11.323985394052906,1.2835530045351475,128,660,3536,1.2605555555555557,5.5666666666666655,11.948107214945525,57.33011448353547,76.0
C1=COC(=C1)CNC2=CC(=C(C=C2C(=O)O)S(=O)(=O)N)Cl,1500,496,1420,8.287479715782242,24.35304925284102,43.35369424807224,8.158674658674663,13.32442507179277,5840,53912,3000,9680,17420,44.6648012819585,120.52505272505275,248,8.420238095238098,19.061430015370004,1.744858749055178,216,1088,5628,1.962482993197279,9.185714285714287,20.044117789800705,97.18193658382357,206.0
CC(C)C(O)C(C)(C)C,486,168,428,3.270691621455748,9.2674774628342,15.458709473411195,3.157042957042958,5.003825527679728,1828,13316,972,3048,4832,16.576478611736906,39.274625374625366,84,3.391666666666666,7.267344927704026,0.7988194444444445,80,416,2252,0.7113718820861681,3.31904761904762,7.25570709994593,35.606889972694276,-13.0
c1ccc(cc1)N/C=N/c2ccccc2,740,304,728,6.874171803020415,18.570945915347885,31.876006225566154,6.848484848484849,10.44656325967935,2936,17648,1480,3692,7144,32.12466334361253,75.39393939393939,152,6.900000000000002,14.816052888782677,1.521666666666667,140,620,2780,1.7300000000000002,7.400000000000001,15.366563145999498,66.83281572999746,138.0
C1=C2C(=NC(=N1)N)N(C=N2)COCCO,978,340,948,6.598051022767033,18.07106566181118,31.71359870272612,6.531890331890333,10.108344770886683,3852,34624,1956,5996,11308,32.29146115263953,83.60137085137086,170,6.665476190476191,14.397877921017793,1.578212868480726,148,704,3436,1.6433333333333335,7.133333333333334,15.048684037234118,68.56701227126753,189.0
NCCCCCCN,172,96,168,4.287693700234704,9.084650636392569,13.878156862896233,4.242857142857143,5.422032617596384,680,2256,344,636,1224,14.123934788966011,23.65714285714286,48,4.333333333333334,7.723614639131599,1.4444444444444444,52,196,748,1.0694444444444444,3.8333333333333335,7.309401076758503,26.92820323027551,39.0
COC(=O)CCCCCCCCCCC(=O)OC,596,280,576,8.535863503361572,20.927068878898655,33.594683432534936,8.411111111111113,11.9285319232684,2344,10440,1192,2600,4904,34.42366764207311,68.6111111111111,140,8.666666666666668,17.041050055751924,2.3722222222222227,140,588,2516,2.1394444444444445,8.433333333333335,16.887109840758168,68.81674705027382,30.0
Cc1nnc(s1)S,340,136,330,2.963092302328866,8.114824907850794,13.856420128063169,2.927272727272727,4.517625536785178,1340,8250,680,1736,3300,14.147814324325795,33.40909090909091,68,3.0,6.443333074306558,0.6777777777777778,64,296,1384,0.6950000000000001,3.1,6.577708763999665,29.88854381999832,184.0
CC(=O)c1ccc2ccccc2c1,870,304,838,5.4204589450082485,15.634403182400524,27.69649640013689,5.356654456654458,8.61778343115009,3416,28370,1740,5204,9712,28.309842751210784,74.47863247863246,152,5.485714285714288,12.29222692688956,1.151451247165533,132,636,3132,1.3411111111111111,6.066666666666668,12.99955630785495,60.63077470113018,53.0
c1cc2c(cc1C(=O)O)OCO2,838,288,806,4.920458945008247,14.409658311008934,25.69649640013689,4.856654456654456,7.910676649963541,3288,27858,1676,5076,9456,26.30984275121079,70.47863247863249,144,4.985714285714287,11.292226926889562,1.0264512471655332,124,604,3004,1.2161111111111111,5.566666666666667,11.99955630785495,56.63077470113019,233.0
CC(CCCBr)Br,170,88,164,3.4429745794965196,7.653628821820359,11.873283665890892,3.4031746031746026,4.495547362388613,668,2536,340,686,1284,12.128341638310006,21.574603174603173,44,3.4833333333333334,6.4109350489449675,1.0869444444444445,48,196,816,0.8022222222222224,3.066666666666667,6.049127729379167,23.936237570137337,-34.0
COc1cc(ccc1OC)CC(=O)O,784,284,746,6.097289063101319,16.25022538803895,27.495985824707613,5.96050616050616,9.04010367304525,3060,24134,1568,4588,8432,28.525573031908728,68.92171162171161,142,6.2404761904761905,12.983293354054586,1.6366156462585035,128,604,2924,1.5150000000000003,6.366666666666667,13.28131518568556,59.60427035583848,98.0
COc1ccc(c(c1)N)OC,616,224,580,4.7503142867895845,12.791818881853514,21.498447861745248,4.612742812742812,7.057367274694632,2392,17836,1232,3556,6432,22.52663688959024,53.97365967365968,112,4.895238095238095,10.180297956301139,1.3045578231292518,100,472,2296,1.2300000000000002,5.066666666666667,10.492460803685727,46.659998445839335,80.0
CN(C)c1ccc(cc1)Cc2ccc(cc2)N(C)C,1168,424,1124,7.821221482672843,22.489363028581735,39.544999822325565,7.721212121212123,12.389142163020004,4584,33884,2336,6644,12368,40.465849916742236,103.81818181818186,212,7.923809523809528,17.68187333952385,1.6691156462585042,188,900,4388,1.9111111111111114,8.66666666666667,18.57726507185462,86.51931852112845,87.0
C1CNCCNCCCNCCNC1,448,224,448,7.0,17.146428199482248,28.0,7.0,9.899494936611665,1792,7168,896,1792,3584,28.0,56.0,112,7.0,14.0,1.75,112,448,1792,1.75,7.0,14.0,56.0,186.0
CCCC(=O)NN,192,92,178,3.403612516602877,7.672836059399294,11.705809203597898,3.3111111111111113,4.42425953300108,740,3150,384,850,1496,12.306205211583343,22.01111111111111,46,3.5,6.382332347441762,1.1583333333333334,48,200,864,0.8544444444444446,3.1333333333333337,6.098255458758336,23.87247514027467,44.0
CCCCCCCCCCCCCCCC(=O)OCC(COC(=O)CCCCCCCCCCCCCCC)OC(=O)CCCCCCCCCCCCCCC,2000,932,1976,27.801153123678542,68.1366096990208,111.56471342643859,27.671861471861455,39.220519594662775,7952,38468,4000,8830,17276,112.44500720918717,231.432683982684,466,27.933333333333316,55.64462691508459,7.308888888888887,460,1912,8044,6.886666666666666,27.599999999999984,55.51394633413698,226.64152844040945,62.0
FC(F)(F)C(F)(F)F,488,160,434,2.553501123769649,7.793103832776879,13.545096630100028,2.4675324675324672,4.152658618758013,1844,14210,976,3128,5068,14.4728276093045,37.545454545454554,80,2.6428571428571423,6.023715784073818,0.538265306122449,76,428,2524,0.5112499999999999,2.6500000000000004,6.073669927186044,32.48966997948986,-100.0
c1ccc2c(c1)c(c[nH]2)CCCC(=O)O,948,336,914,6.493765573286358,18.1064213439491,31.722277786109338,6.439438339438339,10.08165037056284,3724,31882,1896,5724,10652,32.28163773626601,82.4998778998779,168,6.548809523809524,14.349710694213934,1.4340462018140594,148,700,3388,1.5911111111111114,7.066666666666668,14.99955630785495,68.63077470113016,123.0
c1ccc(c(c1)CBr)CBr,530,196,494,4.526407388888565,11.815224001343172,19.538886858427635,4.4018759018759015,6.568701676890487,2048,15206,1060,3086,5452,20.48191267241729,47.07070707070709,98,4.657142857142857,9.47085478242829,1.2824489795918368,88,404,1924,1.1950000000000003,4.766666666666667,9.703606421685896,41.715726535840176,94.0
C1=CC(C2C1C3(C(=C(C2(C3(Cl)Cl)Cl)Cl)Cl)Cl)Cl,2594,592,2306,5.505174041313514,19.196702223963914,36.3753368208202,5.228837244626719,9.8775686167694,9800,178966,5188,24392,40576,39.793293777689236,137.60086580086588,296,5.81060606060606,14.492655523259911,1.0935694061830425,216,1292,8100,1.372431972789116,7.0428571428571445,16.253982235229586,90.00947317419802,95.0
c1ccc(cc1)CS(=O)(=O)Cc2ccccc2,980,368,960,7.300371249304737,20.41715537459915,35.812817316358135,7.263092463092464,11.390896397003232,3880,28864,1960,5428,10432,36.18936599840908,91.04211344211349,184,7.33809523809524,16.1720495606752,1.5544104308390025,168,800,3888,1.7511111111111115,7.866666666666669,16.788410689854782,77.57504661112934,151.0
Cc1ccc(cc1)P(c2ccc(cc2)C)c3ccc(cc3)C,1536,528,1488,9.133492495849863,26.613880321628127,47.59457503540568,9.05,14.674888343101498,6048,54864,3072,9480,17808,48.41442619017016,129.875,264,9.21904761904762,20.891779716150523,1.8740438397581267,228,1104,5448,2.251666666666667,10.299999999999997,22.182616034782164,104.36256991669397,145.0
O=[N+]([O-])c1cc(Cl)ccc1,528,200,504,4.193499004859992,11.54960363708842,19.71455262002028,4.126884226884228,6.399532632686659,2064,14428,1056,2920,5372,20.292695729821173,48.72163947163946,100,4.261904761904763,9.154576762523867,0.9751133786848074,92,432,2072,1.0005555555555556,4.4333333333333345,9.394205344927391,42.787523305564676,45.0
Nc1cc(Cl)cc(Cl)c1,468,180,450,3.740083568503631,10.367403882264046,17.759785364878386,3.681818181818181,5.739456478492807,1836,12150,936,2502,4680,18.246669619045523,43.97727272727272,90,3.8000000000000003,8.206462909851679,0.8600000000000001,84,396,1884,0.8550000000000002,3.900000000000001,8.366563145999496,38.83281572999748,53.0
CCN,16,16,16,2.0,2.8284271247461903,4.0,2.0,2.0,64,64,32,32,64,4.0,4.0,8,2.0,2.82842712474619,1.0,12,36,108,0.4444444444444444,1.3333333333333333,2.309401076758503,6.928203230275509,-81.0
OC(=O)c1cc(Cl)ccc1Cl,658,232,618,4.4444726378206845,12.544393099114473,21.583520180416237,4.3508380508380515,6.8826886164796415,2552,20514,1316,3974,7092,22.431658149299558,56.027222777222775,116,4.541666666666668,9.883438655857223,1.0302083333333334,104,504,2504,1.0561111111111112,4.7666666666666675,10.210701925855117,47.686502791131026,152.5
O=C(c1ccc(Cl)cc1)c2ccccc2,930,336,892,6.370936129960422,18.096409427201383,31.632860288551836,6.293650793650795,9.995377381469558,3644,28360,1860,5400,9996,32.38617322523059,82.17222222222225,168,6.452380952380954,14.264584727961669,1.3808956916099775,148,700,3388,1.5911111111111114,7.066666666666668,14.99955630785495,68.63077470113018,76.0
CCC(=O)c1ccc(cc1O)O,718,252,670,4.966621632936704,13.789351639035889,23.44964640383574,4.831646131646131,7.5584214137687145,2776,22334,1436,4356,7716,24.576042008597977,60.53934398934399,126,5.108333333333334,10.89629925274586,1.2574305555555558,112,540,2680,1.2333333333333334,5.333333333333335,11.259829655234286,51.62274036126835,100.0
CC=C/CC,76,48,72,2.7876937002347035,5.4104160222178015,7.878156862896232,2.7428571428571424,3.3007122740367407,296,720,152,252,456,8.123934788966011,11.657142857142855,24,2.833333333333333,4.723614639131599,1.0694444444444444,28,100,364,0.6944444444444444,2.333333333333333,4.309401076758503,14.928203230275507,-151.0
CC(=C)CCC(=C)C,232,112,226,3.60382826775842,8.661780558081546,13.89317850888592,3.5746031746031743,4.989504649440827,916,4002,464,992,1892,14.10782612815438,27.603174603174605,56,3.6333333333333337,7.098255458758335,0.9794444444444446,60,260,1140,0.785,3.3000000000000003,6.788854381999832,28.94427190999916,-75.0
CC(C)CC1(CC=C)C(=O)NC(=O)NC1=O,1198,364,1094,6.532681652081917,18.092587246552107,31.14483021105916,6.34947764653647,9.918651805092427,4584,52334,2396,8804,14980,32.902543417422535,86.53610213316097,182,6.726190476190478,14.328316042938152,1.7052097505668935,156,800,4308,1.5649659863945584,6.904761904761907,14.771687547271194,70.2057456055267,138.0
O=S(C)(=O)OCCCCOS(C)(=O)=O,568,240,552,5.730074897267697,15.273821660673471,25.82831625030773,5.693939393939395,8.592276785938049,2240,12240,1136,2760,5208,26.17388207150872,59.17575757575756,120,5.766666666666668,12.210701925855117,1.3061111111111112,124,604,3004,1.2161111111111114,5.566666666666668,11.999556307854949,56.63077470113018,116.0
Oc1cc(Cl)c(Cl)cc1,490,184,466,3.6561702310832747,10.321166358513182,17.69116462128771,3.582828282828283,5.6660970952775385,1912,13030,980,2684,4936,18.324863893467793,44.65909090909091,92,3.7333333333333343,8.12853229977949,0.8355555555555558,84,400,1944,0.8755555555555556,3.9333333333333336,8.39420534492739,38.787523305564676,67.0
c1cc(c(cc1[N+](=O)[O-])O)O,646,232,610,4.392149742614483,12.52088402440944,21.574065153245197,4.2935508935508935,6.847126389879365,2512,18858,1292,3740,6788,22.444822939463553,56.08275058275058,116,4.495238095238096,9.839775987996797,1.0078911564625854,104,504,2504,1.0561111111111112,4.7666666666666675,10.210701925855117,47.68650279113103,176.0
C1C=CC(=O)O1,248,108,242,2.7108249704942384,7.1188295484957385,11.911723633103334,2.688888888888889,4.012457959773781,980,5062,496,1158,2216,12.09051347747691,26.63888888888889,54,2.7333333333333334,5.707845437689333,0.6411111111111111,52,228,1012,0.6599999999999999,2.8000000000000003,5.788854381999832,24.94427190999916,4.0
c1cc(sc1)C(=O)c2cccs2,778,276,742,5.148965541466016,14.67244687677997,25.67160057544775,5.082539682539683,8.091781805481638,3040,24510,1556,4626,8476,26.345504466752924,67.3111111111111,138,5.219047619047619,11.556739290272334,1.1147845804988665,120,568,2760,1.3061111111111114,5.766666666666667,12.210701925855117,55.68650279113102,89.0
C(CCNCCCN)CNCCCN,364,192,360,7.287693700234705,16.433119864742107,25.878156862896233,7.242857142857143,9.66467330471567,1448,5328,728,1404,2760,26.12393478896601,47.657142857142865,96,7.333333333333333,13.7236146391316,2.1944444444444446,100,388,1516,1.8194444444444446,6.833333333333333,13.309401076758505,50.92820323027551,29.0
CS(=O)(=O)c1ccc(cc1)C(=O)O,824,284,770,4.992856202682945,14.56141804235881,25.539359192492398,4.901098901098901,7.952464906385661,3188,25214,1648,5050,8864,26.47170412734043,68.56483516483516,142,5.086904761904762,11.401596841541748,1.068932823129252,128,648,3380,1.156371882086168,5.419047619047619,11.833415863945595,57.49543379269259,273.0
Cc1cc(c2ccccc2n1)N,848,288,812,4.964692112298491,14.453300319951156,25.66793341868142,4.8950382950382965,7.93528013483303,3320,29460,1696,5262,9720,26.343445405879724,70.32050727050726,144,5.036904761904764,11.337487330933502,1.0547661564625852,124,604,3004,1.2161111111111111,5.566666666666668,11.99955630785495,56.63077470113018,164.0
CC1=CC=C(C=C1)C(=O)O,524,200,500,4.163378444157187,11.527351494745051,19.725554802410745,4.1,6.383193279263225,2048,13700,1048,2860,5240,20.28188398797719,48.75000000000001,100,4.2285714285714295,9.126934563595972,0.954557823129252,92,432,2072,1.0005555555555556,4.433333333333334,9.394205344927391,42.787523305564676,181.0
c1cc(ccc1C#N)C(=O)N,584,220,554,4.692632479653497,12.75950306165376,21.61770978855346,4.593939393939394,7.066172925281782,2276,15630,1168,3242,5896,22.39548675425008,53.375757575757575,110,4.795238095238094,10.13979516048461,1.181780045351474,100,468,2248,1.177777777777778,5.000000000000001,10.44333307430656,46.723760875702006,227.0
C1=CC=C2C(=C1)C3=CC=CC4=C3C2=CC=C4,1586,472,1530,6.597696876980431,20.232159879104206,37.63120422647571,6.5346907993966825,11.050750604612048,6232,76262,3172,11372,21312,38.37617836707317,115.76489441930624,236,6.661904761904763,15.743097252146466,1.2657615268329558,188,956,4988,1.688333333333333,7.900000000000003,17.265542631565854,84.2266926433956,108.0
BrCCCl,44,32,42,2.2996598285221186,4.161760458079524,5.919183588453085,2.2666666666666666,2.6053509629275577,172,306,88,124,228,6.082482904638631,7.800000000000001,16,2.333333333333333,3.723614639131598,0.9444444444444444,20,68,236,0.5694444444444444,1.833333333333333,3.309401076758503,10.928203230275509,-17.0
CCSCCCC,140,80,136,3.787693700234704,7.85990576500098,11.878156862896233,3.7428571428571424,4.714925836409837,552,1744,280,508,968,12.123934788966011,19.657142857142855,40,3.8333333333333335,6.723614639131599,1.3194444444444444,44,164,620,0.9444444444444444,3.3333333333333335,6.309401076758503,22.92820323027551,-95.0
FC(F)(F)CN2C(=O)CN=C(c1ccccc1)c3cc(Cl)ccc23,1830,596,1770,9.662680411847733,28.500946361279592,51.50181475150844,9.564085914085913,15.668024044629394,7200,73558,3660,11944,22488,52.512291553935164,146.33662448662454,298,9.764285714285714,22.325463357363176,1.9731519274376423,256,1288,6616,2.2933333333333334,10.799999999999995,23.63210577756534,115.05950837339303,164.0
CCS,16,16,16,2.0,2.8284271247461903,4.0,2.0,2.0,64,64,32,32,64,4.0,4.0,8,2.0,2.82842712474619,1.0,12,36,108,0.4444444444444444,1.3333333333333333,2.309401076758503,6.928203230275509,-148.0
Nc1cc(Cl)c(O)cc1,490,184,466,3.6561702310832747,10.321166358513182,17.69116462128771,3.582828282828283,5.6660970952775385,1912,13030,980,2684,4936,18.324863893467793,44.65909090909091,92,3.7333333333333343,8.12853229977949,0.8355555555555558,84,400,1944,0.8755555555555556,3.9333333333333336,8.39420534492739,38.787523305564676,151.5
c1ccc(cc1)CCCCCC(=O)O,566,248,556,6.486213630889376,16.68338351116858,27.872208347225854,6.455988455988456,9.482686417583013,2244,12024,1132,2662,5140,28.12870591563327,61.443001443001435,124,6.5166666666666675,13.457154173770508,1.5630555555555556,120,520,2280,1.57,6.6000000000000005,13.577708763999665,57.88854381999832,18.0
c1cc(c(c(c1)O)[N+](=O)[O-])O,702,236,638,4.442801985862634,12.576991614083786,21.438701537843958,4.324098124098124,6.854243650164309,2680,23110,1404,4594,7668,22.584857054583143,56.12655122655123,118,4.566666666666667,9.88938598804139,1.0531481481481484,104,508,2564,1.0766666666666667,4.800000000000001,10.238344124783012,47.64121036669823,83.0
c1cccc5c1cc4c2c5cccc2c3ccccc34,2074,608,2010,8.17413196259331,25.329301608400694,47.58652926894087,8.104417151475978,13.825899022451269,8168,102554,4148,15004,28364,48.42207613149425,149.46634346046116,304,8.245238095238097,19.680914176633824,1.5400670823885114,240,1232,6480,2.0844444444444443,9.866666666666667,21.687390175421136,106.96892352452743,164.0
CCNC(=O)NCC,228,108,214,3.982186500338419,8.885902016745197,13.728658607764213,3.9,5.175085789626827,884,3994,456,1026,1840,14.279256258570495,26.049999999999997,54,4.066666666666667,7.431460076820931,1.3355555555555558,56,232,992,0.9794444444444446,3.6333333333333337,7.098255458758336,27.87247514027467,110.0
II,2,4,2,2.0,0.0,2.0,2.0,1.4142135623730951,8,2,4,2,4,2.0,1.0,2,2.0,2.0,2.0,4,8,16,0.5,1.0,1.4142135623730951,2.8284271247461903,113.5
CCCCCCCCCCCCCCCCCCCCCCCCCCCCCCCCCCCCCCCC,1196,608,1192,20.2876937002347,48.27648652092341,77.87815686289625,20.24285714285714,28.049449615565873,4776,18640,2392,4732,9416,78.12393478896603,151.65714285714284,304,20.33333333333333,39.72361463913159,5.444444444444444,308,1220,4844,5.069444444444444,19.83333333333333,39.3094010767585,154.92820323027547,81.0
CC1CCC(C)(C)C1,480,172,462,3.078044467241083,8.947798258212138,15.813494307899784,3.0379953379953384,4.916896801047583,1884,14374,960,2762,5156,16.190703827657163,42.09941724941724,86,3.1190476190476186,7.018836935491048,0.6435941043083901,80,408,2120,0.6811111111111112,3.266666666666667,7.210701925855117,35.68650279113103,-142.0
Oc1ccc(O)cc1,368,152,360,3.432795558988645,9.31804722752556,15.872983346207418,3.4000000000000004,5.208946754575151,1456,8400,736,1804,3480,16.131182235954576,37.5,76,3.4666666666666677,7.415690875378665,0.7822222222222224,72,328,1512,0.8200000000000001,3.6000000000000005,7.577708763999665,33.88854381999832,175.0
c1ccc(cc1)C(c2ccccc2)(c3ccccc3)c4ccccc4,2128,640,1984,10.924027473062088,31.11825902459107,55.30743119004132,10.817094017094012,17.21664353462738,8224,109824,4256,16592,28608,56.708499080151306,155.18632478632483,320,11.033333333333331,24.552758753497855,2.3552777777777782,264,1304,6792,2.8032653061224493,12.34285714285714,26.17913331207314,120.94309812851333,283.0
CC(CBr)Br,102,56,96,2.3618073195657994,5.220947331236295,7.844591357607276,2.3095238095238093,3.035461254151183,396,1216,204,382,688,8.162772227887023,13.523809523809524,28,2.4166666666666665,4.361807319565799,0.7847222222222223,32,132,560,0.5522222222222222,2.0666666666666664,4.049127729379167,15.936237570137333,-55.0
CCN(CC)CCCC(C)Nc1ccnc2cc(Cl)ccc12,1342,480,1290,9.4918922527725,26.242174320510564,45.358341738802814,9.325097125097123,14.536815804573758,5264,43510,2684,7938,14816,46.664125308775645,117.25167055167059,240,9.665476190476193,20.804943862833806,2.305990646258504,212,1004,4868,2.3905555555555558,10.299999999999999,21.675520530612943,98.39179366140311,87.0
c1ccc2CCCCc2c1,622,228,602,4.426815475279745,12.448276758472447,21.83857029746541,4.396825396825397,6.924803789623114,2448,18826,1244,3570,6684,22.163325564393,56.1111111111111,114,4.457142857142858,9.845495602055028,0.9424489795918369,100,464,2200,1.1255555555555556,4.9333333333333345,10.394205344927391,46.787523305564676,-31.0
CCOCCOCCOCC,268,144,264,5.787693700234704,12.758885250567337,19.878156862896233,5.742857142857144,7.543352961156028,1064,3792,536,1020,1992,20.12393478896601,35.657142857142865,72,5.833333333333332,10.723614639131599,1.8194444444444446,76,292,1132,1.4444444444444446,5.333333333333332,10.309401076758505,38.9282032302755,-44.0
C1CC2=CC=CC3=C2C1=CC=C3,1048,332,1008,4.973153539366728,15.106931607022544,27.735563936093822,4.927777777777778,8.263223813838097,4112,42964,2096,7030,13028,28.267497555237522,81.4027777777778,166,5.019047619047619,11.76824340308254,0.9507105064247925,136,676,3436,1.271666666666667,5.9,12.816052888782677,61.529754186696536,95.0
CC1CCCC1CC,432,160,402,3.4627197394724236,9.349780737663618,15.628469944354205,3.368298368298368,5.154592424653636,1668,11722,864,2468,4348,16.388997453210898,38.3958818958819,80,3.5619047619047617,7.4319497227952755,0.9156689342403629,72,336,1620,0.8927777777777779,3.7000000000000006,7.654478692306727,33.779488965702846,-105.9
Sc1nc2ccccc2s1,686,240,668,4.220172803179927,12.22187659550627,21.82736172578931,4.183927183927184,6.752215688672042,2708,22920,1372,4080,7772,22.175773087559392,59.13772338772338,120,4.257142857142858,9.608625437600148,0.8746712018140592,104,500,2444,1.0355555555555556,4.733333333333334,10.183059726927222,47.73179521556382,179.0
C1=CC=C(C(=C1)C(C2=CC=C(C=C2)Cl)C(Cl)(Cl)Cl)Cl,1396,452,1318,7.574000448105456,22.16157496468674,39.43011181771422,7.46455929691224,12.144823965057373,5428,55974,2792,9454,16884,40.58676199974568,109.795273027626,226,7.686904761904765,17.363879392983687,1.5922661564625853,196,988,5128,1.8024829931972797,8.385714285714288,18.255263407800875,88.23766467382443,75.0
CC(C)CCCl,138,72,130,2.934808494301258,6.444329480531982,9.842672721773212,2.8873015873015873,3.7800585308900394,536,1898,276,558,996,10.160745634373795,17.4515873015873,36,2.9833333333333334,5.4109350489449675,0.9619444444444445,40,164,688,0.6772222222222222,2.566666666666667,5.049127729379167,19.936237570137337,-104.0
O=[N+]([O-])c1ccccc1Cl,566,204,524,4.184906309078192,11.561280853041422,19.597072460804778,4.098068598068598,6.368265908990476,2180,16468,1132,3396,5864,20.41742788358204,49.00826950826951,102,4.2749999999999995,9.147951019239995,0.9935416666666668,92,436,2132,1.0211111111111113,4.466666666666668,9.421847543855284,42.74223088113187,32.0
CC(C)(C)OC,202,88,190,2.3740963185335495,6.095232282131342,9.769863745809943,2.3047619047619046,3.3883844780521306,784,3850,404,950,1720,10.250977901367298,21.190476190476186,44,2.45,4.890388354186294,0.6775,48,240,1236,0.5177777777777778,2.2,4.654478692306725,21.779488965702853,-109.0
CC(=O)N1CCOCC1,436,172,414,3.941407855662781,10.55287868710682,17.76429508930666,3.8888888888888893,5.893811265648401,1700,10874,872,2342,4232,18.241215229499517,41.888888888888886,86,3.9952380952380953,8.41908912590664,0.9384467120181407,80,364,1700,0.9655555555555555,4.133333333333333,8.605350962927558,37.84325139556552,10.0
COc1ccccc1,340,144,328,3.740079005990548,9.575725986796034,15.80387861924605,3.6828282828282832,5.402544386978885,1336,7504,680,1668,3128,16.204116243749795,35.26464646464646,72,3.8000000000000007,7.720706034577969,0.9933333333333334,68,296,1316,0.9622222222222221,3.8666666666666667,7.837982111378999,32.880509480136496,-37.0
CCCCCCCCCCCCCCCCCCCCCCCCCCCCCCCC,940,480,936,16.287693700234705,38.47852754979067,61.878156862896226,16.242857142857144,22.392595366073504,3752,14544,1880,3708,7368,62.12393478896601,119.65714285714284,240,16.333333333333336,31.723614639131597,4.444444444444444,244,964,3820,4.069444444444445,15.833333333333334,31.309401076758505,122.92820323027551,70.0
c1c(cncc1Cl)Cl,372,152,360,3.457519493328782,9.349885971192167,15.831652088062798,3.4161616161616166,5.218503338084835,1464,8600,744,1864,3520,16.172736683825416,37.2979797979798,76,3.500000000000001,7.44333307430656,0.8027777777777778,72,328,1512,0.8200000000000001,3.6000000000000005,7.577708763999665,33.88854381999832,65.0
c1cc(oc1C=O)[N+](=O)[O-],556,204,530,4.231362439349496,11.541267313923033,19.648038864307615,4.1379953379953385,6.385394900317808,2172,16250,1112,3174,5852,20.364744048223223,49.549417249417246,102,4.328571428571429,9.167437359412503,1.0773356009070296,92,436,2120,1.052777777777778,4.5,9.443333074306558,42.72376087570201,36.0
OC(c1ccccc1)c2ccccc2,842,308,806,6.148965541466016,17.121936619563147,29.67160057544775,6.082539682539683,9.505995367854736,3296,25534,1684,4882,8988,30.345504466752924,75.31111111111112,154,6.219047619047619,13.556739290272336,1.3647845804988665,136,632,3016,1.5561111111111112,6.766666666666667,14.210701925855117,63.68650279113102,66.0
Cc1cc(ccc1N)[N+](=O)[O-],646,232,610,4.392149742614482,12.520884024409439,21.574065153245197,4.2935508935508935,6.847126389879365,2512,18858,1292,3740,6788,22.444822939463553,56.082750582750585,116,4.495238095238095,9.839775987996799,1.0078911564625852,104,504,2504,1.0561111111111112,4.766666666666667,10.210701925855115,47.68650279113103,132.0
CC(=C)C=C,102,56,96,2.3618073195657994,5.220947331236296,7.844591357607276,2.3095238095238093,3.035461254151183,396,1216,204,382,688,8.162772227887023,13.523809523809524,28,2.4166666666666665,4.3618073195657985,0.7847222222222222,32,132,560,0.5522222222222222,2.0666666666666664,4.049127729379167,15.936237570137333,-146.0
C(CCO)CCO,140,80,136,3.787693700234704,7.85990576500098,11.878156862896233,3.742857142857142,4.7149258364098365,552,1744,280,508,968,12.123934788966011,19.657142857142855,40,3.8333333333333335,6.723614639131599,1.3194444444444444,44,164,620,0.9444444444444444,3.3333333333333335,6.309401076758503,22.92820323027551,-16.0
C(C(C(CO)O)O)O,306,124,272,3.5068525182162182,8.686359012743447,13.461655921109589,3.355555555555556,4.808587828445763,1156,6448,612,1622,2664,14.567764278877199,28.933333333333326,62,3.666666666666667,7.018403843535527,1.138888888888889,60,272,1296,0.9100000000000001,3.466666666666667,6.9147520396860624,28.771454625841027,122.0
c1cc(sc1)[N+](=O)[O-],404,156,382,3.4414078556627796,9.328133815715232,15.764295089306664,3.388888888888889,5.186704484461854,1572,10362,808,2214,3976,16.241215229499517,37.888888888888886,78,3.4952380952380957,7.419089125906641,0.8134467120181408,72,332,1572,0.8405555555555556,3.6333333333333333,7.605350962927558,33.84325139556552,44.0
c1cc(oc1C(=O)O)[N+](=O)[O-],652,232,618,4.435051325391282,12.51426023964331,21.622221191978138,4.348717948717948,6.879684125988829,2540,19906,1304,3848,7004,22.38773241631731,56.25641025641025,116,4.523809523809525,9.865820450741175,1.022448979591837,104,504,2504,1.056111111111111,4.766666666666666,10.210701925855115,47.68650279113103,187.0
c1ccc2c(c1)c3ccccc3s2,1078,348,1044,5.499169201489537,16.32778903379155,29.765800486672514,5.4585470085470105,8.987177111308576,4244,43316,2156,7074,13304,30.23835182761577,85.60854700854702,174,5.540476190476193,12.783312526542398,1.0917545351473923,144,708,3564,1.396666666666667,6.400000000000001,13.816052888782677,65.52975418669654,99.0
CC(C)(C)c1ccc(cc1)O,668,236,630,4.262273317514402,12.352113775139316,21.68678773628907,4.201098901098902,6.778218381697586,2596,19914,1336,3994,7104,22.321002375317825,57.314835164835166,118,4.325000000000001,9.690353153324441,0.8965972222222225,108,544,2820,0.9758163265306123,4.585714285714286,10.016919283017867,48.59645430712622,99.0
C=CCCC=C,108,64,104,3.287693700234704,6.635160893609391,9.878156862896235,3.2428571428571424,4.007819055223289,424,1232,216,380,712,10.123934788966011,15.657142857142855,32,3.3333333333333335,5.723614639131599,1.1944444444444444,36,132,492,0.8194444444444444,2.8333333333333335,5.309401076758503,18.92820323027551,-141.0
B(c1ccccc1)(c2ccccc2)OCCN,982,360,948,7.832911885024457,20.772504221862683,35.702382943114294,7.768009768009769,11.709013427070275,3860,31952,1964,5802,10812,36.30215324642163,88.47130647130649,180,7.898809523809524,16.662390284400566,1.9165462018140595,160,732,3448,1.9833333333333338,8.333333333333334,17.259829655234284,75.62274036126836,189.0
CC(C)C=O,102,56,96,2.3618073195657994,5.220947331236296,7.844591357607276,2.3095238095238093,3.035461254151183,396,1216,204,382,688,8.162772227887023,13.523809523809524,28,2.4166666666666665,4.3618073195657985,0.7847222222222222,32,132,560,0.5522222222222222,2.0666666666666664,4.049127729379167,15.936237570137333,-65.0
Cc1c(c(c(c(c1C)C)Br)C)C,936,288,840,4.332900397117624,13.345020709845132,22.998181667894023,4.114285714285715,7.001868095151148,3552,34104,1872,6336,10752,25.093073414159537,67.2,144,4.57142857142857,10.267462129303844,1.0340136054421774,120,624,3360,1.0833333333333335,4.999999999999999,10.898979485566358,53.39387691339814,162.0
Nc1ccccc1O,398,156,376,3.4008663092555342,9.330597825890854,15.72990490818363,3.3383838383838382,5.157169095353894,1548,9600,796,2106,3808,16.284195134990124,37.79797979797979,78,3.466666666666667,7.393044663162263,0.798888888888889,72,332,1572,0.8405555555555556,3.6333333333333333,7.605350962927559,33.84325139556552,176.0
c1ccc2c(c1)CCCC2=O,752,260,716,4.673694820767864,13.450795836935237,23.69290784796743,4.612598512598512,7.403783801599058,2936,25140,1504,4624,8424,24.316887265057705,63.37664557664557,130,4.736904761904763,10.574357495388384,0.9975439342403629,112,536,2632,1.1811111111111112,5.266666666666668,11.210701925855119,51.686502791131026,7.0
c1cc(ccc1C(=O)Cl)F,524,200,500,4.163378444157187,11.527351494745051,19.72555480241075,4.1,6.383193279263225,2048,13700,1048,2860,5240,20.28188398797719,48.74999999999999,100,4.228571428571429,9.126934563595972,0.954557823129252,92,432,2072,1.0005555555555556,4.433333333333334,9.394205344927391,42.787523305564676,10.0
CCOc1ccc(cc1)CC(=O)O,626,248,610,5.854918380949052,15.209873890529382,25.773240490639328,5.794372294372295,8.603222175291661,2472,16342,1252,3286,6280,26.23110612787135,61.07987012987013,124,5.916666666666667,12.254630136655537,1.5041666666666669,116,528,2444,1.4072222222222224,5.966666666666669,12.415690875378665,54.7690533001348,89.0
CN(C)c1ccc(C=O)cc1,584,220,554,4.692632479653498,12.75950306165376,21.61770978855346,4.5939393939393955,7.066172925281781,2276,15630,1168,3242,5896,22.395486754250072,53.375757575757575,110,4.795238095238095,10.13979516048461,1.1817800453514742,100,468,2248,1.177777777777778,5.000000000000001,10.44333307430656,46.723760875702,74.0
CC(C)=C/C(C)C,204,96,192,3.12589765768623,7.473378871701724,11.83713013733938,3.0857142857142854,4.28862684814117,792,3456,408,924,1632,12.16538667329339,23.314285714285717,48,3.166666666666667,6.12589765768623,0.875,52,228,1012,0.6599999999999999,2.8,5.7888543819998315,24.94427190999916,-128.0
c1ccc(cc1)Nc2ccc(cc2)Nc3ccccc3,1168,448,1156,8.843374688694052,24.8745161454835,43.88421104742227,8.82020202020202,13.893587445482925,4648,32516,2336,6224,12200,44.11637307248411,111.41414141414147,224,8.866666666666669,19.687390175421136,1.8344444444444443,200,920,4280,2.210000000000001,9.800000000000002,20.733126291998996,93.6656314599949,147.0
Cc1cc(N)c(N)cc1,490,184,466,3.6561702310832747,10.321166358513182,17.69116462128771,3.582828282828283,5.6660970952775385,1912,13030,980,2684,4936,18.324863893467793,44.65909090909091,92,3.7333333333333343,8.12853229977949,0.8355555555555558,84,400,1944,0.8755555555555556,3.9333333333333336,8.39420534492739,38.787523305564676,89.5
c1c(cc(c(c1C(=O)O)O)Cl)Cl,786,264,732,4.701434558867797,13.557327495501461,23.426688488505008,4.572816072816073,7.364158845530296,3036,26680,1572,4962,8804,24.603513973346175,63.29828504828506,132,4.836904761904762,10.622324543002422,1.0980994897959186,116,576,2936,1.1116666666666668,5.1,11.027198506782842,52.585482276697384,224.0
c1ccc2cc(ccc2c1)OCCO,842,308,822,6.307623804603471,17.076365238667055,29.795516997451504,6.258774558774558,9.59458758535823,3328,26394,1684,4834,9232,30.20703720565617,76.03253413253412,154,6.357142857142857,13.64297156494006,1.5085600907029484,136,632,3004,1.5877777777777782,6.800000000000002,14.232187456306393,63.66803278570116,74.0
c1ccc(cc1)Nc2ccccc2C(=O)O,972,352,934,6.931665193423722,19.33572275928703,33.660569353041126,6.861460761460763,10.74344485745972,3812,30478,1944,5714,10564,34.347393076742755,86.25609945609946,176,7.003571428571429,15.309845132005607,1.5342106009070298,156,732,3516,1.7161111111111111,7.566666666666668,15.99955630785495,72.63077470113018,187.0
ON=C1/CCCCC1,340,144,328,3.740079005990548,9.575725986796034,15.80387861924605,3.6828282828282832,5.402544386978885,1336,7504,680,1668,3128,16.204116243749795,35.26464646464646,72,3.8000000000000007,7.720706034577969,0.9933333333333334,68,296,1316,0.9622222222222221,3.8666666666666667,7.837982111378999,32.880509480136496,90.0
c1ccc(c(c1)C(=O)O)C(F)(F)F,884,288,818,5.090433337785221,14.609691475333438,25.491783015335674,4.9919485743015155,7.9974121788363,3404,33118,1768,5964,10304,26.522497355312037,69.19574086044676,144,5.191666666666668,11.478849040514234,1.1347453703703705,128,652,3440,1.1769274376417236,5.452380952380953,11.861058062873488,57.45014136825978,109.0
Nc1ccccc1C(=O)OCC,662,240,618,5.294005371550714,14.004438747111994,23.53097867159911,5.184171384171385,7.80509796222566,2560,19946,1324,3954,6972,24.487960068723563,57.816111666111674,120,5.408333333333333,11.2099393455078,1.3979861111111114,108,504,2436,1.3233333333333337,5.533333333333332,11.470975273234453,50.6784684512692,13.0
COc1ccc(c(c1)OC)[N+](=O)[O-],784,272,734,5.540027063708559,15.012526168024149,25.401371179985603,5.383682983682983,8.276011803966588,3036,25718,1568,4846,8644,26.623548843198815,65.41468531468533,136,5.703571428571428,11.935204312378872,1.4992106009070298,120,576,2856,1.4105555555555556,5.9,12.308957384613453,55.558977931405686,74.0
Clc2c(Cc1c(O)c(Cl)cc(Cl)c1Cl)c(O)c(Cl)cc2Cl,1692,528,1576,7.845516574921457,24.09158090043437,42.79206538834105,7.579975579975584,12.859326742087777,6536,64904,3384,11292,20208,45.29706032340716,126.22710622710619,264,8.130952380952385,18.62416540153691,1.727536848072562,220,1132,5980,1.9244444444444442,9.066666666666666,19.8985357934213,98.02465161452827,164.0
C/C(C)=C(/C)CC,246,104,220,2.984703523100198,7.441400472822028,11.59552969769009,2.8747474747474753,4.132855031156692,932,4628,492,1240,2040,12.423380419578786,24.421212121212115,52,3.1,6.005543246646889,0.9116666666666666,52,236,1120,0.7327777777777778,2.9000000000000004,5.865624310306895,24.835217055703694,-118.0
O=Cc1c(Cl)cccc1Cl,594,208,544,4.205543416891649,11.584007952232794,19.460114348955035,4.076479076479076,6.33560386274477,2276,17888,1188,3650,6240,20.568287706436795,49.51226551226551,104,4.341666666666667,9.160811616128633,1.095763888888889,92,440,2180,1.0733333333333333,4.533333333333334,9.470975273234453,42.678468451269204,70.5
c1ccc(cc1)P(=O)(c2ccccc2)c3ccccc3,1580,496,1472,8.567696328367548,24.519344745100067,43.37166175566131,8.465201465201465,13.519577910668607,6104,68672,3160,11324,19696,44.65862785452284,119.97069597069603,248,8.675,19.31345472540631,1.8481250000000002,208,1028,5344,2.182448979591837,9.657142857142858,20.528777175054774,95.17945955138458,156.0
c1c(cc(cc1C(=O)Cl)C(=O)Cl)C(=O)Cl,936,324,894,5.964211982185258,16.93779707598311,29.49947418801331,5.846153846153846,9.302892672039537,3660,31218,1872,5670,10512,30.51431863895223,78.76923076923077,162,6.085714285714286,13.340193974503604,1.3770068027210889,144,708,3564,1.3966666666666665,6.4,13.816052888782675,65.52975418669655,36.0
c1ccc(cc1)C(c2ccccc2)C(=O)Cl,1022,356,970,6.975991776233047,19.356258952932308,33.596810305269535,6.896825396825397,10.753230914369304,3984,35874,2044,6442,11596,34.41312562477915,86.78968253968254,178,7.057142857142858,15.341836926934155,1.5717082388510966,156,736,3576,1.7366666666666668,7.6000000000000005,16.027198506782845,72.58548227669738,53.0
Cc1c(=O)[nH]c(=O)[nH]n1,490,184,466,3.6561702310832747,10.321166358513182,17.691164621287715,3.582828282828283,5.666097095277539,1912,13030,980,2684,4936,18.324863893467793,44.65909090909091,92,3.7333333333333347,8.12853229977949,0.8355555555555558,84,400,1944,0.8755555555555556,3.933333333333334,8.394205344927391,38.787523305564676,213.0
CCOC(=O)C(c1ccccc1)(c2ccccc2)O,1420,444,1302,8.163644372236298,22.619794695296246,39.186531939195845,8.007333189686133,12.487637125203117,5444,60502,2840,10272,17444,40.85955367692796,106.30385333620633,222,8.32857142857143,17.93141837040968,1.990807823129252,188,932,4892,2.074671201814059,8.923809523809524,18.78905052243411,86.17142521152276,30.0
COc1ccc(cc1)C(=O)O,584,220,554,4.692632479653498,12.75950306165376,21.617709788553462,4.593939393939394,7.066172925281783,2276,15630,1168,3242,5896,22.395486754250076,53.375757575757575,110,4.795238095238096,10.13979516048461,1.1817800453514744,100,468,2248,1.1777777777777778,5.000000000000001,10.443333074306558,46.723760875702006,183.5
O=C(O)CCCc1ccc(OC)cc1,650,264,632,6.237438254880093,16.440518142932344,27.725623046472638,6.161038961038961,9.240834514843295,2564,15756,1300,3306,6292,28.28297744038382,64.92987012987012,132,6.316666666666668,13.177860208348477,1.5563888888888893,124,560,2572,1.5322222222222228,6.466666666666668,13.415690875378667,58.769053300134786,59.0
COc1ccc(CO)cc1,488,192,468,4.491303629981266,11.782350361342974,19.657293318492844,4.387878787878788,6.574906046612265,1912,12260,976,2568,4792,20.358387768500354,46.75151515151515,96,4.6000000000000005,9.44141206915594,1.2366666666666668,88,400,1864,1.1744444444444446,4.733333333333334,9.675964222758001,41.76101896027298,26.0
CC=CC,44,32,42,2.2996598285221186,4.161760458079524,5.919183588453085,2.2666666666666666,2.6053509629275577,172,306,88,124,228,6.082482904638631,7.800000000000001,16,2.333333333333333,3.723614639131598,0.9444444444444444,20,68,236,0.5694444444444444,1.833333333333333,3.309401076758503,10.928203230275509,-105.0
C1CCN(CC1)CCO,376,160,366,4.322766666432297,10.781381627494468,17.846470600113506,4.27979797979798,6.158148935359475,1484,8546,752,1844,3512,18.156703062353046,39.40252525252525,80,4.366666666666667,8.769833763957138,1.1705555555555556,76,328,1444,1.0872222222222223,4.366666666666666,8.837982111379,36.88050948013649,16.0
CCCCS(=O)(=O)CCCC,428,176,408,5.087353528756823,12.137403282513729,19.716524039802405,5.009523809523811,6.985234940550697,1672,10512,856,2236,4104,20.288900598243274,42.857142857142854,88,5.166666666666665,9.989600962842504,1.541666666666667,88,408,1984,1.2155555555555557,4.8,9.73124862061379,41.670434111407374,44.0
O=C(O)CCCCCCCC=CCCCCCC,522,264,516,8.94297457949652,21.125822407127835,33.873283665890895,8.903174603174604,12.273721955440633,2076,8168,1044,2094,4100,34.128341638310005,65.57460317460318,132,8.983333333333334,17.410935048944964,2.4619444444444443,136,548,2224,2.1772222222222224,8.566666666666668,17.04912772937917,67.93623757013734,0.5
COc1cc(cc(OC)c1C=O)OC,882,296,824,6.164560302161664,16.27987420765131,27.215297088069864,5.942657342657342,8.978733993063617,3412,31632,1764,5650,10136,28.826258100919787,70.83822843822844,148,6.398809523809524,13.014612167828414,1.8637684240362815,128,616,3080,1.6400000000000003,6.533333333333334,13.407212843371791,59.431453071680366,120.0
Clc1cc(Cl)c(N)cc1,490,184,466,3.6561702310832747,10.321166358513182,17.69116462128771,3.582828282828283,5.6660970952775385,1912,13030,980,2684,4936,18.324863893467793,44.65909090909091,92,3.7333333333333343,8.12853229977949,0.8355555555555558,84,400,1944,0.8755555555555556,3.9333333333333336,8.39420534492739,38.787523305564676,61.0
Cc1ccc(c(c1)C)O,490,184,466,3.656170231083273,10.32116635851318,17.69116462128771,3.5828282828282827,5.6660970952775385,1912,13030,980,2684,4936,18.324863893467796,44.65909090909091,92,3.7333333333333325,8.128532299779488,0.8355555555555556,84,400,1944,0.8755555555555556,3.9333333333333336,8.394205344927391,38.787523305564676,22.0
CC(C)c1cc(c(cc1C(C)C)C(C)C)C(C)C,1284,408,1200,7.050793838401185,20.185352598606382,35.193948020284274,6.873626373626373,11.013744969692688,4968,51216,2568,8724,15552,36.82955462891088,98.04395604395607,204,7.2333333333333325,15.860999148491246,1.6675000000000006,176,888,4616,1.6533333333333333,7.600000000000001,16.476688249566024,79.28242073339645,119.0
CC34CCC1C(CCC2=CC(=O)CCC12C)C3CCC4O,2306,640,2150,7.718281099085444,25.044935866764362,47.00689893461625,7.545814642873468,13.376533833141623,8912,114174,4612,17660,31228,49.04880322339819,153.93263550175317,320,7.900793650793651,19.234274642915796,1.4417028848576476,252,1372,7740,1.9354875283446715,9.476190476190478,21.23397401778388,109.48328798077787,153.0
C(C(=O)CCl)Cl,156,76,142,2.8250385328673335,6.4597701020533895,9.682959799431586,2.7222222222222228,3.6734332763753335,596,2306,312,674,1152,10.333154164596193,17.97222222222222,38,2.933333333333333,5.333204618062595,0.9811111111111112,40,168,736,0.7294444444444446,2.6333333333333333,5.098255458758334,19.87247514027467,44.0
c1cc(ccc1C=O)I,428,172,414,3.9620495944849554,10.550198794434266,17.76513833235013,3.893939393939394,5.891926400593708,1684,10330,856,2186,4136,18.244785002227466,42.125757575757575,86,4.033333333333332,8.428551472267301,1.0094444444444444,80,364,1688,0.9972222222222225,4.166666666666668,8.626836493378834,37.82478139013565,77.0
O=[N+]([O-])c1cccc(N)c1,528,200,504,4.193499004859991,11.549603637088424,19.71455262002028,4.126884226884227,6.39953263268666,2064,14428,1056,2920,5372,20.292695729821173,48.72163947163947,100,4.261904761904763,9.154576762523867,0.9751133786848074,92,432,2072,1.0005555555555556,4.433333333333334,9.394205344927393,42.78752330556466,114.0
c1ccc(cc1)c2cc(=O)c3c(cc(cc3o2)O)O,1486,484,1426,7.743169280568328,23.0017326618354,41.49024308596624,7.6382006882006905,12.589552293010279,5824,56570,2972,9638,17844,42.52859430104758,118.33580031080032,242,7.852380952380954,17.979702299645716,1.5979327286470142,204,1012,5124,1.8972222222222221,8.833333333333336,19.21025823371006,92.31727749226117,287.0
c1ccc2cnccc2c1,622,228,602,4.426815475279745,12.448276758472447,21.83857029746541,4.396825396825397,6.924803789623114,2448,18826,1244,3570,6684,22.163325564393,56.1111111111111,114,4.457142857142858,9.845495602055028,0.9424489795918369,100,464,2200,1.1255555555555556,4.9333333333333345,10.394205344927391,46.787523305564676,26.0
c1ccc2c(c1)ccc3c2nccc3,1106,364,1066,5.958079205423985,17.55018455611279,31.721705553308446,5.90982905982906,9.664932789271043,4344,42410,2212,7142,13300,32.28320515129826,89.35213675213677,182,6.007142857142858,13.755670327614501,1.196198979591837,152,740,3692,1.521666666666667,6.900000000000002,14.816052888782677,69.52975418669655,50.0
Brc1c(O)c(Br)c(Br)c(Br)c1Br,936,288,840,4.332900397117624,13.345020709845134,22.99818166789402,4.114285714285715,7.001868095151149,3552,34104,1872,6336,10752,25.093073414159537,67.2,144,4.571428571428571,10.267462129303842,1.0340136054421771,120,624,3360,1.0833333333333335,5.0,10.898979485566358,53.39387691339814,230.0
CCN(CC)CCNc2ccc(CO)c3sc1ccccc1c(=O)c23,1908,612,1816,10.613414956551743,30.142669342907272,53.03493287529034,10.374776857129795,16.546719238671592,7448,78096,3816,12774,23496,55.00968722041035,148.54968136438725,306,10.864285714285716,23.76336923073844,2.6056849962207105,256,1260,6400,2.7549999999999994,11.899999999999997,25.201780201703187,116.97967726380669,101.0
CCCCCC1CCCCC1,440,192,432,5.33093275162756,13.215425840174431,21.877081544231185,5.295670995670996,7.580744548044595,1744,9696,880,2100,4056,22.124299066289264,47.52554112554112,96,5.366666666666667,10.769833763957138,1.4205555555555558,92,392,1700,1.3372222222222225,5.366666666666668,10.837982111379,44.880509480136496,-58.0
c1cc2c3c(c1)CCCN3CCC2,1080,348,1038,5.467580730366644,16.341992670363908,29.710795896093458,5.416666666666668,8.964101615137755,4236,43314,2160,7158,13248,30.292419914737142,85.29166666666669,174,5.519047619047621,12.768243403082542,1.0757105064247925,144,708,3564,1.3966666666666667,6.400000000000002,13.816052888782677,65.52975418669654,35.0
Cc1ccc2cccc(c2n1)[N+](=O)[O-],1012,336,966,5.723284213476721,16.654098010241793,29.58754984575688,5.636957486957488,9.137608624264733,3956,37622,2024,6492,11932,30.422898395039752,81.89160284160286,168,5.811904761904763,13.064751488083338,1.2288633786848076,144,708,3564,1.3966666666666665,6.400000000000002,13.816052888782677,65.52975418669655,138.0
C1CC1CCl,175,82,168,2.5487475676864215,6.1886063036244545,9.848466023163564,2.5000000000000004,3.523603362114274,686,3040,350,767,1432,10.158703882809073,19.999999999999996,41,2.5999999999999996,5.048747567686421,0.7449999999999999,38,150,614,0.7744444444444445,2.7333333333333334,5.20382826775842,19.40033918527509,-91.0
CCCCCCCCCCCCN(C)C,426,216,420,7.4429745794965205,17.451587792953074,27.873283665890902,7.4031746031746035,10.152401611880995,1692,6632,852,1710,3332,28.12834163831002,53.574603174603176,108,7.4833333333333325,14.410935048944967,2.0869444444444447,112,452,1840,1.8022222222222224,7.066666666666666,14.049127729379169,55.93623757013732,-20.0
Clc1c2COC(=O)c2c(Cl)c(Cl)c1Cl,1276,376,1178,5.182771982132111,16.230391941965,29.091467285406342,4.991543423896367,8.60810147275166,4908,55242,2552,9122,16084,30.97881297903465,89.42064651035237,188,5.389285714285715,12.496584447230097,1.1276988851096,152,796,4292,1.2988888888888885,6.133333333333334,13.504330448493915,67.23712830896365,208.0
C1CCCc2nnnn2C1,622,228,602,4.426815475279746,12.448276758472447,21.83857029746541,4.396825396825397,6.924803789623113,2448,18826,1244,3570,6684,22.163325564392995,56.1111111111111,114,4.457142857142858,9.845495602055028,0.942448979591837,100,464,2200,1.1255555555555556,4.9333333333333345,10.394205344927391,46.787523305564676,57.5
CC(C)C(=O)OC(=O)C(C)C,492,192,456,4.405363569566241,11.853157850918285,19.50063964059884,4.282828282828282,6.522506374769829,1896,11880,984,2640,4656,20.521637247399664,45.90909090909091,96,4.533333333333333,9.41336951184841,1.128888888888889,92,436,2132,1.0211111111111113,4.466666666666667,9.421847543855286,42.742230881131874,-56.0
OCCOc1ccccc1,408,176,400,4.830932751627559,11.990680968782844,19.87708154423119,4.795670995670996,6.873637766858047,1616,9184,816,1972,3800,20.124299066289264,43.52554112554112,88,4.866666666666667,9.769833763957138,1.2955555555555558,84,360,1572,1.2122222222222225,4.866666666666667,9.837982111379,40.880509480136496,12.0
CCCCCCCCCCCCCCCC(=O)OC(C)C,678,324,664,10.185555425624859,24.589034017863334,39.773469544149194,10.122366522366525,14.18209582318339,2684,12020,1356,2928,5620,40.231029073042414,80.13470418470418,162,10.25,20.146422685562193,2.7486111111111113,164,680,2852,2.4622222222222225,9.866666666666664,19.837982111378995,80.88050948013647,12.0
C1=C(C=C(C=C1Br)Br)Br,468,180,450,3.7400835685036307,10.367403882264048,17.759785364878386,3.6818181818181817,5.739456478492807,1836,12150,936,2502,4680,18.246669619045523,43.97727272727273,90,3.8000000000000007,8.206462909851679,0.8600000000000001,84,396,1884,0.855,3.9000000000000004,8.366563145999496,38.83281572999748,122.0
C=CCNCC=C,140,80,136,3.787693700234704,7.85990576500098,11.878156862896233,3.7428571428571424,4.714925836409837,552,1744,280,508,968,12.123934788966011,19.657142857142855,40,3.8333333333333335,6.723614639131599,1.3194444444444444,44,164,620,0.9444444444444444,3.3333333333333335,6.309401076758503,22.92820323027551,-88.0
c1cnc(nc1)Cl,280,124,274,3.2108249704942384,8.343574419887327,13.911723633103335,3.188888888888889,4.719564740960329,1108,5574,560,1286,2472,14.090513477476907,30.638888888888886,62,3.2333333333333334,6.707845437689333,0.766111111111111,60,260,1140,0.7849999999999999,3.3,6.7888543819998315,28.94427190999916,66.0
O=C(CCl)c1ccccc1,496,192,468,4.465916887148356,11.79367745243773,19.644187170336075,4.374358974358975,6.572566409938979,1928,12980,992,2724,4904,20.371488471142296,46.483760683760686,96,4.561904761904763,9.431949722795277,1.165668934240363,88,400,1876,1.142777777777778,4.7,9.654478692306727,41.77948896570285,55.0
O=C(CCCCCCC)OCC,356,172,344,5.990352585533682,13.769435972208345,21.759269551881886,5.915873015873017,8.011894964685045,1400,6168,712,1538,2896,22.246852262506707,42.173015873015885,86,6.066666666666666,11.431460076820933,1.8355555555555558,88,360,1504,1.4794444444444446,5.633333333333333,11.098255458758336,43.87247514027466,-47.0
Clc1c(ccc(OCC(=O)O)c1Cl)C(=O)C(=C)CC,1226,412,1138,7.704889992713864,21.664526458103985,37.051753532927385,7.485225885225888,11.822362455968074,4728,42226,2452,7790,13772,39.011414990595455,98.58363858363855,206,7.939285714285717,17.069895879606104,1.9242729591836736,180,884,4488,1.9,8.333333333333336,17.709319398017463,82.31967881796743,122.5
O=S(=O)(N)c1ccccc1,580,208,544,4.040302729019994,11.377640967501081,19.725528023184992,3.98998778998779,6.288836368082763,2248,17088,1160,3476,6096,20.280333616840156,50.45372405372405,104,4.091666666666667,8.982507715635109,0.8804861111111111,96,476,2448,0.9408163265306122,4.285714285714286,9.228064901018035,43.65218239712708,151.0
CC(C)Nc1ccc(cc1)Nc2ccccc2,930,360,916,7.448266249863699,20.550301141901205,35.844107374236586,7.4135642135642135,11.506958326346403,3692,25428,1860,4938,9600,36.15751196125998,89.27330447330452,180,7.483333333333336,16.32849146040897,1.6258333333333335,164,756,3524,1.8000000000000003,8.000000000000002,16.944271909999163,76.72135954999575,77.0
CC(C)C(C)C(C)C,342,132,302,3.1781503022320865,8.432160991265537,13.52305015913025,3.0666666666666664,4.615583195159118,1288,7582,684,1914,3060,14.501283796965954,30.866666666666667,66,3.295238095238096,6.7039263379755605,0.8567800453514742,64,304,1504,0.7361111111111112,3.1666666666666665,6.6329931618554525,29.797958971132715,-110.0
c1ccc(c(c1)c2ccc(cc2)C(F)(F)F)C(=O)O,1372,452,1292,7.515166231754392,22.129014862203917,39.37616622933114,7.3963980463980485,12.096053119885916,5328,48940,2744,8878,15848,40.63915702716313,109.5485958485959,226,7.6369047619047645,17.31177156710122,1.572682823129252,196,988,5128,1.8024829931972794,8.38571428571429,18.25526340780088,88.23766467382443,169.0
c1ccc(cc1)COc2ccccc2,708,288,698,6.379744612020499,17.33588485200652,29.900774265566525,6.35959595959596,9.745685458379693,2812,17298,1416,3564,6924,30.09974098411291,71.5050505050505,144,6.400000000000001,13.816052888782677,1.396666666666667,132,588,2652,1.6050000000000002,6.900000000000001,14.366563145999498,62.83281572999746,39.0
CCCC(=C)C,138,72,130,2.934808494301258,6.444329480531981,9.842672721773212,2.887301587301587,3.7800585308900394,536,1898,276,558,996,10.160745634373793,17.4515873015873,36,2.9833333333333334,5.4109350489449675,0.9619444444444445,40,164,688,0.6772222222222222,2.5666666666666664,5.049127729379167,19.936237570137333,-136.0
C#CC1(O)CCCCC1,506,184,474,3.7821916877104034,10.423108031468795,17.61055688241061,3.683782883782884,5.724826923254513,1960,14602,1012,2942,5252,18.41513917867007,44.304462204462205,92,3.8880952380952376,8.246385026078825,0.9602437641723357,84,412,2112,0.9688888888888889,4.066666666666667,8.498617472162346,38.6331760268364,33.0
c1cc(ccc1CCO)O,464,188,452,4.544737254926704,11.755854435132699,19.807730313217586,4.49090909090909,6.647530948974297,1832,11372,928,2362,4520,20.197371820830718,46.263636363636365,94,4.6,9.47767920164647,1.1866666666666668,88,396,1816,1.1222222222222225,4.666666666666667,9.626836493378834,41.82478139013565,91.0
C(Cl)(Cl)(Cl)Br,128,64,128,2.0,4.898979485566357,8.0,2.0,2.8284271247461907,512,2048,256,512,1024,8.0,16.0,32,2.0,4.0,0.5,40,200,1000,0.32,1.5999999999999999,3.5777087639996634,17.88854381999832,-6.0
CCCCCCC(=O)Cl,234,120,228,4.4429745794965205,10.103118564603538,15.873283665890888,4.4031746031746035,5.909760924761707,924,3560,468,942,1796,16.128341638310005,29.574603174603176,60,4.483333333333333,8.410935048944967,1.3369444444444447,64,260,1072,1.0522222222222224,4.066666666666666,8.049127729379169,31.936237570137333,-84.0
c1ccc(cc1)OCCCCBr,472,208,464,5.830932751627559,14.440170711566022,23.877081544231185,5.795670995670997,8.287851329231142,1872,10208,944,2228,4312,24.12429906628926,51.525541125541125,104,5.866666666666667,11.76983376395714,1.5455555555555556,100,424,1828,1.4622222222222223,5.866666666666666,11.837982111379,48.88050948013649,42.0
c1cc(c(c(c1)F)C(=O)O)F,702,236,638,4.442801985862634,12.576991614083786,21.438701537843958,4.324098124098124,6.854243650164309,2680,23110,1404,4594,7668,22.584857054583143,56.12655122655123,118,4.566666666666667,9.88938598804139,1.0531481481481484,104,508,2564,1.0766666666666667,4.800000000000001,10.238344124783012,47.64121036669823,158.0
CC(=O)Nc1ccc(cc1)C=O,590,232,572,5.272230720507304,14.00421824983095,23.730648509771864,5.197402597402597,7.847617626911072,2324,15300,1180,3110,5896,24.27851930926809,56.94199134199134,116,5.3500000000000005,11.20550240727637,1.326944444444445,108,496,2316,1.2822222222222224,5.466666666666667,11.415690875378667,50.769053300134786,156.0
COc1ccc(Br)cc1,428,172,414,3.962049594484955,10.550198794434266,17.765138332350134,3.893939393939395,5.891926400593708,1684,10330,856,2186,4136,18.244785002227463,42.125757575757575,86,4.033333333333335,8.428551472267303,1.0094444444444448,80,364,1688,0.9972222222222222,4.166666666666667,8.626836493378832,37.824781390135655,10.0
Fc1c(F)c(F)c(F)c(O)c1F,936,288,840,4.332900397117624,13.345020709845134,22.99818166789402,4.114285714285715,7.001868095151149,3552,34104,1872,6336,10752,25.093073414159537,67.2,144,4.571428571428571,10.267462129303842,1.0340136054421771,120,624,3360,1.0833333333333335,5.0,10.898979485566358,53.39387691339814,35.0
c1ccc(c(c1)Cl)Br,398,156,376,3.400866309255534,9.330597825890852,15.729904908183629,3.3383838383838382,5.157169095353893,1548,9600,796,2106,3808,16.284195134990124,37.7979797979798,78,3.4666666666666672,7.3930446631622635,0.798888888888889,72,332,1572,0.8405555555555556,3.6333333333333333,7.605350962927559,33.84325139556552,-13.0
c1(c(c(sc1Cl)Cl)Cl)Cl,618,204,566,3.385274954755353,10.108285545509107,17.425444844390068,3.256654456654457,5.396867812055244,2368,20102,1236,3894,6772,18.61888559085352,48.32307692307693,102,3.5238095238095246,7.843174238524773,0.7891156462585036,88,444,2308,0.8266666666666665,3.8,8.238344124783012,39.64121036669823,28.0
Clc1c(OC)cc(Cl)c(Cl)c1Cl,840,272,768,4.67347270672732,13.568994281514087,23.182657894055748,4.480608280608281,7.273870645965578,3216,29044,1680,5440,9460,24.879869094764192,64.2806526806527,136,4.8809523809523805,10.593322986375092,1.203231292517007,116,584,3044,1.1844444444444444,5.200000000000001,11.103968435089905,52.47642742240192,84.0
COC1=CC=CC(=C1)C(=O)O,588,220,560,4.725789630349413,12.776328377264402,21.62327082430724,4.6268842268842265,7.086272701617466,2296,16600,1176,3302,6072,22.38966640772284,53.43830613830614,110,4.828571428571428,10.167437359412503,1.2023356009070298,100,468,2248,1.1777777777777778,5.000000000000001,10.443333074306558,46.723760875702006,106.0
O=CC=Cc1ccccc1,408,176,400,4.830932751627559,11.990680968782844,19.87708154423119,4.795670995670996,6.873637766858047,1616,9184,816,1972,3800,20.124299066289264,43.52554112554112,88,4.866666666666667,9.769833763957138,1.2955555555555558,84,360,1572,1.2122222222222225,4.866666666666667,9.837982111379,40.880509480136496,-7.0
OCc2cc(Oc1ccccc1)ccc2,832,320,816,6.698136273664021,18.349418343614385,31.762547361101443,6.632323232323232,10.251324175381777,3296,23072,1664,4456,8624,32.24567069162065,79.0626262626263,160,6.7666666666666675,14.592043321216433,1.5561111111111114,144,660,3072,1.6922222222222225,7.266666666666668,15.204545257378498,67.71332521013396,10.0
CC=O,16,16,16,2.0,2.8284271247461903,4.0,2.0,2.0,64,64,32,32,64,4.0,4.0,8,2.0,2.82842712474619,1.0,12,36,108,0.4444444444444444,1.3333333333333333,2.309401076758503,6.928203230275509,-124.0
O=C(NP(=O)(OC)SC)C,484,176,438,4.137378237962157,10.806036114183348,17.36542361816391,3.9653679653679643,5.918984184588971,1844,13814,968,2884,4900,18.682990234361494,41.41991341991343,88,4.3238095238095235,8.625555320807544,1.2546712018140593,84,416,2160,1.021111111111111,4.133333333333334,8.547745201541515,38.56941359697374,88.0
Oc1cccc(O)c1O,522,188,482,3.6211821562425532,10.333252463683175,17.551083308263113,3.5204351204351205,5.614567969461855,2008,14434,1044,3034,5292,18.478261136364434,44.92105672105672,94,3.728571428571428,8.10428835137957,0.8462244897959186,84,404,2004,0.8961111111111112,3.9666666666666663,8.421847543855286,38.742230881131874,132.0
CCCCOC,108,64,104,3.287693700234704,6.635160893609391,9.878156862896235,3.2428571428571424,4.007819055223289,424,1232,216,380,712,10.123934788966011,15.657142857142855,32,3.3333333333333335,5.723614639131599,1.1944444444444444,36,132,492,0.8194444444444444,2.8333333333333335,5.309401076758503,18.92820323027551,-115.0
CCCCCCCCCCCCCCC=C,428,224,424,8.287693700234703,18.882609607525282,29.878156862896233,8.242857142857144,11.078886867088764,1704,6352,856,1660,3272,30.12393478896601,55.657142857142865,112,8.333333333333332,15.723614639131599,2.4444444444444446,116,452,1772,2.0694444444444446,7.833333333333332,15.309401076758505,58.9282032302755,4.0
CC(C)SC,102,56,96,2.3618073195657994,5.220947331236296,7.844591357607276,2.3095238095238093,3.035461254151183,396,1216,204,382,688,8.162772227887023,13.523809523809524,28,2.4166666666666665,4.3618073195657985,0.7847222222222222,32,132,560,0.5522222222222222,2.0666666666666664,4.049127729379167,15.936237570137333,-102.0
CC(=O)c1ccc(cc1O)O,658,232,614,4.440210230905931,12.551849385663749,21.558332173908862,4.342513042513041,6.877193908914121,2544,19898,1316,3974,6992,22.458096642059708,55.86938061938062,116,4.541666666666666,9.883438655857223,1.0302083333333336,104,504,2504,1.0561111111111114,4.766666666666668,10.210701925855117,47.686502791131026,144.0
c1cc(ccc1Oc2ccc(cc2)Br)Br,856,328,844,6.360055712335757,18.07075449414276,31.83985690991893,6.32121212121212,10.040649113643859,3400,23284,1712,4532,8848,32.164446412697025,81.31818181818183,164,6.3999999999999995,14.259385963089237,1.324444444444445,148,692,3268,1.5500000000000005,7.000000000000003,14.944271909999165,68.72135954999577,58.0
c1cc(c(cc1C(=O)O)Cl)O,646,232,610,4.392149742614483,12.52088402440944,21.574065153245197,4.2935508935508935,6.847126389879365,2512,18858,1292,3740,6788,22.444822939463553,56.08275058275058,116,4.495238095238096,9.839775987996797,1.0078911564625854,104,504,2504,1.0561111111111112,4.7666666666666675,10.210701925855117,47.68650279113103,169.0
ClS(Cl)=O,54,36,54,1.9999999999999998,3.9999999999999996,6.0,1.9999999999999998,2.4494897427831783,216,486,108,162,324,6.0,9.0,18,1.9999999999999998,3.464101615137755,0.6666666666666667,24,96,384,0.375,1.5,3.0,12.0,-104.0
CC1CCC(=O)CC1,368,152,360,3.432795558988645,9.31804722752556,15.872983346207418,3.4000000000000004,5.208946754575151,1456,8400,736,1804,3480,16.131182235954576,37.5,76,3.4666666666666677,7.415690875378665,0.7822222222222224,72,328,1512,0.8200000000000001,3.6000000000000005,7.577708763999665,33.88854381999832,-41.0
Cc1cc(ccc1)[N+](=O)[O-],528,200,504,4.193499004859991,11.549603637088424,19.71455262002028,4.126884226884227,6.399532632686661,2064,14428,1056,2920,5372,20.292695729821173,48.72163947163947,100,4.261904761904763,9.154576762523867,0.9751133786848076,92,432,2072,1.0005555555555556,4.433333333333334,9.39420534492739,42.787523305564676,15.5
C1=CC(=C(C=C1[N+](=O)[O-])Cl)Cl,646,232,610,4.392149742614483,12.52088402440944,21.574065153245197,4.2935508935508935,6.847126389879365,2512,18858,1292,3740,6788,22.444822939463553,56.08275058275058,116,4.495238095238096,9.839775987996797,1.0078911564625854,104,504,2504,1.0561111111111112,4.7666666666666675,10.210701925855117,47.68650279113103,41.3
c1c(cc(cc1Cl)Cl)CO,528,200,508,4.275410783986165,11.5887017957073,19.68506678730959,4.1878787878787875,6.429956970335859,2072,14564,1056,2884,5424,20.327008208575972,48.78484848484848,100,4.366666666666667,9.219323506740317,1.0872222222222223,92,432,2060,1.0322222222222224,4.466666666666667,9.415690875378665,42.7690533001348,78.0
c1ccc(cc1)CSc2ccccc2,708,288,698,6.379744612020499,17.33588485200652,29.900774265566525,6.35959595959596,9.745685458379693,2812,17298,1416,3564,6924,30.09974098411291,71.5050505050505,144,6.400000000000001,13.816052888782677,1.396666666666667,132,588,2652,1.6050000000000002,6.900000000000001,14.366563145999498,62.83281572999746,41.0
O=Cc1cccc(C=O)c1,492,192,472,4.522100744307626,11.803335451544124,19.64908849663672,4.4161616161616175,6.591983475946445,1928,12944,984,2628,4920,20.366678039628756,46.73131313131313,96,4.633333333333335,9.469054268083832,1.257222222222222,88,400,1864,1.1744444444444446,4.733333333333334,9.675964222758001,41.76101896027298,89.0
CCCCCc1ccc(cc1)O,528,220,518,5.552903340121968,14.189898647812669,23.83834125733527,5.506782106782107,8.070126561659418,2092,12522,1056,2618,5064,24.164967824766936,54.38665223665223,110,5.600000000000001,11.477679201646472,1.4366666666666672,104,460,2072,1.3722222222222225,5.666666666666668,11.626836493378834,49.82478139013564,24.0
C(C(=O)O)Br,102,56,96,2.3618073195657994,5.220947331236296,7.844591357607276,2.3095238095238093,3.035461254151183,396,1216,204,382,688,8.162772227887022,13.523809523809522,28,2.4166666666666665,4.3618073195657985,0.7847222222222222,32,132,560,0.5522222222222222,2.066666666666667,4.049127729379167,15.936237570137333,47.0
c1ccc2c(c1)CC=C2,590,212,570,3.9268154752797453,11.223531887080854,19.838570297465413,3.8968253968253967,6.217697008436565,2320,18314,1180,3442,6428,20.163325564393006,52.1111111111111,106,3.9571428571428577,8.845495602055028,0.8174489795918369,92,432,2072,1.0005555555555556,4.4333333333333345,9.394205344927391,42.787523305564676,-2.0
CCCCCCCCCCCCCCC,396,208,392,7.787693700234704,17.657864736133693,27.878156862896233,7.742857142857144,10.371780085902218,1576,5840,792,1532,3016,28.12393478896601,51.657142857142865,104,7.833333333333332,14.723614639131599,2.3194444444444446,108,420,1644,1.9444444444444446,7.333333333333332,14.309401076758505,54.9282032302755,9.9
CCNC1=NC(=NC(=N1)SC)NC(C)(C)C,894,328,872,6.801706992058034,18.310264631487673,31.661960331063355,6.704662004662005,10.249660854856007,3532,27532,1788,5066,9732,32.34940771046624,80.6994172494173,164,6.902380952380952,14.631848976728495,1.7322052154195016,152,740,3668,1.5850000000000004,6.9666666666666694,14.859023949685227,69.49281417583677,105.0
Cc1cccc(c1Cl)C,522,188,482,3.6211821562425532,10.333252463683175,17.55108330826311,3.5204351204351205,5.614567969461855,2008,14434,1044,3034,5292,18.478261136364434,44.92105672105672,94,3.728571428571428,8.10428835137957,0.8462244897959186,84,404,2004,0.8961111111111112,3.9666666666666663,8.421847543855286,38.742230881131874,-36.0
O=C(C)Oc1ccc(cc1)C(=O)O,686,260,658,5.473559570179537,14.98137095014174,25.691064979832483,5.403463203463203,8.338884505580591,2688,18670,1372,3784,7000,26.315618295017813,63.56623376623375,130,5.545238095238096,11.90388549860504,1.2720578231292523,120,564,2700,1.2855555555555556,5.733333333333334,12.183059726927224,55.73179521556383,194.0
CC(CC)C(C)(C)C,384,140,342,3.0548586059835325,8.270168027673586,13.515680576558005,2.9379953379953383,4.504041594443186,1452,9562,768,2248,3664,14.511971753935457,32.81911421911421,70,3.1785714285714284,6.551343631259307,0.8459467120181406,68,348,1868,0.7080385487528347,3.052380952380953,6.488338248397372,30.64414805726525,-112.0
Ic1ccc(I)cc1,368,152,360,3.432795558988645,9.31804722752556,15.872983346207418,3.4000000000000004,5.208946754575151,1456,8400,736,1804,3480,16.131182235954576,37.5,76,3.4666666666666677,7.415690875378665,0.7822222222222224,72,328,1512,0.8200000000000001,3.6000000000000005,7.577708763999665,33.88854381999832,131.0
Cc1ccc(cc1[N+](=O)[O-])[N+]([O-])=O,814,280,762,5.1804521493518925,14.744110765010726,25.46642071237372,5.061560661560661,8.063717911081469,3152,26342,1628,5030,8944,26.551617195295318,67.45088245088246,140,5.303571428571429,11.59468234407453,1.2025439342403632,124,608,3064,1.2366666666666668,5.6000000000000005,12.027198506782844,56.58548227669739,68.5
Oc1ccccc1C=Nc2ccccc2,832,320,806,6.605582493178306,18.329091446256626,31.74108281665655,6.55112665112665,10.208600700153239,3276,22262,1664,4492,8444,32.267113211505404,78.72416472416474,160,6.661904761904764,14.527296576999984,1.4440022675736968,144,660,3084,1.6605555555555558,7.233333333333334,15.183059726927226,67.7317952155638,51.0
CC(C)C(N)=O,186,84,170,2.465591117977289,6.1910151061678835,9.745966692414834,2.4,3.4608826567798667,712,3050,372,858,1460,10.262364471909153,20.0,42,2.533333333333333,4.992682649758251,0.6844444444444444,44,200,944,0.5555555555555556,2.333333333333333,4.816496580927726,20.898979485566358,129.0
CC/C=C/CC,108,64,104,3.287693700234704,6.635160893609391,9.878156862896235,3.2428571428571424,4.007819055223289,424,1232,216,380,712,10.123934788966011,15.657142857142855,32,3.3333333333333335,5.723614639131599,1.1944444444444444,36,132,492,0.8194444444444444,2.8333333333333335,5.309401076758503,18.92820323027551,-113.0
Cc1cc(cc(C)c1CC2=NCCN2)C(C)(C)C,1298,432,1240,7.0243286548826696,20.902884547807528,37.485600114192714,6.91933621933622,11.416371132783262,5076,45888,2596,8178,15040,38.53227514493022,105.34083694083704,216,7.133333333333334,16.321592782752127,1.44125,188,952,4940,1.656927437641724,7.852380952380955,17.227621208872982,84.28295709825723,131.0
CC(C)(C)c1cccc(c1)O,672,236,636,4.294296248762403,12.371069405523913,21.68720770279607,4.231646131646132,6.797030095685039,2616,20972,1344,4054,7288,22.319486242057298,57.361566211566206,118,4.358333333333333,9.717995352252334,0.9171527777777779,108,544,2820,0.9758163265306123,4.585714285714286,10.016919283017867,48.59645430712622,45.0
O=C(CC)c1ccccc1,496,192,468,4.465916887148356,11.79367745243773,19.644187170336075,4.374358974358975,6.572566409938979,1928,12980,992,2724,4904,20.371488471142296,46.483760683760686,96,4.561904761904763,9.431949722795277,1.165668934240363,88,400,1876,1.142777777777778,4.7,9.654478692306727,41.77948896570285,18.0
c1ccc(cc1)c2nc(nc(n2)N)N,874,316,850,5.966867326014472,16.90242276098587,29.747290180748784,5.91119991119991,9.372474629356187,3448,27482,1748,5042,9588,30.25799629390792,77.7968142968143,158,6.023809523809525,13.344113074217375,1.2863378684807258,140,664,3200,1.445555555555556,6.533333333333335,13.971914108927058,64.67606712556295,227.0
O=C(OC)C(=O)OC,306,124,272,3.506852518216218,8.686359012743447,13.46165592110959,3.355555555555556,4.808587828445764,1156,6448,612,1622,2664,14.567764278877199,28.93333333333333,62,3.6666666666666665,7.018403843535525,1.1388888888888888,60,272,1296,0.9100000000000001,3.4666666666666672,6.9147520396860624,28.771454625841027,52.0
Cc1ccc2c(c1)nc[nH]2,682,240,662,4.184479433477039,12.209940645112676,21.813595868179405,4.1459318459318455,6.729647355361714,2688,22030,1364,4020,7604,22.189883705215035,59.054972804972806,120,4.223809523809524,9.580983238672253,0.8541156462585037,104,500,2444,1.0355555555555558,4.733333333333334,10.183059726927224,47.73179521556382,115.0
C1CO1,54,36,54,1.9999999999999998,3.9999999999999996,6.0,1.9999999999999998,2.4494897427831783,216,486,108,162,324,6.0,9.0,18,1.9999999999999998,3.464101615137755,0.6666666666666667,18,54,162,0.6666666666666667,1.9999999999999998,3.4641016151377544,10.392304845413262,-111.0
Cc1ccc2ccccc2n1,714,256,694,4.68447943347704,13.434685516504267,23.813595868179405,4.645931845931847,7.436754136548262,2816,22542,1428,4148,7860,24.18988370521503,63.054972804972806,128,4.723809523809526,10.580983238672252,0.9791156462585036,112,532,2572,1.1605555555555556,5.233333333333334,11.183059726927224,51.73179521556382,-2.0
CCc1ccccc1,340,144,328,3.740079005990548,9.575725986796034,15.80387861924605,3.6828282828282832,5.402544386978885,1336,7504,680,1668,3128,16.204116243749795,35.26464646464646,72,3.8000000000000007,7.720706034577969,0.9933333333333334,68,296,1316,0.9622222222222221,3.8666666666666667,7.837982111378999,32.880509480136496,-95.0
CC1=CC=CC=C1C(=O)O,566,204,524,4.184906309078191,11.561280853041422,19.59707246080478,4.098068598068598,6.368265908990478,2180,16468,1132,3396,5864,20.41742788358204,49.008269508269514,102,4.275000000000001,9.147951019239995,0.993541666666667,92,436,2132,1.0211111111111113,4.466666666666667,9.421847543855286,42.742230881131874,108.0
CCCCCCCCCCC1CCCCC1,600,272,592,7.83093275162756,19.339150197132376,31.877081544231203,7.795670995670996,11.116278453977332,2384,12256,1200,2740,5336,32.12429906628928,67.52554112554112,136,7.866666666666668,15.769833763957138,2.0455555555555556,132,552,2340,1.9622222222222225,7.866666666666667,15.837982111379002,64.88050948013647,-2.0
Ic1ccc(OC)cc1,428,172,414,3.962049594484955,10.550198794434268,17.76513833235013,3.8939393939393945,5.891926400593708,1684,10330,856,2186,4136,18.244785002227466,42.12575757575757,86,4.033333333333333,8.428551472267301,1.0094444444444446,80,364,1688,0.9972222222222222,4.166666666666667,8.626836493378834,37.824781390135655,50.0
c1ccc(cc1)OC(=O)c2ccccc2O,966,352,924,6.887353240465357,19.344865998483822,33.60184555519638,6.803363303363305,10.708834113280403,3780,29032,1932,5606,10292,34.4143659021122,86.00954600954604,176,6.975000000000001,15.28380066926123,1.5196527777777777,156,732,3516,1.7161111111111111,7.566666666666669,15.99955630785495,72.63077470113018,43.0
c1ccc(cc1)Cc2cc(ccc2O)Cl,896,332,874,6.401976411071598,18.09726445655772,31.74643746312469,6.344289044289045,10.039773022114415,3540,26598,1792,5002,9576,32.26292864630058,81.84168609168611,166,6.461904761904763,14.290426412545104,1.3762244897959184,148,696,3328,1.5705555555555557,7.033333333333335,14.971914108927058,68.67606712556297,48.0
c1cc(nnc1Cl)Cl,368,152,360,3.4327955589886447,9.31804722752556,15.87298334620742,3.4000000000000004,5.208946754575151,1456,8400,736,1804,3480,16.131182235954576,37.5,76,3.4666666666666672,7.415690875378665,0.7822222222222222,72,328,1512,0.8200000000000001,3.6000000000000005,7.577708763999665,33.88854381999832,68.0
C1CCC(CC1)C(=O)O,436,172,414,3.94140785566278,10.552878687106821,17.764295089306664,3.8888888888888893,5.893811265648403,1700,10874,872,2342,4232,18.241215229499517,41.888888888888886,86,3.995238095238096,8.419089125906641,0.9384467120181408,80,364,1700,0.9655555555555555,4.133333333333333,8.605350962927558,37.84325139556552,31.0
c1cc(c(cc1C(=O)O)[N+](=O)[O-])[N+](=O)[O-],982,328,918,5.9704752133182595,16.964300692244237,29.37461499055172,5.833150183150182,9.283120026257977,3800,34778,1964,6320,11224,30.643398059559853,78.94688644688644,164,6.111904761904762,13.349588700152264,1.397196712018141,144,712,3624,1.4172222222222222,6.4333333333333345,13.84369508771057,65.48446176226375,165.0
Cc1cccc2c1cccc2C,882,292,832,4.921765968145419,14.451224357383438,25.556144185910576,4.8307525807525815,7.884490738411208,3428,31904,1764,5678,10224,26.461530337036034,70.7088467088467,146,5.0166666666666675,11.30321938872174,1.0526388888888891,124,608,3064,1.2366666666666668,5.6000000000000005,12.027198506782845,56.585482276697384,80.0
CCCC(O)CCCC,260,124,248,4.490352585533682,10.095201358033576,15.75926955188189,4.415873015873016,5.8905746211254,1016,4632,520,1154,2128,16.246852262506707,30.17301587301587,62,4.566666666666667,8.431460076820931,1.4605555555555558,64,264,1120,1.1044444444444446,4.133333333333334,8.098255458758336,31.87247514027467,-40.7
c1cc(c(cc1Br)CO)O,556,204,526,4.2203836976697175,11.56093436708703,19.603495515068197,4.117404817404817,6.3736495527653325,2164,15950,1112,3174,5780,20.415555594032934,49.33974358974359,102,4.328571428571429,9.167437359412503,1.0773356009070296,92,436,2120,1.0527777777777778,4.500000000000001,9.44333307430656,42.723760875702,109.0
c1cc(ccc1SSc2ccc(cc2)Cl)Cl,884,344,870,6.823685789009314,19.28483046728298,33.82329369177468,6.781818181818182,10.724449485609334,3508,22950,1768,4600,8940,34.18107850106824,85.22727272727273,172,6.866666666666667,15.231743764161344,1.4288888888888895,156,724,3396,1.6750000000000005,7.500000000000003,15.944271909999165,72.72135954999577,73.0
c1ccc(cc1)C(=O)CCCC(=O)O,658,264,632,6.212051512047182,16.451845234027093,27.712516898315883,6.147519147519147,9.238494878170009,2580,16476,1316,3462,6404,28.296078143025774,64.66211566211565,132,6.2785714285714285,13.168397861987815,1.4853911564625852,124,560,2584,1.5005555555555556,6.433333333333334,13.394205344927391,58.78752330556466,127.0
C=C(C)C,54,36,54,1.9999999999999998,3.9999999999999996,6.0,1.9999999999999998,2.4494897427831783,216,486,108,162,324,6.0,9.0,18,1.9999999999999998,3.464101615137755,0.6666666666666667,24,96,384,0.375,1.5,3.0,12.0,-140.0
Cc1cc(nc(n1)C)N,468,180,450,3.740083568503631,10.367403882264046,17.759785364878386,3.681818181818181,5.739456478492807,1836,12150,936,2502,4680,18.246669619045523,43.97727272727272,90,3.8000000000000003,8.206462909851679,0.8600000000000001,84,396,1884,0.8550000000000001,3.900000000000001,8.366563145999496,38.83281572999748,185.0
CC(C)c2cc3ccc1c(cccc1C)c3cc2,1484,472,1418,7.199793822530042,21.736739500489062,39.442867993923066,7.08781218781219,11.838619367610166,5804,58718,2968,9830,18128,40.57436541009439,115.05185925185931,236,7.315476190476193,16.931263545782382,1.4602962018140593,196,984,5056,1.7927777777777778,8.366666666666669,18.237900432637957,88.27198506782838,99.0
ClCC(=O)O,102,56,96,2.3618073195657994,5.220947331236295,7.8445913576072765,2.309523809523809,3.0354612541511825,396,1216,204,382,688,8.162772227887022,13.52380952380952,28,2.416666666666667,4.361807319565799,0.7847222222222223,32,132,560,0.5522222222222222,2.0666666666666664,4.049127729379167,15.936237570137333,63.0
c1cc(c(c(c1)Cl)CO)Cl,594,208,544,4.205543416891649,11.584007952232795,19.46011434895503,4.076479076479076,6.335603862744771,2276,17888,1188,3650,6240,20.568287706436795,49.51226551226551,104,4.341666666666667,9.160811616128633,1.095763888888889,92,440,2180,1.0733333333333335,4.533333333333334,9.470975273234453,42.6784684512692,97.0
OC3c1ccccc1c2ccccc23,1252,384,1194,5.774723710364017,17.345507025039527,31.558663497108782,5.691880341880343,9.464932104963001,4892,55026,2504,8712,16036,32.46286416648333,93.52649572649577,192,5.861904761904762,13.531593139336257,1.1798356009070297,156,784,4056,1.472777777777778,6.7666666666666675,14.660191668638296,70.38344124783009,153.5
c1c(c(cc(c1[N+](=O)[O-])F)F)[N+](=O)[O-],948,312,880,5.462222896638947,15.759885317237924,27.327183450913545,5.313797313797314,8.563951324208627,3656,33112,1896,6144,10792,28.69886988590211,74.73626373626375,156,5.616666666666667,12.35118643633578,1.2781944444444449,136,680,3496,1.2922222222222222,5.933333333333333,12.843695087710568,61.48446176226375,74.0
c1c(occ(c1=O)O)CO,550,204,522,4.188460856572695,11.547891098689162,19.59988282557467,4.082828282828284,6.352837164208343,2144,15202,1100,3066,5636,20.421834571369462,49.37575757575758,102,4.3,9.141392896668124,1.0627777777777778,92,436,2120,1.0527777777777778,4.5,9.443333074306558,42.723760875702,154.0
COB(OC)OC,216,96,192,3.3460652149512327,7.706742302257041,11.535629632172006,3.2,4.346856338884206,816,3840,432,1056,1728,12.487685387636873,22.399999999999995,48,3.5,6.346065214951231,1.2083333333333335,48,204,912,0.9066666666666667,3.2,6.147383188137503,23.808712710412006,-34.0
c1ccc(cc1)N2C(=O)C=CC2=O,920,308,868,5.439963748996316,15.676133496523553,27.57745516866824,5.355050505050506,8.60687723675239,3576,33272,1840,5950,10636,28.43922898504152,74.73964646464647,154,5.528571428571429,12.315792464189776,1.1821504157218443,132,640,3192,1.3616666666666666,6.1000000000000005,13.027198506782844,60.585482276697384,89.0
CCc1cccc(c1)c2ccccc2,838,308,812,6.211197249966378,17.121216191413207,29.697546032465993,6.134820734820735,9.531478787965273,3300,25576,1676,4786,9036,30.31177674261632,75.66052836052837,154,6.290476190476191,13.59384383556089,1.456337868480726,136,632,3004,1.587777777777778,6.800000000000002,14.232187456306391,63.66803278570116,-28.0
O=C(O)C(S)C(S)C(O)=O,498,180,442,3.9003003684183577,10.656331109573058,17.356080437112585,3.7523809523809524,5.782561211017643,1880,13266,996,2970,4852,18.68346269932588,42.06666666666667,90,4.057142857142858,8.415170026192866,1.0291156462585038,84,408,2064,0.9166666666666667,3.9999999999999996,8.449489742783179,38.69693845669907,197.0
CCCCCCCCCCCCCCCCCCCCCCCCCC,748,384,744,13.287693700234705,31.13005832144114,49.878156862896226,13.242857142857146,18.149954678954227,2984,11472,1496,2940,5832,50.12393478896601,95.65714285714284,192,13.333333333333334,25.723614639131597,3.6944444444444446,196,772,3052,3.3194444444444446,12.833333333333334,25.309401076758505,98.92820323027551,57.0
Nc1cc(Cl)c(C)cc1,490,184,466,3.6561702310832747,10.321166358513182,17.69116462128771,3.582828282828283,5.6660970952775385,1912,13030,980,2684,4936,18.324863893467793,44.65909090909091,92,3.7333333333333343,8.12853229977949,0.8355555555555558,84,400,1944,0.8755555555555556,3.9333333333333336,8.39420534492739,38.787523305564676,26.0
Nc1cc(Br)ccc1,372,152,360,3.457519493328783,9.349885971192165,15.831652088062796,3.416161616161617,5.218503338084835,1464,8600,744,1864,3520,16.172736683825413,37.29797979797979,76,3.500000000000001,7.443333074306559,0.8027777777777778,72,328,1512,0.8200000000000001,3.6,7.577708763999664,33.88854381999832,17.0
Cc1cc(C)c(C)c(C)c1,618,216,576,3.9098194114036255,11.3399167212896,19.512343021367194,3.798212898212898,6.143041955694321,2388,18468,1236,3672,6540,20.518929894842106,51.782167832167836,108,4.0285714285714285,8.86741818692469,0.9034467120181406,96,472,2376,0.9311111111111112,4.266666666666667,9.210701925855115,43.68650279113102,-24.0
COc1ccccc1N2CCNCC2,882,312,842,6.238860991711515,17.138397396493346,29.613462792147295,6.1491064491064495,9.527052843092315,3448,29526,1764,5370,9840,30.399479405950764,76.12253302253303,156,6.332142857142858,13.613262555021398,1.489323979591837,136,636,3064,1.6083333333333334,6.833333333333334,14.259829655234284,63.622740361268356,37.0
Clc1ccc(Br)cc1,368,152,360,3.432795558988645,9.31804722752556,15.872983346207418,3.4000000000000004,5.208946754575151,1456,8400,736,1804,3480,16.131182235954576,37.5,76,3.4666666666666677,7.415690875378665,0.7822222222222224,72,328,1512,0.8200000000000001,3.6000000000000005,7.577708763999665,33.88854381999832,67.0
CCCCCCCCCCCCO,332,176,328,6.787693700234704,15.208374993350516,23.878156862896233,6.742857142857144,8.957566523529124,1320,4816,664,1276,2504,24.12393478896601,43.657142857142865,88,6.833333333333332,12.723614639131599,2.0694444444444446,92,356,1388,1.6944444444444446,6.333333333333332,12.309401076758505,46.9282032302755,24.0
c1ccc(cc1)OP(=O)(O)Oc2ccccc2,980,368,960,7.300371249304737,20.41715537459915,35.812817316358135,7.263092463092464,11.390896397003232,3880,28864,1960,5428,10432,36.18936599840908,91.04211344211349,184,7.33809523809524,16.1720495606752,1.5544104308390025,168,800,3888,1.7511111111111115,7.866666666666669,16.788410689854782,77.57504661112934,66.0
C1=CC(=CC=C1[N+](=O)[O-])Cl,524,200,500,4.163378444157187,11.527351494745051,19.72555480241075,4.1,6.383193279263225,2048,13700,1048,2860,5240,20.28188398797719,48.74999999999999,100,4.228571428571429,9.126934563595972,0.954557823129252,92,432,2072,1.0005555555555556,4.433333333333334,9.394205344927391,42.787523305564676,83.5
Cc1cc(ccc1O)C2(c3ccccc3C(=O)O2)c4ccc(c(c4)C)O,2494,724,2350,10.12757007946559,31.135485859825437,56.96030144230029,9.92391251679177,16.83237398903634,9688,125626,4988,18800,33744,59.08536458890586,175.17351630138003,362,10.341017316017313,24.153986850429995,2.0648695481406514,292,1524,8248,2.530226757369615,11.923809523809519,26.188968843693058,129.56290079921462,224.0
Cc1cc(ccc1N)c2ccc(c(c2)C)N,1106,380,1058,6.328299249183149,18.833777175860867,33.45811042534248,6.206149406149407,10.245647600458136,4328,35818,2212,6622,12308,34.57054098432106,92.4988344988345,190,6.457142857142859,14.686869326235344,1.3313378684807256,164,808,4064,1.5566666666666669,7.200000000000002,15.604907270782508,74.47402609669568,130.0
O=Cc1ccccc1Br,464,176,434,3.9627197394724236,10.57452560905521,17.628469944354205,3.8682983682983685,5.861699205840182,1796,12234,928,2596,4604,18.3889974532109,42.3958818958819,88,4.061904761904762,8.431949722795277,1.040668934240363,80,368,1748,1.017777777777778,4.2,8.654478692306725,37.779488965702846,22.0
c1c(cc(cc1F)F)C(=O)O,624,228,598,4.481459706397507,12.55753494683707,21.673014972590025,4.403263403263403,6.927268543008385,2444,18506,1248,3558,6624,22.335885959014426,55.57459207459207,114,4.561904761904763,9.917706598068989,1.0323356009070297,104,500,2444,1.0355555555555556,4.733333333333334,10.183059726927222,47.731795215563835,121.0
C1=CC=C(C=C1)C2=CC(=C(C=C2Cl)Cl)Cl,1030,352,984,6.1627090015912085,17.875663303313633,31.530663278947667,6.060317460317462,9.797091257988207,4028,35324,2060,6338,11708,32.491535011546006,85.73650793650795,176,6.270238095238096,14.022686556406434,1.337543934240363,152,740,3692,1.5216666666666667,6.900000000000002,14.816052888782677,69.52975418669652,78.0
Cc1cc(c(c(c1)C)O)C,618,216,576,3.9098194114036255,11.3399167212896,19.512343021367194,3.7982128982128986,6.143041955694321,2388,18468,1236,3672,6540,20.518929894842106,51.78216783216783,108,4.0285714285714285,8.86741818692469,0.9034467120181409,96,472,2376,0.9311111111111113,4.266666666666667,9.210701925855117,43.68650279113103,72.0
[O-][N+](=O)c2ccc(Nc1ccccc1)c(c2)[N+]([O-])=O,1220,428,1172,7.927211033697424,22.518552671256337,39.52991760461007,7.824952824952826,12.438896859550708,4784,40352,2440,7348,13644,40.48158238845604,104.69871239871243,214,8.032142857142858,17.75657645684014,1.743212868480726,188,904,4448,1.9316666666666666,8.700000000000003,18.60490727078251,86.47402609669565,160.0
CCCCOCCCC,204,112,200,4.787693700234704,10.30939550778416,15.878156862896233,4.742857142857143,6.129139398782932,808,2768,408,764,1480,16.12393478896601,27.65714285714286,56,4.833333333333333,8.723614639131599,1.5694444444444446,60,228,876,1.1944444444444444,4.333333333333333,8.309401076758503,30.92820323027551,-97.9
ClCC=CCCl,108,64,104,3.287693700234704,6.635160893609391,9.878156862896235,3.2428571428571424,4.007819055223289,424,1232,216,380,712,10.123934788966011,15.657142857142855,32,3.3333333333333335,5.723614639131599,1.1944444444444444,36,132,492,0.8194444444444444,2.8333333333333335,5.309401076758503,18.92820323027551,2.0
CCCC#N,76,48,72,2.7876937002347035,5.4104160222178015,7.878156862896232,2.7428571428571424,3.3007122740367407,296,720,152,252,456,8.123934788966011,11.657142857142855,24,2.833333333333333,4.723614639131599,1.0694444444444444,28,100,364,0.6944444444444444,2.333333333333333,4.309401076758503,14.928203230275507,-112.0
n1nc(sc1C)N,340,136,330,2.963092302328866,8.114824907850794,13.856420128063172,2.9272727272727277,4.517625536785178,1340,8250,680,1736,3300,14.147814324325793,33.40909090909091,68,3.0000000000000004,6.443333074306559,0.6777777777777778,64,296,1384,0.6950000000000001,3.1,6.577708763999664,29.88854381999832,224.85
c1c(c(cc(c1Cl)Cl)Cl)N,612,216,576,3.885618083164126,11.313431836035347,19.542472332656505,3.7777777777777786,6.1307682818044205,2376,18144,1224,3564,6480,20.485281374238575,52.0,108,4.0,8.841373724180313,0.8888888888888891,96,472,2376,0.9311111111111111,4.266666666666667,9.210701925855117,43.68650279113103,94.0
CC(C1=CC(=CC=C1)C(=O)C2=CC=CC=C2)C(=O)O,1246,432,1180,7.859186268380707,22.54254935374852,39.337788916101175,7.716971916971919,12.359724045353339,4852,40600,2492,7572,13772,40.699122915430266,104.76752136752141,216,8.009523809523811,17.714714303324175,1.7461224489795923,188,908,4508,1.9522222222222223,8.733333333333334,18.6325494697104,86.4287336722629,93.0
OCc1ccc(Br)cc1,428,172,414,3.962049594484955,10.550198794434266,17.765138332350134,3.893939393939395,5.891926400593708,1684,10330,856,2186,4136,18.244785002227463,42.125757575757575,86,4.033333333333335,8.428551472267303,1.0094444444444448,80,364,1688,0.9972222222222222,4.166666666666667,8.626836493378832,37.824781390135655,76.0
CC(=O)c1ccncc1,436,172,414,3.941407855662781,10.55287868710682,17.76429508930666,3.8888888888888893,5.893811265648401,1700,10874,872,2342,4232,18.241215229499517,41.888888888888886,86,3.9952380952380953,8.41908912590664,0.9384467120181407,80,364,1700,0.9655555555555555,4.133333333333333,8.605350962927558,37.84325139556552,15.0
CCC(=O)C1(CCN(C)CC1)c2cccc(O)c2,1400,436,1300,7.3281280993894855,21.160475422299694,37.22091642403036,7.161023943376886,11.55165481230474,5400,59036,2800,9956,17296,38.81509504832735,104.84527302762602,218,7.503571428571432,16.609102323412873,1.7080994897959187,184,932,4936,1.8499659863945583,8.204761904761906,17.56054192927102,83.15001751552585,156.0
BrC(=C)CC,102,56,96,2.3618073195657994,5.220947331236296,7.844591357607276,2.3095238095238093,3.035461254151183,396,1216,204,382,688,8.162772227887023,13.523809523809524,28,2.4166666666666665,4.3618073195657985,0.7847222222222222,32,132,560,0.5522222222222222,2.0666666666666664,4.049127729379167,15.936237570137333,-133.0
C1(=C(C(=C(C(=C1Cl)Cl)Cl)Cl)Cl)Cl,936,288,840,4.332900397117624,13.345020709845132,22.998181667894023,4.114285714285715,7.001868095151148,3552,34104,1872,6336,10752,25.093073414159537,67.2,144,4.571428571428571,10.267462129303844,1.0340136054421771,120,624,3360,1.0833333333333335,5.0,10.898979485566358,53.39387691339814,230.0
Clc1ccc(/C=C/C(=O)O)cc1,558,228,548,5.213757028383866,13.973305512682261,23.858236100330302,5.178210678210679,7.856977067525083,2212,13476,1116,2796,5416,24.144452314611314,56.415223665223664,114,5.250000000000001,11.164999611459839,1.204166666666667,108,492,2268,1.23,5.4,11.366563145999498,50.83281572999746,248.0
O=C(C)Nc1ccc(cc1)C(=O)O,686,260,658,5.473559570179537,14.98137095014174,25.691064979832483,5.403463203463203,8.338884505580591,2688,18670,1372,3784,7000,26.315618295017813,63.56623376623375,130,5.545238095238096,11.90388549860504,1.2720578231292523,120,564,2700,1.2855555555555556,5.733333333333334,12.183059726927224,55.73179521556383,256.0
CC(C)CCCCC(C)C,296,144,288,4.598255458758336,11.121586492814505,17.86841046888555,4.563492063492064,6.397489231927031,1168,4864,592,1248,2368,18.132748487654005,35.49206349206349,72,4.633333333333333,9.098255458758336,1.2294444444444446,76,324,1396,1.0350000000000001,4.300000000000001,8.788854381999833,36.94427190999916,-55.0
CN1CCN(C1=O)C,490,172,452,3.126754965242637,9.098191400341804,15.575851348263484,3.031546231546232,4.913690168162199,1884,14084,980,2906,5072,16.453338776864815,41.03216783216783,86,3.2285714285714286,7.1042883513795685,0.7212244897959186,76,372,1876,0.7711111111111111,3.4666666666666663,7.421847543855284,34.742230881131874,8.0
Cc1ccc(cc1)NC(=O)C,530,212,518,4.7429766850109925,12.77206668292224,21.838493523629154,4.703463203463204,7.164637980892516,2096,13370,1060,2728,5240,22.164916542995208,52.316233766233765,106,4.783333333333333,10.192641810387732,1.0997222222222225,100,460,2140,1.105,4.9,10.366563145999498,46.83281572999746,149.0
[O-][N+](=O)c2cc[n+]([O-])c1ccccc12,1050,340,990,5.717361841111868,16.661098092667164,29.48910650408894,5.613453213453213,9.110121833474611,4080,40502,2100,6968,12540,30.528388841800936,82.31596181596184,170,5.825,13.05812574479947,1.247291666666667,144,712,3624,1.4172222222222222,6.4333333333333345,13.84369508771057,65.48446176226375,154.0
N#Cc2ccccc2c1ccccc1,882,312,842,6.238860991711515,17.138397396493346,29.613462792147295,6.1491064491064495,9.527052843092315,3448,29526,1764,5370,9840,30.399479405950764,76.12253302253303,156,6.332142857142858,13.613262555021398,1.489323979591837,136,636,3064,1.6083333333333334,6.833333333333334,14.259829655234284,63.622740361268356,38.0
O=C1OC(C)(C)C(C1)C(=O)O,818,256,754,4.116330883092589,12.173664795024262,21.482120520497027,4.0123376623376625,6.5931814273598714,3144,31358,1636,5636,9720,22.53511756660242,61.2232683982684,128,4.223809523809524,9.499615799551716,0.9133749055177631,112,588,3184,0.9269274376417235,4.4523809523809526,9.861058062873488,49.450141368259786,176.0
CN1CC=C(CC1)c2ccccc2,774,288,752,5.648786063774152,15.872239308893857,27.799830010569497,5.607936507936508,8.828399365611034,3052,22676,1548,4344,8204,28.20399432287067,70.97222222222223,144,5.690476190476192,12.553341039744359,1.2085600907029481,128,596,2828,1.4105555555555558,6.233333333333333,13.183059726927224,59.73179521556382,38.5
O=C1CC(=O)CC(C)(C)C1,612,216,584,3.8729256868877733,11.215268633089902,19.707805027346478,3.8093240093240093,6.149270935581212,2392,18760,1224,3600,6624,20.29892475067569,52.5988344988345,108,3.9380952380952374,8.799329746199085,0.8355215419501134,100,508,2620,0.8411111111111114,4.066666666666666,8.999556307854949,44.63077470113019,148.5
N#Cc1ccc(Cl)cc1,428,172,414,3.962049594484955,10.550198794434266,17.765138332350134,3.893939393939395,5.891926400593708,1684,10330,856,2186,4136,18.244785002227463,42.125757575757575,86,4.033333333333335,8.428551472267303,1.0094444444444448,80,364,1688,0.9972222222222222,4.166666666666667,8.626836493378832,37.824781390135655,92.0
c1c(c(cc(c1F)F)F)C(=O)O,780,264,728,4.673920489901536,13.536658576636635,23.434827891785023,4.545787545787546,7.347359803006524,3016,25628,1560,4854,8636,24.59207563007034,63.36813186813187,132,4.808333333333334,10.596280080258047,1.083541666666667,116,576,2936,1.1116666666666668,5.1,11.027198506782842,52.585482276697384,98.0
c1cc(cc(c1)Br)C(=O)NN,588,220,558,4.718008036345565,12.790402402419335,21.594444701049685,4.612354312354313,7.078287776977237,2292,16534,1176,3302,6044,22.42296897146395,53.31651126651127,110,4.828571428571429,10.167437359412505,1.2023356009070294,100,468,2248,1.1777777777777778,5.0,10.44333307430656,46.723760875702,156.0
Brc1cc(Br)cc(Br)c1N,618,216,576,3.9098194114036255,11.3399167212896,19.512343021367197,3.798212898212898,6.14304195569432,2388,18468,1236,3672,6540,20.518929894842103,51.782167832167836,108,4.028571428571428,8.86741818692469,0.9034467120181406,96,472,2376,0.9311111111111112,4.266666666666667,9.210701925855117,43.68650279113103,121.0
COc1ccc(cc1[N+]([O-])=O)OC,784,272,736,5.541929434253757,15.009229656065374,25.412793328883055,5.387345987345986,8.278484164530607,3040,26048,1568,4846,8696,26.611220968094305,65.48977688977689,136,5.703571428571427,11.935204312378874,1.4992106009070298,120,576,2856,1.4105555555555558,5.9,12.308957384613453,55.55897793140569,71.0
Fc1ccc(cc1[N+](=O)[O-])[N+]([O-])=O,814,280,762,5.1804521493518925,14.744110765010726,25.46642071237372,5.061560661560661,8.063717911081469,3152,26342,1628,5030,8944,26.551617195295318,67.45088245088246,140,5.303571428571429,11.59468234407453,1.2025439342403632,124,608,3064,1.2366666666666668,5.6000000000000005,12.027198506782844,56.58548227669739,27.0
O=C(O)CCCCCCCCCCC(=O)O,488,240,480,7.598255458758336,18.470055721164044,29.86841046888556,7.563492063492063,10.64012991904632,1936,7936,976,2016,3904,30.132748487654013,59.492063492063494,120,7.633333333333333,15.098255458758336,1.9794444444444446,124,516,2164,1.7850000000000001,7.300000000000001,14.788854381999833,60.94427190999916,129.0
c1ccc(cc1)CN(Cc2ccccc2)Cc3ccccc3,1236,480,1224,9.874171803020412,27.344990978467827,47.876006225566144,9.848484848484846,15.3248784371902,4920,34224,2472,6540,12840,48.124663343612504,119.39393939393946,240,9.9,21.715032374349025,2.105,216,984,4536,2.460000000000001,10.799999999999999,22.733126291998985,101.6656314599949,93.0
CC(C(=O)O)S,186,84,170,2.465591117977289,6.1910151061678835,9.745966692414834,2.4,3.4608826567798667,712,3050,372,858,1460,10.262364471909153,20.0,42,2.533333333333333,4.992682649758251,0.6844444444444444,44,200,944,0.5555555555555556,2.333333333333333,4.816496580927726,20.898979485566358,11.0
CC(=O)Nc1ccccc1Cl,566,216,542,4.749204014043948,12.78664069494361,21.731308219225003,4.688544788544789,7.141193556052742,2216,15794,1132,3138,5800,22.277509394254405,52.75698745698745,108,4.811904761904763,10.196040060915708,1.130946712018141,100,464,2200,1.1255555555555556,4.933333333333334,10.394205344927391,46.78752330556467,87.0
c1ccc(cc1)C(=O)CCC(=O)O,626,248,602,5.717624321047266,15.216784170685726,25.73728493831625,5.658630258630258,8.537617076870353,2456,16126,1252,3334,6184,26.271155783526147,60.773226773226774,124,5.7785714285714285,12.168397861987815,1.3603911564625852,116,528,2456,1.3755555555555556,5.933333333333334,12.394205344927391,54.78752330556466,117.0
N#CCc1cccc(c1)CC#N,564,224,548,5.687476065191125,14.214646732940988,23.734272458371635,5.61010101010101,8.103192572707622,2224,15028,1128,2980,5688,24.271851676835265,55.0070707070707,112,5.766666666666667,11.567309726842169,1.6116666666666668,104,464,2120,1.4244444444444446,5.733333333333333,11.675964222758001,49.76101896027296,33.0
CC(=NO)C,102,56,96,2.3618073195657994,5.220947331236295,7.844591357607276,2.3095238095238093,3.035461254151183,396,1216,204,382,688,8.162772227887023,13.523809523809524,28,2.4166666666666665,4.361807319565799,0.7847222222222223,32,132,560,0.5522222222222222,2.0666666666666664,4.049127729379167,15.936237570137333,62.0
C1=CC=C2C(=C1)C=CC=C2[N+](=O)[O-],920,308,872,5.46371788473423,15.670985764168746,27.601102126145427,5.384188034188034,8.623185916775567,3584,33576,1840,5914,10704,28.408668129322237,74.87264957264958,154,5.545238095238096,12.329263851466115,1.192196712018141,132,640,3192,1.3616666666666666,6.100000000000002,13.027198506782845,60.585482276697384,62.0
c1cc(ccc1c2coc3cc(cc(c3c2=O)O)O)O,1614,516,1538,7.95392615002019,23.98695454162446,43.3505593283822,7.820435120435122,13.049653607244798,6304,63202,3228,10680,19572,44.67962935934477,125.60780885780886,258,8.094047619047622,18.67932425786766,1.6264743953136815,216,1084,5556,1.9527777777777775,9.16666666666667,20.026754814637794,97.21625697782751,300.0
c1cc(sc1)c2cccs2,622,228,602,4.426815475279745,12.448276758472446,21.838570297465413,4.396825396825397,6.924803789623113,2448,18826,1244,3570,6684,22.163325564393002,56.1111111111111,114,4.457142857142857,9.845495602055028,0.9424489795918369,100,464,2200,1.1255555555555556,4.9333333333333345,10.394205344927391,46.787523305564676,32.0
O=[N+]([O-])c1cc(cc([N+]([O-])=O)c1O)[N+]([O-])=O,1110,360,1036,6.234425844225845,17.964869334286337,31.254263563354456,6.0688644688644695,9.773087799881845,4292,41248,2220,7308,13012,32.777314391819125,86.41172161172162,180,6.4071428571428575,14.088474587297464,1.4650878684807263,156,784,4056,1.4727777777777775,6.766666666666668,14.660191668638296,70.3834412478301,122.0
CCCN(CCC)CCC,324,144,306,5.094128196276478,11.323709224352337,17.663405574774387,4.990909090909091,6.613669984025974,1260,6966,648,1584,2880,18.345445843446633,34.81363636363636,72,5.2,9.493448403088736,1.7400000000000004,72,300,1296,1.2816666666666667,4.699999999999999,9.147383188137503,35.808712710411996,-93.5
CN(C)c2ccc(/N=N/c1ccccc1C(=O)O)cc2,1244,444,1184,8.345488707390672,23.737735581875487,41.44407144659437,8.22851592851593,13.087851420726588,4856,37984,2488,7356,13376,42.56950629326988,108.19355089355092,222,8.46547619047619,18.701292058984347,1.8271017573696153,196,936,4576,2.0566666666666666,9.200000000000001,19.60490727078251,90.47402609669567,180.5
OC(C(=O)O)(c1ccccc1)c2ccccc2,1318,408,1200,7.018214738913203,20.171908242665403,35.22450761180967,6.877594627594629,11.024559435054018,5036,55344,2636,9606,16072,36.818515162151094,97.38522588522594,204,7.166666666666668,15.8433855813975,1.5718055555555557,172,864,4588,1.772448979591837,7.857142857142859,16.73992279305494,78.23518764138544,151.5
Oc1cc(Cl)ccc1,372,152,360,3.457519493328783,9.349885971192165,15.831652088062796,3.416161616161617,5.218503338084835,1464,8600,744,1864,3520,16.172736683825413,37.29797979797979,76,3.500000000000001,7.443333074306559,0.8027777777777778,72,328,1512,0.8200000000000001,3.6,7.577708763999664,33.88854381999832,33.0
CCCCCCCCCCCCCCCCCCO,524,272,520,9.787693700234705,22.55684422170004,35.878156862896226,9.742857142857146,13.200207210648403,2088,7888,1048,2044,4040,36.12393478896601,67.65714285714286,136,9.833333333333334,18.723614639131597,2.8194444444444446,140,548,2156,2.4444444444444446,9.333333333333334,18.309401076758505,70.92820323027551,61.0
Cc1ccc[n+](c1)[O-],372,152,360,3.4575194933287814,9.349885971192165,15.831652088062796,3.416161616161616,5.218503338084835,1464,8600,744,1864,3520,16.172736683825416,37.29797979797979,76,3.5000000000000004,7.443333074306559,0.8027777777777778,72,328,1512,0.8200000000000002,3.6000000000000005,7.577708763999665,33.88854381999832,38.0
CC1(C)CCCCC1,416,160,400,3.299659828522119,9.176477003079105,15.838367176906171,3.266666666666667,5.098736228887051,1632,10816,832,2240,4160,16.164965809277263,39.199999999999996,80,3.333333333333333,7.265986323710905,0.7222222222222223,76,372,1876,0.7711111111111112,3.4666666666666663,7.421847543855284,34.742230881131874,-33.0
CCSC,44,32,42,2.2996598285221186,4.161760458079524,5.919183588453085,2.2666666666666666,2.6053509629275577,172,306,88,124,228,6.082482904638631,7.800000000000001,16,2.333333333333333,3.723614639131598,0.9444444444444444,20,68,236,0.5694444444444444,1.833333333333333,3.309401076758503,10.928203230275509,-106.0
O=C1NC(=O)NC(=O)C1(CC)C(C)CCC,1306,376,1148,6.430070262189123,18.11263390576843,30.786319158546235,6.164085914085915,9.768945897816726,4908,58548,2612,10328,16360,33.300754844908404,87.5643106893107,188,6.716017316017316,14.249529143260109,1.7745090984052025,156,812,4488,1.6474489795918372,7.023809523809523,14.865820450741174,70.06237035722732,129.5
Oc1cccc(Cl)c1Cl,522,188,482,3.6211821562425532,10.333252463683175,17.551083308263113,3.5204351204351205,5.614567969461855,2008,14434,1044,3034,5292,18.478261136364434,44.92105672105672,94,3.728571428571428,8.10428835137957,0.8462244897959186,84,404,2004,0.8961111111111112,3.9666666666666663,8.421847543855286,38.742230881131874,56.0
BrCC,16,16,16,2.0,2.8284271247461903,4.0,2.0,2.0,64,64,32,32,64,4.0,4.0,8,2.0,2.82842712474619,1.0,12,36,108,0.4444444444444444,1.3333333333333333,2.309401076758503,6.928203230275509,-119.0
CCCCCCCCP(=O)(CCCCCCCC)CCCCCCCC,974,424,944,12.710069994525423,30.481155418506148,49.60241563185303,12.600999000999003,17.60083965922591,3836,22832,1948,4838,9088,50.406261790479284,104.36123876123875,212,12.821428571428573,25.04676959351748,3.6024659863945576,208,896,4012,3.163333333333333,12.400000000000002,24.808018548920852,101.56137925711191,52.0
O=[N+]([O-])c1cc(C=C)ccc1,588,220,560,4.725789630349413,12.776328377264399,21.623270824307244,4.626884226884228,7.086272701617463,2296,16600,1176,3302,6072,22.389666407722846,53.43830613830613,110,4.828571428571429,10.167437359412503,1.2023356009070296,100,468,2248,1.177777777777778,5.000000000000001,10.44333307430656,46.723760875702,-5.0
C#Cc1ccccc1,340,144,328,3.740079005990548,9.575725986796034,15.80387861924605,3.6828282828282832,5.402544386978885,1336,7504,680,1668,3128,16.204116243749795,35.26464646464646,72,3.8000000000000007,7.720706034577969,0.9933333333333334,68,296,1316,0.9622222222222221,3.8666666666666667,7.837982111378999,32.880509480136496,-45.0
CC1CC=CCC1,280,124,274,3.2108249704942384,8.343574419887329,13.911723633103334,3.188888888888889,4.719564740960328,1108,5574,560,1286,2472,14.09051347747691,30.638888888888886,62,3.2333333333333334,6.707845437689333,0.7661111111111112,60,260,1140,0.785,3.3,6.7888543819998315,28.94427190999916,-115.0
c1ccc2c(c1)cncc2Br,752,260,716,4.673694820767864,13.450795836935237,23.69290784796743,4.612598512598512,7.403783801599058,2936,25140,1504,4624,8424,24.316887265057705,63.37664557664557,130,4.736904761904763,10.574357495388384,0.9975439342403629,112,536,2632,1.1811111111111112,5.266666666666668,11.210701925855119,51.686502791131026,41.0
[O-][N+](=O)c2cc(cc1ccccc12)[N+]([O-])=O,1172,384,1120,6.500353721073484,18.8561650252084,33.51454531107843,6.396398046398047,10.347989022090635,4584,44868,2344,7608,14044,34.498004117353005,93.5716727716728,192,6.607142857142857,14.80363737522854,1.4217545351473928,164,812,4124,1.5772222222222223,7.233333333333335,15.632549469710403,74.4287336722629,147.0
N#CN,16,16,16,2.0,2.8284271247461903,4.0,2.0,2.0,64,64,32,32,64,4.0,4.0,8,2.0,2.82842712474619,1.0,12,36,108,0.4444444444444444,1.3333333333333333,2.309401076758503,6.928203230275509,44.0
CC1CCC2CC1C2(C)C,1012,288,938,3.578595888606674,11.569810721222787,21.48979668167548,3.4867815191344596,6.163934915346511,3900,45826,2024,7506,13140,22.534435614138193,69.00278936749525,144,3.6749999999999994,8.88231983766169,0.6814120370370371,116,632,3560,0.8671882086167803,4.3047619047619055,9.694917618964132,50.314800459822195,-53.0
Clc1cc(ccc1OC)NC(=O)N(C)C,862,312,816,6.17097433325563,17.203576259949767,29.403557804654003,6.020823620823621,9.447018618307766,3356,25088,1724,4956,9048,30.624893717411123,75.46153846153847,156,6.32857142857143,13.58812422150266,1.521780045351474,140,672,3308,1.5183333333333333,6.633333333333335,14.048684037234118,64.56701227126752,127.0
CN(C)c1ccc(cc1)C(=O)O,680,248,640,4.893961329325731,13.736655761964547,23.578126258614073,4.8,7.557439803951299,2640,19000,1360,3916,7000,24.43258573999979,59.99999999999999,124,4.9904761904761905,10.83817825181328,1.1268934240362816,112,536,2632,1.1811111111111112,5.2666666666666675,11.210701925855117,51.686502791131026,243.0
O=C(O)[C@@H]1CCC(=O)N1,496,184,474,3.6990718138600744,10.314542573747051,17.739320660020653,3.637995337995338,5.698654831387002,1940,14078,992,2792,5152,18.26777337032155,44.832750582750585,92,3.7619047619047623,8.154576762523867,0.8501133786848074,84,400,1944,0.8755555555555556,3.933333333333334,8.394205344927391,38.787523305564676,161.5
CC(C(=O)O)Oc1cccc(c1)Cl,678,260,652,5.410470165284249,14.988368089464398,25.645480235258514,5.324242424242424,8.294894750628776,2660,18024,1356,3646,6836,26.367964189547966,63.502525252525245,130,5.5,11.864019936396717,1.2472222222222222,120,564,2700,1.2855555555555558,5.733333333333335,12.183059726927226,55.73179521556382,115.0
CC(C)CC1CCCC1,410,168,400,4.021006096516587,10.57284900389242,17.87723381052507,3.9923520923520925,5.9681491860911455,1620,10032,820,2082,3976,18.124247784517536,41.45512265512265,84,4.050000000000001,8.4847963726984,0.9586111111111113,80,360,1640,0.945,4.1,8.577708763999665,37.88854381999832,-115.0
CCCCCCC(=O)C,234,120,228,4.4429745794965205,10.103118564603538,15.873283665890888,4.4031746031746035,5.909760924761707,924,3560,468,942,1796,16.128341638310005,29.574603174603176,60,4.483333333333333,8.410935048944967,1.3369444444444447,64,260,1072,1.0522222222222224,4.066666666666666,8.049127729379169,31.936237570137333,-16.0
CCOC(=O)c1cc(n[nH]1)C,592,220,566,4.806268505787399,12.760996979776397,21.661804721917523,4.720435120435121,7.133014524058169,2316,17226,1184,3350,6208,22.35063343056758,53.56550116550116,110,4.895238095238096,10.21656508879167,1.2545578231292522,100,468,2248,1.177777777777778,5.000000000000001,10.44333307430656,46.723760875702,82.0
O=C(N[C@@H](c1ccccc1)[C@@H](O)C(=O)O[C@H]5C[C@@]6(O)[C@@H](OC(=O)c2ccccc2)[C@H]4[C@@](C)([C@@H](O)C[C@H]3OC[C@]34OC(C)=O)C(=O)[C@H](OC(C)=O)C(=C5C)C6(C)C)c7ccccc7,6076,1716,5696,24.056758942103016,73.10946976972377,133.35147473258922,23.55853630373752,39.580929506890826,23544,325584,12152,47190,84472,138.8236510006916,413.7431148830533,858,24.58860028860027,56.858093767495596,5.074472778704376,692,3668,20264,5.879186507936505,27.78333333333332,61.184890348374246,305.2432328817497,214.5
Nc1ccc(Cl)cc1[N+]([O-])=O,658,232,618,4.444472637820684,12.544393099114469,21.583520180416233,4.35083805083805,6.882688616479644,2552,20514,1316,3974,7092,22.43165814929956,56.02722277722279,116,4.541666666666667,9.883438655857223,1.0302083333333334,104,504,2504,1.0561111111111112,4.7666666666666675,10.210701925855117,47.68650279113103,116.5
CCCC(N)C(=O)O,282,120,258,3.567391183541946,8.64705611352046,13.638121678557551,3.4717171717171715,4.8884595795372805,1080,5670,564,1416,2424,14.375967238182039,28.55909090909091,60,3.6666666666666674,7.054670976026057,1.0888888888888892,60,268,1248,0.8577777777777778,3.4,6.8656243103068935,28.83521705570369,303.0
O[C@H](c2ccnc1ccccc12)[C@@H]4C[C@@H]3CC[N@]4C[C@@H]3C=C,1896,596,1818,9.014318243998241,27.095562902063296,49.31734671906443,8.867970917970926,14.775741925515456,7428,77014,3792,12664,23528,50.71298421814022,145.48480408480407,298,9.167857142857148,21.135460968708998,1.898969671201814,244,1224,6292,2.3105555555555557,10.566666666666665,22.89237912494468,110.0514740335312,200.0
C(CCl)P(=O)(O)O,242,104,228,2.9946902598887433,7.306525676167844,11.799776208317985,2.9414141414141417,4.16411654682211,940,4920,484,1186,2124,12.208261379313997,25.187878787878784,52,3.0500000000000003,5.967158282493357,0.8752777777777779,56,272,1364,0.6427777777777779,2.7000000000000006,5.654478692306727,25.77948896570285,70.0
CCc3cc1cc(OC)c(OC)cc1c(Cc2ccccc2)n3,1660,556,1610,9.870773618061145,27.89240494032553,49.358512545012864,9.694350094350094,15.403675438703987,6540,61794,3320,10400,19772,50.669672001863795,136.339504939505,278,10.055952380952384,22.03838122087182,2.3962174036281176,236,1148,5720,2.533333333333334,11.0,23.329999222919668,108.17128262710597,78.0
Sc1ccccn1,280,124,274,3.2108249704942384,8.343574419887329,13.911723633103334,3.188888888888889,4.719564740960328,1108,5574,560,1286,2472,14.09051347747691,30.638888888888886,62,3.2333333333333334,6.707845437689333,0.7661111111111112,60,260,1140,0.785,3.3,6.7888543819998315,28.94427190999916,129.0
COc1cc(cc(OC)c1O)C(=O)O,906,304,848,5.783290920868894,16.00312502125754,27.273938172445515,5.596137196137196,8.750903656313517,3508,31340,1812,5708,10276,28.765755437912507,72.89463869463872,152,5.980952380952381,12.656471994408024,1.5593424036281185,132,648,3288,1.466111111111111,6.233333333333335,13.12545396554118,60.45795741697206,205.0
c1cc(c(cc1Cl)[N+](=O)[O-])O,658,232,618,4.444472637820684,12.54439309911447,21.583520180416237,4.350838050838051,6.882688616479642,2552,20514,1316,3974,7092,22.43165814929956,56.027222777222775,116,4.541666666666668,9.883438655857223,1.0302083333333336,104,504,2504,1.0561111111111112,4.7666666666666675,10.210701925855117,47.68650279113103,87.0
O=C(O)[C@@H](O)[C@H](O)C(O)=O,498,180,442,3.9003003684183577,10.656331109573058,17.356080437112585,3.7523809523809524,5.782561211017643,1880,13266,996,2970,4852,18.68346269932588,42.06666666666667,90,4.057142857142858,8.415170026192866,1.0291156462585038,84,408,2064,0.9166666666666667,3.9999999999999996,8.449489742783179,38.69693845669907,173.0
Oc1ccc(Cl)cc1C(=O)O,658,232,618,4.444472637820684,12.544393099114469,21.583520180416233,4.35083805083805,6.882688616479644,2552,20514,1316,3974,7092,22.43165814929956,56.02722277722279,116,4.541666666666667,9.883438655857223,1.0302083333333334,104,504,2504,1.0561111111111112,4.7666666666666675,10.210701925855117,47.68650279113103,171.0
c1ccc(cc1)c2c(c(=O)c3c(cc(cc3o2)O)O)O,1654,520,1572,7.997097994322805,24.010959818013742,43.27784697552199,7.847419247419251,13.051966292090052,6452,67296,3308,11150,20412,44.76395830444002,126.27819957819958,260,8.155952380952384,18.710364707323528,1.6782544406651552,216,1088,5616,1.9733333333333332,9.200000000000001,20.05439701356568,97.17096455339474,215.0
ICCI,44,32,42,2.2996598285221186,4.161760458079524,5.919183588453085,2.2666666666666666,2.6053509629275577,172,306,88,124,228,6.082482904638631,7.800000000000001,16,2.333333333333333,3.723614639131598,0.9444444444444444,20,68,236,0.5694444444444444,1.833333333333333,3.309401076758503,10.928203230275509,80.0
CC1=CC(=CC=C1)C(=O)O,528,200,504,4.193499004859991,11.549603637088424,19.71455262002028,4.126884226884227,6.399532632686661,2064,14428,1056,2920,5372,20.292695729821173,48.72163947163947,100,4.261904761904763,9.154576762523867,0.9751133786848076,92,432,2072,1.0005555555555556,4.433333333333334,9.39420534492739,42.787523305564676,110.0
Oc1ccc(C[C@H](NC(C)=O)C(=O)O)cc1,842,320,816,6.731047345739412,18.417999041583275,31.67165158630026,6.652181152181152,10.265602204905688,3316,23776,1684,4618,8744,32.336356089312616,78.57264402264404,160,6.811904761904761,14.639373135222266,1.558724489795919,148,696,3328,1.5705555555555557,7.033333333333335,14.971914108927058,68.676067125563,149.0
C1COCCN1CCO,376,160,366,4.3227666664322975,10.781381627494468,17.846470600113506,4.279797979797979,6.158148935359475,1484,8546,752,1844,3512,18.15670306235305,39.40252525252526,80,4.366666666666667,8.769833763957138,1.1705555555555558,76,328,1444,1.0872222222222225,4.366666666666667,8.837982111379002,36.88050948013649,2.0
O=C(O)c2cccc1ccccc12,920,308,872,5.463717884734229,15.67098576416875,27.601102126145427,5.384188034188035,8.623185916775572,3584,33576,1840,5914,10704,28.40866812932222,74.87264957264956,154,5.545238095238096,12.329263851466113,1.192196712018141,132,640,3192,1.3616666666666668,6.100000000000001,13.027198506782844,60.58548227669739,162.0
C[C@H](CCC(=O)O)[C@H]1CC[C@@H]2[C@@]1(CC[C@H]3[C@H]2C[C@@H]([C@H]4[C@@]3(CC[C@H](C4)O)C)O)C,2816,796,2638,10.62593781179023,32.951840838203275,60.83390663112481,10.41512147982736,17.791012103667136,10908,140990,5632,21470,38244,63.22360434673297,192.03072581013754,398,10.847222222222214,25.53775818338806,2.1507330246913585,320,1712,9488,2.581598639455782,12.442857142857138,27.655821561639154,140.22551886190976,198.0
CCCCCCCCCCCCCCCCCCCCCCC,652,336,648,11.787693700234705,27.455823707266383,43.878156862896226,11.742857142857146,16.028634335394585,2600,9936,1304,2556,5064,44.12393478896601,83.65714285714284,168,11.833333333333334,22.723614639131597,3.3194444444444446,172,676,2668,2.9444444444444446,11.333333333333334,22.309401076758505,86.92820323027551,49.0
CC(C(=O)O)Oc1ccccc1,586,232,564,5.160739052456592,13.987483364892288,23.708988562154804,5.09090909090909,7.792195730592022,2300,14756,1172,3068,5744,24.302373071570674,56.752525252525245,116,5.2333333333333325,11.12853229977949,1.2105555555555556,108,496,2328,1.2505555555555556,5.4333333333333345,11.394205344927393,50.787523305564676,118.0
Cc1ccc(C)c(OCCCC(C)(C)C(O)=O)c1,1060,380,996,7.144787418778055,20.453824078508006,35.32067886060571,6.996425796425798,11.186488635853443,4112,30656,2120,6178,11068,36.70964048157528,91.7648407148407,190,7.300000000000003,16.062557651961345,1.6000793650793648,172,848,4324,1.7119274376417235,7.752380952380955,16.64991244487332,78.39441327825894,61.0
c1ccc(cc1)C(=O)c2ccc(cc2)C(F)(F)F,1230,420,1162,7.200413888486176,21.130475974815134,37.446664678633475,7.094749694749699,11.564649008591987,4784,39874,2460,7590,13620,38.57599336459382,101.98705738705743,210,7.310714285714288,16.53924700590744,1.4952706916099774,184,916,4696,1.7469274376417239,8.052380952380954,17.43876682687315,83.33868518825807,118.0
C1=CC=C(C=C1)C2=CC=C(C=C2)C(=O)CCC(=O)O,1120,412,1080,8.155585414327179,22.745449059692273,39.625391315782394,8.07767787767788,12.646451701521059,4400,33228,2240,6392,11916,40.38463662891989,101.1065601065601,206,8.23571428571429,18.013893464042845,1.8028401360544222,184,864,4144,2.0011111111111113,8.86666666666667,18.788410689854782,85.57504661112932,186.0
c1cc(c(cc1N=C=O)Cl)Cl,586,220,560,4.771148517014444,12.753546739387593,21.64247480644213,4.679797979797979,7.108441712588932,2292,16244,1172,3242,6020,22.374421389972717,53.513636363636365,110,4.866666666666667,10.190520626047295,1.2400000000000002,100,468,2248,1.177777777777778,5.000000000000001,10.44333307430656,46.723760875702,42.0
c1ccc2c(c1)cc(cc2O)O,848,288,812,4.96469211229849,14.453300319951158,25.667933418681418,4.895038295038294,7.935280134833029,3320,29460,1696,5262,9720,26.343445405879734,70.32050727050726,144,5.036904761904762,11.337487330933504,1.0547661564625852,124,604,3004,1.2161111111111114,5.566666666666668,11.99955630785495,56.63077470113017,125.0
c1ccc2c(c1)C(=O)OC2=O,854,276,808,4.463708700471947,13.22683219229344,23.597475444055185,4.381257631257631,7.206919346332622,3324,32400,1708,5610,10168,24.419975889165187,66.91086691086691,138,4.55,10.330861587649633,0.9481944444444443,116,576,2936,1.1116666666666668,5.1000000000000005,11.027198506782844,52.585482276697384,132.0
c1ccc2c(c1)C(=O)NS2(=O)=O,1042,316,978,4.606805516794494,14.05674307957669,25.526273278679408,4.518427650780591,7.611191253495271,4040,44390,2084,7340,13104,26.492278392018665,76.31739420710011,158,4.698809523809524,10.919396532416231,0.9358054610733182,132,692,3744,1.1074829931972792,5.285714285714287,11.677554643801216,58.349120853826136,229.0
O=Cc1c2c(ccc1OC)cccc2,1014,332,956,6.05509397249142,16.92150848818527,29.409466998475924,5.910217560217561,9.305808329536914,3940,38520,2028,6658,12020,30.617197733570436,80.23364413364416,166,6.207142857142858,13.381029507987767,1.5361989795918372,140,680,3416,1.5911111111111114,6.733333333333334,14.125453965541181,64.45795741697204,84.0
CCCC(=O)OCC,228,108,214,3.982186500338419,8.885902016745197,13.728658607764213,3.9,5.175085789626827,884,3994,456,1026,1840,14.279256258570495,26.049999999999997,54,4.066666666666667,7.431460076820931,1.3355555555555558,56,232,992,0.9794444444444446,3.6333333333333337,7.098255458758336,27.87247514027467,-93.0
CCCCCCCCCCCCI,332,176,328,6.787693700234704,15.208374993350516,23.878156862896233,6.742857142857144,8.957566523529124,1320,4816,664,1276,2504,24.12393478896601,43.657142857142865,88,6.833333333333332,12.723614639131599,2.0694444444444446,92,356,1388,1.6944444444444446,6.333333333333332,12.309401076758505,46.9282032302755,-3.0
c1cc(ccc1C(=O)Cl)C(=O)Cl,680,248,640,4.893961329325729,13.736655761964544,23.578126258614073,4.799999999999999,7.5574398039513,2640,19000,1360,3916,7000,24.4325857399998,59.99999999999999,124,4.9904761904761905,10.83817825181328,1.1268934240362813,112,536,2632,1.1811111111111112,5.266666666666667,11.210701925855117,51.68650279113103,81.0
CC12CCC(C1)C(C)(C)C2O,1224,332,1122,3.6715386281372138,12.40392159669344,23.290301907288637,3.5442978590037404,6.504584505098086,4692,58682,2448,9406,16300,24.773741628306315,78.84004426945602,166,3.810714285714286,9.433290283661735,0.6838950302343163,132,752,4428,0.8835600907029479,4.523809523809525,10.372915954910395,56.033146612518166,48.0
CCCCCCCCCCCCCCCCCCCCCCCCCCCCC,844,432,840,14.787693700234705,34.80429293561589,55.878156862896226,14.742857142857146,20.271275022513866,3368,13008,1688,3324,6600,56.12393478896601,107.65714285714284,216,14.833333333333334,28.723614639131597,4.069444444444445,220,868,3436,3.6944444444444446,14.333333333333334,28.309401076758505,110.92820323027551,66.0
CCN(CC)c1ccc2c(c1)OC(=O)C=C2C,1222,404,1160,7.04333511525278,20.126516929507176,35.30045129047388,6.8678543678543695,11.010256968788637,4764,43848,2444,7768,14224,36.73066003561529,97.86984681984686,202,7.2273809523809565,15.835984312289687,1.732770691609977,172,848,4288,1.7861111111111114,7.833333333333337,16.703162729540846,78.34650123697034,70.0
CCCCNC(=O)N,202,104,196,3.9429745794965205,8.878373693211948,13.873283665890888,3.903174603174603,5.20265414357516,796,3048,404,814,1540,14.128341638310005,25.574603174603176,52,3.983333333333334,7.4109350489449675,1.2119444444444445,56,228,944,0.9272222222222223,3.566666666666667,7.049127729379168,27.936237570137333,95.0
C1=CC(=CC=C1[N+](=O)[O-])OC2=C(C=C(C=C2)C(F)(F)F)[N+](=O)[O-],1608,540,1530,8.980561751262782,26.52379551454955,47.31640385669325,8.840825840825847,14.500022860851978,6276,55022,3216,10056,18328,48.69974341119243,131.4497502497503,270,9.123809523809527,20.739084172475238,1.8736989795918368,236,1188,6128,2.1224829931972793,9.985714285714286,21.832972171800538,106.12620849382273,90.0
Cc2nc1ccccc1c(=O)n2c3ccccc3Cl,1564,492,1482,7.728746564037164,23.015186547638532,41.31561337518092,7.591055023407966,12.53727998299772,6092,64462,3128,10638,19344,42.718420830985714,119.37095176065769,246,7.873809523809524,17.964853076894453,1.6287915721844297,204,1020,5244,1.938333333333333,8.900000000000002,19.26554263156585,92.2266926433956,126.0
C1=CC(=CC=C1Cl)Cl,368,152,360,3.4327955589886447,9.31804722752556,15.87298334620742,3.4000000000000004,5.208946754575151,1456,8400,736,1804,3480,16.131182235954576,37.5,76,3.4666666666666672,7.415690875378665,0.7822222222222222,72,328,1512,0.8200000000000001,3.6000000000000005,7.577708763999665,33.88854381999832,55.0
CC1CNCC(C)O1,372,152,360,3.457519493328782,9.349885971192165,15.831652088062796,3.416161616161616,5.218503338084835,1464,8600,744,1864,3520,16.172736683825416,37.29797979797979,76,3.5000000000000004,7.443333074306559,0.8027777777777778,72,328,1512,0.8200000000000002,3.6000000000000005,7.577708763999665,33.88854381999832,-85.0
CC(C)(C)c1ccc(c(c1)O)O,790,268,742,4.492946986516893,13.34234979284493,23.546720236020985,4.398312798312798,7.2446238528777425,3064,25402,1580,4874,8704,24.471613451699675,64.72267732267733,134,4.591666666666665,10.403194577725264,0.9499305555555557,120,616,3252,1.031371882086168,4.919047619047619,10.833415863945593,53.49543379269258,55.0
C(c1c(c(c(c(c1F)F)F)F)F)O,1008,308,906,4.920218700821738,14.590603047368674,24.927488768798813,4.6761904761904765,7.727010004573772,3828,38338,2016,6952,11812,27.162453827605265,71.93333333333332,154,5.184523809523808,11.323985394052904,1.2835530045351478,128,660,3536,1.2605555555555559,5.5666666666666655,11.948107214945525,57.330114483535475,34.0
NC(=O)CS(=O)C(c1ccccc1)c2ccccc2,1184,416,1132,8.284906030187818,22.812949146899243,39.57097221012267,8.1984126984127,12.709223007592561,4632,41724,2368,7366,13480,40.44020174235041,101.71825396825402,208,8.373809523809525,18.11878786194322,1.8892082388510967,184,868,4204,2.021666666666667,8.899999999999999,18.816052888782675,85.52975418669654,164.0
Oc3cc4CC[C@@H]2[C@H](CC[C@@]1(C)[C@H]2C[C@@H](O)[C@@H]1O)c4cc3,2174,624,2052,7.88225987409452,25.232213216009217,47.124593610110345,7.719006483712368,13.533672474170396,8452,103148,4348,15990,28936,48.930937600179305,150.98258506199682,312,8.056349206349205,19.429929602723398,1.500977576215672,248,1320,7232,1.9649659863945579,9.571428571428573,21.355109287602424,108.69824170765223,282.0
O=C(C)Oc1ccccc1OC(C)=O,734,276,710,6.0993759380316135,16.23945417311998,27.74456340816923,6.042368742368743,9.127690377315608,2888,22326,1468,4170,7844,28.258936554504285,67.79291819291818,138,6.157142857142858,12.999035458669152,1.4630045351473926,128,596,2828,1.4105555555555556,6.233333333333334,13.183059726927224,59.73179521556382,64.0
c1cc2cccc3C=Cc(c1)c23,1048,332,1008,4.973153539366728,15.106931607022547,27.73556393609382,4.927777777777778,8.2632238138381,4112,42964,2096,7030,13028,28.267497555237515,81.40277777777777,166,5.01904761904762,11.768243403082543,0.9507105064247927,136,676,3436,1.2716666666666665,5.900000000000002,12.816052888782677,61.52975418669654,91.0
C=CCOC1=C(C=C(C=C1)CC(=O)O)Cl,786,296,758,6.625292270628564,17.423048724319237,29.660723203991278,6.541169941169941,9.80493265778485,3088,22790,1572,4402,8252,30.349442270828842,72.51290931290929,148,6.71190476190476,13.993516023800739,1.697057823129252,136,632,3004,1.5877777777777782,6.800000000000002,14.232187456306393,63.66803278570114,92.0
OC2(CCN(CCCC(=O)c1ccc(F)cc1)CC2)c3ccc(Cl)cc3,1780,616,1704,10.587606796323827,31.079799258070384,55.358896385611494,10.459657009657006,17.05719031746991,6968,58232,3560,10796,19840,56.66373836243749,150.59967809967813,308,10.720238095238093,24.33970873038683,2.1692106009070304,268,1316,6640,2.6224829931972793,11.98571428571428,25.83297217180053,122.12620849382272,148.0
O=C(OC)OC,156,76,142,2.8250385328673335,6.4597701020533895,9.682959799431588,2.7222222222222223,3.6734332763753335,596,2306,312,674,1152,10.333154164596193,17.97222222222222,38,2.9333333333333336,5.333204618062595,0.9811111111111112,40,168,736,0.7294444444444446,2.6333333333333333,5.098255458758334,19.87247514027467,1.0
Nc2nc1cc(Cl)ccc1o2,778,268,760,4.477836761377222,13.208285353538093,23.802387296503305,4.4330336330336335,7.264166035597191,3076,26636,1556,4658,8948,24.202331228381425,66.08158508158508,134,4.523809523809526,10.344113074217374,0.9113378684807258,116,568,2816,1.0705555555555557,5.033333333333335,10.971914108927058,52.67606712556298,184.0
CN(C)CC(=O)O,204,96,192,3.12589765768623,7.473378871701724,11.83713013733938,3.0857142857142854,4.28862684814117,792,3456,408,924,1632,12.16538667329339,23.314285714285717,48,3.166666666666667,6.12589765768623,0.875,52,228,1012,0.6599999999999999,2.8,5.7888543819998315,24.94427190999916,181.0
CC(=O)OC(C)CC,258,116,242,3.5988153566940535,8.694475133921566,13.720009195865215,3.5176046176046185,4.937606142007053,1000,4906,516,1216,2172,14.290382022119045,27.97279942279942,58,3.6833333333333336,7.097294956183026,1.071388888888889,60,264,1188,0.8372222222222223,3.366666666666667,6.8379821113790005,28.880509480136496,-99.0
CCCCCCC(CCCC)O,356,172,346,5.998518670728943,13.75399044210513,21.78988049599957,5.931746031746033,8.020277014997069,1404,6294,712,1538,2928,22.214448266442922,42.29603174603175,86,6.066666666666666,11.431460076820933,1.8355555555555558,88,360,1504,1.4794444444444448,5.633333333333333,11.098255458758338,43.87247514027466,-4.0
CCOc1cccc(c1)C(=O)O,624,236,598,5.3084772907911635,13.981984017962835,23.6658628051747,5.223853923853924,7.8418772499980545,2444,17642,1248,3478,6456,24.342253226326093,57.57618492618492,118,5.395238095238096,11.21656508879167,1.379557823129252,108,500,2376,1.3027777777777778,5.500000000000001,11.443333074306558,50.723760875702006,136.0
CS(C)=O,54,36,54,1.9999999999999998,3.9999999999999996,6.0,1.9999999999999998,2.4494897427831783,216,486,108,162,324,6.0,9.0,18,1.9999999999999998,3.464101615137755,0.6666666666666667,24,96,384,0.375,1.5,3.0,12.0,18.4
COc1cc(ccc1OC)C(C)=O,778,272,730,5.520050858617069,15.001350425271252,25.396812961099116,5.3617049617049615,8.261681318417464,3016,24750,1556,4720,8480,26.628429859235073,65.43822843822844,136,5.685714285714286,11.917586107262824,1.4914512471655335,120,576,2856,1.4105555555555556,5.9,12.308957384613453,55.5589779314057,51.0
COc1ccccc1c2ccccc2,882,312,842,6.238860991711515,17.138397396493346,29.613462792147295,6.1491064491064495,9.527052843092315,3448,29526,1764,5370,9840,30.399479405950764,76.12253302253303,156,6.332142857142858,13.613262555021398,1.489323979591837,136,636,3064,1.6083333333333334,6.833333333333334,14.259829655234284,63.622740361268356,30.0
CCN1CCOCC1,340,144,328,3.740079005990548,9.575725986796034,15.80387861924605,3.6828282828282832,5.402544386978885,1336,7504,680,1668,3128,16.204116243749795,35.26464646464646,72,3.8000000000000007,7.720706034577969,0.9933333333333334,68,296,1316,0.9622222222222221,3.8666666666666667,7.837982111378999,32.880509480136496,-63.0
Cn1ccnc1S,366,140,344,2.9008663092555333,8.105852954499264,13.72990490818363,2.8383838383838382,4.450062314167347,1420,9088,732,1978,3552,14.284195134990123,33.79797979797979,70,2.9666666666666663,6.393044663162263,0.673888888888889,64,300,1444,0.7155555555555556,3.1333333333333333,6.605350962927559,29.843251395565517,146.0
CCC(c1ccccc1)c2ccccc2,914,328,872,6.73628384517013,18.36751895708669,31.600907676352545,6.644444444444447,10.231137277277357,3572,29768,1828,5498,10048,32.414884880198656,80.04444444444447,164,6.832142857142859,14.613262555021397,1.6143239795918372,144,668,3192,1.7333333333333334,7.333333333333335,15.259829655234286,67.62274036126836,14.0
O=C1NC(=O)NC(=O)C1(CC)C2=CCCCC2,1466,428,1320,6.8348407058736065,20.010941325659303,34.977364634936784,6.6233301785933385,10.801980359513939,5572,67348,2932,11380,18684,37.09337290772677,101.28516089173989,214,7.062445887445888,15.631565498256737,1.6318262752759507,176,908,4940,1.755226757369615,7.757142857142857,16.605547103361836,79.07040469708913,172.5
c1ccc2c(c1)c(c[nH]2)CCC(=O)O,916,320,884,5.9993383822864415,16.871360280607732,29.747045826109705,5.95054945054945,9.380772569263184,3600,31532,1832,5596,10432,30.256715376766387,78.61098901098899,160,6.048809523809524,13.349710694213934,1.3090462018140594,140,668,3260,1.4661111111111114,6.566666666666668,13.99955630785495,64.63077470113016,134.0
C1(CCC1)C,216,92,210,2.210824970494238,5.89408467710415,9.911723633103335,2.188888888888889,3.305351178587233,852,4550,432,1030,1960,10.090513477476907,22.638888888888886,46,2.2333333333333334,4.707845437689332,0.5161111111111111,44,196,884,0.5349999999999999,2.3000000000000003,4.7888543819998315,20.94427190999916,-161.51
Cc1ncc([N+]([O-])=O)n1CCO,766,256,712,5.089601244517162,13.764822739612546,23.463940989777488,4.966872016872017,7.616515494915967,2956,27520,1532,4988,8776,24.554818573488465,61.42322677322679,128,5.216666666666667,10.964845701585533,1.3426388888888892,112,544,2740,1.253888888888889,5.366666666666665,11.28747185416218,51.57744793683557,160.0
Fc1c(c(F)c(F)c(F)c1F)C(=O)c2ccccc2,1522,472,1404,7.373665652204524,22.137716107302953,38.87040726652206,7.134126984126987,11.869593045411982,5852,60640,3044,10436,18340,41.222167764503666,112.38055555555559,236,7.6333333333333355,17.190209930331356,1.667275132275133,196,996,5236,1.8544444444444446,8.466666666666669,18.32082702942164,88.13610779453,37.5
CC(C)(C)c1cc(cc(c1O)C(C)(C)C)CN(C)C,1416,444,1326,7.041489090680884,20.872442260856886,37.31614025551432,6.90952380952381,11.36914407385248,5484,56502,2832,9732,17220,38.70890780763152,107.20714285714287,222,7.178571428571429,16.30616516448223,1.5033541194255482,196,1036,5620,1.5277437641723361,7.538095238095241,16.877977345891356,86.046595675386,91.0
ClCc1ccccc1,340,144,328,3.740079005990548,9.575725986796034,15.80387861924605,3.6828282828282832,5.402544386978885,1336,7504,680,1668,3128,16.204116243749795,35.26464646464646,72,3.8000000000000007,7.720706034577969,0.9933333333333334,68,296,1316,0.9622222222222221,3.8666666666666667,7.837982111378999,32.880509480136496,-43.0
CCCCOc1ccc(CC(=O)NO)cc1,744,300,726,7.3360021651521405,18.865014365429186,31.686730493282845,7.242135642135641,10.674797081842664,2940,18942,1488,3834,7364,32.32369748063323,73.86139971139971,150,7.433333333333336,15.226027435152336,1.9505555555555556,140,628,2876,1.834444444444445,7.533333333333335,15.464818604757836,66.70529087027211,153.0
CC(C)(C)C=C,202,88,190,2.3740963185335495,6.095232282131342,9.769863745809943,2.3047619047619046,3.3883844780521306,784,3850,404,950,1720,10.250977901367298,21.190476190476186,44,2.45,4.890388354186294,0.6775,48,240,1236,0.5177777777777778,2.2,4.654478692306725,21.779488965702853,-115.0
CCCCCCCCCCCCCCCCCCCCCCCC,684,352,680,12.287693700234705,28.68056857865797,45.878156862896226,12.242857142857146,16.73574111658113,2728,10448,1368,2684,5320,46.12393478896601,87.65714285714284,176,12.333333333333334,23.723614639131597,3.4444444444444446,180,708,2796,3.0694444444444446,11.833333333333334,23.309401076758505,90.92820323027551,51.0
CC2(C)C(=O)C1(C)CCC2C1,1224,332,1122,3.6715386281372147,12.403921596693438,23.290301907288633,3.544297859003741,6.504584505098085,4692,58682,2448,9406,16300,24.77374162830631,78.84004426945604,166,3.810714285714286,9.433290283661734,0.6838950302343161,132,752,4428,0.883560090702948,4.523809523809525,10.372915954910397,56.03314661251816,5.0
CCOc1ccc(cc1)O,464,188,452,4.544737254926704,11.755854435132699,19.807730313217593,4.490909090909092,6.647530948974297,1832,11372,928,2362,4520,20.19737182083072,46.26363636363636,94,4.600000000000001,9.47767920164647,1.1866666666666672,88,396,1816,1.1222222222222222,4.666666666666667,9.626836493378834,41.824781390135655,66.0
CC(C)(C)c1cc(cc(c1O)C(C)(C)C)C(=O)O,1410,432,1312,6.466610922566188,19.619407523498666,35.23073324951573,6.315384615384616,10.593744066226195,5444,57404,2820,9864,17316,36.79765401730223,103.8064102564103,216,6.623809523809524,15.240457917690472,1.3581897203325781,188,1008,5552,1.4232993197278914,7.071428571428574,15.905619544819249,82.00130325095321,208.0
O=S(=O)(OCC)OCC,364,144,336,4.0589654510319075,9.740451566132908,15.609603343234424,3.9555555555555553,5.541799317779769,1400,8928,728,1980,3456,16.407606496396546,34.400000000000006,72,4.166666666666666,7.9896009628425055,1.2916666666666667,72,344,1728,0.9655555555555555,3.8000000000000003,7.731248620613789,33.67043411140739,-24.0
CC(C)Nc1cccnc1N2CCN(CC2)C(=O)c4cc3cc(NS(C)(=O)=O)ccc3[nH]4,2402,800,2328,12.868506211512,38.248921329071486,69.3812164596857,12.747397047397039,21.01036508966271,9460,87260,4804,15022,28356,70.64008961572654,196.68519258519254,400,12.99404761904761,29.920896963662585,2.5801516439909293,344,1720,8744,3.0583333333333336,14.499999999999982,31.787523305564644,154.8365960133897,226.0
COc1ccccc1C=O,530,196,494,4.526407388888565,11.815224001343175,19.538886858427635,4.4018759018759015,6.568701676890489,2048,15206,1060,3086,5452,20.481912672417288,47.07070707070707,98,4.657142857142857,9.47085478242829,1.282448979591837,88,404,1924,1.195,4.766666666666667,9.703606421685894,41.715726535840176,38.0
CC(CC)CCCCC,256,124,244,4.411778601798138,10.10688027207926,15.73642014771558,4.326984126984127,5.8468551456862015,1000,4300,512,1106,2040,16.273801215519555,30.134126984126983,62,4.5,8.382332347441762,1.4083333333333334,64,264,1120,1.1044444444444446,4.133333333333333,8.098255458758334,31.87247514027467,-108.0
CCCCNC(=S)NCCCC,356,172,346,5.998518670728943,13.75399044210513,21.78988049599957,5.931746031746033,8.020277014997069,1404,6294,712,1538,2928,22.21444826644292,42.29603174603175,86,6.066666666666667,11.431460076820933,1.8355555555555558,88,360,1504,1.4794444444444448,5.633333333333333,11.098255458758338,43.87247514027466,66.0
COc1cc(ccc1O)O,556,204,526,4.220383697669718,11.560934367087027,19.603495515068197,4.117404817404818,6.373649552765332,2164,15950,1112,3174,5780,20.415555594032934,49.339743589743584,102,4.328571428571429,9.167437359412505,1.0773356009070298,92,436,2120,1.0527777777777778,4.500000000000001,9.443333074306558,42.723760875702006,89.0
c1cc(sc1)C(=O)O,404,156,382,3.4414078556627796,9.328133815715232,15.764295089306664,3.388888888888889,5.186704484461854,1572,10362,808,2214,3976,16.241215229499517,37.888888888888886,78,3.4952380952380957,7.419089125906641,0.8134467120181408,72,332,1572,0.8405555555555556,3.6333333333333333,7.605350962927558,33.84325139556552,128.0
[O-][N+](=O)c1cccc2cccc([N+]([O-])=O)c12,1224,388,1154,6.518860803957805,18.894384310661714,33.4019389588909,6.395801910507792,10.338737614838353,4756,51374,2448,8402,15152,34.61362047948272,93.87600553041729,194,6.645238095238095,14.825605176345242,1.4464559712774003,164,816,4184,1.5977777777777775,7.266666666666669,15.660191668638296,74.38344124783008,171.5
CCCCC(=O)c1ccccc1,564,224,540,5.556770632785366,14.208632434424539,23.717390095321214,5.487201687201687,8.04365978981814,2208,14660,1128,3028,5576,24.291671293681762,54.744655344655335,112,5.628571428571428,11.481077452174443,1.4678911564625854,104,464,2132,1.392777777777778,5.7,11.654478692306727,49.77948896570285,-9.0
C1(=O)C(CC)(CC(=C)C)C(=O)NC(=S)N1,1158,348,1046,5.901879905124293,16.899080237266723,29.055762549539406,5.693128440187263,9.129884672938621,4408,49614,2316,8568,14316,31.009305209243802,82.15991165697051,174,6.1261904761904775,13.25154611463109,1.5074319727891157,148,768,4180,1.4399659863945582,6.404761904761907,13.771687547271195,66.20574560552672,160.0
O=[N+]([O-])c1cc(C#N)ccc1,588,220,560,4.725789630349413,12.776328377264399,21.623270824307244,4.626884226884228,7.086272701617463,2296,16600,1176,3302,6072,22.389666407722846,53.43830613830613,110,4.828571428571429,10.167437359412503,1.2023356009070296,100,468,2248,1.177777777777778,5.000000000000001,10.44333307430656,46.723760875702,117.0
CC(=O)c1cccs1,404,156,382,3.441407855662781,9.328133815715232,15.76429508930666,3.3888888888888893,5.1867044844618535,1572,10362,808,2214,3976,16.241215229499513,37.888888888888886,78,3.4952380952380953,7.41908912590664,0.8134467120181407,72,332,1572,0.8405555555555555,3.6333333333333333,7.605350962927559,33.84325139556552,10.0
c1ccc(cc1)C(=O)Oc2cccc(c2)O,928,348,900,6.891683529332407,19.340645069080097,33.694137707904495,6.823853923853925,10.73460612941106,3656,26376,1856,5130,9700,34.31607224111148,85.56507381507383,174,6.961904761904764,15.290426412545106,1.5012244897959184,156,728,3456,1.695555555555556,7.533333333333335,15.971914108927058,72.67606712556295,132.0
CC(=O)n1ccnc1,404,156,382,3.441407855662781,9.328133815715232,15.76429508930666,3.3888888888888893,5.1867044844618535,1572,10362,808,2214,3976,16.241215229499513,37.888888888888886,78,3.4952380952380953,7.41908912590664,0.8134467120181407,72,332,1572,0.8405555555555555,3.6333333333333333,7.605350962927559,33.84325139556552,101.0
C1=CC=C2C(=C1)C3=CC=CC=C3C2=O,1252,384,1194,5.774723710364017,17.345507025039527,31.55866349710879,5.691880341880344,9.464932104962996,4892,55026,2504,8712,16036,32.46286416648332,93.52649572649574,192,5.861904761904764,13.531593139336257,1.1798356009070297,156,784,4056,1.4727777777777775,6.766666666666668,14.660191668638296,70.3834412478301,83.0
Cc1cc2ncccc2cc1,714,256,694,4.68447943347704,13.434685516504272,23.8135958681794,4.645931845931846,7.436754136548264,2816,22542,1428,4148,7860,24.189883705215028,63.05497280497279,128,4.723809523809525,10.580983238672255,0.9791156462585038,112,532,2572,1.1605555555555558,5.233333333333334,11.183059726927222,51.73179521556382,36.5
C1C2=CC=CC=C2OC3=CC=CC=C31,1060,360,1036,5.946956560690766,17.532150602836506,31.814866541659704,5.913308913308914,9.678127058348881,4192,37740,2120,6492,12424,32.18709976242178,88.95726495726498,180,5.980952380952382,13.746275601965841,1.176009070294785,152,736,3632,1.5011111111111113,6.866666666666669,14.788410689854784,69.57504661112932,101.0
c1cc(oc1)C(C(=O)c2ccco2)O,934,324,882,5.871115607652286,16.89661699508749,29.50463085343009,5.768253968253969,9.258759821340165,3632,30194,1868,5682,10268,30.527683369112847,78.51111111111112,162,5.98095238095238,13.267982978489641,1.2871201814058961,140,672,3320,1.4866666666666668,6.6000000000000005,14.027198506782844,64.58548227669738,138.0
CC(=O)NCCCCCC(=O)O,360,176,352,5.598255458758336,13.57107623559768,21.868410468885557,5.563492063492063,7.811702794300126,1424,5888,720,1504,2880,22.132748487654013,43.492063492063494,88,5.633333333333333,11.098255458758336,1.4794444444444446,92,388,1652,1.2850000000000001,5.3,10.788854381999831,44.94427190999916,104.0
O=Cc1ccc(O)cc1,428,172,414,3.962049594484955,10.550198794434266,17.765138332350134,3.893939393939395,5.891926400593708,1684,10330,856,2186,4136,18.244785002227463,42.125757575757575,86,4.033333333333335,8.428551472267303,1.0094444444444448,80,364,1688,0.9972222222222222,4.166666666666667,8.626836493378832,37.824781390135655,118.0
C(C#N)C(=O)N,138,72,130,2.934808494301258,6.444329480531981,9.842672721773212,2.887301587301587,3.7800585308900394,536,1898,276,558,996,10.160745634373795,17.4515873015873,36,2.9833333333333334,5.4109350489449675,0.9619444444444445,40,164,688,0.6772222222222222,2.5666666666666664,5.049127729379167,19.936237570137333,120.0
Oc1cc(O)ccc1CCCCCC,688,268,662,6.3120745546131065,16.423945838438456,27.6786498084253,6.231646131646132,9.259694570928334,2700,18602,1376,3734,6960,28.33234005215943,65.60576645576644,134,6.395238095238096,13.216565088791672,1.629557823129252,124,564,2632,1.552777777777778,6.5,13.44333307430656,58.72376087570201,65.0
CC(C1=CC(=C(C=C1)C2=CC=CC=C2)F)C(=O)O,1220,416,1154,7.387128320313084,21.31474189654452,37.37009837101132,7.253479853479854,11.674932674356148,4748,41106,2440,7570,13708,38.65969397189105,100.8614163614164,208,7.527380952380953,16.732332508440226,1.628881802721089,180,876,4380,1.8272222222222223,8.233333333333334,17.632549469710405,82.42873367226288,114.0
Cc1cccc(c1)C,372,152,360,3.4575194933287814,9.349885971192165,15.831652088062796,3.416161616161616,5.218503338084835,1464,8600,744,1864,3520,16.172736683825416,37.29797979797979,76,3.5000000000000004,7.443333074306559,0.8027777777777778,72,328,1512,0.8200000000000002,3.6000000000000005,7.577708763999665,33.88854381999832,-47.0
Clc1ccc(NC(C)=O)cc1,530,212,518,4.7429766850109925,12.772066682922242,21.838493523629154,4.703463203463204,7.164637980892515,2096,13370,1060,2728,5240,22.164916542995208,52.316233766233765,106,4.783333333333333,10.192641810387732,1.0997222222222225,100,460,2140,1.105,4.9,10.366563145999498,46.83281572999748,178.0
c1cc(ccc1N=C=S)[N+](=O)[O-],620,236,592,5.275320140095246,13.965158702352191,23.660301769420915,5.1909090909090905,7.8217774736623715,2424,16672,1240,3418,6280,24.34807357285333,57.513636363636365,118,5.3619047619047615,11.188922889863779,1.3590022675736964,108,500,2376,1.3027777777777778,5.500000000000001,11.44333307430656,50.723760875702006,108.0
CCCC=CCC,140,80,136,3.787693700234704,7.85990576500098,11.878156862896233,3.7428571428571424,4.714925836409837,552,1744,280,508,968,12.123934788966011,19.657142857142855,40,3.8333333333333335,6.723614639131599,1.3194444444444444,44,164,620,0.9444444444444444,3.3333333333333335,6.309401076758503,22.92820323027551,-137.0
c1ccccc1,192,96,192,3.0,7.348469228349535,12.0,3.0,4.2426406871192865,768,3072,384,768,1536,12.0,24.0,48,3.0,6.0,0.75,48,192,768,0.75,3.0,6.0,24.0,5.5
CC(=O)Nc1ccc(cc1F)Cl,658,244,632,5.004507935871687,13.77720922756594,23.692567932329084,4.932989232989233,7.650121555976387,2580,19224,1316,3716,6928,24.318178152732074,59.61809856809857,122,5.078571428571429,10.931527697532935,1.1676133786848077,112,532,2572,1.1605555555555558,5.233333333333334,11.183059726927224,51.73179521556383,156.0
C1=CC(=CN=C1)C(=O)O,436,172,414,3.9414078556627796,10.552878687106821,17.764295089306664,3.888888888888889,5.893811265648402,1700,10874,872,2342,4232,18.24121522949952,41.888888888888886,86,3.9952380952380957,8.419089125906641,0.9384467120181408,80,364,1700,0.9655555555555556,4.133333333333333,8.605350962927558,37.84325139556552,236.6
Clc1cc2c(cc1Cl)C(=O)OC2=O,1068,336,1016,4.956985288210045,15.194753629339374,27.4604188815428,4.837301587301588,8.191507947914191,4168,42176,2136,7068,13040,28.56818514289334,81.42857142857143,168,5.083333333333333,11.779190648667683,1.0381944444444446,140,716,3740,1.2022222222222223,5.733333333333335,12.632549469710403,62.4287336722629,186.0
O=[N+]([O-])c1ccc(cc1)C(C)=O,680,248,640,4.893961329325731,13.736655761964547,23.578126258614073,4.8,7.557439803951299,2640,19000,1360,3916,7000,24.43258573999979,59.99999999999999,124,4.9904761904761905,10.83817825181328,1.1268934240362816,112,536,2632,1.1811111111111112,5.2666666666666675,11.210701925855117,51.686502791131026,80.0
CCC(C)(C)C(=O)O[C@H]1C[C@H](C=C2[C@H]1[C@H]([C@H](C=C2)C)CC[C@@H]3C[C@H](CC(=O)O3)O)C,2276,740,2170,11.774094038705632,35.162128888083444,62.92826870938414,11.530754213107151,19.108527719508068,8892,86166,4552,14716,27128,65.1298158193481,179.8697224344283,370,12.03214285714285,27.413583990883172,2.539773715041572,316,1600,8296,2.8558163265306127,13.319047619047613,29.092801827034805,141.74894885509107,136.0
CCC(=O)C(CC(C)N1CCOCC1)(c2ccccc2)c3ccccc3,2010,628,1870,11.116684734706839,31.439375838285148,55.02022246331168,10.919731730258041,17.304655848697816,7760,90546,4020,14630,25408,57.02233507098143,151.4667975299555,314,11.323160173160169,24.804196842901387,2.5756287129176743,264,1304,6768,2.8457823129251705,12.390476190476187,26.210898066289392,120.91365609265459,75.0
CC=C(C)CC,156,76,142,2.825038532867334,6.4597701020533895,9.682959799431586,2.7222222222222228,3.6734332763753335,596,2306,312,674,1152,10.333154164596193,17.972222222222218,38,2.933333333333333,5.333204618062595,0.981111111111111,40,168,736,0.7294444444444443,2.6333333333333333,5.098255458758334,19.87247514027467,-135.0
CC(C)c1ccc(C)cc1O,658,232,614,4.440210230905931,12.551849385663749,21.558332173908862,4.342513042513042,6.877193908914121,2544,19898,1316,3974,6992,22.458096642059708,55.86938061938062,116,4.541666666666667,9.883438655857223,1.0302083333333334,104,504,2504,1.0561111111111114,4.7666666666666675,10.210701925855117,47.686502791131026,49.0
Nc3ncnc2c3ncn2[C@@H]1O[C@H](CO)[C@@H](O)[C@H]1O,1684,512,1590,7.512252979106124,22.776740552777774,41.11507885160116,7.317565767565771,12.293197055034437,6548,71554,3368,11656,21224,42.937337682581216,123.60503940503938,256,7.719047619047623,17.702428749276734,1.6633956916099777,208,1064,5596,1.921111111111111,8.800000000000002,19.131166941872753,93.06190969909927,234.0
CCOc1cccc(c1)OCC,564,224,548,5.687476065191125,14.214646732940988,23.734272458371635,5.61010101010101,8.103192572707622,2224,15028,1128,2980,5688,24.271851676835265,55.0070707070707,112,5.766666666666667,11.567309726842169,1.6116666666666668,104,464,2120,1.4244444444444446,5.733333333333333,11.675964222758001,49.76101896027296,11.0
COc1ccc(cc1OC)Cc2c3cc(c(cc3ccn2)OC)OC,1846,608,1768,10.618372041263159,30.125393831211788,53.063191708440314,10.369341769341775,16.54350397239302,7228,68364,3692,11758,21884,54.97821113655814,147.9719058719059,304,10.87976190476191,23.760887769794248,2.664777494331066,256,1256,6328,2.766111111111112,11.9,25.19562353322656,117.00649968280966,147.0
CCCC#CCC,140,80,136,3.787693700234704,7.85990576500098,11.878156862896233,3.7428571428571424,4.714925836409837,552,1744,280,508,968,12.123934788966011,19.657142857142855,40,3.8333333333333335,6.723614639131599,1.3194444444444444,44,164,620,0.9444444444444444,3.3333333333333335,6.309401076758503,22.92820323027551,-131.0
CC(C)C1CC1,265,110,248,2.7144405115864814,7.15941319129513,11.783885325588379,2.663636363636364,3.9892540967825223,1026,5516,530,1333,2356,12.221981184778818,26.55454545454545,55,2.7666666666666666,5.721086196270715,0.6755555555555556,50,218,998,0.7777777777777779,3.0,5.971197119306979,24.363081100704115,-113.0
c1ccc(cc1)c2ccc(cc2)C(=O)c3ccccc3,1336,472,1284,8.586926634745929,24.650601508569675,43.55970695291391,8.501587301587303,13.614829992505436,5240,42636,2672,7940,14720,44.45898531214668,115.64444444444447,236,8.67619047619048,19.402234892327357,1.8072335600907037,204,968,4704,2.1816666666666666,9.700000000000003,20.60490727078251,94.47402609669567,101.0
ClC(Cl)C(F)(F)OC,408,144,358,2.9778619214497843,8.269016257365768,13.392718170920542,2.828615828615828,4.427358123077697,1532,10610,816,2460,3952,14.648158013194287,33.33383283383284,72,3.138095238095238,6.492837273994214,0.8421882086167802,68,352,1928,0.7285941043083901,3.085714285714286,6.515980447325266,30.598855632832453,-35.0
CC(O)CCCCCCCCCCCCCC,490,248,484,8.44297457949652,19.90107753573625,31.87328366589089,8.403174603174604,11.566615174254087,1948,7656,980,1966,3844,32.128341638310005,61.57460317460318,124,8.483333333333333,16.410935048944967,2.3369444444444443,128,516,2096,2.0522222222222224,8.066666666666666,16.04912772937917,63.93623757013733,47.0
c1ccc(cc1)CSC#N,408,176,400,4.830932751627559,11.990680968782844,19.877081544231185,4.795670995670997,6.873637766858047,1616,9184,816,1972,3800,20.12429906628926,43.525541125541125,88,4.866666666666667,9.769833763957138,1.2955555555555556,84,360,1572,1.2122222222222223,4.866666666666666,9.837982111379,40.88050948013649,42.0
c1cc(cnc1)CN,340,144,328,3.740079005990548,9.575725986796037,15.80387861924605,3.6828282828282837,5.402544386978886,1336,7504,680,1668,3128,16.204116243749798,35.26464646464647,72,3.8,7.720706034577969,0.9933333333333334,68,296,1316,0.9622222222222223,3.866666666666667,7.8379821113790005,32.880509480136496,-21.0
ClC1=CC(=NCl)C=C(Cl)C1=O,678,236,634,4.445146626886159,12.56121463473285,21.437624443798402,4.304273504273504,6.833542447537372,2624,20882,1356,4054,7284,22.599268484372555,56.5897435897436,118,4.595238095238095,9.880278783813328,1.130668934240363,104,508,2552,1.1083333333333334,4.833333333333334,10.259829655234284,47.62274036126837,67.0
CC(c1ccccc1)c2ccccc2,842,308,806,6.148965541466016,17.121936619563147,29.67160057544775,6.082539682539683,9.505995367854736,3296,25534,1684,4882,8988,30.345504466752924,75.31111111111112,154,6.219047619047619,13.556739290272336,1.3647845804988665,136,632,3016,1.5561111111111112,6.766666666666667,14.210701925855117,63.68650279113102,-18.0
c1cc(c(cc1[N+](=O)[O-])C(=O)O)C(=O)O,982,328,918,5.9704752133182595,16.964300692244237,29.37461499055172,5.833150183150182,9.283120026257977,3800,34778,1964,6320,11224,30.643398059559853,78.94688644688644,164,6.111904761904762,13.349588700152264,1.397196712018141,144,712,3624,1.4172222222222222,6.4333333333333345,13.84369508771057,65.48446176226375,163.0
C=CCCCCCCCCCCCCCCCCCC,556,288,552,10.287693700234705,23.781589093091625,37.878156862896226,10.242857142857146,13.907313991834949,2216,8400,1112,2172,4296,38.12393478896601,71.65714285714284,144,10.333333333333334,19.723614639131597,2.9444444444444446,148,580,2284,2.5694444444444446,9.833333333333334,19.309401076758505,74.92820323027551,29.0
Oc2cccc1Cc3cccc(O)c3C(=O)c12,1506,460,1422,6.743969066335042,20.571624004401308,37.32680597864267,6.609324009324011,11.135397400163082,5856,64350,3012,10526,18996,38.70564891406309,111.37661227661225,230,6.885714285714284,15.977426152362494,1.3833030990173856,188,956,4988,1.6883333333333328,7.900000000000004,17.265542631565854,84.22669264339557,181.0
N#Cc1ccccc1N,464,176,434,3.9627197394724236,10.57452560905521,17.628469944354205,3.8682983682983685,5.861699205840182,1796,12234,928,2596,4604,18.3889974532109,42.3958818958819,88,4.061904761904762,8.431949722795277,1.040668934240363,80,368,1748,1.017777777777778,4.2,8.654478692306725,37.779488965702846,48.0
CC(=O)c1cccc(c1)OC,588,220,560,4.7257896303494125,12.776328377264402,21.623270824307234,4.6268842268842265,7.086272701617465,2296,16600,1176,3302,6072,22.389666407722835,53.43830613830614,110,4.828571428571427,10.167437359412503,1.2023356009070296,100,468,2248,1.177777777777778,5.0,10.44333307430656,46.723760875701984,-7.0
O=[N+]([O-])c1cc(N)ccc1N,658,232,618,4.4444726378206845,12.544393099114473,21.583520180416237,4.3508380508380515,6.8826886164796415,2552,20514,1316,3974,7092,22.431658149299558,56.027222777222775,116,4.541666666666668,9.883438655857223,1.0302083333333334,104,504,2504,1.0561111111111112,4.7666666666666675,10.210701925855117,47.686502791131026,138.5
Cc1cccc(c1)c2cc(C)ccc2,870,316,846,5.930997773674166,16.89121640121883,29.739085358892655,5.8728160728160725,9.350460086072728,3432,26958,1740,4982,9476,30.26628656503631,77.77661227661231,158,5.9904761904761905,13.316470875289479,1.2657823129251704,140,664,3200,1.445555555555556,6.533333333333335,13.971914108927058,64.67606712556297,7.0
COc1ccc(cc1)C=Nc2ccccc2,856,336,838,7.130969236011216,19.542509226553452,33.754188964813316,7.064646464646463,10.918047118013073,3388,22054,1712,4464,8588,34.25401250886346,82.99191919191921,168,7.200000000000003,15.536758923360647,1.6400000000000001,152,692,3200,1.8172222222222225,7.766666666666668,16.2045452573785,71.71332521013395,65.0
c1ccc(c(c1)C(=O)O)OP(=O)(O)O,842,296,802,5.630417999931634,15.859721844535823,27.64270108450317,5.556654456654457,8.769674871041858,3288,27786,1684,5128,9348,28.3656488299626,72.16324786324789,148,5.705952380952383,12.52453262570475,1.2486380385487532,136,676,3436,1.2716666666666667,5.900000000000001,12.816052888782677,61.52975418669652,164.0
c1c(cc(c(c1Cl)Cl)Cl)[N+](=O)[O-],774,264,724,4.651195549297501,13.530047785862623,23.425572629078836,4.51965811965812,7.330854020209899,2996,24824,1548,4728,8484,24.608146234811013,63.379487179487185,132,4.79047619047619,10.578661875141998,1.0757823129251705,116,576,2936,1.1116666666666668,5.1,11.027198506782842,52.585482276697384,70.0
CCCCCCCCOc1ccc(c(c1)O)C(=O)c2ccccc2,1352,500,1298,10.7742931799083,28.88042830976899,49.46911896832595,10.655599955599953,16.187270734497027,5300,41690,2704,7840,14508,50.55688842633643,122.41531801531805,250,10.898809523809524,23.08307714649072,2.6109906462585024,224,1032,4892,2.698888888888889,11.466666666666665,23.86518061816184,105.46599175683383,48.0
Clc1ccccc1CC#N,500,192,474,4.548604547590104,11.774588221744576,19.68677915120353,4.4713286713286715,6.621064177133021,1948,13510,1000,2772,5032,20.324075289745547,46.621639471639476,96,4.628571428571429,9.481077452174445,1.2178911564625854,88,400,1876,1.142777777777778,4.699999999999999,9.654478692306729,41.77948896570284,24.0
CC(=O)N[C@@H](CS)C(=O)O,414,164,382,4.327484043843125,10.90719614447436,17.567449925139684,4.214185814185814,6.110096721941789,1592,10302,828,2272,3940,18.448314278567302,39.20959040959041,82,4.445238095238095,8.808538644400334,1.2437244897959185,80,368,1748,1.017777777777778,4.2,8.654478692306727,37.77948896570285,110.0
c1cc2c(cc1C#N)OCO2,742,260,718,4.7167700589664605,13.436665385288658,23.722314072466368,4.645931845931846,7.416387424292519,2920,24202,1484,4402,8304,24.286854383116705,63.77163947163947,130,4.790476190476191,10.593843835560891,1.0813378684807258,112,536,2620,1.212777777777778,5.300000000000002,11.232187456306393,51.66803278570116,93.0
c1cc(oc1)/C=C/C=O,376,160,368,4.330932751627559,10.765936097391256,17.877081544231185,4.295670995670996,6.166530985671501,1488,8672,752,1844,3544,18.12429906628926,39.52554112554113,80,4.366666666666667,8.769833763957138,1.1705555555555556,76,328,1444,1.0872222222222223,4.366666666666666,8.837982111379,36.88050948013649,51.0
c1ccc(cc1)CSCc2ccccc2,740,304,728,6.874171803020415,18.570945915347885,31.876006225566154,6.848484848484849,10.44656325967935,2936,17648,1480,3692,7144,32.12466334361253,75.39393939393939,152,6.900000000000002,14.816052888782677,1.521666666666667,140,620,2780,1.7300000000000002,7.400000000000001,15.366563145999498,66.83281572999746,49.0
Cc1cc(c2ccccc2n1)O,848,288,812,4.964692112298491,14.453300319951156,25.66793341868142,4.8950382950382965,7.93528013483303,3320,29460,1696,5262,9720,26.343445405879724,70.32050727050726,144,5.036904761904764,11.337487330933502,1.0547661564625852,124,604,3004,1.2161111111111111,5.566666666666668,11.99955630785495,56.63077470113018,235.0
Cc1ccc2c(c1)ccc(n2)C,806,284,786,4.9421433916743345,14.42109427453609,25.788621438893394,4.895038295038296,7.948704483473412,3184,26258,1612,4726,9036,26.216441846037068,69.9988344988345,142,4.990476190476191,11.316470875289479,1.0157823129251704,124,600,2944,1.195555555555556,5.533333333333335,11.971914108927058,56.676067125562966,57.0
BrC(Br)Br,54,36,54,1.9999999999999998,3.9999999999999996,6.0,1.9999999999999998,2.4494897427831783,216,486,108,162,324,6.0,9.0,18,1.9999999999999998,3.464101615137755,0.6666666666666667,24,96,384,0.375,1.5,3.0,12.0,9.0
CCC(=O)O,102,56,96,2.3618073195657994,5.220947331236295,7.8445913576072765,2.309523809523809,3.0354612541511825,396,1216,204,382,688,8.162772227887022,13.52380952380952,28,2.416666666666667,4.361807319565799,0.7847222222222223,32,132,560,0.5522222222222222,2.0666666666666664,4.049127729379167,15.936237570137333,-20.8
CCCc1ccccc1C,500,192,474,4.548604547590104,11.774588221744574,19.686779151203528,4.4713286713286715,6.621064177133017,1948,13510,1000,2772,5032,20.324075289745554,46.62163947163947,96,4.628571428571429,9.481077452174445,1.217891156462585,88,400,1876,1.1427777777777777,4.7,9.654478692306725,41.779488965702846,-60.0
CP(Cl)(Cl)=O,128,64,128,2.0,4.898979485566357,8.0,2.0,2.8284271247461907,512,2048,256,512,1024,8.0,16.0,32,2.0,4.0,0.5,40,200,1000,0.32,1.5999999999999999,3.5777087639996634,17.88854381999832,35.0
c1cc(c(cc1Br)Cl)Cl,490,184,466,3.6561702310832738,10.321166358513182,17.691164621287715,3.582828282828283,5.6660970952775385,1912,13030,980,2684,4936,18.324863893467793,44.65909090909091,92,3.7333333333333347,8.12853229977949,0.8355555555555556,84,400,1944,0.8755555555555556,3.933333333333334,8.394205344927391,38.787523305564676,24.0
CS,2,4,2,2.0,0.0,2.0,2.0,1.4142135623730951,8,2,4,2,4,2.0,1.0,2,2.0,2.0,2.0,4,8,16,0.5,1.0,1.4142135623730951,2.8284271247461903,-121.0
CC(C)CC(NC(=O)C(O)C(N)Cc1ccccc1)C(O)=O,1216,448,1156,9.17220164581409,25.327641661146625,43.302806439603906,9.012010212010212,14.006109987487585,4744,35368,2432,6938,12716,44.732394019328545,108.8346098346099,224,9.34047619047619,20.06345824784039,2.1593934240362813,204,968,4704,2.181666666666667,9.700000000000001,20.60490727078251,94.47402609669568,233.0
CC(=O)NC,102,56,96,2.3618073195657994,5.220947331236296,7.844591357607276,2.3095238095238093,3.035461254151183,396,1216,204,382,688,8.162772227887023,13.523809523809524,28,2.4166666666666665,4.3618073195657985,0.7847222222222222,32,132,560,0.5522222222222222,2.0666666666666664,4.049127729379167,15.936237570137333,27.0
c1ccc(cc1)c2cc(c3ccccc3n2)C(=O)O,1422,472,1372,7.985761340690447,23.20105283935721,41.588820519237174,7.904334554334557,12.793195108438447,5588,53844,2844,9092,17008,42.4201144522465,115.79389499389504,236,8.069047619047621,18.230043851376923,1.6757568027210887,200,976,4880,1.9872222222222222,9.033333333333337,19.42140385171023,91.37300558226202,215.0
CC=2CCC[C@](C)(C)C=2/C=CC(C)=CC=CC(C)=CC=CC=C(/C)C=CC=C(/C)C=CC1=C(C)CCC[C@@]1(C)C,2448,864,2300,16.40654201834296,46.555016510212994,80.72670022293057,16.146409146409127,25.62104401102546,9496,77380,4896,14964,26464,83.31901260332418,209.35850260850265,432,16.67619047619046,36.66998974184866,3.621783824640968,388,1892,9532,3.958854875283447,17.804761904761893,38.088679271746464,177.73309846651716,178.0
CN=C=S,44,32,42,2.2996598285221186,4.161760458079524,5.919183588453085,2.2666666666666666,2.6053509629275577,172,306,88,124,228,6.082482904638631,7.800000000000001,16,2.333333333333333,3.723614639131598,0.9444444444444444,20,68,236,0.5694444444444444,1.833333333333333,3.309401076758503,10.928203230275509,35.0
O=C1N=C(C=CN1CC)NS(=O)(=O)c2ccc(N)cc2,1382,468,1312,8.00132370023652,23.355603840866618,41.319753911437125,7.848806748806751,12.766410301360388,5388,46144,2764,8544,15552,42.70863923685935,113.67470862470864,234,8.16071428571429,18.298338004638932,1.7749929138322,204,1020,5244,1.959149659863946,8.919047619047621,19.27674893825215,92.21919466839458,166.5
CCCCCC(=O)CCCCC,356,172,346,5.998518670728943,13.75399044210513,21.78988049599957,5.931746031746033,8.020277014997069,1404,6294,712,1538,2928,22.21444826644292,42.29603174603175,86,6.066666666666667,11.431460076820933,1.8355555555555558,88,360,1504,1.4794444444444448,5.633333333333333,11.098255458758338,43.87247514027466,15.0
c1cc(cc(c1)[N+](=O)[O-])C(F)(F)F,828,284,780,5.03027576029361,14.570787071420172,25.570108234753548,4.942368742368743,7.978059390286865,3216,26800,1656,5110,9140,26.43944528805304,68.78522588522587,142,5.120238095238097,11.429239040469641,1.0894883786848075,128,648,3380,1.156371882086168,5.41904761904762,11.833415863945595,57.49543379269258,-5.0
c1ccc(cc1)P(CP(c2ccccc2)c3ccccc3)c4ccccc4,1828,640,1776,11.928597615970235,33.67054281192739,59.618316294491734,11.860317460317455,18.7436258219697,7208,64400,3656,11156,21056,60.38594027048612,157.80317460317468,320,11.997619047619043,26.628808128597417,2.5342035147392297,276,1300,6276,3.0222222222222226,13.333333333333332,28.210258233710054,128.31727749226118,119.0
CCCl,16,16,16,2.0,2.8284271247461903,4.0,2.0,2.0,64,64,32,32,64,4.0,4.0,8,2.0,2.82842712474619,1.0,12,36,108,0.4444444444444444,1.3333333333333333,2.309401076758503,6.928203230275509,-139.0
CC,2,4,2,2.0,0.0,2.0,2.0,1.4142135623730951,8,2,4,2,4,2.0,1.0,2,2.0,2.0,2.0,4,8,16,0.5,1.0,1.4142135623730951,2.8284271247461903,-183.33
Cc1cc(Br)c(C)cc1,490,184,466,3.6561702310832747,10.321166358513182,17.69116462128771,3.582828282828283,5.6660970952775385,1912,13030,980,2684,4936,18.324863893467793,44.65909090909091,92,3.7333333333333343,8.12853229977949,0.8355555555555558,84,400,1944,0.8755555555555556,3.9333333333333336,8.39420534492739,38.787523305564676,10.0
CN1CCC(CC1)N(Cc2cccs2)c3ccccc3,1310,468,1278,8.644326664152999,24.645903781643486,43.729086602205335,8.59076479076479,13.685030686620237,5176,43330,2620,7716,14696,44.27519334159158,115.5606782106783,234,8.698809523809526,19.44409704584333,1.8043239795918373,204,964,4644,2.1611111111111114,9.666666666666668,20.577265071854615,94.51931852112847,95.0
COC(=O)C(c1ccccc1)(c2ccccc2)O,1384,428,1262,7.577759564118616,21.419732082606878,37.128222732346515,7.40430288665583,11.728272153910279,5292,59226,2768,10096,17016,38.92447584039331,102.07809576044875,214,7.761904761904763,16.882290641030515,1.81358560090703,180,900,4764,1.9496712018140594,8.423809523809524,17.78905052243411,82.17142521152276,75.0
c1ccc(cc1)[Si](c2ccccc2)(c3ccccc3)c4ccccc4,2128,640,1984,10.924027473062088,31.11825902459107,55.30743119004132,10.817094017094012,17.21664353462738,8224,109824,4256,16592,28608,56.708499080151306,155.18632478632483,320,11.033333333333331,24.552758753497855,2.3552777777777782,264,1304,6792,2.8032653061224493,12.34285714285714,26.17913331207314,120.94309812851333,237.0
N#Cc2c3ccccc3cc1ccccc12,1306,416,1252,6.809829373269359,19.79545093160803,35.53703665300077,6.708547008547011,10.881023961425928,5116,53684,2612,8746,16216,36.48099251473505,101.60854700854705,208,6.915476190476193,15.551079479508765,1.5136295351473927,172,848,4300,1.7544444444444445,7.800000000000003,16.68167719908957,78.3649712424002,175.0
C[C@H](CCCC(C)C)[C@H]1CC[C@@H]2[C@@]1(CC[C@H]3[C@H]2CC=C4[C@@]3(CC[C@@H](C4)O)C)C,2708,780,2536,10.817231664920929,33.17594727990509,60.89290775672986,10.621355768414587,17.970600063887627,10488,131332,5416,20340,36148,63.1591536296151,188.29789524201286,390,11.022222222222213,25.76868101565877,2.195570987654322,316,1672,9184,2.651043083900227,12.609523809523804,27.839324980711428,139.32653937634342,148.0
OCCOC,76,48,72,2.7876937002347035,5.4104160222178015,7.878156862896232,2.7428571428571424,3.3007122740367407,296,720,152,252,456,8.123934788966011,11.657142857142855,24,2.833333333333333,4.723614639131599,1.0694444444444444,28,100,364,0.6944444444444444,2.333333333333333,4.309401076758503,14.928203230275507,-85.0
c1ccc2c(c1)OCCOCCOc3ccccc3OCCOCCO2,1436,552,1396,11.853630950559484,32.245022745294406,55.67714059493083,11.793650793650789,18.09224826636551,5664,40724,2872,7908,14904,56.326651128786004,136.2222222222223,276,11.914285714285711,25.69099120411005,2.6348979591836743,248,1120,5168,3.0011111111111113,12.866666666666665,26.788410689854775,117.57504661112931,162.0
O=C1NC(=O)NC(=O)C1(CCCC)CC,1120,340,1006,6.190463202197311,17.083378153562325,29.03915657505227,5.972769387475271,9.312744510725567,4252,46382,2240,8258,13612,31.0259600522768,80.10513701984291,170,6.423809523809523,13.519220530726908,1.7096712018140592,144,736,3984,1.5821882086167802,6.671428571428571,14.03196089465053,65.1977112656649,128.5
CNS(=O)(=O)Cc2ccc1[nH]cc(CCN(C)C)c1c2,1360,464,1314,8.107154149347824,23.378408183122993,41.50306777990604,7.98710178710179,12.866246324413545,5348,47830,2720,8356,15728,42.5216349344631,113.71470751470751,232,8.234523809523811,18.381408226593617,1.8048625283446718,204,1016,5172,1.9494444444444448,8.9,19.259385963089233,92.25351506239852,169.0
O=C(C)Oc1ccccc1C(=O)OC,794,284,750,6.062968156624139,16.24901000907689,27.51177990978231,5.943956043956045,9.038043243177789,3088,25826,1588,4810,8688,28.506477332056882,68.78522588522588,142,6.1869047619047635,12.963807013882075,1.5528217120181407,128,604,2936,1.4833333333333334,6.333333333333334,13.259829655234286,59.622740361268356,52.0
C1=CC(=CC=C1C(C2=CC=C(C=C2)Cl)C(Cl)(Cl)Cl)Cl,1354,448,1284,7.546077571426784,22.138802395683456,39.5135804337349,7.453921568627453,12.150767991647358,5276,50956,2708,8918,15960,40.4977558280205,109.20392156862748,224,7.640476190476193,17.34286293733966,1.5532823129251703,196,984,5068,1.781927437641724,8.352380952380955,18.227621208872982,88.28295709825723,110.0
Ic1ccccc1Br,398,156,376,3.4008663092555342,9.330597825890854,15.72990490818363,3.3383838383838382,5.157169095353894,1548,9600,796,2106,3808,16.284195134990124,37.79797979797979,78,3.466666666666667,7.393044663162263,0.798888888888889,72,332,1572,0.8405555555555556,3.6333333333333333,7.605350962927559,33.84325139556552,10.0
O=C(NC)NC(=O)C,258,116,242,3.598815356694054,8.694475133921564,13.720009195865215,3.517604617604617,4.937606142007052,1000,4906,516,1216,2172,14.290382022119045,27.972799422799426,58,3.6833333333333336,7.097294956183025,1.071388888888889,60,264,1188,0.8372222222222223,3.3666666666666667,6.837982111379,28.880509480136492,178.0
CCC(CC)CC,216,96,192,3.3460652149512327,7.706742302257041,11.535629632172006,3.2,4.346856338884206,816,3840,432,1056,1728,12.487685387636873,22.399999999999995,48,3.5,6.346065214951231,1.2083333333333335,48,204,912,0.9066666666666667,3.2,6.147383188137503,23.808712710412006,-119.0
CCCCCCCCCCCCS,332,176,328,6.787693700234704,15.208374993350516,23.878156862896233,6.742857142857144,8.957566523529124,1320,4816,664,1276,2504,24.12393478896601,43.657142857142865,88,6.833333333333332,12.723614639131599,2.0694444444444446,92,356,1388,1.6944444444444446,6.333333333333332,12.309401076758505,46.9282032302755,-7.0
N#CCc1ccc(cc1)CC#N,560,224,544,5.656678950864764,14.193661642739839,23.74247728022776,5.581818181818182,8.08611514337344,2208,14344,1120,2920,5560,24.263561405706863,55.02727272727273,112,5.733333333333333,11.539667527914276,1.5911111111111116,104,464,2120,1.4244444444444446,5.733333333333334,11.675964222758001,49.76101896027298,95.0
CCCCOc1ccccc1,440,192,432,5.33093275162756,13.215425840174431,21.877081544231185,5.295670995670996,7.580744548044595,1744,9696,880,2100,4056,22.124299066289264,47.52554112554112,96,5.366666666666667,10.769833763957138,1.4205555555555558,92,392,1700,1.3372222222222225,5.366666666666668,10.837982111379,44.880509480136496,-19.0
CN(C)C(=O)NC1=CC=CC=C1,586,232,564,5.160739052456592,13.987483364892286,23.708988562154804,5.09090909090909,7.792195730592022,2300,14756,1172,3068,5744,24.302373071570674,56.752525252525245,116,5.233333333333333,11.12853229977949,1.2105555555555556,108,496,2328,1.2505555555555556,5.4333333333333345,11.394205344927393,50.787523305564676,132.0
c1cc(ccc1C(=O)NN)Br,584,220,554,4.687887475642762,12.768150260075965,21.605446883440152,4.585470085470085,7.0619484235538,2276,15806,1168,3242,5912,22.412157229619964,53.3448717948718,110,4.795238095238094,10.139795160484608,1.181780045351474,100,468,2248,1.177777777777778,5.0,10.44333307430656,46.723760875702,168.0
CC(Cc1ccccc1)NC(C#N)c2ccccc2,1058,400,1024,8.454694625124988,23.032100256293457,39.601757261443595,8.356032856032858,12.855084086923721,4164,30416,2116,5876,11064,40.41150893103344,98.23174048174052,200,8.55714285714286,18.32933147217811,1.9930045351473926,180,828,3888,2.122777777777778,9.100000000000001,19.02104183830622,84.6123046957003,85.0
Cc1cc(cc(c1)C(C)(C)C)C,768,264,732,4.584159320845116,13.375704203313788,23.657092204263265,4.511688311688312,7.327238366570779,3000,25380,1536,4692,8592,24.350348596146024,64.28961038961037,132,4.658333333333332,10.481125187797453,0.974375,120,612,3192,1.0108163265306125,4.885714285714287,10.8057736650177,53.54072621712538,-22.0
C/C(C)=C(/C)CCC,282,120,258,3.567391183541946,8.647056113520462,13.638121678557551,3.4717171717171715,4.888459579537281,1080,5670,564,1416,2424,14.37596723818204,28.559090909090905,60,3.6666666666666674,7.054670976026058,1.088888888888889,60,268,1248,0.8577777777777778,3.4000000000000004,6.865624310306895,28.835217055703694,-115.0
c1ccc2c(c1)ccc(c2c3c4ccccc4ccc3O)O,1926,596,1846,9.019142787311342,27.108713820277817,49.38863567782251,8.902134466840348,14.811109612874118,7544,85886,3852,13366,24772,50.63189925815116,145.60240413181592,298,9.14047619047619,21.148714990776767,1.8191619425548002,244,1224,6304,2.2788888888888885,10.533333333333333,22.870893594493403,110.06994403896108,217.0
COc1cc(ccc1OC)[N+]([O-])=O,778,272,730,5.520050858617069,15.001350425271252,25.396812961099116,5.3617049617049615,8.261681318417464,3016,24750,1556,4720,8480,26.628429859235073,65.43822843822844,136,5.685714285714286,11.917586107262824,1.4914512471655335,120,576,2856,1.4105555555555556,5.9,12.308957384613453,55.5589779314057,97.0
c1cc(ccc1C(=O)c2ccc(cc2)Cl)Cl,1018,364,978,6.592906718454831,19.07088223483961,33.59412000165591,6.504761904761906,10.484759395084376,3992,31186,2036,5918,11004,34.42684198370826,89.03333333333333,182,6.685714285714286,14.972430165651,1.3970068027210891,160,768,3760,1.6261111111111115,7.366666666666668,15.788410689854784,73.57504661112932,145.0
c1cc(cc(c1)[N+](=O)[O-])C(=O)Cl,684,248,648,4.9294785163912,13.749321302984681,23.597453151977767,4.837606837606837,7.580561927288487,2664,20256,1368,3976,7224,24.412654775816932,60.145299145299134,124,5.023809523809525,10.865820450741175,1.1474489795918372,112,536,2632,1.181111111111111,5.266666666666667,11.210701925855117,51.68650279113103,33.0
CC(C)C(C)(C)CC,408,144,358,2.9778619214497843,8.269016257365768,13.392718170920542,2.828615828615828,4.427358123077697,1532,10610,816,2460,3952,14.648158013194287,33.33383283383284,72,3.138095238095238,6.492837273994214,0.8421882086167802,68,352,1928,0.7285941043083901,3.085714285714286,6.515980447325266,30.598855632832453,-101.0
c1cc(ccc1N2CCNCC2)F,774,288,752,5.6487860637741525,15.872239308893857,27.7998300105695,5.6079365079365076,8.828399365611032,3052,22676,1548,4344,8204,28.20399432287067,70.97222222222221,144,5.690476190476191,12.553341039744359,1.2085600907029481,128,596,2828,1.4105555555555558,6.233333333333334,13.183059726927224,59.73179521556382,32.0
CN1C=NC2=C1C(=O)N(C(=O)N2C)C,1276,376,1178,5.182771982132112,16.230391941965,29.091467285406342,4.991543423896367,8.608101472751661,4908,55242,2552,9122,16084,30.978812979034647,89.42064651035237,188,5.389285714285714,12.496584447230095,1.1276988851095997,152,796,4292,1.2988888888888888,6.133333333333333,13.504330448493915,67.23712830896366,236.0
CCCCCCCCCCC(=O)C,362,184,356,6.4429745794965205,15.00209805016989,23.873283665890902,6.4031746031746035,8.738188049507897,1436,5608,724,1454,2820,24.12834163831002,45.574603174603176,92,6.4833333333333325,12.410935048944967,1.8369444444444447,96,388,1584,1.5522222222222224,6.066666666666666,12.049127729379169,47.93623757013732,19.0
Cc1ccc(c(c1)[N+](=O)[O-])O,658,232,618,4.444472637820684,12.544393099114469,21.583520180416233,4.350838050838051,6.882688616479642,2552,20514,1316,3974,7092,22.43165814929956,56.02722277722278,116,4.541666666666666,9.883438655857221,1.0302083333333336,104,504,2504,1.0561111111111112,4.766666666666667,10.210701925855117,47.686502791131026,34.0
Cc1ccc(CO)cc1,428,172,414,3.962049594484955,10.550198794434268,17.76513833235013,3.8939393939393945,5.891926400593708,1684,10330,856,2186,4136,18.244785002227466,42.12575757575757,86,4.033333333333333,8.428551472267301,1.0094444444444446,80,364,1688,0.9972222222222222,4.166666666666667,8.626836493378834,37.824781390135655,61.0
ICC(N)=O,102,56,96,2.3618073195657994,5.220947331236295,7.8445913576072765,2.309523809523809,3.0354612541511825,396,1216,204,382,688,8.162772227887022,13.52380952380952,28,2.416666666666667,4.361807319565799,0.7847222222222223,32,132,560,0.5522222222222222,2.0666666666666664,4.049127729379167,15.936237570137333,94.0
ClC(Cl)(Cl)C(=O)O,318,120,288,2.5008872463069856,7.0126324263765065,11.650011549007878,2.4222222222222225,3.808050198623987,1212,7344,636,1758,2952,12.36636504407723,28.4,60,2.5833333333333335,5.512438571626294,0.6041666666666667,60,312,1692,0.5308163265306123,2.4857142857142858,5.439210519018202,26.70791048712792,57.0
CCCCCCCCCCCCC=O,364,192,360,7.287693700234704,16.433119864742103,25.878156862896233,7.242857142857144,9.664673304715672,1448,5328,728,1404,2760,26.12393478896601,47.657142857142865,96,7.333333333333332,13.723614639131599,2.1944444444444446,100,388,1516,1.8194444444444446,6.833333333333332,13.309401076758505,50.9282032302755,15.0
CC(CC)C(C)(C)CC,474,164,414,3.533667500325582,9.523322467786457,15.270239076373517,3.348051948051947,5.125821879460913,1776,13166,948,2950,4716,16.781877624038124,37.82987012987014,82,3.7333333333333334,7.531742333627227,1.083968253968254,76,388,2104,0.9058163265306125,3.6523809523809527,7.565108176704433,34.53509320296978,-101.0
CCC(=O)c1cc(ccc1O)O,718,252,674,4.970884039851457,13.781895352486611,23.474834410343107,4.839971139971141,7.563916121334235,2784,22950,1436,4356,7816,24.549603515837827,60.697186147186144,126,5.108333333333334,10.89629925274586,1.2574305555555558,112,540,2680,1.2333333333333334,5.333333333333335,11.259829655234286,51.62274036126836,98.0
c1cc(cc(c1)[N+](=O)[O-])N=C=O,624,236,598,5.308477290791162,13.981984017962834,23.6658628051747,5.223853923853924,7.841877249998055,2444,17642,1248,3478,6456,24.3422532263261,57.57618492618492,118,5.3952380952380965,11.216565088791672,1.379557823129252,108,500,2376,1.302777777777778,5.499999999999999,11.44333307430656,50.723760875702,52.0
c1ccc(cc1)c2ccccc2C(=O)O,984,340,936,6.463717884734228,18.120475506951916,31.60110212614543,6.3841880341880355,10.037399479148663,3840,34600,1968,6170,11216,32.40866812932224,82.87264957264959,170,6.545238095238096,14.329263851466115,1.442196712018141,148,704,3448,1.6116666666666664,7.100000000000001,15.027198506782844,68.58548227669738,112.0
c1ccc2c(c1)cccn2,622,228,602,4.426815475279745,12.448276758472444,21.838570297465413,4.396825396825397,6.9248037896231125,2448,18826,1244,3570,6684,22.163325564393006,56.1111111111111,114,4.457142857142857,9.845495602055028,0.9424489795918369,100,464,2200,1.1255555555555556,4.9333333333333345,10.394205344927391,46.787523305564676,-15.0
C([C@H]([C@@H]([C@@H]([C@H](C=O)O)O)O)O)O,618,220,550,4.949318431389507,13.13792864023488,21.11586459917141,4.723321123321124,7.140071499598796,2336,17478,1236,3734,6196,22.94400918261144,51.25641025641026,110,5.190476190476189,10.440891219970142,1.4835600907029483,100,480,2416,1.2711111111111113,5.133333333333334,10.547745201541515,46.56941359697373,166.0
[nH0]1cc2ccccc2cc1C,714,256,694,4.68447943347704,13.434685516504272,23.813595868179405,4.6459318459318455,7.436754136548262,2816,22542,1428,4148,7860,24.189883705215035,63.054972804972806,128,4.723809523809523,10.580983238672253,0.9791156462585036,112,532,2572,1.1605555555555558,5.233333333333334,11.183059726927224,51.73179521556382,63.0
Cc1cc(c(c(c1NC(=O)CN(CC(=O)O)CC(=O)O)C)Br)C,1422,492,1344,9.293871946453997,26.139834851688352,45.14295325636291,9.1000444000444,14.361440178181677,5532,47344,2844,8700,15832,46.90646311965881,119.01586746586744,246,9.498809523809529,20.622957737855092,2.192101757369615,220,1076,5380,2.147222222222223,9.833333333333334,21.210258233710064,100.31727749226118,194.0
CCCCN,76,48,72,2.7876937002347035,5.4104160222178015,7.878156862896232,2.7428571428571424,3.3007122740367407,296,720,152,252,456,8.123934788966011,11.657142857142855,24,2.833333333333333,4.723614639131599,1.0694444444444444,28,100,364,0.6944444444444444,2.333333333333333,4.309401076758503,14.928203230275507,-49.0
Cc1c(cccc1[N+](=O)[O-])N,690,236,634,4.408534896791972,12.558119524444319,21.440240768893556,4.286713286713287,6.830190151732309,2648,22030,1380,4324,7456,22.58928370762865,56.279331779331784,118,4.536904761904762,9.859194707457304,1.0408772675736964,104,508,2564,1.0766666666666667,4.8,10.238344124783012,47.641210366698225,90.0
Cc2cc3c1c(cc(cc1O)CCCCC)OC(C)(C)c3cc2,1912,592,1836,9.329463916654786,27.237476992242293,49.39208923490855,9.202667267373146,14.986286072147408,7496,84016,3824,13214,24540,50.62904852238799,144.75235418176598,296,9.460714285714282,21.402750131873894,2.0674003212396075,248,1268,6668,2.2508163265306127,10.419047619047614,22.726238681035323,110.91613312509361,76.5
CCCC(=O)OCCC(C)C,354,164,340,5.145633464795498,12.338414157636128,19.75439635487655,5.076190476190477,7.085409709477269,1388,6448,708,1588,2956,20.251259111850707,40.09047619047619,82,5.216666666666667,10.1187804866343,1.478055555555556,84,360,1572,1.2122222222222223,4.866666666666667,9.837982111379,40.880509480136496,-73.0
C=C(C)C(C)(C)C,318,120,288,2.500887246306986,7.012632426376511,11.650011549007882,2.4222222222222225,3.8080501986239867,1212,7344,636,1758,2952,12.366365044077233,28.39999999999999,60,2.5833333333333335,5.512438571626293,0.6041666666666667,60,312,1692,0.5308163265306122,2.4857142857142858,5.439210519018204,26.70791048712792,-110.0
c1ccc(cc1)C(C#N)c2ccccc2,914,328,872,6.736283845170131,18.36751895708669,31.60090767635254,6.644444444444447,10.231137277277357,3572,29768,1828,5498,10048,32.414884880198656,80.04444444444447,164,6.832142857142859,14.613262555021397,1.614323979591837,144,668,3192,1.7333333333333334,7.333333333333334,15.259829655234286,67.62274036126836,74.0
Cc1ccc2c(c1)no[n+]2[O-],812,272,778,4.436931587965242,13.20214353162569,23.692701458681793,4.3728160728160725,7.214856347224551,3180,28506,1624,5074,9380,24.31852304638011,66.43161838161838,136,4.503571428571429,10.309845132005607,0.9092106009070298,116,572,2876,1.0911111111111111,5.066666666666667,10.99955630785495,52.630774701130186,97.0
Clc1ccc(cc1)C(=O)OC,584,220,554,4.6878874756427615,12.768150260075963,21.605446883440152,4.585470085470086,7.0619484235538,2276,15806,1168,3242,5912,22.412157229619964,53.3448717948718,110,4.795238095238096,10.139795160484608,1.181780045351474,100,468,2248,1.1777777777777778,4.999999999999999,10.44333307430656,46.723760875702,44.0
[S+]([O-])(Cc1ccccc1)Cc1ccccc1,836,332,822,7.162809058181488,19.577610172954305,33.83726593867023,7.126262626262627,10.975037245911818,3316,21682,1672,4330,8392,34.1653321020902,82.25505050505052,166,7.200000000000003,15.579182724327797,1.578888888888889,152,688,3152,1.7650000000000001,7.700000000000001,16.15541752799933,71.77708763999661,133.0
c1ccc2c(c1)c3ccc(cc3[nH]2)O,1170,376,1136,5.756833159686832,17.314197791823375,31.740826057386503,5.70765345765346,9.499127458233724,4612,47032,2340,7652,14480,32.2649099684378,92.5524087024087,188,5.8071428571428605,13.518800163159625,1.1284212018140594,156,776,3936,1.4316666666666669,6.700000000000002,14.60490727078251,70.47402609669567,272.0
O=C(C)Nc1ccccc1C(=O)O,734,264,694,5.5365567545933665,15.011507755704748,25.62046567985544,5.454822954822956,8.356815738323194,2856,23390,1468,4428,7964,26.388531965518617,64.11526251526253,132,5.620238095238096,11.950946416993439,1.3255994897959187,120,568,2760,1.306111111111111,5.7666666666666675,12.210701925855117,55.686502791131026,184.0
O=C(O)CCCCCCCCC(=O)O,424,208,416,6.598255458758336,16.02056597838086,25.86841046888556,6.563492063492063,9.225916356673222,1680,6912,848,1760,3392,26.132748487654013,51.492063492063494,104,6.633333333333333,13.098255458758336,1.7294444444444446,108,452,1908,1.5350000000000001,6.300000000000001,12.788854381999833,52.94427190999916,134.5
O=[N+]([O-])c1ccccc1C#N,632,224,586,4.750072480021844,12.799392669816351,21.517627404984644,4.634576534576533,7.077321388110636,2436,19830,1264,3886,6768,22.500020024475106,53.754156954156954,112,4.870238095238095,10.18685607887301,1.2353217120181408,100,472,2308,1.1983333333333335,5.033333333333333,10.470975273234453,46.6784684512692,109.0
CC(=O)OCC,138,72,130,2.934808494301258,6.444329480531982,9.842672721773212,2.8873015873015873,3.7800585308900394,536,1898,276,558,996,10.160745634373795,17.4515873015873,36,2.9833333333333334,5.4109350489449675,0.9619444444444445,40,164,688,0.6772222222222222,2.566666666666667,5.049127729379167,19.936237570137337,-84.0
CCCCCCCCCCCCCCCCCC(=O)OC,640,316,628,10.411778601798133,24.803818728778317,39.736420147715585,10.326984126984124,14.332136519924768,2536,10444,1280,2642,5112,40.27380121551956,78.134126984127,158,10.499999999999996,20.382332347441753,2.9083333333333337,160,648,2656,2.604444444444445,10.133333333333331,20.09825545875833,79.87247514027466,40.0
CC(C)C(=O)c1ccccc1,592,220,554,4.663557921849052,12.77704880541434,21.597325367289002,4.574603174603174,7.060789281506925,2292,16558,1184,3398,6024,22.42339413185944,53.08888888888888,110,4.757142857142858,10.130332814123946,1.1107823129251704,100,468,2260,1.1461111111111113,4.966666666666668,10.421847543855286,46.742230881131874,1.0
c1cc2c(cc[nH]2)cc1C#N,742,260,718,4.7167700589664605,13.43666538528866,23.72231407246636,4.6459318459318455,7.416387424292519,2920,24202,1484,4402,8304,24.286854383116697,63.77163947163947,130,4.7904761904761894,10.593843835560891,1.0813378684807256,112,536,2620,1.212777777777778,5.300000000000001,11.232187456306393,51.66803278570114,106.0
O=[N+]([O-])c2ccccc2c1ccccc1,984,340,936,6.46371788473423,18.12047550695193,31.60110212614543,6.384188034188035,10.037399479148664,3840,34600,1968,6170,11216,32.40866812932222,82.87264957264959,170,6.545238095238097,14.329263851466115,1.442196712018141,148,704,3448,1.6116666666666668,7.100000000000001,15.027198506782844,68.58548227669738,37.0
CC(C)(C)CC(=O)O,312,128,294,3.2123674997797593,8.33457515400876,13.818030580492461,3.1731601731601726,4.692230850382061,1212,6994,624,1624,2872,14.186010236476001,31.114718614718623,64,3.2523809523809524,6.6994838663975385,0.7980385487528345,68,336,1688,0.6255555555555555,2.9333333333333336,6.394205344927389,30.787523305564676,6.0
Cc1ccc(cc1C)C(=O)c2ccccc2,1052,368,1002,6.599707428417717,19.089941956865765,33.48137063938629,6.487201687201688,10.459310492085697,4108,33518,2104,6280,11544,34.54911217671695,89.50497280497284,184,6.71904761904762,14.97742615236249,1.4342290249433112,160,772,3820,1.6466666666666667,7.400000000000001,15.816052888782677,73.52975418669654,46.0
BrC(c1ccccc1)(c2ccccc2)c3ccccc3,1580,496,1472,8.567696328367548,24.51934474510006,43.37166175566131,8.465201465201465,13.519577910668605,6104,68672,3160,11324,19696,44.65862785452285,119.97069597069604,248,8.675,19.31345472540631,1.8481250000000005,208,1028,5344,2.182448979591837,9.657142857142858,20.528777175054774,95.17945955138458,153.0
O=S(N)(=O)c1ccc(Cl)cc1,668,236,630,4.262273317514401,12.352113775139316,21.686787736289073,4.201098901098902,6.778218381697586,2596,19914,1336,3994,7104,22.321002375317825,57.314835164835166,118,4.325000000000001,9.690353153324441,0.8965972222222225,108,544,2820,0.9758163265306123,4.585714285714286,10.016919283017867,48.59645430712622,145.0
CO,2,4,2,2.0,0.0,2.0,2.0,1.4142135623730951,8,2,4,2,4,2.0,1.0,2,2.0,2.0,2.0,4,8,16,0.5,1.0,1.4142135623730951,2.8284271247461903,-98.0
O=C1CCCCCCCCC1,408,188,402,5.210824970494238,13.242553905453684,21.911723633103335,5.188888888888889,7.5479918657065195,1620,7622,816,1798,3496,22.09051347747691,46.638888888888886,94,5.233333333333333,10.707845437689333,1.2661111111111112,92,388,1652,1.2850000000000001,5.3,10.788854381999831,44.94427190999916,24.0
c1cc(c(c(c1)F)C(=O)N)F,702,236,638,4.442801985862634,12.576991614083786,21.438701537843958,4.324098124098124,6.854243650164309,2680,23110,1404,4594,7668,22.584857054583143,56.12655122655123,118,4.566666666666667,9.88938598804139,1.0531481481481484,104,508,2564,1.0766666666666667,4.800000000000001,10.238344124783012,47.64121036669823,147.0
CC1CNC(C)CN1,368,152,360,3.432795558988645,9.31804722752556,15.872983346207418,3.4000000000000004,5.208946754575151,1456,8400,736,1804,3480,16.131182235954576,37.5,76,3.4666666666666677,7.415690875378665,0.7822222222222224,72,328,1512,0.8200000000000001,3.6000000000000005,7.577708763999665,33.88854381999832,114.0
O=C(C)c1ccc(Br)cc1,524,200,500,4.163378444157187,11.527351494745053,19.725554802410745,4.100000000000001,6.383193279263224,2048,13700,1048,2860,5240,20.28188398797718,48.75,100,4.2285714285714295,9.126934563595974,0.954557823129252,92,432,2072,1.0005555555555556,4.4333333333333345,9.394205344927391,42.787523305564676,51.0
c1ccc(cc1)c2ccc(cc2)Br,774,288,752,5.6487860637741525,15.872239308893864,27.799830010569494,5.607936507936509,8.828399365611032,3052,22676,1548,4344,8204,28.203994322870667,70.97222222222221,144,5.690476190476192,12.553341039744362,1.2085600907029483,128,596,2828,1.4105555555555558,6.233333333333335,13.183059726927224,59.73179521556381,90.0
C1CC1,54,36,54,1.9999999999999998,3.9999999999999996,6.0,1.9999999999999998,2.4494897427831783,216,486,108,162,324,6.0,9.0,18,1.9999999999999998,3.464101615137755,0.6666666666666667,18,54,162,0.6666666666666667,1.9999999999999998,3.4641016151377544,10.392304845413262,-127.15
c1cscc1C(=O)O,404,156,382,3.44140785566278,9.328133815715232,15.764295089306664,3.388888888888889,5.186704484461854,1572,10362,808,2214,3976,16.241215229499513,37.88888888888889,78,3.4952380952380957,7.419089125906639,0.8134467120181408,72,332,1572,0.8405555555555556,3.6333333333333333,7.605350962927559,33.84325139556552,139.0
C=CCN1C(=O)N(CC=C)C(=O)N(CC=C)C1=O,1260,396,1164,7.860241172207159,20.668825492878586,34.998695938540614,7.623076923076928,11.464455778302039,4848,51444,2520,8712,15360,37.06023174135701,94.31153846153849,198,8.110714285714288,16.584415111688532,2.314298469387755,168,828,4272,1.9899999999999998,8.200000000000001,17.046362673703864,77.20258962381014,24.0
C1CNCCO1,192,96,192,3.0,7.348469228349535,12.0,3.0,4.2426406871192865,768,3072,384,768,1536,12.0,24.0,48,3.0,6.0,0.75,48,192,768,0.75,3.0,6.0,24.0,-5.0
c1cc2cnccc2c(c1)N,752,260,716,4.673694820767863,13.450795836935239,23.69290784796743,4.612598512598512,7.403783801599059,2936,25140,1504,4624,8424,24.3168872650577,63.376645576645586,130,4.7369047619047615,10.574357495388384,0.9975439342403629,112,536,2632,1.1811111111111114,5.2666666666666675,11.210701925855117,51.68650279113103,129.0
CCC1=CC2=C(C=C1)C(=O)C3=CC=CC=C3C2=O,1560,480,1482,7.287538928892764,21.781604687610677,39.27796091154841,7.127983127983132,11.83134597240529,6084,66478,3120,10728,19696,40.76516264114879,116.39544899544903,240,7.45714285714286,16.99118506105943,1.6160600907029483,196,992,5164,1.8655555555555552,8.466666666666669,18.314670360945023,88.16293021353293,109.0
CC(=O)NC1=CC=CC=C1,442,184,432,4.521006096516587,11.79759387528401,19.877233810525073,4.4923520923520925,6.675255967277693,1748,10544,884,2210,4232,20.12424778451754,45.45512265512265,92,4.550000000000001,9.484796372698401,1.0836111111111113,88,392,1768,1.0699999999999998,4.6000000000000005,9.577708763999665,41.88854381999832,114.0
c1ccc(cc1)Nc2ccc(cc2)c3ccc(cc3)Nc4ccccc4,1662,612,1634,11.28133578197396,32.40318103449003,57.77231742488841,11.239249639249637,18.002422070133626,6592,49618,3324,9282,17932,58.229853917877854,151.7474747474748,306,11.323809523809523,25.532885777476153,2.276893424036281,268,1256,5968,2.8355555555555565,12.733333333333329,27.127331636926368,124.45315476555955,248.0
C(CCl)O,44,32,42,2.299659828522119,4.161760458079524,5.919183588453084,2.2666666666666666,2.6053509629275577,172,306,88,124,228,6.082482904638631,7.800000000000001,16,2.333333333333333,3.7236146391315983,0.9444444444444444,20,68,236,0.5694444444444444,1.833333333333333,3.309401076758503,10.928203230275507,-63.0
CCOC(=O)C1=CC=C(C=C1)N,620,236,592,5.270575136084513,13.9738059007744,23.648038864307615,5.182439782439784,7.817552971934391,2424,16848,1240,3418,6296,24.364744048223216,57.48275058275058,118,5.361904761904763,11.188922889863777,1.3590022675736968,108,500,2376,1.302777777777778,5.500000000000001,11.44333307430656,50.723760875702,89.0
CC(C)c1ccc(cc1)C(=O)O,680,248,640,4.893961329325731,13.736655761964547,23.578126258614073,4.8,7.557439803951299,2640,19000,1360,3916,7000,24.43258573999979,59.99999999999999,124,4.9904761904761905,10.83817825181328,1.1268934240362816,112,536,2632,1.1811111111111112,5.2666666666666675,11.210701925855117,51.686502791131026,119.0
C(C(=O)N)Cl,102,56,96,2.3618073195657994,5.220947331236296,7.844591357607276,2.3095238095238093,3.035461254151183,396,1216,204,382,688,8.162772227887022,13.523809523809522,28,2.4166666666666665,4.3618073195657985,0.7847222222222222,32,132,560,0.5522222222222222,2.066666666666667,4.049127729379167,15.936237570137333,118.0
c1ccc(cc1)c2ccc(o2)c3ccccc3,1152,408,1122,7.405866564625213,21.20403586794092,37.77077160829564,7.364590964590968,11.770096298684445,4548,37858,2304,6816,12932,38.23195308610426,100.70085470085473,204,7.447619047619051,16.718633403037945,1.5304535147392295,176,832,4016,1.8761111111111113,8.366666666666669,17.788410689854782,81.57504661112932,88.0
COc1cc(OC)c(cc1OC)C=O,876,296,820,6.146140387908406,16.266045088577958,27.21549966358415,5.923409923409921,8.965922832883626,3392,30500,1752,5524,9960,28.82427397847035,70.87645687645688,148,6.380952380952381,12.996993962712367,1.8560090702947847,128,616,3080,1.6400000000000003,6.533333333333334,13.407212843371791,59.43145307168034,114.0
N#Cc1ccncc1,340,144,328,3.740079005990548,9.575725986796034,15.80387861924605,3.6828282828282832,5.402544386978885,1336,7504,680,1668,3128,16.204116243749795,35.26464646464646,72,3.8000000000000007,7.720706034577969,0.9933333333333334,68,296,1316,0.9622222222222221,3.8666666666666667,7.837982111378999,32.880509480136496,76.0
C=CCCCCCCCCCO,300,160,296,6.287693700234704,13.983630121958926,21.878156862896233,6.242857142857144,8.250459742342576,1192,4304,600,1148,2248,22.12393478896601,39.657142857142865,80,6.333333333333332,11.723614639131599,1.9444444444444446,84,324,1260,1.5694444444444446,5.833333333333332,11.309401076758505,42.9282032302755,-3.0
Clc1cccc(Cl)c1O,522,188,482,3.6211821562425532,10.333252463683175,17.551083308263113,3.5204351204351205,5.614567969461855,2008,14434,1044,3034,5292,18.478261136364434,44.92105672105672,94,3.728571428571428,8.10428835137957,0.8462244897959186,84,404,2004,0.8961111111111112,3.9666666666666663,8.421847543855286,38.742230881131874,68.5
CC(=O)c1ccc(cc1)OC(=O)C,686,260,658,5.4735595701795345,14.981370950141736,25.69106497983248,5.403463203463203,8.33888450558059,2688,18670,1372,3784,7000,26.31561829501781,63.566233766233765,130,5.545238095238095,11.90388549860504,1.272057823129252,120,564,2700,1.2855555555555558,5.733333333333334,12.183059726927226,55.73179521556382,53.0
CI,2,4,2,2.0,0.0,2.0,2.0,1.4142135623730951,8,2,4,2,4,2.0,1.0,2,2.0,2.0,2.0,4,8,16,0.5,1.0,1.4142135623730951,2.8284271247461903,-64.0
CC(=O)c1ccc(cc1)OCC(=O)O,714,276,688,5.944339913552409,16.182609779901757,27.710807556533634,5.878210678210678,9.031223592213156,2804,18776,1428,3852,7176,28.295154066633923,67.66522366522365,138,6.011904761904762,12.876243299677148,1.3765022675736966,128,596,2828,1.4105555555555558,6.233333333333334,13.183059726927226,59.73179521556382,173.0
O=C(N)OCC(C)(COC(=O)N)CCC,682,264,652,6.525810685599177,16.58722394284411,27.628230122961405,6.4330336330336335,9.391311631216002,2668,19224,1364,3786,6988,28.3836552624769,64.38778998779,132,6.62142857142857,13.421410413144223,1.762465986394558,128,608,2996,1.503888888888889,6.366666666666666,13.28747185416218,59.57744793683556,105.0
CC(C)CC(C)=O,204,96,192,3.12589765768623,7.473378871701724,11.83713013733938,3.0857142857142854,4.28862684814117,792,3456,408,924,1632,12.16538667329339,23.314285714285717,48,3.166666666666667,6.12589765768623,0.875,52,228,1012,0.6599999999999999,2.8,5.7888543819998315,24.94427190999916,-80.0
c1cc(c(cc1N)[N+](=O)[O-])F,658,232,618,4.444472637820684,12.54439309911447,21.583520180416237,4.350838050838051,6.882688616479642,2552,20514,1316,3974,7092,22.43165814929956,56.027222777222775,116,4.541666666666668,9.883438655857223,1.0302083333333336,104,504,2504,1.0561111111111112,4.7666666666666675,10.210701925855117,47.68650279113103,96.0
CC(C)c1cc(c(C)c(Br)c1O)C3(OS(=O)(=O)c2ccccc23)c4cc(C(C)C)c(O)c(Br)c4C,3626,996,3382,12.923999029348856,40.45561030962022,74.05562495010156,12.533342388605536,21.609091745332062,14016,196974,7252,28482,50932,78.0633019619651,238.53798584456473,498,13.339826839826832,31.228322718011526,2.7524078134467738,396,2144,12024,3.15048752834467,15.176190476190468,33.793588864133575,172.629831440876,200.0
BrC(C)C(Br)(Br)C,318,120,288,2.500887246306986,7.012632426376511,11.650011549007882,2.4222222222222225,3.8080501986239867,1212,7344,636,1758,2952,12.366365044077233,28.39999999999999,60,2.5833333333333335,5.512438571626293,0.6041666666666667,60,312,1692,0.5308163265306122,2.4857142857142858,5.439210519018204,26.70791048712792,2.0
c1cc(cc(c1)F)CC(=O)O,534,212,520,4.770737209344242,12.79847859985612,21.813725483628783,4.725685425685426,7.177954987314447,2108,13812,1068,2788,5324,22.189838902494827,52.20512265512266,106,4.816666666666666,10.220284009315627,1.120277777777778,100,460,2140,1.105,4.9,10.366563145999496,46.83281572999746,46.0
c1cc(c(cc1F)C(=O)O)F,658,232,618,4.444472637820684,12.54439309911447,21.583520180416237,4.350838050838051,6.882688616479642,2552,20514,1316,3974,7092,22.43165814929956,56.027222777222775,116,4.541666666666668,9.883438655857223,1.0302083333333336,104,504,2504,1.0561111111111112,4.7666666666666675,10.210701925855117,47.68650279113103,130.0
ClCCC#N,76,48,72,2.7876937002347035,5.4104160222178015,7.878156862896232,2.7428571428571424,3.3007122740367407,296,720,152,252,456,8.123934788966011,11.657142857142855,24,2.833333333333333,4.723614639131599,1.0694444444444444,28,100,364,0.6944444444444444,2.333333333333333,4.309401076758503,14.928203230275507,-50.0
CCC(C)CCCCCC,288,140,276,4.911778601798138,11.331625143470848,17.736420147715574,4.826984126984128,6.553961926872749,1128,4812,576,1234,2296,18.273801215519555,34.134126984126986,70,5.0,9.382332347441762,1.5333333333333334,72,296,1248,1.2294444444444443,4.633333333333333,9.098255458758334,35.87247514027466,-85.0
CCC(C)(C#CC(C)(CC)O)O,604,224,568,4.628200969263026,12.800397168452243,21.435835570382928,4.47012987012987,6.979776206051544,2344,16384,1208,3364,6112,22.608786621884207,53.82337662337662,112,4.8,10.102047429939285,1.2433333333333336,108,556,2964,1.111666666666667,4.766666666666667,10.153096164469073,48.41266499253925,54.0
Oc1ccc(cc1OC)CO,616,224,582,4.752674323159139,12.787659107263007,21.512213719355156,4.617404817404817,7.060389621696137,2396,18122,1232,3556,6480,22.512526271934604,54.05641025641027,112,4.895238095238095,10.180297956301137,1.3045578231292518,100,472,2296,1.2300000000000002,5.066666666666667,10.492460803685729,46.659998445839335,114.0
CC(=O)Nc1ccc(cc1)C#N,590,232,572,5.272230720507304,14.00421824983095,23.730648509771864,5.197402597402597,7.847617626911072,2324,15300,1180,3110,5896,24.27851930926809,56.94199134199134,116,5.3500000000000005,11.20550240727637,1.326944444444445,108,496,2316,1.2822222222222224,5.466666666666667,11.415690875378667,50.769053300134786,205.0
Brc1cc(Br)c(N)cc1,490,184,466,3.6561702310832747,10.321166358513182,17.69116462128771,3.582828282828283,5.6660970952775385,1912,13030,980,2684,4936,18.324863893467793,44.65909090909091,92,3.7333333333333343,8.12853229977949,0.8355555555555558,84,400,1944,0.8755555555555556,3.9333333333333336,8.39420534492739,38.787523305564676,78.0
Cc1cc(C)ccc1[N+](=O)[O-],658,232,614,4.440210230905932,12.551849385663747,21.558332173908866,4.342513042513042,6.877193908914121,2544,19898,1316,3974,6992,22.45809664205971,55.869380619380635,116,4.541666666666667,9.883438655857223,1.0302083333333336,104,504,2504,1.0561111111111112,4.766666666666667,10.210701925855117,47.68650279113103,7.0
NCCS,44,32,42,2.2996598285221186,4.161760458079524,5.919183588453085,2.2666666666666666,2.6053509629275577,172,306,88,124,228,6.082482904638631,7.800000000000001,16,2.333333333333333,3.723614639131598,0.9444444444444444,20,68,236,0.5694444444444444,1.833333333333333,3.309401076758503,10.928203230275509,96.0
Brc1ccc(CC#N)cc1,464,188,452,4.544737254926703,11.755854435132699,19.80773031321759,4.49090909090909,6.647530948974298,1832,11372,928,2362,4520,20.19737182083072,46.263636363636365,94,4.6000000000000005,9.47767920164647,1.186666666666667,88,396,1816,1.1222222222222222,4.666666666666667,9.626836493378834,41.824781390135655,48.0
O=C2c1ccccc1C(=O)C2c3ccccc3,1446,448,1370,7.010756308603597,20.80274936644616,37.396653370435374,6.893162393162395,11.349794564112017,5632,62350,2892,10040,18264,38.63825410146887,108.71047008547013,224,7.135714285714286,16.255409903021604,1.481682728647015,184,920,4744,1.7783333333333333,8.100000000000001,17.47668824956602,83.28242073339645,149.5
C1CCC(=O)C(=O)C1,398,156,376,3.400866309255534,9.33059782589085,15.729904908183629,3.3383838383838382,5.157169095353894,1548,9600,796,2106,3808,16.284195134990124,37.79797979797979,78,3.466666666666667,7.3930446631622635,0.798888888888889,72,332,1572,0.8405555555555556,3.6333333333333333,7.605350962927559,33.84325139556552,37.0
CCCCCCCCCCN,268,144,264,5.787693700234704,12.758885250567337,19.878156862896233,5.742857142857144,7.543352961156028,1064,3792,536,1020,1992,20.12393478896601,35.657142857142865,72,5.833333333333332,10.723614639131599,1.8194444444444446,76,292,1132,1.4444444444444446,5.333333333333332,10.309401076758505,38.9282032302755,13.0
C[C@@H]1CC[C@H](C)C1,340,136,330,2.9630923023288656,8.114824907850794,13.856420128063169,2.927272727272727,4.517625536785178,1340,8250,680,1736,3300,14.147814324325795,33.40909090909091,68,3.0,6.443333074306558,0.6777777777777778,64,296,1384,0.6950000000000001,3.1000000000000005,6.577708763999665,29.88854381999832,-134.0
Cc1cc(nc(c1C#N)Cl)Cl,690,236,638,4.494180672052721,12.590672209839218,21.42137406205911,4.354256854256854,6.864077848977238,2656,21922,1380,4288,7488,22.608956464914467,56.37337662337663,118,4.641666666666666,9.923941451673754,1.1529861111111113,104,508,2552,1.1083333333333334,4.833333333333333,10.259829655234286,47.62274036126837,110.0
c1cc2cccc3Cc4cccc1c4c23,1510,452,1464,6.064565476776802,18.985694800370133,35.708025541489405,6.015384615384615,10.344028727079587,5948,71080,3020,10678,20144,36.29519517696779,111.20085470085475,226,6.114285714285713,14.71863340303795,1.1045275888133037,180,920,4800,1.5427777777777776,7.366666666666671,16.23790043263796,80.27198506782837,116.0
c1cc(c(cc1C(=O)O)S(=O)(=O)N)Cl,964,316,898,5.295320007476098,15.573501692619578,27.44599783544032,5.182439782439783,8.472319119417442,3724,33978,1928,6308,11036,28.57095130981979,76.0827505827506,158,5.411904761904763,12.170674009271034,1.149094860166289,140,720,3812,1.2119274376417237,5.752380952380954,12.649912444873321,62.39441327825894,258.0
CCCCCCCCCCCC(=O)OC,448,220,436,7.411778601798139,17.45534950042879,27.736420147715585,7.326984126984128,10.089495832805488,1768,7372,896,1874,3576,28.27380121551957,54.134126984126986,110,7.5,14.382332347441764,2.1583333333333337,112,456,1888,1.8544444444444448,7.133333333333333,14.098255458758338,55.872475140274645,5.0
CC(=O)c1ccco1,404,156,382,3.441407855662781,9.328133815715232,15.76429508930666,3.3888888888888893,5.1867044844618535,1572,10362,808,2214,3976,16.241215229499513,37.888888888888886,78,3.4952380952380953,7.41908912590664,0.8134467120181407,72,332,1572,0.8405555555555555,3.6333333333333333,7.605350962927559,33.84325139556552,29.5
CC(C)CCC(=O)O,232,112,226,3.60382826775842,8.661780558081546,13.89317850888592,3.5746031746031743,4.989504649440827,916,4002,464,992,1892,14.10782612815438,27.603174603174605,56,3.6333333333333337,7.098255458758335,0.9794444444444446,60,260,1140,0.785,3.3000000000000003,6.788854381999832,28.94427190999916,-35.0
O=[N+]([O-])c1cc(ccc1Cl)[N+]([O-])=O,814,280,762,5.180452149351894,14.74411076501073,25.466420712373722,5.0615606615606605,8.063717911081467,3152,26342,1628,5030,8944,26.551617195295318,67.45088245088243,140,5.303571428571429,11.59468234407453,1.2025439342403632,124,608,3064,1.2366666666666668,5.600000000000001,12.027198506782844,56.58548227669739,53.0
BrC(Br)(C#N)C(N)=O,408,144,358,2.9778619214497835,8.269016257365768,13.392718170920542,2.828615828615829,4.427358123077698,1532,10610,816,2460,3952,14.648158013194283,33.33383283383283,72,3.138095238095238,6.492837273994214,0.84218820861678,68,352,1928,0.7285941043083901,3.085714285714286,6.515980447325264,30.598855632832453,123.5
OC(=O)c1cc(ccc1O)c2ccc(F)cc2F,1286,428,1218,7.1680430362847165,21.082086190244656,37.35629318413857,7.0297147297147315,11.49683200932886,5008,45062,2572,8146,14776,38.667957989331164,103.79975024975026,214,7.311904761904764,16.485438350173496,1.5483078231292517,184,912,4624,1.7372222222222224,8.033333333333337,17.421403851710235,83.37300558226204,215.5
c1ccc2c(c1)-c3ccccc3C2CO,1324,404,1264,6.3644256178470044,18.586908246533884,33.505768172895834,6.2585470085470085,10.19352786405803,5176,60160,2648,9328,17216,34.51440732255632,98.39316239316241,202,6.475000000000001,14.588116404085318,1.429375,164,820,4232,1.65,7.333333333333335,15.709319398017465,74.31967881796744,104.0
C1=CC=C(C=C1)NC2=CC=CC=C2,680,272,672,5.916114535346942,16.121808878866293,27.917337483710767,5.898989898989899,9.061885086414218,2704,17632,1360,3496,6832,28.083108895741688,67.5959595959596,136,5.933333333333334,12.84369508771057,1.2922222222222224,124,556,2524,1.4800000000000002,6.400000000000001,13.366563145999498,58.83281572999746,53.0
CCC(=O)c1ccc(cc1)C,584,220,554,4.687887475642763,12.768150260075966,21.605446883440155,4.585470085470087,7.061948423553802,2276,15806,1168,3242,5912,22.41215722961996,53.3448717948718,110,4.795238095238097,10.139795160484612,1.1817800453514744,100,468,2248,1.177777777777778,5.000000000000001,10.44333307430656,46.723760875702,7.0
OC(C(O)C(O)C(O)C=O)C(=O)O,714,248,636,5.146959466090204,14.121299993211494,23.06900279612433,4.923565323565324,7.628294371166745,2700,21056,1428,4408,7316,24.99591484332859,57.861538461538466,124,5.385714285714285,11.139274311298813,1.4286734693877554,112,548,2800,1.2744444444444445,5.4,11.315114053090074,51.53215551240276,166.0
Cc1ccccc1CO,464,176,434,3.962719739472424,10.574525609055208,17.628469944354205,3.868298368298368,5.861699205840183,1796,12234,928,2596,4604,18.3889974532109,42.3958818958819,88,4.061904761904762,8.431949722795276,1.040668934240363,80,368,1748,1.017777777777778,4.2,8.654478692306727,37.77948896570284,39.0
CC(C)C(C)(C)O,318,120,288,2.500887246306986,7.012632426376511,11.650011549007882,2.4222222222222225,3.8080501986239867,1212,7344,636,1758,2952,12.366365044077233,28.39999999999999,60,2.5833333333333335,5.512438571626293,0.6041666666666667,60,312,1692,0.5308163265306122,2.4857142857142858,5.439210519018204,26.70791048712792,-10.0
CC(C)(C)C(C)(C)C,488,160,434,2.553501123769649,7.793103832776879,13.545096630100028,2.4675324675324672,4.152658618758013,1844,14210,976,3128,5068,14.4728276093045,37.545454545454554,80,2.6428571428571423,6.023715784073818,0.538265306122449,76,428,2524,0.5112499999999999,2.6500000000000004,6.073669927186044,32.48966997948986,101.0
C[Si](c1ccccc1)(c2ccccc2)c3ccccc3,1580,496,1472,8.567696328367548,24.51934474510006,43.37166175566131,8.465201465201465,13.519577910668605,6104,68672,3160,11324,19696,44.65862785452285,119.97069597069604,248,8.675,19.31345472540631,1.8481250000000005,208,1028,5344,2.182448979591837,9.657142857142858,20.528777175054774,95.17945955138458,67.0
CCCCCCCCI,204,112,200,4.787693700234704,10.30939550778416,15.878156862896233,4.742857142857143,6.129139398782932,808,2768,408,764,1480,16.12393478896601,27.65714285714286,56,4.833333333333333,8.723614639131599,1.5694444444444446,60,228,876,1.1944444444444444,4.333333333333333,8.309401076758503,30.92820323027551,-46.0
CC(C)c1ccc(Cl)cc1,524,200,500,4.163378444157187,11.527351494745053,19.725554802410745,4.100000000000001,6.383193279263224,2048,13700,1048,2860,5240,20.28188398797718,48.75,100,4.2285714285714295,9.126934563595974,0.954557823129252,92,432,2072,1.0005555555555556,4.4333333333333345,9.394205344927391,42.787523305564676,-12.0
c1cc(nc(c1)Cl)Cl,372,152,360,3.4575194933287823,9.349885971192165,15.831652088062798,3.4161616161616166,5.218503338084836,1464,8600,744,1864,3520,16.172736683825416,37.2979797979798,76,3.500000000000001,7.443333074306559,0.8027777777777778,72,328,1512,0.82,3.6,7.577708763999665,33.88854381999832,86.0
CCc1ccc2ccccc2c1,774,276,750,5.216770058966462,14.661410256680245,25.722314072466368,5.145931845931847,8.123494205479068,3048,24714,1548,4530,8560,26.286854383116697,67.77163947163946,138,5.290476190476193,11.59384383556089,1.2063378684807258,120,568,2748,1.3377777777777777,5.800000000000002,12.232187456306391,55.66803278570116,-7.34999999999997
CC1C(OCCN1Cc3c(C)n(C)n(c2ccccc2)c3=O)c4ccccc4,2288,724,2168,11.429245289977278,34.01595895053528,60.97267055868623,11.222527472527467,18.52355956073131,8912,92468,4576,15398,28052,63.09275254098146,175.59752747252742,362,11.649999999999995,26.55103508043914,2.4143584656084665,300,1496,7680,2.8899999999999997,13.199999999999998,28.50388675634886,135.86790301009378,149.0
COC(C(=O)c1ccccc1)c2ccccc2,1070,376,1012,7.458433911356401,20.591689075394207,35.43393795433488,7.3301587301587325,11.39811529313588,4164,35452,2140,6554,11840,36.59706378255857,91.24444444444448,188,7.594047619047621,16.3245062432387,1.7866595804988668,164,772,3752,1.9138888888888892,8.166666666666668,17.07632623616201,76.52171984683471,47.0
CCN(CC)CCNC(=O)c1cc(Cl)c(N)cc1OC,1182,416,1112,8.507937105236064,23.134349116206042,39.06434154274773,8.258918858918863,12.728995958588575,4588,38192,2364,7138,12928,40.98261876359584,100.13137973137972,208,8.7702380952381,18.368751771357665,2.2958772675736956,184,880,4348,2.1783333333333332,9.100000000000003,18.963436076920175,85.33846689710853,147.0
C(=O)(OC(Cl)(Cl)Cl)OC(Cl)(Cl)Cl,576,220,550,4.551926160059698,12.640386674385677,21.750293930568752,4.5,7.01650785794505,2252,15050,1152,3158,5760,22.253839041869917,53.749999999999986,110,4.604761904761905,10.008557711726073,1.0077437641723357,112,576,2992,0.8761111111111114,4.366666666666668,9.788410689854784,49.57504661112934,84.0
CS(=O)(=O)c4ccc3Sc1ccccc1N(CCCN2CCC(CC2)C(N)=O)c3c4,2342,764,2252,11.99859302235559,35.96877389821158,65.29327110474959,11.864291264291257,19.688403607432413,9188,88876,4684,15112,28088,66.72097549273096,187.09745809745806,382,12.135714285714277,28.075665374183092,2.381451247165533,324,1628,8376,2.92859410430839,13.752380952380943,30.04367409765564,145.81271128495376,170.0
C1=CC(=CC=C1N)S(=O)(=O)N,668,236,630,4.2622733175144,12.352113775139316,21.686787736289066,4.201098901098902,6.778218381697587,2596,19914,1336,3994,7104,22.321002375317807,57.31483516483516,118,4.324999999999999,9.69035315332444,0.8965972222222222,108,544,2820,0.9758163265306126,4.585714285714286,10.016919283017868,48.59645430712622,166.2
COCC(=O)O,138,72,130,2.934808494301258,6.444329480531981,9.842672721773212,2.887301587301587,3.7800585308900394,536,1898,276,558,996,10.160745634373793,17.4515873015873,36,2.9833333333333334,5.4109350489449675,0.9619444444444445,40,164,688,0.6772222222222222,2.5666666666666664,5.049127729379167,19.936237570137333,8.0
c1cc(cc(c1)C(F)(F)F)C#N,732,256,692,4.8265868742518245,13.597794145699895,23.59592590708302,4.731646131646132,7.483770164615843,2848,23144,1464,4436,7988,24.41645691995895,62.078232878232875,128,4.925,10.73085594914097,1.1443750000000001,116,580,2996,1.1530385487528347,5.152380952380953,11.066047012397036,52.532691877263545,16.0
CCCCCCCCOC(=O)c1cc(c(c(c1)O)O)O,1062,396,1010,8.766558326420089,23.30952589013829,39.37866763509339,8.61797091797092,13.016236450312379,4144,31170,2124,6054,11108,40.65860229899326,96.23525363525361,198,8.923809523809531,18.6406502014098,2.2302267573696137,180,836,4008,2.1638888888888888,9.166666666666668,19.07632623616201,84.52171984683469,99.0
CC(O)CCCCCC,234,120,228,4.44297457949652,10.103118564603538,15.873283665890892,4.4031746031746035,5.9097609247617084,924,3560,468,942,1796,16.128341638310005,29.574603174603173,60,4.483333333333333,8.410935048944967,1.3369444444444445,64,260,1072,1.0522222222222224,4.066666666666666,8.049127729379167,31.936237570137337,-32.0
Clc1cc(C#N)cc(Cl)c1,528,200,508,4.275410783986165,11.588701795707298,19.685066787309594,4.1878787878787875,6.429956970335857,2072,14564,1056,2884,5424,20.327008208575975,48.784848484848474,100,4.366666666666668,9.219323506740317,1.0872222222222223,92,432,2060,1.0322222222222224,4.466666666666668,9.415690875378665,42.7690533001348,64.0
C1(=C(C(=C(C(=C1Cl)Cl)Cl)Cl)Cl)C2=C(C(=C(C(=C2Cl)Cl)Cl)Cl)Cl,2046,588,1870,7.880199574014302,24.92233960107078,44.26755671301712,7.507936507936513,13.07213971172657,7832,92110,4092,14934,26156,47.88503111446275,138.49999999999994,294,8.285714285714288,19.112436882173075,1.7974300831443697,236,1256,6896,1.972222222222221,9.333333333333336,20.61445555206044,103.68673331236258,306.0
CCCCCCCCCCCCCC=C,396,208,392,7.787693700234704,17.657864736133693,27.878156862896233,7.742857142857144,10.371780085902218,1576,5840,792,1532,3016,28.12393478896601,51.657142857142865,104,7.833333333333332,14.723614639131599,2.3194444444444446,108,420,1644,1.9444444444444446,7.333333333333332,14.309401076758505,54.9282032302755,-4.0
Cc1ccc(Cl)c(N)c1,490,184,466,3.656170231083273,10.32116635851318,17.691164621287715,3.5828282828282823,5.6660970952775385,1912,13030,980,2684,4936,18.324863893467793,44.65909090909091,92,3.7333333333333325,8.128532299779488,0.8355555555555556,84,400,1944,0.8755555555555556,3.9333333333333336,8.394205344927391,38.787523305564676,31.0
C1COCCN1C=O,340,144,328,3.740079005990549,9.575725986796037,15.803878619246047,3.6828282828282832,5.402544386978886,1336,7504,680,1668,3128,16.204116243749798,35.26464646464647,72,3.8,7.720706034577969,0.9933333333333334,68,296,1316,0.9622222222222225,3.866666666666668,7.837982111379002,32.880509480136496,22.0
CC(C1=CC2=C(C=C1)C=C(C=C2)OC)C(=O)O,1178,400,1126,6.932563594881236,20.07170679891584,35.41327045312016,6.791475191475191,10.983451862864563,4608,39942,2356,7220,13380,36.615550472294416,97.33916083916085,200,7.0809523809523816,15.751818848612734,1.5876757369614518,172,844,4240,1.7338888888888893,7.766666666666668,16.654035000161677,78.410263666833,155.0
CC(=O)Nc1ccc2c3ccccc3Cc2c1,1332,436,1296,7.070050875702291,20.762790420487324,37.7228994529525,7.017177267177271,11.45857910746334,5256,52244,2664,8576,16284,38.282012187107206,107.45955155955157,218,7.123809523809529,16.29575109816869,1.445921201814059,184,908,4564,1.7166666666666668,8.000000000000002,17.393761652782338,83.41829800669483,194.0
c1csc(n1)N,248,108,242,2.710824970494238,7.1188295484957385,11.911723633103335,2.688888888888889,4.012457959773781,980,5062,496,1158,2216,12.09051347747691,26.63888888888889,54,2.7333333333333334,5.707845437689333,0.641111111111111,52,228,1012,0.6599999999999999,2.8,5.7888543819998315,24.94427190999916,90.0
C[C@H](CCC(=O)O)[C@H]1CC[C@@H]2[C@@]1([C@H](C[C@H]3[C@H]2[C@@H](C[C@H]4[C@@]3(CC[C@H](C4)O)C)O)O)C,2998,832,2804,10.909851824423647,33.95267060706833,62.699950711871864,10.669363144595339,18.284828065567037,11604,157644,5996,23360,41600,65.37679728609679,200.35418872493167,416,11.164682539682532,26.28615241133947,2.233685909549005,332,1788,9992,2.646859410430839,12.79523809523809,28.489681117729795,145.09017795347216,201.0
CC(C)CC(C)(C)CC,394,152,364,3.6553721959441754,9.558474702079543,15.595147892366523,3.5492507492507492,5.293443476658998,1516,9976,788,2182,3804,16.43059334632743,36.321278721278716,76,3.769047619047619,7.645156618439623,1.0166496598639458,76,376,1924,0.8233333333333335,3.5333333333333337,7.470975273234453,34.678468451269204,-113.0
C1=CC=C2C3=C4C(=CC2=C1)C=CC5=C4C(=CC=C5)C=C3,2026,604,1964,8.098008195778936,25.308528563946638,47.607833501693044,8.032730015082958,13.79446046231726,7980,96136,4052,14378,27140,48.39827414017587,148.57080191050784,302,8.164285714285716,19.628808128597413,1.4832775888133038,240,1228,6420,2.063888888888889,9.833333333333336,21.65974797649324,107.01421594896021,176.0
c1ccc(c(c1)C(=O)NN)O,626,224,580,4.711317711108964,12.798783106413563,21.488386690731648,4.587201687201687,7.04949341384507,2412,18904,1252,3778,6588,22.5353732501203,53.678232878232876,112,4.841666666666667,10.160811616128633,1.220763888888889,100,472,2308,1.1983333333333335,5.033333333333332,10.470975273234453,46.6784684512692,148.0
CCc1cccnc1,340,144,328,3.740079005990548,9.575725986796034,15.80387861924605,3.6828282828282832,5.402544386978885,1336,7504,680,1668,3128,16.204116243749795,35.26464646464646,72,3.8000000000000007,7.720706034577969,0.9933333333333334,68,296,1316,0.9622222222222221,3.8666666666666667,7.837982111378999,32.880509480136496,-77.0
c1ccc2c(c1)CCC2,590,212,570,3.9268154752797453,11.223531887080854,19.838570297465413,3.8968253968253967,6.217697008436565,2320,18314,1180,3442,6428,20.163325564393006,52.1111111111111,106,3.9571428571428577,8.845495602055028,0.8174489795918369,92,432,2072,1.0005555555555556,4.4333333333333345,9.394205344927391,42.787523305564676,-51.0
[O-][N+](=O)c1ccccc1,436,172,414,3.941407855662781,10.55287868710682,17.76429508930666,3.8888888888888893,5.893811265648401,1700,10874,872,2342,4232,18.241215229499517,41.888888888888886,86,3.9952380952380953,8.41908912590664,0.9384467120181407,80,364,1700,0.9655555555555555,4.133333333333333,8.605350962927558,37.84325139556552,5.0
CCCSc1ccc2c(c1)nc([nH]2)NC(=O)OC,1122,400,1100,7.89015313752005,21.514227139851943,37.66582409801147,7.793351093351096,12.0341908504149,4444,37392,2244,6560,12708,38.344950207946404,98.71571206571208,200,7.990476190476194,17.154449633991042,1.9546712018140584,176,836,4052,1.9600000000000009,8.46666666666667,17.859023949685227,81.49281417583678,209.0
c1cc(cnc1)O,280,124,274,3.210824970494238,8.343574419887329,13.911723633103335,3.1888888888888887,4.719564740960329,1108,5574,560,1286,2472,14.09051347747691,30.638888888888886,62,3.233333333333333,6.707845437689332,0.7661111111111112,60,260,1140,0.7849999999999999,3.3,6.7888543819998315,28.94427190999916,127.0
O=[N+]([O-])c1c(cccc1Cl)C(=O)O,870,284,798,5.235036917843422,14.793331360873774,25.363327452955474,5.100029382382323,8.076841719744012,3336,32498,1740,5884,10072,26.659591622053938,67.7502863149922,142,5.375,11.644292344119123,1.2478009259259262,124,612,3124,1.2572222222222222,5.633333333333335,12.054840705710738,56.54018985226459,237.0
C1=CC=C(C=C1)C2=NC(=C(S2)CC(=O)O)C3=CC=C(C=C3)Cl,1542,528,1504,9.26935931073366,26.630307493816847,47.66527917321392,9.2006105006105,14.758831617396016,6092,55668,3084,9480,18092,48.340106428396204,130.2659951159951,264,9.339285714285714,20.985978330741958,1.9542729591836743,228,1104,5448,2.251666666666667,10.3,22.182616034782164,104.36256991669396,161.0
O=C(C#Cc1ccccc1)O,470,200,462,4.991786439889459,12.998832705044029,21.89697638722622,4.967099567099567,7.367595053910262,1864,10650,940,2278,4408,22.103783556133646,49.55411255411255,100,5.016666666666667,10.457154173770505,1.1880555555555556,96,424,1896,1.195,5.1000000000000005,10.577708763999665,45.88854381999832,136.0
c1ccc(cc1)C2CCCCC2=O,816,292,780,5.673694820767865,15.900285579718414,27.692907847967433,5.612598512598513,8.817997363972154,3192,26164,1632,4880,8936,28.31688726505771,71.37664557664559,146,5.736904761904763,12.574357495388384,1.2475439342403627,128,600,2888,1.431111111111111,6.2666666666666675,13.210701925855117,59.686502791131026,58.0
CCCCCCCCCCCCCCCCCCCCCCCCCCCC,812,416,808,14.287693700234705,33.57954806422431,53.878156862896226,14.242857142857146,19.56416824132732,3240,12496,1624,3196,6344,54.12393478896601,103.65714285714284,208,14.333333333333334,27.723614639131597,3.9444444444444446,212,836,3308,3.5694444444444446,13.833333333333334,27.309401076758505,106.92820323027551,62.0
c1cc(ccc1CO)C(=O)O,584,220,554,4.692632479653497,12.75950306165376,21.61770978855346,4.593939393939394,7.066172925281782,2276,15630,1168,3242,5896,22.39548675425008,53.375757575757575,110,4.795238095238094,10.13979516048461,1.181780045351474,100,468,2248,1.177777777777778,5.000000000000001,10.44333307430656,46.723760875702006,181.0
CCCCCCS,140,80,136,3.787693700234704,7.85990576500098,11.878156862896233,3.7428571428571424,4.714925836409837,552,1744,280,508,968,12.123934788966011,19.657142857142855,40,3.8333333333333335,6.723614639131599,1.3194444444444444,44,164,620,0.9444444444444444,3.3333333333333335,6.309401076758503,22.92820323027551,-81.0
C(=O)(C(F)(F)F)N,318,120,288,2.500887246306986,7.01263242637651,11.65001154900788,2.422222222222222,3.8080501986239867,1212,7344,636,1758,2952,12.366365044077233,28.399999999999995,60,2.5833333333333335,5.512438571626294,0.6041666666666667,60,312,1692,0.5308163265306121,2.4857142857142858,5.439210519018203,26.70791048712792,73.0
C1CCCCCCCCCCC1,384,192,384,6.0,14.69693845669907,24.0,6.0,8.485281374238573,1536,6144,768,1536,3072,24.0,48.0,96,6.0,12.0,1.5,96,384,1536,1.5,6.0,12.0,48.0,61.0
c1ccc2c(c1)ccc(n2)Cl,714,256,694,4.68447943347704,13.43468551650427,23.813595868179405,4.6459318459318455,7.436754136548262,2816,22542,1428,4148,7860,24.18988370521504,63.0549728049728,128,4.723809523809525,10.580983238672255,0.9791156462585038,112,532,2572,1.1605555555555558,5.233333333333334,11.183059726927224,51.73179521556382,36.0
CC(C)(C)C,128,64,128,2.0,4.898979485566357,8.0,2.0,2.8284271247461907,512,2048,256,512,1024,8.0,16.0,32,2.0,4.0,0.5,40,200,1000,0.32,1.5999999999999999,3.5777087639996634,17.88854381999832,-17.0
CCCOC(=O)c1ccc(cc1)N,652,252,626,5.778741221279773,15.183105242062778,25.67864980842529,5.6983127983127995,8.533041803432964,2556,17486,1304,3546,6584,26.332340052159427,61.60576645576645,126,5.861904761904762,12.188922889863777,1.4840022675736968,116,532,2504,1.427777777777778,6.000000000000001,12.44333307430656,54.723760875702,74.0
C1C=CCC1,160,80,160,2.5,6.123724356957946,10.0,2.5,3.5355339059327386,640,2560,320,640,1280,10.0,20.0,40,2.5,5.0,0.625,40,160,640,0.625,2.5,5.0,20.0,-135.0
c1ccc(cc1)CSSCc2ccccc2,772,320,760,7.374171803020415,19.79569078673947,33.87600622556615,7.348484848484849,11.153670040865899,3064,18160,1544,3820,7400,34.124663343612525,79.3939393939394,160,7.400000000000003,15.816052888782679,1.6466666666666665,148,652,2908,1.8550000000000002,7.900000000000001,16.366563145999496,70.83281572999746,70.0
CC(C)CC(=O)N,204,96,192,3.12589765768623,7.473378871701724,11.83713013733938,3.0857142857142854,4.28862684814117,792,3456,408,924,1632,12.16538667329339,23.314285714285717,48,3.166666666666667,6.12589765768623,0.875,52,228,1012,0.6599999999999999,2.8,5.7888543819998315,24.94427190999916,136.0
CC(C)[C@@H]1CC[C@@H](C)C[C@H]1O,658,232,614,4.440210230905931,12.551849385663749,21.558332173908862,4.342513042513042,6.877193908914121,2544,19898,1316,3974,6992,22.458096642059708,55.86938061938062,116,4.541666666666667,9.883438655857223,1.0302083333333334,104,504,2504,1.0561111111111114,4.7666666666666675,10.210701925855117,47.686502791131026,42.0
c1cc(c(cc1Cl)Cl)CCl,556,204,524,4.218023661300164,11.565094141677536,19.58972965745829,4.112742812742813,6.370627205763827,2160,15664,1112,3174,5732,20.42966621168857,49.256993006993014,102,4.328571428571429,9.167437359412505,1.0773356009070294,92,436,2120,1.0527777777777778,4.5,9.44333307430656,42.723760875702,-3.0
CN(C=O)c1ccccc1,496,192,468,4.465916887148356,11.79367745243773,19.644187170336075,4.374358974358975,6.572566409938979,1928,12980,992,2724,4904,20.371488471142296,46.483760683760686,96,4.561904761904763,9.431949722795277,1.165668934240363,88,400,1876,1.142777777777778,4.7,9.654478692306727,41.77948896570285,11.0
O=[N+]([O-])c1ccc(C#N)cc1,584,220,554,4.692632479653498,12.75950306165376,21.61770978855346,4.5939393939393955,7.066172925281781,2276,15630,1168,3242,5896,22.395486754250072,53.375757575757575,110,4.795238095238095,10.13979516048461,1.1817800453514742,100,468,2248,1.177777777777778,5.000000000000001,10.44333307430656,46.723760875702,149.0
CC(C)(c1ccccc1)C(=O)O,802,264,728,4.715473680397015,13.579459934405898,23.389224973161866,4.595543345543345,7.37950364369432,3060,27216,1604,5298,8888,24.641890634120784,62.720390720390725,132,4.841666666666667,10.64317352592359,1.0749305555555557,116,588,3140,1.1516326530612244,5.171428571428572,11.089566656036572,52.471549064256685,81.0
CC1(C(=O)NC(=O)O1)C,638,208,594,3.2920078508990334,9.934634053139373,17.57570654079571,3.203363303363303,5.349725813751359,2464,21850,1276,4076,7228,18.448009028479955,49.881235431235424,104,3.385714285714286,7.714518162889897,0.7064512471655329,92,484,2624,0.7463718820861678,3.6190476190476195,8.044561481945761,40.551161882693435,79.0
CCCCCC(=O)OC(=O)CCCCC,512,232,496,7.245213193563488,17.209791736193143,27.709808950959033,7.15901875901876,9.93342917449467,2016,10344,1024,2372,4488,28.29667147279143,56.95512265512266,116,7.333333333333334,14.16694771343816,2.1222222222222227,116,492,2132,1.764444444444445,6.933333333333334,13.887109840758171,56.81674705027382,-40.0
c1ccc2c(c1)cc(c3c2cccc3)C=O,1306,416,1254,6.812406519810743,19.791074242406264,35.54959176879552,6.7132090132090125,10.884046308427429,5120,53954,2612,8746,16264,36.46558704048717,101.68663558663563,208,6.915476190476191,15.551079479508761,1.5136295351473925,172,848,4300,1.754444444444445,7.8000000000000025,16.68167719908957,78.36497124240024,102.0
c1cc(c(cc1Br)C(=O)O)Br,658,232,618,4.444472637820684,12.54439309911447,21.583520180416237,4.350838050838051,6.882688616479642,2552,20514,1316,3974,7092,22.43165814929956,56.027222777222775,116,4.541666666666668,9.883438655857223,1.0302083333333336,104,504,2504,1.0561111111111112,4.7666666666666675,10.210701925855117,47.68650279113103,155.0
Oc1cc(Cl)cc(Cl)c1,468,180,450,3.740083568503631,10.367403882264046,17.759785364878386,3.681818181818181,5.739456478492807,1836,12150,936,2502,4680,18.246669619045523,43.97727272727272,90,3.8000000000000003,8.206462909851679,0.8600000000000001,84,396,1884,0.8550000000000002,3.900000000000001,8.366563145999496,38.83281572999748,68.0
N#Cc1c(Cl)cccc1Cl,594,208,544,4.205543416891649,11.584007952232794,19.460114348955035,4.076479076479076,6.33560386274477,2276,17888,1188,3650,6240,20.568287706436795,49.51226551226551,104,4.341666666666667,9.160811616128633,1.095763888888889,92,440,2180,1.0733333333333333,4.533333333333334,9.470975273234453,42.678468451269204,144.0
O=C1c3c(O)c(OC)c(O)cc3OC(=C1)c2ccc(OC)cc2,1862,588,1764,9.280542498847117,27.444356483430226,49.02775470713706,9.051692751692753,14.909586659121926,7252,73320,3724,12432,22652,51.025216535832286,142.36238761238764,294,9.52261904761905,21.443931338790122,2.14880999622071,244,1228,6340,2.3627777777777785,10.633333333333333,22.941506854323844,109.98771160366854,225.0
CC(C)(CC(=O)O)CC(=O)O,504,192,472,4.499040003553052,11.788230972633725,19.673643802803202,4.428371628371627,6.604072618902681,1952,13648,1008,2856,5048,20.334882975409286,46.41918081918083,96,4.571428571428571,9.454252130650865,1.1371882086167802,96,472,2376,0.9311111111111111,4.2666666666666675,9.210701925855115,43.68650279113103,101.0
c1ccc(cc1)c2cnc(o2)c3ccc(cc3)c4ncc(o4)c5ccccc5,2112,720,2056,11.822878747250584,35.03897012363273,63.591079296592035,11.751404151404149,19.31000987002337,8336,72968,4224,12864,24400,64.41406145320931,177.6239316239316,360,11.895238095238094,27.437266806075897,2.310907029478459,304,1472,7264,3.0022222222222226,13.733333333333325,29.576821379709543,139.15009322225862,242.0
c1ccc(c(c1)C(=O)N)[N+](=O)[O-],734,252,680,4.974929373044557,13.781470780274937,23.505266738982787,4.869658119658119,7.587668024166989,2828,24904,1468,4686,8144,24.509208747846575,60.50427350427351,126,5.083333333333334,10.90285737531773,1.1881944444444448,112,540,2692,1.2016666666666667,5.3,11.238344124783012,51.64121036669823,176.0
c1ccc(cc1)NC(=S)NN,496,204,482,4.99392379552441,13.01869013750385,21.760112869050904,4.924242424242424,7.324235261143576,1956,11994,992,2502,4772,22.249243133343196,50.11363636363636,102,5.066666666666667,10.456193671195196,1.28,96,428,1944,1.2472222222222225,5.166666666666667,10.626836493378834,45.82478139013564,138.0
CCc1[nH]cc(n1)C,400,156,386,3.4953829278182873,9.341549648026772,15.765138332350132,3.4272727272727272,5.204365605715982,1572,10422,800,2118,4000,16.244785002227463,38.125757575757575,78,3.5666666666666673,7.456193671195196,0.9050000000000002,72,332,1560,0.8722222222222222,3.6666666666666674,7.626836493378832,33.824781390135655,47.0
O=[N+]([O-])N1CN(CN(C1)[N+]([O-])=O)[N+]([O-])=O,936,324,894,5.964211982185258,16.937797075983113,29.499474188013306,5.846153846153845,9.302892672039535,3660,31218,1872,5670,10512,30.514318638952222,78.76923076923079,162,6.0857142857142845,13.3401939745036,1.377006802721089,144,708,3564,1.396666666666667,6.400000000000001,13.816052888782677,65.52975418669655,205.0
c1cc2ccc(cc2c(c1)N)O,844,288,810,4.933261149510355,14.433908083008287,25.67935556757888,4.865367965367965,7.918206509088225,3308,29186,1688,5202,9652,26.331117530775224,70.39559884559885,144,5.003571428571427,11.309845132005611,1.0342106009070295,124,604,3004,1.2161111111111114,5.566666666666668,11.99955630785495,56.63077470113019,208.0
CC(C)(C)C1CCCCC1,580,208,544,4.040302729019994,11.377640967501081,19.725528023184992,3.98998778998779,6.288836368082763,2248,17088,1160,3476,6096,20.280333616840156,50.45372405372405,104,4.091666666666667,8.982507715635109,0.8804861111111111,96,476,2448,0.9408163265306122,4.285714285714286,9.228064901018035,43.65218239712708,-41.0
O=S1(=O)CCCO1,384,144,368,2.799659828522119,7.951732131687516,13.838367176906171,2.766666666666667,4.391629447700503,1504,10304,768,2112,3904,14.16496580927726,35.199999999999996,72,2.833333333333333,6.265986323710905,0.5972222222222223,68,340,1748,0.6461111111111112,2.9666666666666663,6.421847543855284,30.742230881131874,32.0
ClC(Cl)(Cl)Cl,128,64,128,2.0,4.898979485566357,8.0,2.0,2.8284271247461907,512,2048,256,512,1024,8.0,16.0,32,2.0,4.0,0.5,40,200,1000,0.32,1.5999999999999999,3.5777087639996634,17.88854381999832,-23.0
O=C(/C=C/C(=O)OCC)OCC,412,184,394,5.698584279832742,13.544925630507977,21.66515028086792,5.6000000000000005,7.779559166914404,1612,8194,824,1928,3580,22.34484737654778,44.80000000000001,92,5.800000000000001,11.139305514510266,1.726666666666667,92,396,1748,1.3894444444444447,5.433333333333334,10.88710984075817,44.81674705027382,1.0
CCC=CC(C)C,170,88,164,3.4429745794965196,7.653628821820358,11.873283665890888,3.403174603174603,4.495547362388613,668,2536,340,686,1284,12.128341638310005,21.574603174603176,44,3.4833333333333334,6.4109350489449675,1.0869444444444445,48,196,816,0.8022222222222223,3.0666666666666664,6.049127729379167,23.936237570137333,-142.0
COc1ccccc1CC#N,566,212,534,5.112292197006246,13.015286614032544,21.59719606527696,5.004906204906206,7.328066648183327,2200,16482,1132,3262,5880,22.416990508951933,51.29646464646464,106,5.223809523809523,10.51998251180746,1.4596712018140592,96,436,2052,1.3200000000000003,5.266666666666667,10.703606421685894,45.715726535840176,66.0
OC(=O)c1ccc(cc1)C(C)=O,680,248,640,4.893961329325731,13.736655761964547,23.578126258614073,4.8,7.557439803951299,2640,19000,1360,3916,7000,24.43258573999979,59.99999999999999,124,4.9904761904761905,10.83817825181328,1.1268934240362816,112,536,2632,1.1811111111111112,5.2666666666666675,11.210701925855117,51.686502791131026,209.0
CC(C)c1cccc(c1)C(C)C,684,248,648,4.9294785163912005,13.749321302984683,23.597453151977763,4.837606837606836,7.580561927288486,2664,20256,1368,3976,7224,24.41265477581692,60.14529914529914,124,5.023809523809523,10.865820450741174,1.147448979591837,112,536,2632,1.1811111111111112,5.2666666666666675,11.210701925855117,51.686502791131026,-63.0
CC/N=C/1\N/C(=N/C(C)C)/NC(=N1)Cl,726,276,708,6.174352750436486,16.23752323833695,27.726295381887294,6.1004329004329,9.148773590858305,2868,21060,1452,3984,7656,28.28006515747743,67.92077922077922,138,6.25,13.045402171128552,1.5819444444444444,128,596,2816,1.4422222222222225,6.266666666666669,13.204545257378498,59.713325210133945,177.0
c1c(cc(c(c1Cl)O)Cl)C(=O)O,774,264,724,4.651195549297501,13.530047785862623,23.425572629078836,4.51965811965812,7.330854020209899,2996,24824,1548,4728,8484,24.608146234811013,63.379487179487185,132,4.79047619047619,10.578661875141998,1.0757823129251705,116,576,2936,1.1116666666666668,5.1,11.027198506782842,52.585482276697384,268.0
O=S(=O)(OC)OC,284,112,256,2.8117043883352997,7.328718431525359,11.516651981929844,2.6701298701298697,3.9828143344153157,1080,6304,568,1508,2560,12.52630371724558,26.223376623376616,56,2.966666666666667,5.83606110622838,0.8961111111111111,56,280,1472,0.7155555555555555,2.8000000000000003,5.731248620613787,25.67043411140739,-32.0
O=[N+]([O-])c1cccc(c1)[N+]([O-])=O,684,248,648,4.9294785163912005,13.749321302984683,23.597453151977763,4.837606837606836,7.580561927288486,2664,20256,1368,3976,7224,24.41265477581692,60.14529914529914,124,5.023809523809523,10.865820450741174,1.147448979591837,112,536,2632,1.1811111111111112,5.2666666666666675,11.210701925855117,51.686502791131026,89.0
c1cc(ccc1CC#N)I,464,188,452,4.544737254926704,11.755854435132699,19.807730313217586,4.49090909090909,6.647530948974297,1832,11372,928,2362,4520,20.197371820830718,46.263636363636365,94,4.6,9.47767920164647,1.1866666666666668,88,396,1816,1.1222222222222225,4.666666666666667,9.626836493378834,41.82478139013565,53.0
CC[N+](=O)[O-],102,56,96,2.3618073195657994,5.220947331236295,7.8445913576072765,2.309523809523809,3.0354612541511825,396,1216,204,382,688,8.162772227887022,13.52380952380952,28,2.416666666666667,4.361807319565799,0.7847222222222223,32,132,560,0.5522222222222222,2.0666666666666664,4.049127729379167,15.936237570137333,-89.0
O=C(N)c1cc(Br)ccc1,528,200,504,4.193499004859992,11.54960363708842,19.71455262002028,4.126884226884228,6.399532632686659,2064,14428,1056,2920,5372,20.292695729821173,48.72163947163946,100,4.261904761904763,9.154576762523867,0.9751133786848074,92,432,2072,1.0005555555555556,4.4333333333333345,9.394205344927391,42.787523305564676,155.0
COC(=O)c1ccc(C)cc1,584,220,554,4.687887475642763,12.768150260075966,21.605446883440155,4.585470085470087,7.061948423553802,2276,15806,1168,3242,5912,22.41215722961996,53.3448717948718,110,4.795238095238097,10.139795160484612,1.1817800453514744,100,468,2248,1.177777777777778,5.000000000000002,10.44333307430656,46.723760875702,37.0
O=C(O)CCCCCCCCC,330,168,324,5.94297457949652,13.777353178778306,21.87328366589089,5.9031746031746035,8.031081268321351,1308,5096,660,1326,2564,22.128341638310005,41.57460317460318,84,5.9833333333333325,11.410935048944967,1.7119444444444445,88,356,1456,1.4272222222222224,5.566666666666666,11.049127729379169,43.93623757013733,31.0
CC(C)CC(=O)OCC,294,132,278,4.177389340429595,9.90754109126747,15.74285860003153,4.106493506493507,5.6884323986328,1144,5750,588,1392,2516,16.263433069106195,32.01168831168831,66,4.250000000000001,8.146422685562195,1.2486111111111113,68,296,1316,0.9622222222222223,3.866666666666667,7.8379821113790005,32.880509480136496,-99.0
CCN1C(=O)c2ccccc2C1=O,1088,332,1012,5.279459423407079,15.479806424819404,27.286765150694464,5.120940170940173,8.37418953913233,4200,45732,2176,7612,13528,28.760719066930378,79.46324786324787,166,5.448809523809525,12.100429054960458,1.2702962018140593,136,688,3604,1.3649999999999998,6.033333333333335,12.920465016017632,61.37540690796827,76.0
c1cc(cc2c1cc[nH]2)Cl,682,240,662,4.18447943347704,12.209940645112678,21.81359586817941,4.1459318459318455,6.729647355361715,2688,22030,1364,4020,7604,22.189883705215035,59.054972804972785,120,4.223809523809524,9.580983238672253,0.8541156462585036,104,500,2444,1.0355555555555558,4.733333333333333,10.183059726927224,47.731795215563835,89.0
Cl[C@@H]1[C@@H](Cl)[C@@H](Cl)[C@H](Cl)[C@@H](Cl)[C@H]1Cl,936,288,840,4.332900397117624,13.345020709845134,22.99818166789402,4.114285714285715,7.001868095151149,3552,34104,1872,6336,10752,25.093073414159537,67.2,144,4.571428571428571,10.267462129303842,1.0340136054421771,120,624,3360,1.0833333333333335,5.0,10.898979485566358,53.39387691339814,112.5
CCCCCCCCCCCCCCCCCCCCCCCCCCCCCC,876,448,872,15.287693700234705,36.029037807007484,57.878156862896226,15.242857142857146,20.97838180370041,3496,13520,1752,3452,6856,58.12393478896601,111.65714285714284,224,15.333333333333334,29.723614639131597,4.194444444444445,228,900,3564,3.8194444444444446,14.833333333333334,29.309401076758505,114.92820323027551,66.0
c1c(cc(cc1O)O)O,468,180,450,3.7400835685036307,10.367403882264048,17.759785364878386,3.6818181818181817,5.739456478492807,1836,12150,936,2502,4680,18.246669619045523,43.97727272727273,90,3.8000000000000007,8.206462909851679,0.8600000000000001,84,396,1884,0.855,3.9000000000000004,8.366563145999496,38.83281572999748,218.0
CCCN(CCC)C(=O)C(CCC(O)=O)NC(=O)c1ccccc1,1292,476,1230,10.68225416105354,27.978261833251473,47.28091760417942,10.507448107448106,15.703264104754863,5044,39326,2584,7504,13764,48.74973796584618,115.7802197802198,238,10.864285714285712,22.47639399031964,2.815175736961451,216,1004,4812,2.6261111111111113,11.033333333333331,22.914308347541006,101.40222932697117,142.0
OC(=O)c1ccc(Cl)cc1,524,200,500,4.163378444157187,11.527351494745053,19.725554802410745,4.100000000000001,6.383193279263224,2048,13700,1048,2860,5240,20.28188398797718,48.75,100,4.2285714285714295,9.126934563595974,0.954557823129252,92,432,2072,1.0005555555555556,4.4333333333333345,9.394205344927391,42.787523305564676,243.0
C1C=CCC=C1,192,96,192,3.0,7.348469228349535,12.0,3.0,4.2426406871192865,768,3072,384,768,1536,12.0,24.0,48,3.0,6.0,0.75,48,192,768,0.75,3.0,6.0,24.0,-49.0
Clc1cc(CC#N)ccc1,468,188,454,4.572497779259953,11.782266352066573,19.782962273217223,4.513131313131313,6.660847955396227,1844,11814,936,2422,4604,20.222294180330344,46.152525252525244,94,4.633333333333335,9.505321400574365,1.2072222222222224,88,396,1816,1.1222222222222222,4.666666666666667,9.626836493378832,41.824781390135655,11.5
CCCC(=O)O,138,72,130,2.934808494301258,6.444329480531981,9.842672721773212,2.887301587301587,3.7800585308900394,536,1898,276,558,996,10.160745634373793,17.4515873015873,36,2.9833333333333334,5.4109350489449675,0.9619444444444445,40,164,688,0.6772222222222222,2.5666666666666664,5.049127729379167,19.936237570137333,-5.0
CC(C)NC(=O)NS(=O)(=O)c1cnccc1Nc2cccc(C)c2,1570,540,1498,9.875178914627268,28.087577929121878,49.38891696240503,9.75127095127095,15.513015652741636,6136,54466,3140,9780,17868,50.627579423894474,131.78715173715182,270,10.002380952380951,22.14630628501572,2.1626549508692365,240,1180,5952,2.316927437641724,10.652380952380952,23.016475590872805,109.22722900825639,163.0
CC(C)CCC,138,72,130,2.934808494301258,6.444329480531982,9.842672721773212,2.8873015873015873,3.7800585308900394,536,1898,276,558,996,10.160745634373795,17.4515873015873,36,2.9833333333333334,5.4109350489449675,0.9619444444444445,40,164,688,0.6772222222222222,2.566666666666667,5.049127729379167,19.936237570137337,-154.0
Cc1cccc(c1O)C(=O)O,690,236,634,4.408534896791973,12.558119524444317,21.440240768893556,4.286713286713287,6.8301901517323085,2648,22030,1380,4324,7456,22.58928370762865,56.279331779331784,118,4.536904761904762,9.859194707457302,1.0408772675736964,104,508,2564,1.0766666666666667,4.799999999999999,10.23834412478301,47.64121036669823,165.0
N#Cc1ccccc1,340,144,328,3.740079005990548,9.575725986796034,15.80387861924605,3.6828282828282832,5.402544386978885,1336,7504,680,1668,3128,16.204116243749795,35.26464646464646,72,3.8000000000000007,7.720706034577969,0.9933333333333334,68,296,1316,0.9622222222222221,3.8666666666666667,7.837982111378999,32.880509480136496,-13.0
c1cc(c(c(c1)[N+](=O)[O-])Cl)[N+](=O)[O-],858,284,786,5.19588763734139,14.782986585205457,25.329398229523996,5.052991452991453,8.045812334002761,3288,29626,1716,5614,9620,26.700306278892864,67.63760683760685,142,5.345238095238096,11.614101063535038,1.2355300453514744,124,612,3124,1.2572222222222222,5.633333333333334,12.054840705710738,56.54018985226459,86.0
CCCCCCCCCCCCCC(=O)C,458,232,452,7.9429745794965205,18.676332664344667,29.873283665890902,7.9031746031746035,10.859508393067545,1820,7144,916,1838,3588,30.12834163831002,57.574603174603176,116,7.9833333333333325,15.410935048944967,2.2119444444444447,120,484,1968,1.9272222222222224,7.566666666666666,15.049127729379169,59.93623757013732,39.0
C1C2=CC=CC=C2C3=CC4=CC=CC=C4C=C31,1516,480,1480,7.021212657445758,21.408366366196834,39.753518879764286,6.978693528693532,11.742972740598361,5992,62560,3032,9996,19096,40.24979815054004,118.52979242979247,240,7.064285714285718,16.684092526453213,1.3253146258503403,196,980,4996,1.7722222222222226,8.333333333333336,18.21025823371006,88.31727749226118,210.0
CC1OC1C,218,92,210,2.2327955589886446,5.923934677830131,9.872983346207416,2.1999999999999997,3.3115801584741233,856,4650,436,1054,1980,10.131182235954578,22.5,46,2.2666666666666666,4.732409302378915,0.5422222222222222,42,178,762,0.5800000000000001,2.4,4.894427190999916,20.47213595499958,-85.0
CCOC(=O)c1cc(cc(c1)[N+](=O)[O-])[N+](=O)[O-],1032,360,986,7.071408674112582,19.384251482012445,33.42195824991017,6.928593628593629,10.737252364710697,4036,34366,2064,6228,11568,34.59717869919825,87.50198135198137,180,7.219047619047619,15.402182300771404,1.7814512471655335,160,776,3868,1.698888888888889,7.4666666666666694,15.865180618161846,73.46599175683387,92.0
CC(=O)NN,102,56,96,2.3618073195657994,5.220947331236296,7.844591357607276,2.3095238095238093,3.035461254151183,396,1216,204,382,688,8.162772227887023,13.523809523809524,28,2.4166666666666665,4.3618073195657985,0.7847222222222222,32,132,560,0.5522222222222222,2.0666666666666664,4.049127729379167,15.936237570137333,64.0
COc1cc(cc(OC)c1)OC,648,240,624,5.346065214951233,14.031297622593799,23.535629632172004,5.2,7.810957954021963,2544,19392,1296,3648,6912,24.487685387636876,58.400000000000006,120,5.5,11.245044700517589,1.5416666666666665,108,504,2412,1.3866666666666672,5.6000000000000005,11.513946334137003,50.64152844040946,53.0
O=C1CCC(CC1)C(C)(C)C,668,236,630,4.262273317514401,12.352113775139316,21.686787736289062,4.201098901098902,6.778218381697587,2596,19914,1336,3994,7104,22.32100237531781,57.31483516483516,118,4.325,9.690353153324438,0.8965972222222223,108,544,2820,0.9758163265306125,4.585714285714286,10.016919283017868,48.59645430712622,49.0
C1CCC(=NO)C1,308,128,296,3.240079005990548,8.350981115404446,13.803878619246047,3.1828282828282832,4.695437605792337,1208,6992,616,1540,2872,14.204116243749796,31.264646464646457,64,3.3000000000000007,6.720706034577969,0.8683333333333334,60,264,1188,0.8372222222222223,3.366666666666667,6.8379821113790005,28.880509480136496,56.0
CF,2,4,2,2.0,0.0,2.0,2.0,1.4142135623730951,8,2,4,2,4,2.0,1.0,2,2.0,2.0,2.0,4,8,16,0.5,1.0,1.4142135623730951,2.8284271247461903,-143.3
O=P(Oc1ccccc1)(Oc2ccccc2)Oc3ccccc3,1418,520,1394,10.035099232945047,28.19415692730606,49.78241118039521,9.99234099234099,15.731467551358206,5624,45230,2836,8090,15664,50.221298593684836,128.86946386946394,260,10.078571428571431,22.320442490266533,2.1215816326530614,232,1100,5332,2.466666666666667,10.999999999999998,23.39376165278233,107.41829800669483,50.5
c1cc2cccnc2c(c1)N,752,260,716,4.673694820767863,13.450795836935239,23.69290784796743,4.612598512598512,7.403783801599059,2936,25140,1504,4624,8424,24.3168872650577,63.376645576645586,130,4.7369047619047615,10.574357495388384,0.9975439342403629,112,536,2632,1.1811111111111114,5.2666666666666675,11.210701925855117,51.68650279113103,65.0
CCCCCCCCCC(=O)Cl,330,168,324,5.9429745794965205,13.7773531787783,21.8732836658909,5.903174603174603,8.03108126832135,1308,5096,660,1326,2564,22.128341638310015,41.574603174603176,84,5.9833333333333325,11.410935048944967,1.7119444444444447,88,356,1456,1.4272222222222224,5.566666666666666,11.049127729379169,43.93623757013734,-35.0
C(C#N)C(=O)O,138,72,130,2.934808494301258,6.444329480531981,9.842672721773212,2.887301587301587,3.7800585308900394,536,1898,276,558,996,10.160745634373795,17.4515873015873,36,2.9833333333333334,5.4109350489449675,0.9619444444444445,40,164,688,0.6772222222222222,2.5666666666666664,5.049127729379167,19.936237570137333,67.0
Fc1ccccc1O,398,156,376,3.4008663092555342,9.330597825890854,15.72990490818363,3.3383838383838382,5.157169095353894,1548,9600,796,2106,3808,16.284195134990124,37.79797979797979,78,3.466666666666667,7.393044663162263,0.798888888888889,72,332,1572,0.8405555555555556,3.6333333333333333,7.605350962927559,33.84325139556552,15.0
Cc2nc(oc2c1ccccc1)c3ccc(cc3)c4nc(C)c(o4)c5ccccc5,2380,784,2304,12.397902098709219,37.05043350396249,67.38325684689929,12.278388278388272,20.325572127548437,9368,88520,4760,15092,28408,68.63504369227596,192.65250305250302,392,12.521428571428569,28.95027499059839,2.4622080498866215,328,1616,8128,3.1133333333333333,14.39999999999999,31.209814541564995,148.94805219339133,232.0
NS(=O)(=O)c1ccc(cc1)n3nc(cc3c2ccc(C)cc2)C(F)(F)F,2074,664,1986,9.86716315327053,30.21779953068515,55.34220389510159,9.746336996336996,16.455305096737344,8120,79446,4148,13580,25032,56.670755917174354,162.26721611721615,332,9.99047619047619,23.483815594429817,1.8893934240362815,284,1472,7808,2.3132993197278915,11.271428571428567,25.061037072818564,125.77839089094977,157.5
C1CC2CC1C=C2,488,176,484,2.9272601533471105,8.752707266617199,15.966873563711506,2.921212121212122,4.8317023590687125,1944,14884,976,2728,5368,16.033264176742435,43.81818181818181,88,2.9333333333333345,6.84369508771057,0.5422222222222223,76,364,1756,0.73,3.4000000000000004,7.366563145999497,34.83281572999748,46.0
c1ccc(cc1)CN(Cc2ccccc2)c3ccccc3,1242,468,1222,9.389592815692325,26.11262905167613,45.82477075454062,9.355644355644355,14.608055396775201,4928,37014,2484,6870,13300,46.17665877695257,116.07459207459216,234,9.423809523809524,20.716832888693485,2.005226757369615,208,956,4468,2.355555555555556,10.333333333333334,21.760768490926885,97.62033903556211,70.0
C12C(C(=O)OC1=O)C3(C(=C(C2(C3(Cl)Cl)Cl)Cl)Cl)Cl,2740,624,2448,5.817019793967674,20.21629441808402,38.299626760423,5.520547581073898,10.406539429532126,10376,193296,5480,25812,43368,41.87431237149809,145.32025518341314,312,6.143939393939392,15.271076160819531,1.1765323691460055,228,1364,8532,1.4279875283446715,7.376190476190479,17.07047881615731,94.90845265976436,237.0
CC1(O)CCCCC1,416,160,400,3.299659828522119,9.176477003079105,15.838367176906171,3.266666666666667,5.098736228887051,1632,10816,832,2240,4160,16.164965809277263,39.199999999999996,80,3.333333333333333,7.265986323710905,0.7222222222222223,76,372,1876,0.7711111111111112,3.4666666666666663,7.421847543855284,34.742230881131874,26.0
CC(=O)CCCC,170,88,164,3.4429745794965196,7.653628821820359,11.873283665890892,3.403174603174603,4.4955473623886135,668,2536,340,686,1284,12.128341638310006,21.574603174603173,44,3.4833333333333334,6.4109350489449675,1.0869444444444445,48,196,816,0.8022222222222224,3.066666666666667,6.049127729379167,23.936237570137337,-57.0
Cc1cnccn1,280,124,274,3.2108249704942384,8.343574419887329,13.911723633103334,3.188888888888889,4.719564740960328,1108,5574,560,1286,2472,14.09051347747691,30.638888888888886,62,3.2333333333333334,6.707845437689333,0.7661111111111112,60,260,1140,0.785,3.3,6.7888543819998315,28.94427190999916,-30.0
CCCc1ccc(cc1)C(=O)O,620,236,592,5.275320140095248,13.965158702352193,23.660301769420922,5.190909090909091,7.8217774736623715,2424,16672,1240,3418,6280,24.34807357285333,57.51363636363636,118,5.361904761904762,11.188922889863777,1.3590022675736968,108,500,2376,1.3027777777777778,5.500000000000001,11.44333307430656,50.723760875702006,142.0
OCNC(=S)NC,192,92,178,3.403612516602877,7.672836059399294,11.705809203597898,3.3111111111111113,4.42425953300108,740,3150,384,850,1496,12.306205211583343,22.01111111111111,46,3.5,6.382332347441762,1.1583333333333334,48,200,864,0.8544444444444446,3.1333333333333337,6.098255458758336,23.87247514027467,88.0
c1ccc2c(c1)cccc2C#N,818,280,778,5.2388609917115145,14.688907653710165,25.613462792147292,5.149106449106448,8.112839280719218,3192,28502,1636,5114,9328,26.39947940595077,68.122533022533,140,5.332142857142859,11.613262555021397,1.239323979591837,120,572,2808,1.3583333333333336,5.833333333333335,12.259829655234288,55.622740361268356,36.0
Clc1ccc(cc1)C(C(Cl)Cl)c2ccc(Cl)cc2,1198,412,1142,7.419932953221861,21.305204568208765,37.5193297314777,7.3190476190476215,11.731994941598943,4680,41526,2396,7478,13612,38.494463141734485,100.51190476190479,206,7.523809523809527,16.75752780231282,1.6039304610733192,180,872,4320,1.8066666666666669,8.2,17.60490727078251,82.47402609669568,109.0
Cc1ccc2c(c1)C(=O)c3ccccc3C2=O,1500,460,1426,6.755248303403343,20.554879947434696,37.36924270726144,6.62798312798313,11.144605903474487,5852,64306,3000,10346,18996,38.668191963247125,111.67878232878236,230,6.890476190476192,15.978324464170786,1.3888378684807259,188,956,4988,1.6883333333333332,7.900000000000002,17.265542631565854,84.2266926433956,172.0
CCCCCCCCS,204,112,200,4.787693700234704,10.30939550778416,15.878156862896233,4.742857142857143,6.129139398782932,808,2768,408,764,1480,16.12393478896601,27.65714285714286,56,4.833333333333333,8.723614639131599,1.5694444444444446,60,228,876,1.1944444444444444,4.333333333333333,8.309401076758503,30.92820323027551,-49.0
ClS(Cl)(=O)=O,128,64,128,2.0,4.898979485566357,8.0,2.0,2.8284271247461907,512,2048,256,512,1024,8.0,16.0,32,2.0,4.0,0.5,40,200,1000,0.32,1.5999999999999999,3.5777087639996634,17.88854381999832,-54.0
Cc1ccc(n1c2ccccc2)C,920,308,868,5.439963748996317,15.676133496523548,27.577455168668248,5.355050505050505,8.60687723675239,3576,33272,1840,5950,10636,28.439228985041517,74.73964646464647,154,5.528571428571429,12.315792464189775,1.1821504157218445,132,640,3192,1.3616666666666668,6.1000000000000005,13.027198506782844,60.58548227669738,50.0
c1cc(cc(c1)C(=O)O)C=O,588,220,560,4.7257896303494125,12.776328377264402,21.62327082430724,4.6268842268842265,7.086272701617466,2296,16600,1176,3302,6072,22.389666407722846,53.43830613830613,110,4.82857142857143,10.167437359412503,1.2023356009070296,100,468,2248,1.1777777777777778,4.999999999999999,10.44333307430656,46.723760875702,174.0
Clc1ccccc1,280,124,274,3.2108249704942384,8.343574419887329,13.911723633103334,3.188888888888889,4.719564740960328,1108,5574,560,1286,2472,14.09051347747691,30.638888888888886,62,3.2333333333333334,6.707845437689333,0.7661111111111112,60,260,1140,0.785,3.3,6.7888543819998315,28.94427190999916,-45.0
COc1cc(ccc1OC)C=O,682,244,642,5.316361972575281,14.028357499550975,23.422630633428586,5.15098235098235,7.767392092746443,2648,21094,1364,4046,7328,24.60544149114099,58.73123543123543,122,5.4904761904761905,11.219203015934156,1.5463378684807259,108,508,2472,1.4072222222222226,5.633333333333333,11.541588533064896,50.59623601597666,44.0
C=CC=C,44,32,42,2.2996598285221186,4.161760458079524,5.919183588453085,2.2666666666666666,2.6053509629275577,172,306,88,124,228,6.082482904638631,7.800000000000001,16,2.333333333333333,3.723614639131598,0.9444444444444444,20,68,236,0.5694444444444444,1.833333333333333,3.309401076758503,10.928203230275509,-113.0
C=CCSCC=C,140,80,136,3.787693700234704,7.85990576500098,11.878156862896233,3.7428571428571424,4.714925836409837,552,1744,280,508,968,12.123934788966011,19.657142857142855,40,3.8333333333333335,6.723614639131599,1.3194444444444444,44,164,620,0.9444444444444444,3.3333333333333335,6.309401076758503,22.92820323027551,-83.0
O=C3C=Cc2cccc1cccc3c12,1210,380,1158,5.722211873712739,17.330376651421492,31.606574190956447,5.647892630245572,9.452506561403782,4736,50750,2420,8212,15148,32.404258632205035,92.7972338119397,190,5.798809523809523,13.497105296415896,1.1308054610733187,156,780,3996,1.4522222222222219,6.733333333333336,14.632549469710403,70.42873367226288,154.5
c1cnccc1CO,340,144,328,3.740079005990549,9.575725986796037,15.803878619246047,3.6828282828282832,5.402544386978886,1336,7504,680,1668,3128,16.204116243749798,35.26464646464647,72,3.8,7.720706034577969,0.9933333333333334,68,296,1316,0.9622222222222225,3.866666666666668,7.837982111379002,32.880509480136496,54.0
Cc1ccccc1Cl,398,156,376,3.4008663092555342,9.330597825890854,15.72990490818363,3.3383838383838382,5.157169095353894,1548,9600,796,2106,3808,16.284195134990124,37.79797979797979,78,3.466666666666667,7.393044663162263,0.798888888888889,72,332,1572,0.8405555555555556,3.6333333333333333,7.605350962927559,33.84325139556552,-36.0
OC2C1CCC(C1)C2O,778,244,736,3.4233512217180073,10.754609603300338,19.598261866794896,3.339194139194139,5.765034978405284,3028,29376,1556,5102,9320,20.432985326431112,58.989743589743604,122,3.5142857142857133,8.295625177417534,0.6826757369614513,100,512,2680,0.8616666666666668,4.1,9.027198506782844,44.58548227669739,141.0
CCOc1ccc(NC(=O)CN)cc1,680,268,660,6.327836079956876,16.43097015274922,27.656119549165165,6.226262626262625,9.25220146915754,2680,17792,1360,3578,6820,28.356101476697013,65.73838383838384,134,6.433333333333334,13.226027435152334,1.700555555555556,124,564,2620,1.5844444444444448,6.533333333333334,13.464818604757834,58.70529087027212,101.0
Nc2nc(N)ncc2Cc1cc(OC)c(OC)c(OC)c1,1438,484,1368,8.824097670873156,24.805572452003492,43.144090074338614,8.599456099456098,13.612940281197643,5612,50440,2876,8984,16536,44.89918112112619,117.33251748251746,242,9.060714285714287,19.58433254579555,2.246659580498866,208,1016,5092,2.248333333333334,9.7,20.54114484091984,95.22701071710682,201.0
c1ccc2c(c1)cc(c3c2cccc3)Br,1240,396,1190,6.244880312497537,18.557122200221848,33.61527096700575,6.172039072039072,10.171968482305767,4860,50306,2480,8256,15312,34.39710551724975,96.8579975579976,198,6.320238095238095,14.512174419875748,1.2718494897959185,164,812,4124,1.5772222222222225,7.233333333333336,15.632549469710403,74.42873367226291,64.0
Oc1ccc(cc1OC)C=O,616,224,582,4.752674323159139,12.787659107263007,21.512213719355156,4.617404817404817,7.060389621696137,2396,18122,1232,3556,6480,22.512526271934604,54.05641025641027,112,4.895238095238095,10.180297956301137,1.3045578231292518,100,472,2296,1.2300000000000002,5.066666666666667,10.492460803685729,46.659998445839335,82.0
Cc1ccc(cc1)c2ccc(cc2)C,862,316,838,5.870756652268559,16.846712116532093,29.761089723673575,5.819047619047621,9.317781379225853,3400,25502,1724,4862,9212,30.244663081348335,77.83333333333333,158,5.923809523809526,13.261186477433693,1.2246712018140595,140,664,3200,1.4455555555555557,6.533333333333334,13.971914108927058,64.67606712556297,120.0
CCCC(N)=O,138,72,130,2.934808494301258,6.444329480531981,9.842672721773212,2.887301587301587,3.7800585308900394,536,1898,276,558,996,10.160745634373793,17.4515873015873,36,2.9833333333333334,5.4109350489449675,0.9619444444444445,40,164,688,0.6772222222222222,2.5666666666666664,5.049127729379167,19.936237570137333,116.0
CCOc1ccccc1C(=O)O,668,240,626,5.335957288139523,13.999455282505712,23.575936611833967,5.2376068376068385,7.836686359403471,2588,21106,1336,4062,7196,24.435097861009762,57.979914529914545,120,5.436904761904763,11.235983808252177,1.4125439342403632,108,504,2436,1.323333333333333,5.533333333333334,11.470975273234451,50.678468451269204,20.0
COc1ccc2ccccc2c1,774,276,750,5.216770058966462,14.661410256680245,25.722314072466368,5.145931845931847,8.123494205479068,3048,24714,1548,4530,8560,26.286854383116697,67.77163947163946,138,5.290476190476193,11.59384383556089,1.2063378684807258,120,568,2748,1.3377777777777777,5.800000000000002,12.232187456306391,55.66803278570116,74.0
O[C@@H]([C@H](C)NC)c1ccccc1,652,240,608,5.188066953334627,14.017847570745253,23.477217448318413,5.060073260073261,7.739544425797503,2520,18664,1304,3780,6696,24.553667373502222,57.68376068376067,120,5.323809523809524,11.143193411012584,1.3380045351473924,108,504,2436,1.3233333333333337,5.533333333333334,11.470975273234453,50.67846845126921,36.0
COCc1ccccc1,376,160,366,4.3227666664322975,10.781381627494465,17.84647060011351,4.27979797979798,6.158148935359474,1484,8546,752,1844,3512,18.156703062353053,39.402525252525244,80,4.366666666666667,8.769833763957136,1.1705555555555558,76,328,1444,1.087222222222222,4.366666666666666,8.837982111379,36.880509480136496,-53.0
CCC1(CCC(=O)NC1=O)c2ccccc2,1276,392,1170,6.554769380136617,18.97902746642828,33.19965216649131,6.38485011720306,10.318513204323542,4892,53734,2552,9250,15704,34.85108461520722,93.66520309755609,196,6.736904761904763,14.873614686795644,1.5464328231292521,164,832,4436,1.6899659863945582,7.404761904761907,15.771687547271195,74.20574560552672,87.5
O=C1CCCC1,248,108,242,2.7108249704942384,7.118829548495739,11.911723633103334,2.688888888888889,4.012457959773781,980,5062,496,1158,2216,12.09051347747691,26.638888888888886,54,2.7333333333333334,5.707845437689333,0.6411111111111112,52,228,1012,0.66,2.8,5.7888543819998315,24.94427190999916,-51.0
COc1ccc(OC)cc1,488,192,468,4.491303629981266,11.782350361342974,19.657293318492844,4.387878787878788,6.574906046612265,1912,12260,976,2568,4792,20.358387768500354,46.75151515151515,96,4.6000000000000005,9.44141206915594,1.2366666666666668,88,400,1864,1.1744444444444446,4.733333333333334,9.675964222758001,41.76101896027298,58.0
COC(=O)c1ccc(cc1O)O,718,252,670,4.966621632936704,13.789351639035889,23.44964640383574,4.831646131646131,7.5584214137687145,2776,22334,1436,4356,7716,24.576042008597977,60.53934398934399,126,5.108333333333334,10.89629925274586,1.2574305555555558,112,540,2680,1.2333333333333334,5.333333333333335,11.259829655234286,51.62274036126835,118.0
OCCOCCOCCO,236,128,232,5.287693700234704,11.534140379175748,17.87815686289623,5.242857142857144,6.83624617996948,936,3280,472,892,1736,18.123934788966007,31.65714285714286,64,5.333333333333332,9.723614639131599,1.6944444444444446,68,260,1004,1.3194444444444446,4.833333333333332,9.309401076758505,34.92820323027551,-4.0
O=C(Oc1ccc(C)cc1)c2ccccc2,924,348,898,6.863923004999157,19.314233152146222,33.71890574790487,6.801631701631705,10.721289122989132,3644,25934,1848,5070,9616,34.291149881611844,85.67618492618496,174,6.928571428571432,15.262784213617211,1.4806689342403632,156,728,3456,1.6955555555555557,7.533333333333335,15.971914108927056,72.67606712556298,70.0
OC(=O)c1ccccc1C(C)=O,734,252,680,4.974929373044558,13.781470780274931,23.50526673898278,4.869658119658119,7.587668024166987,2828,24904,1468,4686,8144,24.509208747846568,60.50427350427351,126,5.083333333333333,10.902857375317728,1.1881944444444446,112,540,2692,1.2016666666666667,5.300000000000001,11.23834412478301,51.641210366698225,116.0
c1ccc(c(c1)C(=O)Cl)Br,566,204,524,4.184906309078191,11.561280853041422,19.597072460804785,4.098068598068598,6.368265908990477,2180,16468,1132,3396,5864,20.41742788358204,49.00826950826951,102,4.275000000000001,9.147951019239997,0.993541666666667,92,436,2132,1.0211111111111113,4.466666666666667,9.421847543855286,42.742230881131874,10.0
Cc1c[nH]cn1,248,108,242,2.7108249704942384,7.118829548495739,11.911723633103334,2.688888888888889,4.012457959773781,980,5062,496,1158,2216,12.09051347747691,26.638888888888886,54,2.7333333333333334,5.707845437689333,0.6411111111111112,52,228,1012,0.66,2.8,5.7888543819998315,24.94427190999916,51.0
c1cc(c2cccnc2c1)N,752,260,716,4.673694820767864,13.45079583693524,23.69290784796743,4.612598512598513,7.403783801599061,2936,25140,1504,4624,8424,24.31688726505769,63.376645576645565,130,4.736904761904762,10.574357495388384,0.9975439342403631,112,536,2632,1.1811111111111112,5.2666666666666675,11.210701925855119,51.68650279113103,108.0
Brc2ccccc2c1ccccc1,816,292,780,5.673694820767865,15.90028557971842,27.69290784796743,5.612598512598512,8.817997363972157,3192,26164,1632,4880,8936,28.316887265057694,71.37664557664559,146,5.736904761904762,12.574357495388382,1.2475439342403631,128,600,2888,1.4311111111111114,6.266666666666667,13.210701925855117,59.68650279113102,2.0
CCc1ccc(cc1)N,428,172,414,3.9620495944849554,10.550198794434266,17.765138332350134,3.893939393939395,5.891926400593708,1684,10330,856,2186,4136,18.244785002227466,42.125757575757575,86,4.033333333333335,8.428551472267303,1.0094444444444448,80,364,1688,0.9972222222222222,4.166666666666668,8.626836493378832,37.824781390135655,-5.0
O=C(C)c1ccc(C#N)cc1,584,220,554,4.692632479653498,12.75950306165376,21.61770978855346,4.5939393939393955,7.066172925281781,2276,15630,1168,3242,5896,22.395486754250072,53.375757575757575,110,4.795238095238095,10.13979516048461,1.1817800453514742,100,468,2248,1.177777777777778,5.000000000000001,10.44333307430656,46.723760875702,58.0
CC(=C)c1ccc(cc1)C(=C)C,680,248,640,4.893961329325731,13.736655761964547,23.578126258614073,4.8,7.557439803951299,2640,19000,1360,3916,7000,24.43258573999979,59.99999999999999,124,4.9904761904761905,10.83817825181328,1.1268934240362816,112,536,2632,1.1811111111111112,5.2666666666666675,11.210701925855117,51.686502791131026,66.0
CC(C)Oc1ccccc1OC(=O)NC,788,296,760,6.572293637039438,17.460550435339815,29.62744246669507,6.474259074259074,9.77666967118149,3096,23776,1576,4462,8384,30.383931903329948,72.4514319014319,148,6.673809523809526,13.970432757165948,1.6593934240362815,136,632,3004,1.587777777777778,6.800000000000001,14.232187456306393,63.66803278570114,91.5
CNC(=O)Oc1cccc2CC(C)(C)Oc12,1182,388,1148,6.436231814785504,18.722922171272486,33.608786866365335,6.339094239094243,10.294054064699907,4660,46184,2364,7556,14404,34.4030429638586,95.25582750582751,194,6.536904761904766,14.704746863531145,1.433734410430839,168,852,4416,1.5394444444444442,7.100000000000004,15.470531581089404,75.30924315239936,151.5
c1cc(sc1)Cl,248,108,242,2.710824970494238,7.118829548495739,11.911723633103335,2.6888888888888887,4.012457959773781,980,5062,496,1158,2216,12.09051347747691,26.638888888888886,54,2.733333333333333,5.707845437689332,0.6411111111111112,52,228,1012,0.6599999999999999,2.8,5.7888543819998315,24.94427190999916,-72.0
O=C(O)c4ccccc4C=2c3cc(Br)c(O)c(Br)c3OC=1C=2C=C(Br)C(=O)C=1Br,2726,804,2584,11.066096652843333,34.30641197171511,62.676429914748645,10.786407383466203,18.44115487002214,10620,125936,5452,19458,35784,65.4080194657827,194.34717374129127,402,11.364285714285714,26.547811514372725,2.3154072184429313,324,1688,9024,2.737222222222221,13.033333333333326,28.769873080059757,143.46382095235919,300.0
NCCCNCCCCN,236,128,232,5.287693700234704,11.534140379175748,17.87815686289623,5.242857142857144,6.83624617996948,936,3280,472,892,1736,18.123934788966007,31.65714285714286,64,5.333333333333332,9.723614639131599,1.6944444444444446,68,260,1004,1.3194444444444446,4.833333333333332,9.309401076758505,34.92820323027551,23.5
Cc1cc(cnc1)C,372,152,360,3.4575194933287827,9.349885971192165,15.831652088062798,3.416161616161617,5.218503338084836,1464,8600,744,1864,3520,16.172736683825413,37.29797979797979,76,3.500000000000001,7.443333074306559,0.8027777777777778,72,328,1512,0.8200000000000001,3.6,7.577708763999664,33.88854381999832,-9.0
c1ccc(cc1)N(c2ccccc2)C(=O)Cl,1022,356,970,6.975991776233047,19.356258952932308,33.596810305269535,6.896825396825397,10.753230914369304,3984,35874,2044,6442,11596,34.41312562477915,86.78968253968254,178,7.057142857142858,15.341836926934155,1.5717082388510966,156,736,3576,1.7366666666666668,7.6000000000000005,16.027198506782845,72.58548227669738,84.0
OC1CCC2(C)C3CCC4(C)C(CCC4C(C)CCCC(C)C)C3CC(O)C2(O)C1,3162,864,2916,11.218872976770232,35.0162871770954,64.49097875649497,10.954028238703156,18.807886232149357,12156,166228,6324,25194,43680,67.60432492346823,206.69432337528318,432,11.500396825396821,27.082827890916267,2.2949651990425792,344,1872,10640,2.737848639455782,13.192857142857136,29.3629283428257,149.88237311140222,237.0
Ic1ccc(cc1)[N+](=O)[O-],524,200,500,4.163378444157187,11.527351494745051,19.725554802410745,4.1,6.383193279263225,2048,13700,1048,2860,5240,20.28188398797719,48.75000000000001,100,4.2285714285714295,9.126934563595972,0.954557823129252,92,432,2072,1.0005555555555556,4.433333333333334,9.394205344927391,42.787523305564676,176.0
CCc2c(C)[nH]c3CCC(CN1CCOCC1)C(=O)c23,1586,508,1514,8.26727218906441,24.233648851591678,43.32540497791726,8.11604669839964,13.251934541800175,6200,63974,3172,10544,19448,44.71213810357829,123.66545448016039,254,8.427380952380956,18.984339417066963,1.8375855064247926,212,1052,5360,2.0949999999999998,9.433333333333334,20.28702816201713,96.20822263796569,180.0
OC1CCCCC1,280,124,274,3.2108249704942384,8.343574419887329,13.911723633103334,3.188888888888889,4.719564740960328,1108,5574,560,1286,2472,14.09051347747691,30.638888888888886,62,3.2333333333333334,6.707845437689333,0.7661111111111112,60,260,1140,0.785,3.3,6.7888543819998315,28.94427190999916,21.0
CC(C)[N+]([O-])=O,186,84,170,2.465591117977289,6.1910151061678835,9.745966692414834,2.4,3.4608826567798667,712,3050,372,858,1460,10.262364471909153,20.0,42,2.533333333333333,4.992682649758251,0.6844444444444444,44,200,944,0.5555555555555556,2.333333333333333,4.816496580927726,20.898979485566358,-93.0
CCCCCCCCCCCCCCCC(=O)OC,576,284,564,9.411778601798137,22.354328985995146,35.73642014771559,9.326984126984128,12.917922957551676,2280,9420,1152,2386,4600,36.27380121551956,70.13412698412698,142,9.5,18.38233234744176,2.6583333333333337,144,584,2400,2.354444444444445,9.133333333333333,18.098255458758334,71.87247514027466,31.0
COc1cc(O)ccc1OC,622,224,586,4.78407134708586,12.801632759374996,21.51391242914163,4.650982350982351,7.080652023815638,2416,18922,1244,3664,6628,22.508470813239317,54.014568764568764,112,4.923809523809524,10.20634241904552,1.3191156462585039,100,472,2296,1.2300000000000002,5.066666666666667,10.492460803685727,46.659998445839335,83.0
C1CC(CNC1)CO,340,144,328,3.740079005990548,9.575725986796037,15.80387861924605,3.6828282828282837,5.402544386978886,1336,7504,680,1668,3128,16.204116243749798,35.26464646464647,72,3.8,7.720706034577969,0.9933333333333334,68,296,1316,0.9622222222222223,3.866666666666667,7.8379821113790005,32.880509480136496,60.0
CN(C)c1ccc(cc1)C(=O)c2ccccc2,1086,384,1032,7.101519015128966,20.30571369442087,35.48543174475517,6.993650793650796,11.169623906157632,4236,33660,2172,6456,11756,36.53687497725319,93.42222222222227,192,7.214285714285717,15.975828416178974,1.5532312925170073,168,804,3948,1.7716666666666667,7.900000000000002,16.816052888782675,77.52975418669654,89.0
COc1cc(c(cc1OC)OC)C(=O)O,978,324,914,6.3717078495868815,17.24691724509236,29.205662359038623,6.159773559773558,9.477014904667787,3784,35454,1956,6324,11328,30.83005345542367,77.63499833499834,162,6.594047619047618,13.712995259157088,1.808881802721089,140,684,3464,1.6433333333333335,6.8,14.174581694920349,64.39419498710939,144.0
C(=O)(C(C(C(F)(F)F)(F)F)(F)F)O,1158,312,972,4.097854418830766,13.074445788581492,22.775555402568326,3.8790982667143643,6.781147258208181,4260,49416,2316,9438,14028,25.31548248896836,70.68720010639515,156,4.332539682539683,9.989547699208433,0.9140709246661629,132,768,4740,0.9133163265306125,4.585714285714287,10.431132845390966,55.910162806110975,-18.0
C1=CC=C(C=C1)CCC2=CC=CC=C2,708,288,698,6.379744612020499,17.33588485200652,29.900774265566525,6.35959595959596,9.745685458379693,2812,17298,1416,3564,6924,30.09974098411291,71.5050505050505,144,6.400000000000001,13.816052888782677,1.396666666666667,132,588,2652,1.6050000000000002,6.900000000000001,14.366563145999498,62.83281572999746,52.0
CCCCCSCCCCC,268,144,264,5.787693700234704,12.758885250567337,19.878156862896233,5.742857142857144,7.543352961156028,1064,3792,536,1020,1992,20.12393478896601,35.657142857142865,72,5.833333333333332,10.723614639131599,1.8194444444444446,76,292,1132,1.4444444444444446,5.333333333333332,10.309401076758505,38.9282032302755,-51.0
Ic1ccccc1[N+](=O)[O-],566,204,524,4.184906309078191,11.561280853041422,19.59707246080478,4.098068598068598,6.368265908990478,2180,16468,1132,3396,5864,20.41742788358204,49.008269508269514,102,4.275000000000001,9.147951019239995,0.993541666666667,92,436,2132,1.0211111111111113,4.466666666666667,9.421847543855286,42.742230881131874,50.0
CCCCCCCCCCCCCCCCCCCCCCCCCCC,780,400,776,13.787693700234705,32.354803192832726,51.878156862896226,13.742857142857146,18.857061460140773,3112,11984,1560,3068,6088,52.12393478896601,99.65714285714284,200,13.833333333333334,26.723614639131597,3.8194444444444446,204,804,3180,3.4444444444444446,13.333333333333334,26.309401076758505,102.92820323027551,59.0
c1ccc(cc1)Nc2ccc(cc2)O,768,300,758,6.13808512384135,17.096281686504533,29.878597196814844,6.110101010101011,9.551267100029037,3052,20458,1536,4014,7840,30.123777654219353,74.45707070707071,150,6.166666666666668,13.551540525399904,1.3083333333333338,136,624,2896,1.5150000000000003,6.700000000000002,14.155417527999331,63.77708763999661,69.0
CC(C)(C)c1cc(ccc1O)C(C)(C)C,1108,352,1030,5.396117251378511,16.394967461055067,29.418652918216107,5.287201687201688,8.869816582415815,4276,40522,2216,7442,12952,30.597741822055912,84.72267732267737,176,5.508333333333335,12.734092598999501,1.0911342592592594,156,832,4560,1.1871882086167804,5.904761904761907,13.272626382963796,68.2033442798205,54.5
Clc1ccc(NC(=O)N(C)OC)cc1Cl,856,312,810,6.131269898154759,17.204607016706834,29.37111899190292,5.971717171717172,9.418221305110556,3332,24274,1712,4848,8876,30.664475258488753,75.37575757575758,156,6.3,13.562079758758282,1.5072222222222218,140,672,3308,1.5183333333333335,6.633333333333335,14.04868403723412,64.56701227126752,93.5
C1=C(C(=CC(=C1Cl)Cl)Cl)Cl,612,216,576,3.885618083164126,11.313431836035347,19.542472332656505,3.7777777777777786,6.1307682818044205,2376,18144,1224,3564,6480,20.485281374238575,52.0,108,4.0,8.841373724180313,0.8888888888888891,96,472,2376,0.9311111111111111,4.266666666666667,9.210701925855117,43.68650279113103,139.0
Clc1ccc(Cl)c(N)c1,490,184,466,3.656170231083273,10.32116635851318,17.691164621287715,3.5828282828282823,5.6660970952775385,1912,13030,980,2684,4936,18.324863893467793,44.65909090909091,92,3.7333333333333325,8.128532299779488,0.8355555555555556,84,400,1944,0.8755555555555556,3.9333333333333336,8.394205344927391,38.787523305564676,48.0
N#Cc1ccccc1Cl,464,176,434,3.9627197394724236,10.57452560905521,17.628469944354205,3.8682983682983685,5.861699205840182,1796,12234,928,2596,4604,18.3889974532109,42.3958818958819,88,4.061904761904762,8.431949722795277,1.040668934240363,80,368,1748,1.017777777777778,4.2,8.654478692306725,37.779488965702846,45.0
Cc1ccc(nc1)N,368,152,360,3.4327955589886447,9.31804722752556,15.872983346207418,3.4000000000000004,5.208946754575151,1456,8400,736,1804,3480,16.131182235954576,37.5,76,3.4666666666666677,7.415690875378665,0.7822222222222224,72,328,1512,0.8200000000000001,3.6,7.577708763999665,33.88854381999832,76.0
CCOC(=O)C(=Cc1ccccc1)C(=O)OCC,946,352,900,8.162977177224294,21.104482180183993,35.443968536364615,8.022799422799423,11.876956650698968,3692,28580,1892,5474,10016,36.57667019044563,85.5784992784993,176,8.308333333333334,17.00741530839283,2.2140972222222226,160,736,3496,2.035555555555556,8.400000000000002,17.308957384613457,75.55897793140569,30.0
c1ccc(cc1)COc2ccc(cc2)OCc3ccccc3,1224,480,1208,9.770634842041163,27.302668091763945,47.85108461113378,9.741414141414138,15.261188189413879,4864,31848,2448,6360,12384,48.149637249226544,119.23232323232331,240,9.800000000000004,21.632105777565346,2.0433333333333334,216,984,4536,2.460000000000001,10.799999999999999,22.733126291998985,101.6656314599949,127.0
C(COc1ccccc1)Oc2ccccc2,772,320,760,7.374171803020415,19.79569078673947,33.87600622556615,7.348484848484849,11.153670040865899,3064,18160,1544,3820,7400,34.12466334361253,79.3939393939394,160,7.400000000000002,15.816052888782679,1.6466666666666665,148,652,2908,1.8550000000000002,7.900000000000001,16.366563145999496,70.83281572999745,95.0
C=C(C(=O)O)Cl,186,84,170,2.465591117977289,6.1910151061678835,9.745966692414834,2.4,3.4608826567798667,712,3050,372,858,1460,10.262364471909153,20.0,42,2.533333333333333,4.992682649758251,0.6844444444444444,44,200,944,0.5555555555555556,2.333333333333333,4.816496580927726,20.898979485566358,65.0
O=[N+]([O-])c1cc(cc(c1)[N+]([O-])=O)C(=O)O,936,324,894,5.964211982185258,16.937797075983113,29.499474188013306,5.846153846153845,9.302892672039535,3660,31218,1872,5670,10512,30.514318638952222,78.76923076923079,162,6.0857142857142845,13.3401939745036,1.377006802721089,144,708,3564,1.396666666666667,6.400000000000001,13.816052888782677,65.52975418669655,206.0
CCNC(=O)C(=O)NCC,378,156,348,4.6722278390997145,11.097670294140311,17.546839882844505,4.5494949494949495,6.3197969252069415,1452,8532,756,1974,3432,18.472937916083705,37.20909090909091,78,4.8,9.116659302293861,1.4933333333333336,76,336,1552,1.1600000000000001,4.466666666666667,8.914752039686062,36.77145462584102,180.0
CCCOc1ccccc1,408,176,400,4.830932751627559,11.990680968782844,19.87708154423119,4.795670995670996,6.873637766858047,1616,9184,816,1972,3800,20.124299066289264,43.52554112554112,88,4.866666666666667,9.769833763957138,1.2955555555555558,84,360,1572,1.2122222222222225,4.866666666666667,9.837982111379,40.880509480136496,-28.0
C1C2=CC=CC=C2C3=CC=CC=C31,1078,348,1044,5.499169201489539,16.32778903379155,29.765800486672514,5.45854700854701,8.987177111308576,4244,43316,2156,7074,13304,30.23835182761577,85.60854700854705,174,5.540476190476192,12.783312526542398,1.0917545351473925,144,708,3564,1.396666666666667,6.400000000000001,13.816052888782677,65.52975418669654,116.0
CC#CC#CC,108,64,104,3.287693700234704,6.635160893609391,9.878156862896235,3.2428571428571424,4.007819055223289,424,1232,216,380,712,10.123934788966011,15.657142857142855,32,3.3333333333333335,5.723614639131599,1.1944444444444444,36,132,492,0.8194444444444444,2.8333333333333335,5.309401076758503,18.92820323027551,67.0
CCCC(=O)CC,192,92,178,3.403612516602877,7.672836059399294,11.705809203597898,3.3111111111111113,4.42425953300108,740,3150,384,850,1496,12.306205211583343,22.01111111111111,46,3.5,6.382332347441762,1.1583333333333334,48,200,864,0.8544444444444446,3.1333333333333337,6.098255458758336,23.87247514027467,-55.0
Cc1ccc(s1)C,340,136,330,2.963092302328866,8.114824907850794,13.856420128063169,2.927272727272727,4.517625536785178,1340,8250,680,1736,3300,14.147814324325795,33.40909090909091,68,3.0,6.443333074306558,0.6777777777777778,64,296,1384,0.6950000000000001,3.1,6.577708763999665,29.88854381999832,-63.0
c1ccnc(c1)CCO,376,160,366,4.3227666664322975,10.781381627494468,17.846470600113506,4.27979797979798,6.158148935359475,1484,8546,752,1844,3512,18.156703062353046,39.40252525252525,80,4.366666666666667,8.769833763957138,1.1705555555555558,76,328,1444,1.0872222222222223,4.366666666666667,8.837982111379,36.88050948013649,-8.0
CCOCC,76,48,72,2.7876937002347035,5.4104160222178015,7.878156862896232,2.7428571428571424,3.3007122740367407,296,720,152,252,456,8.123934788966011,11.657142857142855,24,2.833333333333333,4.723614639131599,1.0694444444444444,28,100,364,0.6944444444444444,2.333333333333333,4.309401076758503,14.928203230275507,-116.0
O=C(C)Nc1ccc(cc1)[N+]([O-])=O,686,260,658,5.473559570179537,14.98137095014174,25.691064979832483,5.403463203463203,8.338884505580591,2688,18670,1372,3784,7000,26.315618295017813,63.56623376623375,130,5.545238095238096,11.90388549860504,1.2720578231292523,120,564,2700,1.2855555555555556,5.733333333333334,12.183059726927224,55.73179521556383,215.0
CCCCCCCCCCO,268,144,264,5.787693700234704,12.758885250567337,19.878156862896233,5.742857142857144,7.543352961156028,1064,3792,536,1020,1992,20.12393478896601,35.657142857142865,72,5.833333333333332,10.723614639131599,1.8194444444444446,76,292,1132,1.4444444444444446,5.333333333333332,10.309401076758505,38.9282032302755,7.0
Clc1nc(C(=O)N=C(/N)N)c(N)nc1N,942,324,888,5.981258982458348,16.99602871849675,29.39949731299092,5.844444444444446,9.301298888159927,3660,31104,1884,5778,10464,30.63015253737635,78.22857142857143,162,6.125000000000002,13.373231015267114,1.4010416666666663,144,708,3564,1.396666666666667,6.400000000000002,13.816052888782677,65.52975418669655,240.0
O=[N+]([O-])c1ccccc1N,566,204,524,4.184906309078192,11.561280853041422,19.597072460804778,4.098068598068598,6.368265908990476,2180,16468,1132,3396,5864,20.41742788358204,49.00826950826951,102,4.2749999999999995,9.147951019239995,0.9935416666666668,92,436,2132,1.0211111111111113,4.466666666666668,9.421847543855284,42.74223088113187,72.0
CC(C)(C)c1cccc(n1)C(C)(C)C,972,320,912,5.131073004196023,15.39225283985566,27.542763317529335,5.047130647130648,8.375556853285243,3768,33344,1944,6244,11056,28.466235800289166,77.42515262515266,160,5.216666666666667,11.992657630198108,1.0315277777777778,144,760,4128,1.1316326530612248,5.571428571428573,12.45612980203607,63.30436479425414,2.0
c1cc2c(cc1N)cn[nH]2,682,240,662,4.184479433477039,12.209940645112678,21.813595868179405,4.145931845931846,6.729647355361715,2688,22030,1364,4020,7604,22.189883705215035,59.0549728049728,120,4.223809523809525,9.580983238672257,0.8541156462585036,104,500,2444,1.0355555555555556,4.733333333333334,10.183059726927224,47.731795215563835,175.0
O=S(=O)(c1ccc(cc1)C)C[N+]#[C-],798,276,746,5.368551301101819,14.804388432452416,25.511725804473222,5.261460761460763,8.184566513468898,3088,25506,1596,4932,8708,26.50712593902702,66.56771561771563,138,5.479761904761906,11.747521783999424,1.3323965419501136,124,616,3184,1.2985941043083902,5.685714285714286,12.09368921132493,56.487399452830765,112.5
OC=1C(=O)C(Cl)=C(O)C(=O)C=1Cl,936,288,840,4.332900397117624,13.345020709845134,22.99818166789402,4.114285714285715,7.001868095151149,3552,34104,1872,6336,10752,25.093073414159537,67.2,144,4.571428571428571,10.267462129303842,1.0340136054421771,120,624,3360,1.0833333333333335,5.0,10.898979485566358,53.39387691339814,283.0
Oc1ccccc1NC(C)=O,566,216,542,4.749204014043948,12.78664069494361,21.731308219225006,4.688544788544788,7.141193556052742,2216,15794,1132,3138,5800,22.2775093942544,52.75698745698746,108,4.811904761904762,10.196040060915706,1.130946712018141,100,464,2200,1.1255555555555556,4.933333333333334,10.394205344927391,46.78752330556466,205.0
O=[N+]([O-])c1ccc(CCl)cc1,584,220,554,4.692632479653498,12.75950306165376,21.61770978855346,4.5939393939393955,7.066172925281781,2276,15630,1168,3242,5896,22.395486754250072,53.375757575757575,110,4.795238095238095,10.13979516048461,1.1817800453514742,100,468,2248,1.177777777777778,5.000000000000001,10.44333307430656,46.723760875702,71.0
c1ccc2c(c1)c(=O)[nH]cn2,752,260,716,4.673694820767864,13.450795836935237,23.69290784796743,4.612598512598513,7.403783801599057,2936,25140,1504,4624,8424,24.3168872650577,63.37664557664558,130,4.736904761904762,10.574357495388384,0.9975439342403629,112,536,2632,1.1811111111111112,5.266666666666667,11.210701925855119,51.68650279113102,218.0
CCCCOC(=O)C1=CC=C(C=C1)N,684,268,658,6.278741221279774,16.40785011345437,27.67864980842529,6.1983127983127995,9.24014858461951,2684,17998,1368,3674,6840,28.332340052159427,65.60576645576644,134,6.361904761904763,13.188922889863779,1.6090022675736968,124,564,2632,1.552777777777778,6.500000000000001,13.44333307430656,58.723760875701984,58.0
Clc1cc(N)cc(Cl)c1O,618,216,576,3.9098194114036255,11.3399167212896,19.512343021367197,3.798212898212898,6.14304195569432,2388,18468,1236,3672,6540,20.518929894842103,51.782167832167836,108,4.028571428571428,8.86741818692469,0.9034467120181406,96,472,2376,0.9311111111111112,4.266666666666667,9.210701925855117,43.68650279113103,168.5
c1ccc2c(c1)CCc3ccccc3C2=O,1262,412,1204,6.679037469720817,19.77644523243491,35.54583704384965,6.593162393162395,10.830183880293367,4932,47644,2524,8198,15032,36.47430268234454,100.4854700854701,206,6.769047619047621,15.466914015831808,1.3685345804988667,172,844,4252,1.702222222222222,7.733333333333336,16.6325494697104,78.42873367226287,33.0
CCCCCCCBr,172,96,168,4.287693700234704,9.084650636392569,13.878156862896233,4.242857142857143,5.422032617596384,680,2256,344,636,1224,14.123934788966011,23.65714285714286,48,4.333333333333334,7.723614639131599,1.4444444444444444,52,196,748,1.0694444444444444,3.8333333333333335,7.309401076758503,26.92820323027551,-58.0
CCCCCCCCCCI,268,144,264,5.787693700234704,12.758885250567337,19.878156862896233,5.742857142857144,7.543352961156028,1064,3792,536,1020,1992,20.12393478896601,35.657142857142865,72,5.833333333333332,10.723614639131599,1.8194444444444446,76,292,1132,1.4444444444444446,5.333333333333332,10.309401076758505,38.9282032302755,-16.0
CCC1CCCC1,308,128,296,3.240079005990548,8.350981115404446,13.80387861924605,3.1828282828282832,4.695437605792337,1208,6992,616,1540,2872,14.204116243749795,31.26464646464646,64,3.3000000000000007,6.720706034577969,0.8683333333333334,60,264,1188,0.8372222222222221,3.3666666666666667,6.837982111378999,28.880509480136492,-138.0
CC=1CCCCC=1C,398,156,376,3.4008663092555342,9.330597825890854,15.72990490818363,3.3383838383838382,5.157169095353894,1548,9600,796,2106,3808,16.284195134990124,37.79797979797979,78,3.466666666666667,7.393044663162263,0.798888888888889,72,332,1572,0.8405555555555556,3.6333333333333333,7.605350962927559,33.84325139556552,-84.0
N#Cc1cc(O)ccc1,432,172,416,3.9898101188182045,10.57661071136814,17.74037029234976,3.916161616161617,5.9052434070156385,1696,10772,864,2246,4220,18.269707361727086,42.01464646464646,86,4.066666666666668,8.456193671195196,1.0300000000000002,80,364,1688,0.9972222222222222,4.166666666666667,8.626836493378832,37.824781390135655,82.0
O=C1NC(=O)NC(=O)C1(C(C)C)CC,1204,340,1044,5.283749290025134,15.66625374739934,26.817961347257857,5.032713365066306,8.304606187021928,4496,52844,2408,9662,14920,29.267278818397905,78.59012768277475,170,5.554112554112553,12.161496354247927,1.3555068308315061,140,744,4184,1.3452267573696148,5.957142857142856,12.816692721362005,62.12613278708998,203.0
c1ccc(cc1)/C=C/C#N,408,176,400,4.830932751627559,11.990680968782844,19.877081544231185,4.795670995670997,6.873637766858047,1616,9184,816,1972,3800,20.12429906628926,43.525541125541125,88,4.866666666666667,9.769833763957138,1.2955555555555556,84,360,1572,1.2122222222222223,4.866666666666666,9.837982111379,40.88050948013649,19.0
c1c(=O)[nH]c(=O)[nH]n1,372,152,360,3.4575194933287827,9.349885971192164,15.831652088062798,3.416161616161617,5.218503338084834,1464,8600,744,1864,3520,16.172736683825416,37.29797979797979,76,3.500000000000001,7.443333074306559,0.8027777777777778,72,328,1512,0.82,3.6000000000000005,7.577708763999664,33.88854381999832,276.0
C1=NC2=C(N1)C(=S)N=CN2,720,244,684,4.173694820767864,12.226050965543648,21.692907847967426,4.112598512598513,6.69667702041251,2808,24628,1440,4496,8168,22.316887265057698,59.37664557664557,122,4.2369047619047615,9.574357495388384,0.8725439342403629,104,504,2504,1.0561111111111112,4.766666666666667,10.210701925855117,47.68650279113103,314.0
CC(=O)C,54,36,54,1.9999999999999998,3.9999999999999996,6.0,1.9999999999999998,2.4494897427831783,216,486,108,162,324,6.0,9.0,18,1.9999999999999998,3.464101615137755,0.6666666666666667,24,96,384,0.375,1.5,3.0,12.0,-94.0
C/C(C)=C(/C)C(C)C,342,132,302,3.1781503022320865,8.432160991265537,13.52305015913025,3.0666666666666664,4.615583195159118,1288,7582,684,1914,3060,14.501283796965954,30.866666666666667,66,3.295238095238096,6.7039263379755605,0.8567800453514742,64,304,1504,0.7361111111111112,3.1666666666666665,6.6329931618554525,29.797958971132715,-113.0
O=C\2c1c(cccc1)S(=O)(=O)N(C/2=C(\O)Nc3ncccc3)C,1980,600,1850,9.071893193351324,27.292004012511725,48.996945297252,8.87908692614575,14.782810342408457,7660,86886,3960,14100,25072,51.07237852553383,144.45302067213836,300,9.27857142857143,21.245173220239863,1.9171041194255478,248,1276,6812,2.2494104308390024,10.43809523809524,22.74975832467486,110.85499031208674,198.0
O=C2c1ccccc1C(=O)c3ccccc23,1408,432,1332,6.495681974660851,19.571767701361644,35.382794987649994,6.375213675213677,10.630183195985321,5480,60260,2816,9768,17768,36.6539616975296,104.65982905982911,216,6.623809523809524,15.242836827553562,1.3521712018140593,176,888,4616,1.6533333333333333,7.600000000000002,16.47668824956602,79.28242073339645,284.0
CC(=O)CC(C)(C)NC(=O)C=C,558,212,524,4.975154850236808,13.003734206844502,21.57224008731091,4.866322566322566,7.256812335680813,2164,15332,1116,3148,5632,22.442369342166337,51.165573315573305,106,5.088095238095238,10.425649429147661,1.333577097505669,104,508,2552,1.1083333333333336,4.833333333333333,10.259829655234286,47.622740361268356,55.0
Cc1cc(C)cc(c1)[N+](=O)[O-],624,228,598,4.481459706397507,12.55753494683707,21.67301497259003,4.403263403263402,6.927268543008385,2444,18506,1248,3558,6624,22.335885959014423,55.57459207459207,114,4.561904761904762,9.917706598068985,1.0323356009070297,104,500,2444,1.0355555555555558,4.733333333333334,10.183059726927222,47.73179521556383,74.0
OC1CCCCCCCCCCC1,472,220,466,6.210824970494238,15.692043648236863,25.911723633103335,6.188888888888889,8.962205428079615,1876,8646,944,2054,4008,26.09051347747691,54.638888888888886,110,6.233333333333333,12.707845437689333,1.5161111111111112,108,452,1908,1.5350000000000001,6.3,12.788854381999831,52.94427190999916,76.0
CC(C)CC(C)C(C)C,348,144,324,3.765630613626234,9.663268361310005,15.668884888969112,3.684271284271284,5.405566611455501,1344,7668,696,1782,3144,16.34351196034652,34.61168831168831,72,3.850000000000001,7.769633584767321,1.0019444444444447,72,332,1572,0.8405555555555555,3.633333333333333,7.605350962927558,33.84325139556552,-128.0
c1ccc2c(c1)CCC2=O,720,244,686,4.179267629767947,12.215734773593871,21.7176758879678,4.1237096237096225,6.702906000299402,2812,24790,1440,4496,8204,22.29196490555808,59.487756687756686,122,4.236904761904762,9.574357495388384,0.8725439342403629,104,504,2504,1.0561111111111114,4.7666666666666675,10.210701925855117,47.686502791131026,40.0
CCCCC(=O)OCC,260,124,248,4.49035258553368,10.095201358033576,15.759269551881893,4.415873015873017,5.890574621125401,1016,4632,520,1154,2128,16.246852262506707,30.17301587301587,62,4.566666666666667,8.431460076820931,1.4605555555555558,64,264,1120,1.1044444444444446,4.133333333333334,8.098255458758336,31.87247514027467,-91.0
O[C@@H]1CC(=O)[C@H](CCCCCCC(=O)O)[C@H]1/C=C/[C@@H](O)CCCCC,1304,488,1248,11.12308105946279,29.213719242051333,49.40725078304978,10.984432234432235,16.428260429568443,5104,40672,2608,7582,13960,50.61390864545249,119.23547008547008,244,11.266666666666667,23.449642074283922,2.801250000000001,224,1032,4892,2.698888888888889,11.466666666666667,23.865180618161837,105.46599175683386,115.5
O=Cc1ccco1,308,128,296,3.240079005990548,8.350981115404446,13.80387861924605,3.1828282828282832,4.695437605792337,1208,6992,616,1540,2872,14.204116243749795,31.26464646464646,64,3.3000000000000007,6.720706034577969,0.8683333333333334,60,264,1188,0.8372222222222221,3.3666666666666667,6.837982111378999,28.880509480136492,-36.0
c1c(c(cc(c1O)Cl)Cl)O,612,216,576,3.885618083164126,11.313431836035347,19.542472332656505,3.7777777777777786,6.1307682818044205,2376,18144,1224,3564,6480,20.485281374238575,52.0,108,4.0,8.841373724180313,0.8888888888888891,96,472,2376,0.9311111111111111,4.266666666666667,9.210701925855117,43.68650279113103,115.0
CC(C)(C)CCCC,274,120,264,3.5088842987512,8.505001534358255,13.853236556601976,3.468398268398268,4.885834358207574,1076,5712,548,1314,2448,14.148908430237361,29.41645021645021,60,3.5500000000000007,6.967158282493358,1.0002777777777778,64,304,1492,0.7677777777777779,3.2,6.654478692306725,29.779488965702853,-121.0
Cc1cc(C)c(C)cc1CC,678,236,636,4.44983154975057,12.553199844609193,21.45480322643699,4.312354312354311,6.838320739292213,2628,21064,1356,4054,7324,22.575973074803713,56.68065268065269,118,4.595238095238095,9.880278783813328,1.130668934240363,104,508,2552,1.1083333333333336,4.833333333333333,10.259829655234286,47.622740361268356,-14.0
O=[N+]([O-])c1cc(Br)ccc1,528,200,504,4.193499004859992,11.54960363708842,19.71455262002028,4.126884226884228,6.399532632686659,2064,14428,1056,2920,5372,20.292695729821173,48.72163947163946,100,4.261904761904763,9.154576762523867,0.9751133786848074,92,432,2072,1.0005555555555556,4.4333333333333345,9.394205344927391,42.787523305564676,54.0
BrCCl,16,16,16,2.0,2.8284271247461903,4.0,2.0,2.0,64,64,32,32,64,4.0,4.0,8,2.0,2.82842712474619,1.0,12,36,108,0.4444444444444444,1.3333333333333333,2.309401076758503,6.928203230275509,-88.0
O=C(OCC)NCCOc1ccc(cc1)Oc2ccccc2,1112,444,1092,9.960851790273647,26.652918442607408,45.72506779692836,9.889898989898988,15.002309254201961,4408,28492,2224,5730,11096,46.2804807165724,109.859595959596,222,10.033333333333337,21.321374289357035,2.3538888888888883,204,920,4212,2.477222222222223,10.566666666666668,21.993399639378325,96.65759712013308,53.5
c1ccc2c(c1)c(c[nH]2)C#N,786,264,748,4.744433800711598,13.4538465903688,23.638230832147663,4.66021756021756,7.411961479419561,3068,28152,1572,4986,9108,24.374557046451145,64.23364413364413,132,4.832142857142857,10.613262555021397,1.114323979591837,112,540,2680,1.2333333333333336,5.333333333333334,11.259829655234286,51.62274036126834,180.0
Cc1ccccc1NC(=N)Nc2ccccc2C,1084,396,1042,7.61920489323621,21.555703812273517,37.5454147560701,7.51864801864802,11.90691242346192,4252,32182,2168,6186,11528,38.471855321563915,96.85878010878015,198,7.7238095238095275,17.00167010076241,1.6735600907029482,176,832,4016,1.8761111111111113,8.366666666666669,17.788410689854782,81.57504661112931,177.0
ClC(Cl)(Cl)c1ccccc1,580,208,544,4.040302729019994,11.377640967501081,19.725528023184992,3.98998778998779,6.288836368082763,2248,17088,1160,3476,6096,20.280333616840156,50.45372405372405,104,4.091666666666667,8.982507715635109,0.8804861111111111,96,476,2448,0.9408163265306122,4.285714285714286,9.228064901018035,43.65218239712708,-5.0
C1OCOCO1,192,96,192,3.0,7.348469228349535,12.0,3.0,4.2426406871192865,768,3072,384,768,1536,12.0,24.0,48,3.0,6.0,0.75,48,192,768,0.75,3.0,6.0,24.0,61.0
Cc1nnc(s1)C,340,136,330,2.963092302328866,8.114824907850794,13.856420128063169,2.927272727272727,4.517625536785178,1340,8250,680,1736,3300,14.147814324325795,33.40909090909091,68,3.0,6.443333074306558,0.6777777777777778,64,296,1384,0.6950000000000001,3.1,6.577708763999665,29.88854381999832,63.0
C(CCCN)CCCN,204,112,200,4.787693700234704,10.30939550778416,15.878156862896233,4.742857142857143,6.1291393987829315,808,2768,408,764,1480,16.12393478896601,27.657142857142855,56,4.833333333333333,8.723614639131599,1.5694444444444446,60,228,876,1.1944444444444446,4.333333333333333,8.309401076758505,30.92820323027551,28.0
CCCCCCCCCCBr,268,144,264,5.787693700234704,12.758885250567337,19.878156862896233,5.742857142857144,7.543352961156028,1064,3792,536,1020,1992,20.12393478896601,35.657142857142865,72,5.833333333333332,10.723614639131599,1.8194444444444446,76,292,1132,1.4444444444444446,5.333333333333332,10.309401076758505,38.9282032302755,-30.0
c1c(nc(cn1)Cl)Cl,372,152,360,3.4575194933287823,9.349885971192165,15.831652088062798,3.4161616161616166,5.218503338084835,1464,8600,744,1864,3520,16.172736683825416,37.2979797979798,76,3.5000000000000004,7.443333074306559,0.8027777777777778,72,328,1512,0.82,3.6,7.577708763999664,33.88854381999832,54.0
c1cc(c(nc1)Cl)Cl,398,156,376,3.400866309255534,9.330597825890854,15.72990490818363,3.338383838383839,5.157169095353894,1548,9600,796,2106,3808,16.284195134990124,37.79797979797979,78,3.4666666666666677,7.3930446631622635,0.798888888888889,72,332,1572,0.8405555555555556,3.6333333333333337,7.605350962927559,33.84325139556552,67.0
O=[N+]([O-])c1ccc(cc1)C(N)=O,680,248,640,4.893961329325731,13.736655761964547,23.578126258614073,4.8,7.557439803951299,2640,19000,1360,3916,7000,24.43258573999979,59.99999999999999,124,4.9904761904761905,10.83817825181328,1.1268934240362816,112,536,2632,1.1811111111111112,5.2666666666666675,11.210701925855117,51.686502791131026,202.5
Oc1ccccc1Br,398,156,376,3.4008663092555342,9.330597825890854,15.72990490818363,3.3383838383838382,5.157169095353894,1548,9600,796,2106,3808,16.284195134990124,37.79797979797979,78,3.466666666666667,7.393044663162263,0.798888888888889,72,332,1572,0.8405555555555556,3.6333333333333333,7.605350962927559,33.84325139556552,5.0
c1ccc(cc1)c2nnc(o2)c3ccccc3,1152,408,1122,7.405866564625213,21.20403586794092,37.77077160829564,7.364590964590968,11.770096298684445,4548,37858,2304,6816,12932,38.23195308610426,100.70085470085473,204,7.447619047619051,16.718633403037945,1.5304535147392295,176,832,4016,1.8761111111111113,8.366666666666669,17.788410689854782,81.57504661112932,140.0
Oc1ccccc1C(=O)OC,626,224,580,4.711317711108965,12.798783106413563,21.488386690731648,4.587201687201687,7.049493413845071,2412,18904,1252,3778,6588,22.535373250120305,53.67823287823288,112,4.841666666666667,10.160811616128631,1.220763888888889,100,472,2308,1.1983333333333335,5.033333333333332,10.470975273234453,46.6784684512692,-9.0
CC=C(/C)CC,156,76,142,2.825038532867334,6.4597701020533895,9.682959799431586,2.7222222222222228,3.6734332763753335,596,2306,312,674,1152,10.333154164596193,17.972222222222218,38,2.933333333333333,5.333204618062595,0.981111111111111,40,168,736,0.7294444444444443,2.6333333333333333,5.098255458758334,19.87247514027467,-138.0
OC(=O)CCc2nc(c1ccccc1)c(o2)c3ccccc3,1488,516,1454,9.53670311479592,26.870891678436443,47.72695242983828,9.483477633477634,14.975038713081736,5884,54610,2976,9156,17504,48.27592518566955,127.51486291486297,258,9.590476190476192,21.26810889924079,2.0503656462585034,224,1068,5204,2.341666666666667,10.500000000000002,22.393761652782334,103.41829800669481,161.0
COc1ccc(c(c1)O)C(=O)c2ccccc2,1124,388,1066,7.183439434271297,20.34174897082424,35.39591604334081,7.0427572427572445,11.18064344868513,4380,37450,2248,6896,12556,36.63670560379695,94.1544233544234,194,7.332142857142859,16.03394941711155,1.6837684240362816,168,808,3996,1.823888888888889,7.966666666666669,16.86518061816184,77.46599175683387,64.0
C=C(C)CC(C)C,204,96,192,3.12589765768623,7.473378871701724,11.83713013733938,3.0857142857142854,4.28862684814117,792,3456,408,924,1632,12.16538667329339,23.314285714285717,48,3.166666666666667,6.12589765768623,0.875,52,228,1012,0.6599999999999999,2.8,5.7888543819998315,24.94427190999916,-124.0
CC(C)(C)c1ccccc1,580,208,544,4.040302729019994,11.377640967501081,19.725528023184992,3.98998778998779,6.288836368082763,2248,17088,1160,3476,6096,20.280333616840156,50.45372405372405,104,4.091666666666667,8.982507715635109,0.8804861111111111,96,476,2448,0.9408163265306122,4.285714285714286,9.228064901018035,43.65218239712708,-59.5
O=COC,44,32,42,2.2996598285221186,4.161760458079524,5.919183588453085,2.2666666666666666,2.6053509629275577,172,306,88,124,228,6.082482904638631,7.800000000000001,16,2.333333333333333,3.723614639131598,0.9444444444444444,20,68,236,0.5694444444444444,1.833333333333333,3.309401076758503,10.928203230275509,-100.0
CC(=O)c1cccc(c1)C#N,588,220,560,4.7257896303494125,12.776328377264402,21.623270824307234,4.6268842268842265,7.086272701617465,2296,16600,1176,3302,6072,22.389666407722835,53.43830613830614,110,4.828571428571427,10.167437359412503,1.2023356009070296,100,468,2248,1.177777777777778,5.0,10.44333307430656,46.723760875701984,99.0
COc1ccc2C[C@H]4N(C)CC[C@@]35[C@@H](Oc1c23)[C@@H](O)C=C[C@@H]45,2684,712,2546,8.421061017067663,26.93567400194629,51.10612718216319,8.245897892956714,14.48099698581829,10460,160214,5368,21860,39816,52.92931163554468,172.75175151645743,356,8.60411255411255,20.7767586181083,1.6838864604611359,272,1476,8276,2.1585600907029474,10.357142857142858,23.082235352927857,118.35282543048551,155.0
c1ccc2c(c1)cccc2C(=O)N,920,308,872,5.46371788473423,15.670985764168746,27.601102126145427,5.384188034188034,8.623185916775567,3584,33576,1840,5914,10704,28.408668129322237,74.87264957264958,154,5.545238095238096,12.329263851466115,1.192196712018141,132,640,3192,1.3616666666666666,6.100000000000002,13.027198506782845,60.585482276697384,208.0
c1c(cc(c(c1Br)O)Br)C=O,678,236,634,4.445146626886159,12.561214634732853,21.4376244437984,4.304273504273505,6.833542447537372,2624,20882,1356,4054,7284,22.59926848437256,56.5897435897436,118,4.595238095238095,9.880278783813326,1.130668934240363,104,508,2552,1.1083333333333334,4.833333333333332,10.259829655234284,47.622740361268356,181.0
CCCCCCCCCCCCCCCCCCCC,556,288,552,10.287693700234705,23.781589093091625,37.878156862896226,10.242857142857146,13.907313991834949,2216,8400,1112,2172,4296,38.12393478896601,71.65714285714284,144,10.333333333333334,19.723614639131597,2.9444444444444446,148,580,2284,2.5694444444444446,9.833333333333334,19.309401076758505,74.92820323027551,36.7
c12c(c(c(c(c1F)F)F)F)c(c(c(c2F)F)F)F,1734,492,1590,6.435899441641759,20.473999364455743,36.60149615705246,6.1365079365079405,10.738183680009527,6648,80742,3468,12822,22572,39.5206733097429,116.09999999999994,246,6.7619047619047645,15.689949505738456,1.4527588813303105,196,1048,5776,1.6111111111111107,7.666666666666669,16.98146239020499,85.88877434122989,87.0
CC(CCC(=O)O)CC(=O)O,388,172,374,4.846409113886758,12.124992168817032,19.79336438714424,4.793795093795093,6.897878517183585,1524,7854,776,1826,3412,20.21051356288679,42.163275613275616,86,4.8999999999999995,9.833743095375562,1.2661111111111112,88,392,1768,1.07,4.6000000000000005,9.577708763999665,41.88854381999832,100.0
BrCc1cccc(c1)CBr,492,192,472,4.522100744307625,11.803335451544124,19.649088496636715,4.416161616161616,6.591983475946445,1928,12944,984,2628,4920,20.366678039628752,46.73131313131313,96,4.633333333333333,9.469054268083832,1.2572222222222225,88,400,1864,1.1744444444444446,4.733333333333333,9.675964222758001,41.76101896027298,75.0
c1ccc(cc1)Oc2ccc(cc2)Br,768,300,758,6.13808512384135,17.096281686504533,29.878597196814844,6.110101010101011,9.551267100029037,3052,20458,1536,4014,7840,30.123777654219353,74.45707070707071,150,6.166666666666668,13.551540525399904,1.3083333333333338,136,624,2896,1.5150000000000003,6.700000000000002,14.155417527999331,63.77708763999661,18.0
OC(=O)c1cc(I)ccc1,528,200,504,4.193499004859992,11.54960363708842,19.71455262002028,4.126884226884228,6.399532632686659,2064,14428,1056,2920,5372,20.292695729821173,48.72163947163946,100,4.261904761904763,9.154576762523867,0.9751133786848074,92,432,2072,1.0005555555555556,4.4333333333333345,9.394205344927391,42.787523305564676,187.0
C#C,2,4,2,2.0,0.0,2.0,2.0,1.4142135623730951,8,2,4,2,4,2.0,1.0,2,2.0,2.0,2.0,4,8,16,0.5,1.0,1.4142135623730951,2.8284271247461903,-80.8
c1cc(cc(c1)S(=O)(=O)Cl)[N+](=O)[O-],828,284,780,5.030275760293612,14.570787071420172,25.570108234753548,4.942368742368743,7.978059390286865,3216,26800,1656,5110,9140,26.43944528805304,68.78522588522588,142,5.120238095238094,11.429239040469641,1.0894883786848075,128,648,3380,1.1563718820861681,5.41904761904762,11.833415863945595,57.49543379269257,61.0
c1cc(sc1)C(=O)N,404,156,382,3.4414078556627796,9.328133815715232,15.764295089306664,3.388888888888889,5.186704484461854,1572,10362,808,2214,3976,16.241215229499517,37.888888888888886,78,3.4952380952380957,7.419089125906641,0.8134467120181408,72,332,1572,0.8405555555555556,3.6333333333333333,7.605350962927558,33.84325139556552,181.0
OCc1ccccc1CO,530,196,494,4.526407388888565,11.815224001343175,19.538886858427635,4.4018759018759015,6.568701676890489,2048,15206,1060,3086,5452,20.481912672417288,47.07070707070707,98,4.657142857142857,9.47085478242829,1.282448979591837,88,404,1924,1.195,4.766666666666667,9.703606421685894,41.715726535840176,64.0
CCC(=O)OC,156,76,142,2.825038532867334,6.4597701020533895,9.682959799431586,2.7222222222222228,3.6734332763753335,596,2306,312,674,1152,10.333154164596193,17.972222222222218,38,2.933333333333333,5.333204618062595,0.981111111111111,40,168,736,0.7294444444444443,2.6333333333333333,5.098255458758334,19.87247514027467,-88.0
CCCCCCCCCCCCC,332,176,328,6.787693700234704,15.208374993350516,23.878156862896233,6.742857142857144,8.957566523529124,1320,4816,664,1276,2504,24.12393478896601,43.657142857142865,88,6.833333333333332,12.723614639131599,2.0694444444444446,92,356,1388,1.6944444444444446,6.333333333333332,12.309401076758505,46.9282032302755,-5.0
S=C=S,16,16,16,2.0,2.8284271247461903,4.0,2.0,2.0,64,64,32,32,64,4.0,4.0,8,2.0,2.82842712474619,1.0,12,36,108,0.4444444444444444,1.3333333333333333,2.309401076758503,6.928203230275509,-112.0
O=C(C(c1ccccc1)(c2ccccc2)C[C@@H](N(C)C)C)CC,1760,540,1622,9.635471370658687,27.087098858669425,46.97156499066569,9.420120230646548,14.864944469915528,6764,82194,3520,13146,22544,49.07422701941795,129.40424896740691,270,9.861255411255415,21.377790366753008,2.321626445343978,228,1140,6012,2.43578231292517,10.590476190476192,22.422043684289562,103.96938418265546,98.85
c1ccc2c(c1)c3c([nH]2)CCCC3,1078,348,1044,5.499169201489537,16.32778903379155,29.765800486672514,5.458547008547008,8.987177111308576,4244,43316,2156,7074,13304,30.238351827615773,85.60854700854705,174,5.54047619047619,12.783312526542398,1.0917545351473925,144,708,3564,1.396666666666667,6.4,13.816052888782677,65.52975418669654,119.0
O=[N+]([O-])c1cc(C)ccc1[N+]([O-])=O,826,280,774,5.234495701787051,14.764583026347982,25.49171445859423,5.122427572427573,8.102090731656153,3200,28950,1652,5264,9372,26.523439013564087,67.52322677322678,140,5.350000000000001,11.638345011934954,1.2248611111111114,124,608,3064,1.2366666666666668,5.600000000000001,12.027198506782844,56.585482276697384,56.0
O=C(CCC)OCCCCC,324,156,312,5.490352585533682,12.544691100816754,19.759269551881886,5.415873015873016,7.304788183498496,1272,5656,648,1410,2640,20.246852262506707,38.17301587301588,78,5.566666666666666,10.431460076820931,1.7105555555555556,80,328,1376,1.3544444444444446,5.133333333333333,10.098255458758336,39.872475140274666,-73.0
CP(=O)(O)O,128,64,128,2.0,4.898979485566357,8.0,2.0,2.8284271247461907,512,2048,256,512,1024,8.0,16.0,32,2.0,4.0,0.5,40,200,1000,0.32,1.5999999999999999,3.5777087639996634,17.88854381999832,106.0
c1ccc2c(c1)ccc(=O)o2,714,256,694,4.68447943347704,13.43468551650427,23.813595868179405,4.645931845931846,7.436754136548262,2816,22542,1428,4148,7860,24.18988370521504,63.0549728049728,128,4.723809523809525,10.580983238672255,0.9791156462585038,112,532,2572,1.1605555555555558,5.233333333333334,11.183059726927224,51.73179521556382,70.0
O=C(N)c1ccccc1Br,566,204,524,4.184906309078192,11.561280853041422,19.597072460804778,4.098068598068598,6.368265908990476,2180,16468,1132,3396,5864,20.41742788358204,49.00826950826951,102,4.2749999999999995,9.147951019239995,0.9935416666666668,92,436,2132,1.0211111111111113,4.466666666666668,9.421847543855284,42.74223088113187,160.0
C[Si](C)(C)C#C[Si](C)(C)C,440,176,432,3.7469116496733035,10.34427852312966,17.909132661854635,3.7272727272727275,5.7833956475006785,1744,10992,880,2248,4344,18.091399166870083,43.57575757575757,88,3.7666666666666675,8.210701925855117,0.8061111111111112,92,476,2492,0.7161111111111114,3.5666666666666673,7.99955630785495,40.63077470113018,22.0
CCCCCCCCC(C)C,298,152,292,5.4429745794965205,12.552608307386713,19.873283665890895,5.403174603174603,7.323974487134802,1180,4584,596,1198,2308,20.12834163831001,37.574603174603176,76,5.4833333333333325,10.410935048944967,1.5869444444444447,80,324,1328,1.3022222222222222,5.066666666666666,10.049127729379167,39.93623757013734,-49.0
Cc1cc(C)cc(C)n1,468,180,450,3.740083568503631,10.367403882264046,17.759785364878386,3.681818181818181,5.739456478492807,1836,12150,936,2502,4680,18.246669619045523,43.97727272727272,90,3.8000000000000003,8.206462909851679,0.8600000000000001,84,396,1884,0.8550000000000002,3.900000000000001,8.366563145999496,38.83281572999748,-46.0
CCOc1ccc(cc1)OCC,560,224,544,5.656678950864764,14.193661642739839,23.74247728022776,5.581818181818182,8.08611514337344,2208,14344,1120,2920,5560,24.263561405706863,55.02727272727273,112,5.733333333333333,11.539667527914276,1.5911111111111116,104,464,2120,1.4244444444444446,5.733333333333334,11.675964222758001,49.76101896027298,70.0
c1cc2cccc3c2c(c1)C(=O)C3=O,1350,400,1280,5.513922484429942,17.12296749937513,31.42109999171546,5.399464914170799,9.233139204522551,5260,62284,2700,9656,17684,32.61357148276087,96.90164655605831,200,5.635714285714288,13.2554099030216,1.106682728647015,160,824,4360,1.4033333333333333,6.600000000000001,14.476688249566022,71.28242073339645,258.0
NC(=O)c1ccccc1,436,172,414,3.941407855662781,10.55287868710682,17.76429508930666,3.8888888888888893,5.893811265648401,1700,10874,872,2342,4232,18.241215229499517,41.888888888888886,86,3.9952380952380953,8.41908912590664,0.9384467120181407,80,364,1700,0.9655555555555555,4.133333333333333,8.605350962927558,37.84325139556552,127.0
[O-][N+](=O)c1ccc2c3ccccc3Cc2c1,1326,424,1280,6.49281267121804,19.513915457719627,35.623726589343995,6.418376068376072,10.680156752835552,5212,52860,2652,8708,16332,36.384869014433555,103.97606837606837,212,6.569047619047623,15.23004385137693,1.3007568027210883,176,880,4496,1.6122222222222224,7.533333333333336,16.421403851710235,79.37300558226204,156.0
CC(C)C(C)(C)C(C)C,540,176,464,3.1700751335403,9.224944493198377,15.272681773427903,3.0158730158730163,4.890412172695615,2008,15904,1080,3580,5520,16.769373945685235,40.38095238095239,88,3.333333333333333,7.173104381914778,0.7986111111111112,80,424,2384,0.7416326530612245,3.3714285714285714,7.300712274036741,35.52727715425752,-102.0
Nc1cccc(N)c1,372,152,360,3.457519493328782,9.349885971192165,15.831652088062796,3.416161616161616,5.218503338084835,1464,8600,744,1864,3520,16.172736683825416,37.29797979797979,76,3.5000000000000004,7.443333074306559,0.8027777777777778,72,328,1512,0.8200000000000002,3.6000000000000005,7.577708763999665,33.88854381999832,65.0
CC(C)CC=CC,170,88,164,3.4429745794965196,7.653628821820359,11.873283665890892,3.403174603174603,4.4955473623886135,668,2536,340,686,1284,12.128341638310006,21.574603174603173,44,3.4833333333333334,6.4109350489449675,1.0869444444444445,48,196,816,0.8022222222222224,3.066666666666667,6.049127729379167,23.936237570137337,-124.0
FS(F)(=O)=O,128,64,128,2.0,4.898979485566357,8.0,2.0,2.8284271247461907,512,2048,256,512,1024,8.0,16.0,32,2.0,4.0,0.5,40,200,1000,0.32,1.5999999999999999,3.5777087639996634,17.88854381999832,-135.8
C(C(C(=O)O)N)C(=O)O,348,144,324,3.765630613626236,9.663268361310005,15.66888488896911,3.6842712842712837,5.405566611455499,1344,7668,696,1782,3144,16.34351196034652,34.61168831168831,72,3.85,7.769633584767319,1.0019444444444445,72,332,1572,0.8405555555555556,3.6333333333333337,7.605350962927558,33.84325139556552,275.0
CCP(=O)(O)O,202,88,190,2.37409631853355,6.095232282131342,9.76986374580994,2.304761904761905,3.388384478052131,784,3850,404,950,1720,10.250977901367294,21.190476190476186,44,2.4499999999999997,4.890388354186294,0.6774999999999999,48,240,1236,0.5177777777777777,2.1999999999999997,4.654478692306726,21.77948896570285,61.5
Oc1ccc(Cl)c(O)c1,490,184,466,3.656170231083273,10.32116635851318,17.691164621287715,3.5828282828282823,5.6660970952775385,1912,13030,980,2684,4936,18.324863893467793,44.65909090909091,92,3.7333333333333325,8.128532299779488,0.8355555555555556,84,400,1944,0.8755555555555556,3.9333333333333336,8.394205344927391,38.787523305564676,107.0
CC(=O)c1c(cccc1OC)OC,834,276,766,5.575583689841866,15.04897158162827,25.297126866231757,5.401875901875901,8.275808458077034,3200,30718,1668,5574,9596,26.731712732803427,65.7492784992785,138,5.757142857142858,11.967196107307418,1.5367082388510962,120,580,2916,1.4311111111111114,5.933333333333334,12.33659958354135,55.51368550697288,70.0
O=C(Nc1ccccc1)C[N+]([O-])=O,598,244,582,5.767700619351131,15.253395169372025,25.797162265484538,5.71962481962482,8.588408126775295,2360,14594,1196,3044,5792,26.206470990866052,60.11421356421356,122,5.816666666666667,12.220284009315627,1.370277777777778,116,524,2396,1.355,5.9,12.366563145999496,54.83281572999746,93.0
COC(=O)NN,156,76,142,2.825038532867334,6.4597701020533895,9.682959799431586,2.7222222222222228,3.6734332763753335,596,2306,312,674,1152,10.333154164596193,17.972222222222218,38,2.933333333333333,5.333204618062595,0.981111111111111,40,168,736,0.7294444444444443,2.6333333333333333,5.098255458758334,19.87247514027467,72.0
c1ccc(cc1)C(=O)c2ccccn2,842,308,806,6.148965541466016,17.121936619563147,29.67160057544775,6.082539682539683,9.505995367854736,3296,25534,1684,4882,8988,30.345504466752924,75.31111111111112,154,6.219047619047619,13.556739290272334,1.3647845804988665,136,632,3016,1.5561111111111112,6.766666666666667,14.210701925855117,63.68650279113102,43.0
CC=1CCCCC=1,280,124,274,3.2108249704942384,8.343574419887329,13.911723633103334,3.188888888888889,4.719564740960328,1108,5574,560,1286,2472,14.09051347747691,30.638888888888886,62,3.2333333333333334,6.707845437689333,0.7661111111111112,60,260,1140,0.785,3.3,6.7888543819998315,28.94427190999916,-120.0
c1ccc(cc1)C(c2ccc(cc2)Cl)O,930,336,892,6.370936129960423,18.096409427201383,31.63286028855183,6.293650793650795,9.995377381469554,3644,28360,1860,5400,9996,32.38617322523059,82.17222222222222,168,6.452380952380953,14.264584727961669,1.380895691609978,148,700,3388,1.5911111111111114,7.066666666666667,14.99955630785495,68.63077470113016,60.0
Oc1cc(C)c(Cl)cc1C(C)C,780,264,728,4.673920489901537,13.536658576636633,23.434827891785023,4.545787545787546,7.347359803006525,3016,25628,1560,4854,8636,24.592075630070344,63.36813186813188,132,4.808333333333333,10.596280080258047,1.083541666666667,116,576,2936,1.1116666666666668,5.1000000000000005,11.027198506782844,52.585482276697384,59.0
O(C)c1ccc(N=Nc2ccccc2)cc1,856,336,838,7.130969236011216,19.542509226553456,33.754188964813316,7.064646464646464,10.918047118013071,3388,22054,1712,4464,8588,34.25401250886346,82.99191919191922,168,7.200000000000002,15.536758923360647,1.6400000000000006,152,692,3200,1.8172222222222225,7.766666666666668,16.2045452573785,71.71332521013395,53.0
CC(C)(O)CCCCC,306,136,296,4.0088842987512,9.729746405749845,15.853236556601976,3.968398268398268,5.592941139394122,1204,6224,612,1442,2704,16.14890843023736,33.416450216450215,68,4.050000000000001,7.967158282493358,1.1252777777777778,72,336,1620,0.8927777777777779,3.7,7.654478692306725,33.779488965702846,-50.4
C(CCCCO)CCCCO,268,144,264,5.787693700234705,12.758885250567337,19.878156862896233,5.742857142857143,7.543352961156027,1064,3792,536,1020,1992,20.12393478896601,35.65714285714286,72,5.833333333333333,10.7236146391316,1.8194444444444446,76,292,1132,1.4444444444444446,5.333333333333333,10.309401076758505,38.92820323027551,47.0
C[C@@H](CN)O,102,56,96,2.3618073195657994,5.220947331236295,7.844591357607276,2.3095238095238093,3.035461254151183,396,1216,204,382,688,8.162772227887023,13.523809523809524,28,2.4166666666666665,4.361807319565799,0.7847222222222223,32,132,560,0.5522222222222222,2.0666666666666664,4.049127729379167,15.936237570137333,25.0
C[N+]([O-])(C)CCCCCCCCCCCC,530,248,520,7.5088842987512,18.30296050549097,29.853236556601978,7.4683982683982695,10.542688607699954,2100,9808,1060,2338,4496,30.148908430237363,61.416450216450215,124,7.55,14.967158282493358,2.000277777777778,128,560,2516,1.767777777777778,7.199999999999999,14.654478692306725,61.779488965702846,132.5
O=Nc1ccccc1,340,144,328,3.740079005990548,9.575725986796034,15.80387861924605,3.6828282828282832,5.402544386978885,1336,7504,680,1668,3128,16.204116243749795,35.26464646464646,72,3.8000000000000007,7.720706034577969,0.9933333333333334,68,296,1316,0.9622222222222221,3.8666666666666667,7.837982111378999,32.880509480136496,65.0
CC(C)(C)c1ccc(cc1)C(=O)O,824,284,770,4.992856202682945,14.56141804235881,25.539359192492398,4.901098901098901,7.952464906385661,3188,25214,1648,5050,8864,26.47170412734043,68.56483516483516,142,5.086904761904762,11.401596841541748,1.068932823129252,128,648,3380,1.156371882086168,5.419047619047619,11.833415863945595,57.49543379269259,165.0
NCCN,44,32,42,2.2996598285221186,4.161760458079524,5.919183588453085,2.2666666666666666,2.6053509629275577,172,306,88,124,228,6.082482904638631,7.800000000000001,16,2.333333333333333,3.723614639131598,0.9444444444444444,20,68,236,0.5694444444444444,1.833333333333333,3.309401076758503,10.928203230275509,8.5
CCNC(=S)NCC,228,108,214,3.982186500338419,8.885902016745197,13.728658607764213,3.9,5.175085789626827,884,3994,456,1026,1840,14.279256258570495,26.049999999999997,54,4.066666666666667,7.431460076820931,1.3355555555555558,56,232,992,0.9794444444444446,3.6333333333333337,7.098255458758336,27.87247514027467,77.0
Nc3ccc(OCCCCCN2C(=O)c1ccccc1C2=O)cc3,1672,568,1598,10.141297103148665,29.11376405797344,51.34842481189525,10.008430458430457,16.035693538921016,6540,60742,3344,10538,19412,52.689020468954254,138.61961926961928,284,10.282142857142853,22.903621346854486,2.189740646258504,244,1176,5824,2.542777777777777,11.366666666666664,24.237900432637957,112.27198506782835,113.0
C=CC(=O)OC,156,76,142,2.825038532867334,6.4597701020533895,9.682959799431586,2.7222222222222228,3.6734332763753335,596,2306,312,674,1152,10.333154164596193,17.972222222222218,38,2.933333333333333,5.333204618062595,0.981111111111111,40,168,736,0.7294444444444443,2.6333333333333333,5.098255458758334,19.87247514027467,-75.0
Fc1ccc(O)cc1,368,152,360,3.432795558988645,9.31804722752556,15.872983346207418,3.4000000000000004,5.208946754575151,1456,8400,736,1804,3480,16.131182235954576,37.5,76,3.4666666666666677,7.415690875378665,0.7822222222222224,72,328,1512,0.8200000000000001,3.6000000000000005,7.577708763999665,33.88854381999832,45.5
COc1cc(cc(c1OC)OC)C#N,882,296,824,6.164560302161665,16.27987420765131,27.215297088069864,5.94265734265734,8.978733993063617,3412,31632,1764,5650,10136,28.826258100919787,70.83822843822844,148,6.398809523809524,13.014612167828417,1.8637684240362815,128,616,3080,1.6400000000000006,6.533333333333332,13.407212843371791,59.43145307168035,93.0
COc1ccccc1OC(=O)c2ccccc2,1026,372,982,7.433837983448252,20.569505556455557,35.522137357574145,7.320290820290823,11.404847169199666,4016,31330,2052,5970,11024,36.49665795207742,90.79176379176384,186,7.552380952380954,16.305087523778198,1.7536734693877554,164,768,3692,1.8933333333333333,8.133333333333335,17.048684037234114,76.5670122712675,59.0
CC=C(C)CCC,192,92,178,3.4036125166028763,7.672836059399294,11.705809203597902,3.311111111111111,4.42425953300108,740,3150,384,850,1496,12.306205211583345,22.01111111111111,46,3.5000000000000004,6.382332347441762,1.1583333333333334,48,200,864,0.8544444444444443,3.1333333333333337,6.098255458758334,23.87247514027467,-119.0
Clc1ccc2NC(C)=NS(=O)(=O)c2c1,1128,356,1074,5.365583795423482,16.26953162744563,29.57113168203493,5.281285381285381,8.851536380986209,4404,45074,2256,7570,13828,30.440969997382442,86.6691142191142,178,5.4523809523809526,12.66150991231733,1.0790438397581257,152,788,4184,1.2469274376417236,6.052380952380956,13.438766826873154,67.33868518825811,330.5
c1cc2c(cc1CO)OCO2,742,260,718,4.7167700589664605,13.436665385288658,23.722314072466368,4.645931845931846,7.416387424292519,2920,24202,1484,4402,8304,24.286854383116705,63.77163947163947,130,4.790476190476191,10.593843835560891,1.0813378684807258,112,536,2620,1.212777777777778,5.300000000000002,11.232187456306393,51.66803278570116,53.0
CCC(=O)OC(Cc1ccccc1)(C(C)CN(C)C)c2ccccc2,1702,560,1610,10.717728487960045,29.541805777858894,51.24088200593934,10.551225898284716,16.39094747970868,6624,70942,3404,11596,20840,52.79006704360077,136.0639964610553,280,10.891666666666666,23.44842140767566,2.5655654761904767,244,1192,6076,2.6349659863945583,11.504761904761903,24.34939631127085,112.09428942552499,75.0
O=C(CCCCC(=O)OC)OC,404,184,384,5.535863503361573,13.578599650549126,21.59468343253492,5.411111111111111,7.685891236149113,1576,7368,808,1832,3368,22.423667642073113,44.611111111111114,92,5.666666666666668,11.04105005575193,1.6222222222222225,92,396,1748,1.3894444444444447,5.433333333333333,10.88710984075817,44.81674705027382,8.0
COc1ccc(cc1C(=O)NCCc2ccc(cc2)S(=O)(=O)NC(=O)NC3CCCCC3)Cl,2166,756,2070,13.6947409432332,39.27112469241373,69.0871405940272,13.494749694749688,21.61914295833527,8472,70458,4332,13074,24024,70.94468169413973,184.4755133755134,378,13.902380952380945,30.896939448427236,3.0118679138321998,332,1616,8072,3.3697052154195015,15.152380952380941,32.45980866517935,151.95098988395836,173.0
c1ccc2Cc3ccccc3Cc2c1,1060,360,1036,5.946956560690767,17.532150602836506,31.814866541659704,5.913308913308916,9.67812705834888,4192,37740,2120,6492,12424,32.18709976242178,88.95726495726494,180,5.980952380952385,13.746275601965841,1.176009070294785,152,736,3632,1.5011111111111113,6.866666666666669,14.788410689854784,69.57504661112932,109.0
C=C(C)CC(C)(C)C,312,128,294,3.21236749977976,8.33457515400876,13.818030580492465,3.1731601731601735,4.692230850382062,1212,6994,624,1624,2872,14.186010236476,31.11471861471861,64,3.2523809523809524,6.6994838663975385,0.7980385487528345,68,336,1688,0.6255555555555556,2.933333333333334,6.394205344927392,30.787523305564676,-94.0
CC(CC)(CC)CC,374,136,326,3.2895161747844748,8.58366900909606,13.261309972214463,3.0779220779220773,4.602860334779767,1400,9518,748,2210,3556,14.804698321949669,31.162337662337656,68,3.521428571428572,6.816459808596301,1.1341326530612246,64,320,1708,0.9133333333333333,3.4000000000000004,6.808018548920851,29.56137925711192,-91.0
C1=CC(=C(C=C1Cl)Cl)O,490,184,466,3.6561702310832738,10.321166358513182,17.691164621287715,3.582828282828283,5.6660970952775385,1912,13030,980,2684,4936,18.324863893467793,44.65909090909091,92,3.7333333333333347,8.12853229977949,0.8355555555555556,84,400,1944,0.8755555555555556,3.933333333333334,8.394205344927391,38.787523305564676,42.5
CCOC(=O)c1ccc(cc1)C(=O)OCC,872,320,824,7.108354713180378,18.62956457402323,31.42309438240781,6.964879564879566,10.426159189293628,3392,25296,1744,5032,9112,32.598305860491855,77.46550116550118,160,7.257142857142859,14.96215490434889,1.9357823129251706,144,672,3240,1.7855555555555558,7.400000000000001,15.308957384613455,67.5589779314057,45.0
c1ccc2c(c1)nco2,590,212,570,3.9268154752797453,11.223531887080854,19.838570297465413,3.8968253968253967,6.217697008436565,2320,18314,1180,3442,6428,20.163325564393006,52.1111111111111,106,3.9571428571428577,8.845495602055028,0.8174489795918369,92,432,2072,1.0005555555555556,4.4333333333333345,9.394205344927391,42.787523305564676,30.0
O=C(c1ccccc1)c2ccccc2,842,308,806,6.148965541466016,17.121936619563147,29.67160057544775,6.082539682539683,9.505995367854736,3296,25534,1684,4882,8988,30.345504466752924,75.31111111111112,154,6.219047619047619,13.556739290272336,1.3647845804988665,136,632,3016,1.5561111111111112,6.766666666666667,14.210701925855117,63.68650279113102,48.0
c1ccc(cc1)C(=O)Oc2cccc(c2)OC(=O)c3ccccc3,1484,544,1440,10.325847565336025,29.331404166968028,51.556623327746216,10.23154623154623,16.250708920737296,5848,44152,2968,8396,15880,52.45940779839753,133.83216783216787,272,10.423809523809526,23.137519750783646,2.1996712018140583,240,1128,5400,2.5711111111111116,11.466666666666665,24.36611945385444,111.46359043112759,118.0
COC(=O)c1cccnc1,496,192,468,4.4659168871483566,11.79367745243773,19.644187170336075,4.374358974358975,6.572566409938979,1928,12980,992,2724,4904,20.371488471142293,46.483760683760686,96,4.561904761904763,9.431949722795277,1.165668934240363,88,400,1876,1.142777777777778,4.7,9.654478692306727,41.77948896570285,42.0
C1(CC1)C(=O)O,265,110,248,2.714440511586481,7.159413191295128,11.78388532558838,2.6636363636363636,3.9892540967825223,1026,5516,530,1333,2356,12.221981184778816,26.554545454545455,55,2.766666666666667,5.721086196270716,0.6755555555555555,50,218,998,0.7777777777777778,3.0,5.971197119306978,24.36308110070411,18.0
c1cc(ccc1OCC(=O)O)F,558,228,548,5.213757028383867,13.973305512682261,23.858236100330306,5.178210678210678,7.856977067525082,2212,13476,1116,2796,5416,24.144452314611314,56.415223665223664,114,5.249999999999999,11.164999611459839,1.2041666666666668,108,492,2268,1.2300000000000002,5.400000000000001,11.366563145999498,50.83281572999748,105.0
OC(=O)c1ccccc1C=O,632,224,586,4.750072480021844,12.799392669816351,21.517627404984644,4.634576534576533,7.077321388110636,2436,19830,1264,3886,6768,22.500020024475106,53.754156954156954,112,4.870238095238095,10.18685607887301,1.2353217120181408,100,472,2308,1.1983333333333335,5.033333333333333,10.470975273234453,46.6784684512692,97.0
CCC(C(=O)O)C(=O)O,414,152,360,3.7587068217907857,9.689509503732701,15.409236902027253,3.615384615384615,5.331674367314002,1548,10376,828,2530,3904,16.61596611724733,35.30769230769231,76,3.908333333333334,7.760449602724623,1.1063194444444446,72,340,1680,0.9133333333333333,3.7333333333333334,7.68212089123462,33.73419654127005,113.0
C1=CC(=CC(=C1)NC2=C(C=CC=N2)C(=O)O)C(F)(F)F,1364,464,1298,8.018173061685,23.357790918190886,41.4526166408781,7.910278610278612,12.82467063509667,5324,46118,2728,8482,15424,42.559733752951914,113.06968586968594,232,8.12857142857143,18.319995046568607,1.685252267573696,204,1016,5196,1.9069274376417238,8.852380952380951,19.22762120887298,92.28295709825724,204.0
c1ccc(cc1)OCCCl,408,176,400,4.830932751627559,11.990680968782844,19.877081544231185,4.795670995670997,6.873637766858047,1616,9184,816,1972,3800,20.12429906628926,43.525541125541125,88,4.866666666666667,9.769833763957138,1.2955555555555556,84,360,1572,1.2122222222222223,4.866666666666666,9.837982111379,40.88050948013649,24.0
COc1ccc(cc1C=O)OC,682,244,642,5.3163619725752795,14.028357499550973,23.422630633428586,5.15098235098235,7.767392092746442,2648,21094,1364,4046,7328,24.60544149114099,58.73123543123545,122,5.49047619047619,11.219203015934154,1.5463378684807259,108,508,2472,1.4072222222222226,5.633333333333334,11.541588533064896,50.59623601597666,52.0
Cc1cc(Br)ccc1,372,152,360,3.457519493328783,9.349885971192165,15.831652088062796,3.416161616161617,5.218503338084835,1464,8600,744,1864,3520,16.172736683825413,37.29797979797979,76,3.500000000000001,7.443333074306559,0.8027777777777778,72,328,1512,0.8200000000000001,3.6,7.577708763999664,33.88854381999832,-40.0
NC(=O)CCCCCCCCCCC/C=CCCCCCCCC,714,360,708,11.94297457949652,28.47429163547735,45.87328366589088,11.903174603174605,16.51636264255991,2844,11240,1428,2862,5636,46.128341638310005,89.57460317460317,180,11.983333333333334,23.410935048944964,3.2119444444444447,184,740,2992,2.9272222222222224,11.566666666666668,23.04912772937917,91.93623757013734,79.0
OCC(=O)[C@]3(O)[C@@]4(C)C[C@H](O)[C@@]2(F)[C@@H](CCC1=CC(=O)C=C[C@@]12C)[C@@H]4C[C@H]3C,3562,884,3202,9.866131349633518,32.205967430290286,59.90174496158235,9.489415727031822,16.947165718019775,13528,213754,7124,31252,52172,64.2703383727462,207.89658516578012,442,10.273701298701294,24.651102219865976,2.0876656835828915,336,1920,11532,2.4862868480725626,12.080952380952377,27.181531002645148,143.36153171859115,262.0
Cc1cc(C)ccc1CC,556,204,524,4.218023661300164,11.565094141677536,19.58972965745829,4.1127428127428125,6.370627205763827,2160,15664,1112,3174,5732,20.42966621168857,49.25699300699301,102,4.328571428571429,9.167437359412503,1.0773356009070296,92,436,2120,1.052777777777778,4.5,9.44333307430656,42.72376087570201,-63.0
c1cc(ccc1)C2CCCCC2,686,260,666,5.426815475279745,14.897766501255626,25.838570297465417,5.396825396825397,8.33901735199621,2704,19850,1372,3826,7196,26.163325564393002,64.1111111111111,130,5.457142857142857,11.845495602055028,1.192448979591837,116,528,2456,1.3755555555555556,5.9333333333333345,12.394205344927391,54.78752330556466,5.0
O=C2c3ccccc3c1ccccc1C2=O,1408,432,1334,6.496873776550288,19.569677143347047,35.39169377509111,6.37759462759463,10.631910120821523,5484,60710,2816,9768,17828,36.64504306884324,104.72649572649576,216,6.623809523809525,15.242836827553564,1.3521712018140593,176,888,4616,1.6533333333333333,7.600000000000001,16.476688249566024,79.28242073339644,210.0
O=[N+]([O-])c1ccc(cc1)C=Cc1ccc(N)cc1[N+](=O)[O-],1336,472,1278,8.605055036133166,24.72084782794854,43.43051916620581,8.481285381285385,13.602274128215747,5228,42030,2672,7934,14604,44.5837365589874,115.21250416250419,236,8.732142857142861,19.43677969560158,1.863768424036282,208,1004,4948,2.091666666666667,9.5,20.39376165278234,95.41829800669481,198.0
CN1CCC(C1)CN3c2ccccc2Sc4ccccc34,1706,556,1662,8.751205525585561,26.08993148114892,47.66521557885356,8.68820068820069,14.354463357077636,6736,67850,3412,11024,20984,48.34130097612797,137.12478077478082,278,8.815476190476192,20.409556169258583,1.7241850907029481,232,1144,5752,2.1822222222222223,10.133333333333333,21.999112615709898,105.26154940226033,87.0
COc1ccc(C#N)cc1,488,192,468,4.491303629981266,11.782350361342974,19.657293318492844,4.387878787878788,6.574906046612265,1912,12260,976,2568,4792,20.358387768500354,46.75151515151515,96,4.6000000000000005,9.44141206915594,1.2366666666666668,88,400,1864,1.1744444444444446,4.733333333333334,9.675964222758001,41.76101896027298,59.0
Cc1ccc(cc1)[N+](=O)[O-],524,200,500,4.163378444157187,11.527351494745051,19.725554802410745,4.1,6.383193279263225,2048,13700,1048,2860,5240,20.28188398797719,48.75000000000001,100,4.2285714285714295,9.126934563595972,0.954557823129252,92,432,2072,1.0005555555555556,4.433333333333334,9.394205344927391,42.787523305564676,51.0
C(CCCCCCCCCC(=O)O)CCCCCCCCC(=O)O,744,368,736,11.598255458758334,28.26801469229674,45.86841046888556,11.563492063492063,16.29698416853869,2960,12032,1488,3040,5952,46.13274848765401,91.4920634920635,184,11.633333333333333,23.098255458758334,2.979444444444445,188,772,3188,2.785,11.299999999999999,22.78885438199983,92.94427190999915,127.0
CC(=C)Cl,54,36,54,1.9999999999999998,3.9999999999999996,6.0,1.9999999999999998,2.4494897427831783,216,486,108,162,324,6.0,9.0,18,1.9999999999999998,3.464101615137755,0.6666666666666667,24,96,384,0.375,1.5,3.0,12.0,-138.0
C1=CC(=CC(=C1)Br)C(=O)O,528,200,504,4.19349900485999,11.549603637088422,19.71455262002028,4.126884226884227,6.399532632686661,2064,14428,1056,2920,5372,20.292695729821176,48.72163947163946,100,4.261904761904763,9.154576762523869,0.9751133786848074,92,432,2072,1.0005555555555556,4.433333333333334,9.394205344927391,42.787523305564676,157.0
O=Cc1ccccc1N,464,176,434,3.9627197394724236,10.57452560905521,17.628469944354205,3.8682983682983685,5.861699205840182,1796,12234,928,2596,4604,18.3889974532109,42.3958818958819,88,4.061904761904762,8.431949722795277,1.040668934240363,80,368,1748,1.017777777777778,4.2,8.654478692306725,37.779488965702846,38.0
c1c(cc(c(c1[N+](=O)[O-])N)Br)[N+](=O)[O-],942,312,880,5.442810696761673,15.747458560074485,27.339918096216646,5.294261294261295,8.551970910045872,3644,33036,1884,6018,10748,28.692730313315078,74.89560439560442,156,5.598809523809525,12.333568231219733,1.2704350907029482,136,680,3496,1.2922222222222222,5.933333333333333,12.843695087710568,61.48446176226375,152.0
BrC(CC)CC,156,76,142,2.8250385328673335,6.4597701020533895,9.682959799431588,2.7222222222222223,3.6734332763753335,596,2306,312,674,1152,10.333154164596193,17.97222222222222,38,2.9333333333333336,5.333204618062595,0.9811111111111112,40,168,736,0.7294444444444446,2.6333333333333333,5.098255458758334,19.87247514027467,-126.0
c1ccc(cc1)NN,340,144,328,3.7400790059905487,9.575725986796035,15.803878619246047,3.6828282828282837,5.402544386978886,1336,7504,680,1668,3128,16.204116243749795,35.26464646464646,72,3.8000000000000003,7.720706034577969,0.9933333333333333,68,296,1316,0.9622222222222223,3.866666666666667,7.8379821113790005,32.880509480136496,19.0
O=C1CCCN1C,366,140,344,2.9008663092555333,8.105852954499264,13.72990490818363,2.8383838383838382,4.450062314167347,1420,9088,732,1978,3552,14.284195134990123,33.79797979797979,70,2.9666666666666663,6.393044663162263,0.673888888888889,64,300,1444,0.7155555555555556,3.1333333333333333,6.605350962927559,29.843251395565517,-23.0
B(c1ccccc1C)(O)O,566,204,524,4.184906309078191,11.561280853041424,19.597072460804778,4.098068598068599,6.368265908990478,2180,16468,1132,3396,5864,20.41742788358204,49.00826950826951,102,4.275,9.147951019239995,0.9935416666666668,92,436,2132,1.0211111111111113,4.466666666666667,9.421847543855286,42.74223088113187,163.0
COC(=O)C(Cl)(Cl)Cl,384,140,342,3.0548586059835325,8.270168027673586,13.515680576558005,2.9379953379953387,4.504041594443186,1452,9562,768,2248,3664,14.511971753935459,32.81911421911421,70,3.178571428571428,6.551343631259307,0.8459467120181408,68,348,1868,0.7080385487528347,3.052380952380953,6.488338248397372,30.64414805726525,-18.0
c1ccc2c(c1)ccc(c2C=O)O,948,312,894,5.489927801547768,15.683396671410346,27.48891205429605,5.373709623709623,8.596752850416754,3684,35158,1896,6168,11116,28.534605592677373,75.48775668775669,156,5.6119047619047615,12.34212444835475,1.2944189342403631,132,644,3240,1.4138888888888892,6.166666666666668,13.076326236162013,60.52171984683471,79.0
CC(C)c1cc(c(C)cc1O)C3(OC(=O)c2ccccc23)c4cc(C(C)C)c(O)cc4C,3110,884,2918,12.30449052458838,37.6142328228403,68.5502977548891,12.013682396035327,20.301245012548762,12056,162098,6220,23896,42784,71.50685231632869,213.05239531710112,442,12.607683982683977,29.201953898044017,2.614499177770281,356,1876,10232,3.0024489795918363,14.25714285714285,31.454955167403963,157.1588187414801,250.0
Cc1ccc(cc1N)Cl,490,184,466,3.656170231083273,10.32116635851318,17.691164621287715,3.5828282828282823,5.666097095277539,1912,13030,980,2684,4936,18.324863893467793,44.65909090909091,92,3.733333333333333,8.128532299779488,0.8355555555555556,84,400,1944,0.8755555555555555,3.9333333333333336,8.394205344927391,38.787523305564676,23.0
Oc3ccc1ccccc1c3/N=N/c2ccccc2,1316,456,1268,8.135367701795035,23.433585819410002,41.61408004239314,8.061199911199912,12.946676691731314,5168,45456,2632,8064,15004,42.397315876723965,111.89412809412818,228,8.211904761904764,18.43747130255945,1.6977522675736962,196,936,4576,2.0566666666666666,9.200000000000003,19.60490727078251,90.4740260966957,132.0
O=[N+]([O-])c1cccc(c1C(=O)O)C(=O)O,1038,332,958,6.027271849824207,17.00967110766376,29.287953368066997,5.875960640666523,9.299439789323715,3992,41886,2076,7174,12476,30.734326189524722,79.37402140343318,166,6.183333333333334,13.399198700196857,1.4424537037037042,144,716,3684,1.4377777777777778,6.466666666666667,13.871337286638463,65.43916933783095,210.0
c1c(cc(c(c1C=O)O)Br)Br,684,236,638,4.475867097189322,12.576455338987058,21.436525793050535,4.336452436452436,6.85306677374613,2644,21726,1368,4162,7436,22.59773449639286,56.5397435897436,118,4.623809523809523,9.906323246557703,1.1452267573696149,104,508,2552,1.1083333333333334,4.833333333333333,10.259829655234284,47.622740361268356,83.0
CCOC(=O)c1ccccn1,532,208,506,5.048604547590105,12.99933309313616,21.686779151203535,4.9713286713286715,7.328170958319567,2076,14022,1064,2900,5288,22.324075289745547,50.62163947163947,104,5.128571428571429,10.481077452174443,1.3428911564625854,96,432,2004,1.267777777777778,5.2,10.654478692306727,45.77948896570285,2.0
COC(=O)c1cccc(c1)Br,588,220,558,4.718008036345568,12.790402402419334,21.594444701049692,4.612354312354313,7.078287776977236,2292,16534,1176,3302,6044,22.42296897146395,53.31651126651127,110,4.82857142857143,10.167437359412505,1.2023356009070296,100,468,2248,1.177777777777778,5.000000000000001,10.44333307430656,46.723760875702,32.0
Clc1cc(O)c(Cl)cc1Cl,612,216,576,3.8856180831641254,11.313431836035345,19.5424723326565,3.7777777777777772,6.1307682818044205,2376,18144,1224,3564,6480,20.485281374238575,52.0,108,3.999999999999999,8.841373724180313,0.8888888888888891,96,472,2376,0.9311111111111113,4.2666666666666675,9.210701925855117,43.686502791131026,69.0
C(C(=O)N)(Cl)Cl,186,84,170,2.465591117977289,6.1910151061678835,9.745966692414834,2.4,3.4608826567798667,712,3050,372,858,1460,10.262364471909153,20.0,42,2.533333333333333,4.992682649758251,0.6844444444444444,44,200,944,0.5555555555555556,2.333333333333333,4.816496580927726,20.898979485566358,99.0
c1ccc(cc1)[Si](c2ccccc2)(c3ccccc3)O,1580,496,1472,8.567696328367548,24.519344745100064,43.371661755661314,8.465201465201465,13.519577910668607,6104,68672,3160,11324,19696,44.65862785452284,119.97069597069603,248,8.675,19.31345472540631,1.8481250000000002,208,1028,5344,2.182448979591837,9.657142857142857,20.528777175054774,95.17945955138458,152.0
c1ccc2cc(ccc2c1)CBr,774,276,750,5.2167700589664605,14.66141025668025,25.72231407246636,5.145931845931845,8.123494205479068,3048,24714,1548,4530,8560,26.2868543831167,67.77163947163945,138,5.29047619047619,11.593843835560891,1.206337868480726,120,568,2748,1.3377777777777782,5.800000000000002,12.232187456306393,55.66803278570116,53.0
CCCCCCCCCCCCBr,332,176,328,6.787693700234704,15.208374993350516,23.878156862896233,6.742857142857144,8.957566523529124,1320,4816,664,1276,2504,24.12393478896601,43.657142857142865,88,6.833333333333332,12.723614639131599,2.0694444444444446,92,356,1388,1.6944444444444446,6.333333333333332,12.309401076758505,46.9282032302755,-10.0
c1ccc(c(c1)C(=O)N)F,566,204,524,4.184906309078191,11.561280853041422,19.597072460804785,4.098068598068598,6.368265908990477,2180,16468,1132,3396,5864,20.41742788358204,49.00826950826951,102,4.275000000000001,9.147951019239997,0.993541666666667,92,436,2132,1.0211111111111113,4.466666666666667,9.421847543855286,42.742230881131874,116.0
CCc1ccc(cc1)C,428,172,414,3.9620495944849554,10.550198794434266,17.765138332350134,3.893939393939395,5.891926400593708,1684,10330,856,2186,4136,18.244785002227466,42.125757575757575,86,4.033333333333335,8.428551472267303,1.0094444444444448,80,364,1688,0.9972222222222222,4.166666666666668,8.626836493378832,37.824781390135655,-62.0
Oc1ccc(O)c(C)c1,490,184,466,3.656170231083273,10.32116635851318,17.691164621287715,3.5828282828282823,5.6660970952775385,1912,13030,980,2684,4936,18.324863893467793,44.65909090909091,92,3.7333333333333325,8.128532299779488,0.8355555555555556,84,400,1944,0.8755555555555556,3.9333333333333336,8.394205344927391,38.787523305564676,129.0
c1ccc(c(c1)CCl)Cl,464,176,434,3.9627197394724236,10.574525609055208,17.628469944354205,3.868298368298368,5.861699205840183,1796,12234,928,2596,4604,18.3889974532109,42.3958818958819,88,4.061904761904763,8.431949722795276,1.040668934240363,80,368,1748,1.017777777777778,4.200000000000001,8.654478692306727,37.779488965702846,-13.0
Cc2ccc(Cc1ccccc1)cc2,768,300,758,6.138085123841349,17.096281686504522,29.878597196814848,6.110101010101009,9.551267100029037,3052,20458,1536,4014,7840,30.123777654219356,74.45707070707071,150,6.166666666666667,13.551540525399902,1.3083333333333336,136,624,2896,1.5150000000000001,6.700000000000002,14.155417527999331,63.77708763999662,5.0
O=C1C(=CC(=CC1=O)C(C)(C)C)C(C)(C)C,1236,384,1152,5.661602850379453,17.39289691115737,31.312230170970523,5.525946275946278,9.36226886678044,4776,47988,2472,8430,14868,32.71736276318821,92.3079670329671,192,5.803571428571429,13.472978486144703,1.1590254157218445,168,904,4992,1.242743764172336,6.238095238095241,14.089122963891526,73.10232376538684,113.5
c1cc([nH]c1)C=O,308,128,296,3.240079005990548,8.350981115404448,13.80387861924605,3.1828282828282837,4.695437605792338,1208,6992,616,1540,2872,14.204116243749796,31.264646464646457,64,3.3,6.720706034577969,0.8683333333333334,60,264,1188,0.8372222222222223,3.366666666666667,6.8379821113790005,28.880509480136496,43.0
CCCCCCCCCCCCCCCC,428,224,424,8.287693700234703,18.882609607525282,29.878156862896233,8.242857142857144,11.078886867088764,1704,6352,856,1660,3272,30.12393478896601,55.657142857142865,112,8.333333333333332,15.723614639131599,2.4444444444444446,116,452,1772,2.0694444444444446,7.833333333333332,15.309401076758505,58.9282032302755,18.0
N#Cc1ccccc1Br,464,176,434,3.9627197394724236,10.57452560905521,17.628469944354205,3.8682983682983685,5.861699205840182,1796,12234,928,2596,4604,18.3889974532109,42.3958818958819,88,4.061904761904762,8.431949722795277,1.040668934240363,80,368,1748,1.017777777777778,4.2,8.654478692306725,37.779488965702846,55.0
COc1cc(ccc1O)C#N,616,224,582,4.75267432315914,12.787659107263007,21.512213719355156,4.617404817404817,7.060389621696136,2396,18122,1232,3556,6480,22.512526271934604,54.05641025641026,112,4.895238095238096,10.18029795630114,1.304557823129252,100,472,2296,1.2300000000000002,5.066666666666667,10.492460803685727,46.659998445839335,87.0
Nc1ccc2cc3ccccc3cc2c1,1152,388,1128,6.204620518888061,18.51855936086833,33.78989211237369,6.1624153624153655,10.19007740527403,4560,41456,2304,7070,13600,34.213657903243806,95.90112665112663,194,6.247619047619051,14.481763238583067,1.2126757369614511,164,804,4004,1.5361111111111114,7.166666666666669,15.577265071854617,74.51931852112848,235.0
O=C1CCCCCN1,312,140,306,3.7108249704942384,9.568319291278918,15.911723633103334,3.688888888888889,5.426671522146876,1236,6086,624,1414,2728,16.09051347747691,34.638888888888886,70,3.7333333333333334,7.707845437689333,0.8911111111111112,68,292,1268,0.91,3.8,7.7888543819998315,32.94427190999916,69.0
O=[N+]([O-])c1ccc(cc1)C(Cl)=O,680,248,640,4.893961329325731,13.736655761964547,23.578126258614073,4.8,7.557439803951299,2640,19000,1360,3916,7000,24.43258573999979,59.99999999999999,124,4.9904761904761905,10.83817825181328,1.1268934240362816,112,536,2632,1.1811111111111112,5.2666666666666675,11.210701925855117,51.686502791131026,75.0
Cc1cc(c(cc1Br)C)Br,612,216,576,3.8856180831641254,11.313431836035347,19.542472332656505,3.7777777777777777,6.1307682818044205,2376,18144,1224,3564,6480,20.485281374238575,52.0,108,3.9999999999999996,8.841373724180313,0.8888888888888891,96,472,2376,0.9311111111111112,4.2666666666666675,9.210701925855117,43.68650279113103,73.0
Cc2oncc2C(=O)Nc1ccc(cc1)C(F)(F)F,1322,448,1248,7.438801587485519,22.12866048234422,39.37690965838209,7.315573315573318,12.060380972831105,5140,42860,2644,8186,14668,40.64485479995309,108.68549228549234,224,7.566666666666669,17.266308384896337,1.5251388888888888,196,984,5068,1.781927437641724,8.352380952380955,18.22762120887298,88.28295709825721,165.5
c3c5c1cccc2cccc(c12)c5cc4ccccc34,2024,604,1968,8.12164270348185,25.30944069955071,47.63034476846493,8.058500323206209,13.809018594465845,7984,95836,4048,14294,27156,48.37529681489294,148.76123141564318,302,8.185714285714287,19.64387725205728,1.4993216175359039,240,1228,6420,2.063888888888888,9.833333333333336,21.65974797649324,107.01421594896023,216.0
c1c(c(cs1)Br)Br,366,140,344,2.900866309255534,8.105852954499264,13.729904908183633,2.8383838383838387,4.450062314167347,1420,9088,732,1978,3552,14.284195134990123,33.79797979797979,70,2.966666666666667,6.393044663162263,0.673888888888889,64,300,1444,0.7155555555555555,3.1333333333333333,6.605350962927558,29.843251395565517,5.0
O=Cc1ccc(Cl)cc1,428,172,414,3.962049594484955,10.550198794434266,17.765138332350134,3.893939393939395,5.891926400593708,1684,10330,856,2186,4136,18.244785002227463,42.125757575757575,86,4.033333333333335,8.428551472267303,1.0094444444444448,80,364,1688,0.9972222222222222,4.166666666666667,8.626836493378832,37.824781390135655,46.0
c1ccc(c(c1)c2ccccc2C(=O)O)C(=O)O,1282,420,1208,7.501812096078149,21.341093954633628,37.37253274226656,7.373931623931625,11.73750853113732,4980,49800,2564,8514,15296,38.645092065565095,101.70085470085473,210,7.633333333333335,16.813032100877205,1.691944444444445,180,880,4440,1.8477777777777775,8.26666666666667,17.660191668638298,82.3834412478301,229.0
O=[N+]([O-])c1ccc(N)cc1,524,200,500,4.163378444157187,11.527351494745053,19.725554802410745,4.100000000000001,6.383193279263224,2048,13700,1048,2860,5240,20.28188398797718,48.75,100,4.2285714285714295,9.126934563595974,0.954557823129252,92,432,2072,1.0005555555555556,4.4333333333333345,9.394205344927391,42.787523305564676,148.0
Cc1cccc(c1)I,372,152,360,3.4575194933287814,9.349885971192165,15.831652088062796,3.416161616161616,5.218503338084835,1464,8600,744,1864,3520,16.172736683825416,37.29797979797979,76,3.5000000000000004,7.443333074306559,0.8027777777777778,72,328,1512,0.8200000000000002,3.6000000000000005,7.577708763999665,33.88854381999832,-27.0
Cc1c(cccc1OC)[N+](=O)[O-],756,256,694,4.972222546208114,13.798817916732283,23.35065768296698,4.82029082029082,7.537192622782614,2900,25002,1512,4814,8304,24.68219892683504,60.95415695415696,128,5.132142857142857,10.898099767090317,1.2826573129251702,112,544,2740,1.253888888888889,5.366666666666667,11.28747185416218,51.57744793683556,53.0
Cc1ccc2c(c1)ccc(=O)o2,806,284,786,4.9421433916743345,14.42109427453609,25.788621438893394,4.895038295038295,7.948704483473412,3184,26258,1612,4726,9036,26.216441846037068,69.9988344988345,142,4.990476190476191,11.316470875289479,1.0157823129251704,124,600,2944,1.195555555555556,5.533333333333335,11.971914108927058,56.676067125562966,76.0
O=[N+]([O-])c1cc(CO)ccc1,588,220,560,4.725789630349413,12.776328377264399,21.623270824307244,4.626884226884228,7.086272701617463,2296,16600,1176,3302,6072,22.389666407722846,53.43830613830613,110,4.828571428571429,10.167437359412503,1.2023356009070296,100,468,2248,1.177777777777778,5.000000000000001,10.44333307430656,46.723760875702,32.0
CC=C(/C)C(C)C,246,104,220,2.984703523100197,7.441400472822029,11.595529697690093,2.8747474747474744,4.132855031156692,932,4628,492,1240,2040,12.423380419578784,24.421212121212122,52,3.100000000000001,6.005543246646889,0.9116666666666668,52,236,1120,0.7327777777777778,2.9000000000000004,5.8656243103068935,24.83521705570369,-124.0
c1cc(ccc1CC#N)C(F)(F)F,764,272,722,5.374215013452459,14.789920982746455,25.621534703299233,5.292007992007992,8.216802576096732,2972,22886,1528,4552,8144,26.38719196019395,66.07847152847152,136,5.458333333333335,11.752341479592245,1.3010416666666662,124,612,3124,1.278038548752835,5.6523809523809545,12.066047012397037,56.53269187726356,45.0
COC(=O)CC(=C)C(=O)OC,462,184,426,4.760697307750078,12.129323163451264,19.417890170914443,4.596969696969697,6.7302787026104545,1776,10938,924,2456,4308,20.612891168470593,43.782323232323236,92,4.933333333333332,9.75389148015275,1.4255555555555555,88,404,1924,1.195,4.766666666666666,9.703606421685896,41.715726535840176,36.0
c1ccc(c(c1)C(Cl)(Cl)Cl)Cl,716,240,658,4.2981984058044365,12.393351728543447,21.567157100224158,4.216017316017317,6.774814109256596,2748,23730,1432,4674,7900,22.447762787841246,57.57200577200577,120,4.383333333333333,9.7239426844365,0.9400925925925927,108,548,2880,0.9963718820861681,4.6190476190476195,10.044561481945761,48.55116188269342,30.0
Cc1cccc(Cl)c1Cl,522,188,482,3.6211821562425532,10.333252463683175,17.551083308263113,3.5204351204351205,5.614567969461855,2008,14434,1044,3034,5292,18.478261136364434,44.92105672105672,94,3.728571428571428,8.10428835137957,0.8462244897959186,84,404,2004,0.8961111111111112,3.9666666666666663,8.421847543855286,38.742230881131874,6.0
CCCCCCCCCCCCCO,364,192,360,7.287693700234704,16.433119864742103,25.878156862896233,7.242857142857144,9.664673304715672,1448,5328,728,1404,2760,26.12393478896601,47.657142857142865,96,7.333333333333332,13.723614639131599,2.1944444444444446,100,388,1516,1.8194444444444446,6.833333333333332,13.309401076758505,50.9282032302755,34.0
c1ccc(c(c1)C#N)C(=O)N,632,224,586,4.750072480021843,12.79939266981635,21.517627404984644,4.634576534576533,7.077321388110636,2436,19830,1264,3886,6768,22.500020024475116,53.75415695415696,112,4.870238095238095,10.18685607887301,1.2353217120181408,100,472,2308,1.1983333333333337,5.033333333333334,10.470975273234453,46.678468451269204,173.0
c1cc(cc(c1)Cl)C(=O)N,528,200,504,4.19349900485999,11.549603637088422,19.71455262002028,4.126884226884227,6.399532632686661,2064,14428,1056,2920,5372,20.292695729821176,48.72163947163946,100,4.261904761904763,9.154576762523869,0.9751133786848074,92,432,2072,1.0005555555555556,4.433333333333334,9.394205344927391,42.787523305564676,135.0
OCc1cc(O)ccc1,432,172,416,3.9898101188182045,10.57661071136814,17.74037029234976,3.916161616161617,5.9052434070156385,1696,10772,864,2246,4220,18.269707361727086,42.01464646464646,86,4.066666666666668,8.456193671195196,1.0300000000000002,80,364,1688,0.9972222222222222,4.166666666666667,8.626836493378832,37.824781390135655,72.0
NC(=O)NO,102,56,96,2.3618073195657994,5.220947331236296,7.844591357607276,2.3095238095238093,3.035461254151183,396,1216,204,382,688,8.162772227887023,13.523809523809524,28,2.4166666666666665,4.3618073195657985,0.7847222222222222,32,132,560,0.5522222222222222,2.0666666666666664,4.049127729379167,15.936237570137333,144.0
C(CCC(=O)O)CCC(=O)O,328,160,320,5.098255458758336,12.34633136420609,19.86841046888555,5.063492063492063,7.104596013113578,1296,5376,656,1376,2624,20.132748487654005,39.492063492063494,80,5.133333333333333,10.098255458758338,1.3544444444444446,84,356,1524,1.1600000000000001,4.800000000000001,9.788854381999833,40.94427190999916,104.0
CC1OC(C)OC(C)O1,468,180,450,3.740083568503631,10.367403882264046,17.759785364878386,3.681818181818181,5.739456478492807,1836,12150,936,2502,4680,18.246669619045523,43.97727272727272,90,3.8000000000000003,8.206462909851679,0.8600000000000001,84,396,1884,0.8550000000000002,3.900000000000001,8.366563145999496,38.83281572999748,12.0
C=Cc1ccc(cc1)c2ccccc2,834,308,806,6.178040099270462,17.10439087580256,29.691984996712215,6.101875901875902,9.511379011629591,3280,24606,1668,4726,8860,30.317597089143558,75.59797979797982,154,6.257142857142858,13.566201636632996,1.4357823129251706,136,632,3004,1.587777777777778,6.800000000000002,14.232187456306391,63.66803278570116,116.0
Cc1ccccc1S(=O)(=O)N,716,240,658,4.2981984058044365,12.393351728543449,21.567157100224158,4.216017316017317,6.774814109256598,2748,23730,1432,4674,7900,22.447762787841242,57.57200577200577,120,4.383333333333333,9.723942684436498,0.9400925925925929,108,548,2880,0.9963718820861681,4.6190476190476195,10.044561481945761,48.55116188269342,156.0
c1ccc(cc1)COC(=O)/C=C/c2ccccc2,892,364,878,8.096142391514823,21.994908465769303,37.83726593867023,8.059595959595962,12.350158835667271,3540,21498,1784,4466,8664,38.16533210209019,90.25505050505055,182,8.133333333333336,17.523898326472008,1.787777777777778,168,752,3408,2.015,8.700000000000001,18.15541752799933,79.77708763999661,35.0
c1ccc(cc1)C(=O)c2cc(ccc2N)[N+](=O)[O-],1220,416,1158,7.391390727227837,21.30728560999524,37.395286377518694,7.2618048618048645,11.68042738192167,4756,41722,2440,7570,13808,38.6332554791309,101.01925851925857,208,7.527380952380955,16.732332508440223,1.6288818027210887,180,876,4380,1.827222222222222,8.233333333333334,17.632549469710405,82.42873367226288,167.0
c1cc(ccc1F)Cl,368,152,360,3.4327955589886447,9.31804722752556,15.87298334620742,3.4000000000000004,5.208946754575151,1456,8400,736,1804,3480,16.131182235954576,37.5,76,3.4666666666666672,7.415690875378665,0.7822222222222222,72,328,1512,0.8200000000000001,3.6000000000000005,7.577708763999665,33.88854381999832,-22.0
C1=CC=C(C=C1)/C=C/C2=CC=CC=C2,708,288,698,6.379744612020499,17.33588485200652,29.900774265566525,6.35959595959596,9.745685458379693,2812,17298,1416,3564,6924,30.09974098411291,71.5050505050505,144,6.400000000000001,13.816052888782677,1.396666666666667,132,588,2652,1.6050000000000002,6.900000000000001,14.366563145999498,62.83281572999746,125.0
c1cc2c(cc1C=O)OCO2,742,260,718,4.7167700589664605,13.436665385288658,23.722314072466368,4.645931845931846,7.416387424292519,2920,24202,1484,4402,8304,24.286854383116705,63.77163947163947,130,4.790476190476191,10.593843835560891,1.0813378684807258,112,536,2620,1.212777777777778,5.300000000000002,11.232187456306393,51.66803278570116,36.0
Oc1ccc(cc1)c2ccccc2,774,288,752,5.648786063774152,15.872239308893857,27.799830010569497,5.607936507936508,8.828399365611034,3052,22676,1548,4344,8204,28.20399432287067,70.97222222222223,144,5.690476190476192,12.553341039744359,1.2085600907029481,128,596,2828,1.4105555555555558,6.233333333333333,13.183059726927224,59.73179521556382,167.0
c1ccc(c(c1)Br)Br,398,156,376,3.400866309255534,9.330597825890852,15.729904908183629,3.3383838383838382,5.157169095353893,1548,9600,796,2106,3808,16.284195134990124,37.7979797979798,78,3.4666666666666672,7.3930446631622635,0.798888888888889,72,332,1572,0.8405555555555556,3.6333333333333333,7.605350962927559,33.84325139556552,5.0
O=[N+]([O-])c1cc(ccc1)C(C)=O,684,248,648,4.929478516391201,13.749321302984677,23.597453151977767,4.837606837606837,7.580561927288485,2664,20256,1368,3976,7224,24.412654775816925,60.14529914529913,124,5.023809523809524,10.865820450741174,1.1474489795918372,112,536,2632,1.1811111111111112,5.2666666666666675,11.210701925855117,51.686502791131026,81.0
c1cc(c(cc1C(=O)O)N)Cl,646,232,610,4.392149742614483,12.52088402440944,21.574065153245197,4.2935508935508935,6.847126389879365,2512,18858,1292,3740,6788,22.444822939463553,56.08275058275058,116,4.495238095238096,9.839775987996797,1.0078911564625854,104,504,2504,1.0561111111111112,4.7666666666666675,10.210701925855117,47.68650279113103,216.0
CN(C)c1ccc(cc1)N(C)C,680,248,640,4.893961329325731,13.736655761964547,23.578126258614073,4.8,7.557439803951299,2640,19000,1360,3916,7000,24.43258573999979,59.99999999999999,124,4.9904761904761905,10.83817825181328,1.1268934240362816,112,536,2632,1.1811111111111112,5.2666666666666675,11.210701925855117,51.686502791131026,50.0
CCCCCCCCCCCCCCCCS,460,240,456,8.787693700234703,20.107354478916868,31.878156862896233,8.742857142857144,11.78599364827531,1832,6864,920,1788,3528,32.12393478896601,59.657142857142865,120,8.833333333333332,16.723614639131597,2.5694444444444446,124,484,1900,2.1944444444444446,8.333333333333332,16.309401076758505,62.9282032302755,21.0
CC(N)=O,54,36,54,1.9999999999999998,3.9999999999999996,6.0,1.9999999999999998,2.4494897427831783,216,486,108,162,324,6.0,9.0,18,1.9999999999999998,3.464101615137755,0.6666666666666667,24,96,384,0.375,1.5,3.0,12.0,81.0
COc1cc(cc(OC)c1)C(=O)OC,804,288,768,6.0766231688481485,16.24092953905448,27.403469898481845,5.900854700854701,8.987024670985063,3144,25440,1608,4704,8784,28.6268363797181,69.78461538461539,144,6.261904761904763,12.956288388734897,1.714002267573696,128,608,2972,1.5672222222222225,6.4333333333333345,13.33044291506473,59.54050792597582,43.0
CCCCC#CCC,172,96,168,4.287693700234704,9.084650636392569,13.878156862896233,4.242857142857143,5.422032617596384,680,2256,344,636,1224,14.123934788966011,23.65714285714286,48,4.333333333333334,7.723614639131599,1.4444444444444444,52,196,748,1.0694444444444444,3.8333333333333335,7.309401076758503,26.92820323027551,-104.0
c1cocc1C(=O)O,404,156,382,3.44140785566278,9.328133815715232,15.764295089306664,3.388888888888889,5.186704484461854,1572,10362,808,2214,3976,16.241215229499513,37.88888888888889,78,3.4952380952380957,7.419089125906639,0.8134467120181408,72,332,1572,0.8405555555555556,3.6333333333333333,7.605350962927559,33.84325139556552,122.0
CC(=O)OCCOC,202,104,196,3.9429745794965196,8.878373693211948,13.873283665890892,3.903174603174603,5.202654143575161,796,3048,404,814,1540,14.128341638310006,25.574603174603173,52,3.9833333333333334,7.4109350489449675,1.2119444444444445,56,228,944,0.9272222222222224,3.566666666666667,7.049127729379167,27.936237570137337,-65.0
Ic1cccc(c1)[N+](=O)[O-],528,200,504,4.19349900485999,11.549603637088424,19.71455262002028,4.126884226884226,6.39953263268666,2064,14428,1056,2920,5372,20.292695729821173,48.72163947163947,100,4.261904761904762,9.154576762523865,0.9751133786848074,92,432,2072,1.0005555555555556,4.433333333333334,9.394205344927391,42.787523305564676,37.0
COC(=O)c1ccc(cc1)C(=O)OC,800,288,748,5.9429793922968805,16.218253292626372,27.33791042067289,5.770940170940171,8.91495009253245,3096,23212,1600,4680,8344,28.693132223285343,69.18974358974359,144,6.123809523809525,12.863899445590555,1.5813378684807258,128,608,2984,1.5355555555555558,6.400000000000001,13.308957384613455,59.55897793140569,141.0
Cc1cccs1,248,108,242,2.7108249704942384,7.118829548495739,11.911723633103334,2.688888888888889,4.012457959773781,980,5062,496,1158,2216,12.09051347747691,26.638888888888886,54,2.7333333333333334,5.707845437689333,0.6411111111111112,52,228,1012,0.66,2.8,5.7888543819998315,24.94427190999916,-63.0
Clc1cccc(Cl)c1N,522,188,482,3.6211821562425532,10.333252463683175,17.551083308263113,3.5204351204351205,5.614567969461855,2008,14434,1044,3034,5292,18.478261136364434,44.92105672105672,94,3.728571428571428,8.10428835137957,0.8462244897959186,84,404,2004,0.8961111111111112,3.9666666666666663,8.421847543855286,38.742230881131874,40.0
Nc1ccc(cc1N)[N+]([O-])=O,646,232,610,4.392149742614482,12.520884024409439,21.5740651532452,4.2935508935508935,6.847126389879365,2512,18858,1292,3740,6788,22.444822939463553,56.082750582750585,116,4.495238095238094,9.839775987996797,1.0078911564625854,104,504,2504,1.056111111111111,4.766666666666667,10.210701925855117,47.68650279113103,199.0
O=C(N)c1ccc(Cl)cc1,524,200,500,4.163378444157187,11.527351494745053,19.725554802410745,4.100000000000001,6.383193279263224,2048,13700,1048,2860,5240,20.28188398797718,48.75,100,4.2285714285714295,9.126934563595974,0.954557823129252,92,432,2072,1.0005555555555556,4.4333333333333345,9.394205344927391,42.787523305564676,173.0
OCCCO,76,48,72,2.7876937002347035,5.4104160222178015,7.878156862896232,2.7428571428571424,3.3007122740367407,296,720,152,252,456,8.123934788966011,11.657142857142855,24,2.833333333333333,4.723614639131599,1.0694444444444444,28,100,364,0.6944444444444444,2.333333333333333,4.309401076758503,14.928203230275507,-27.0
CCCS,44,32,42,2.2996598285221186,4.161760458079524,5.919183588453085,2.2666666666666666,2.6053509629275577,172,306,88,124,228,6.082482904638631,7.800000000000001,16,2.333333333333333,3.723614639131598,0.9444444444444444,20,68,236,0.5694444444444444,1.833333333333333,3.309401076758503,10.928203230275509,-113.0
CCOC(=O)Nc2ccc(NCc1ccc(F)cc1)nc2N,1264,472,1230,9.449926438628832,26.172727860156368,45.565169958732746,9.341647241647237,14.569190260414448,4988,36310,2528,6980,13316,46.449488725287324,116.133682983683,236,9.561904761904762,20.76810561419157,2.187891156462585,212,996,4760,2.3177777777777786,10.199999999999998,21.59875060230588,98.50084851569858,114.0
c1cc(ccc1N)S(=O)(=O)c2ccc(cc2)N,1240,408,1164,6.704813404242545,19.88292099088987,35.42828759910398,6.5974358974359,10.847359141922665,4808,44180,2480,8052,14272,36.59574483951166,98.78205128205128,204,6.816666666666668,15.52893354531107,1.3834722222222224,176,888,4640,1.631632653061225,7.571428571428574,16.456129802036074,79.30436479425414,177.0
C1CC(=O)NC1,248,108,242,2.7108249704942384,7.118829548495739,11.911723633103334,2.6888888888888887,4.012457959773781,980,5062,496,1158,2216,12.09051347747691,26.638888888888886,54,2.7333333333333334,5.707845437689332,0.6411111111111111,52,228,1012,0.6599999999999999,2.8,5.7888543819998315,24.94427190999916,24.0
OCCOCCOCC,204,112,200,4.787693700234704,10.30939550778416,15.878156862896233,4.742857142857143,6.129139398782932,808,2768,408,764,1480,16.12393478896601,27.65714285714286,56,4.833333333333333,8.723614639131599,1.5694444444444446,60,228,876,1.1944444444444444,4.333333333333333,8.309401076758503,30.92820323027551,-76.0
c1ccc(cc1)COC(=O)CCC(=O)OCc2ccccc2,1076,440,1058,9.812540171009143,26.653932079532087,45.773757611773924,9.75959595959596,14.95463221295484,4268,25698,2152,5368,10404,46.23092322006745,109.00505050505056,220,9.866666666666669,21.231743764161337,2.1788888888888893,204,916,4164,2.4250000000000007,10.5,21.944271909999156,96.72135954999575,45.0
OC(=O)c1ccc(cc1Cl)[N+]([O-])=O,814,280,758,5.176189742437141,14.751567051560007,25.441232705866348,5.053235653235652,8.058223203515947,3144,25726,1628,5030,8844,26.57805568805546,67.29304029304029,140,5.303571428571428,11.59468234407453,1.2025439342403632,124,608,3064,1.2366666666666668,5.600000000000001,12.027198506782844,56.58548227669738,139.0
OC(C)(C)C1CC=C(C)C(O)C1,790,268,742,4.492946986516894,13.34234979284493,23.54672023602098,4.398312798312799,7.2446238528777425,3064,25402,1580,4874,8704,24.471613451699675,64.72267732267731,134,4.591666666666667,10.403194577725264,0.9499305555555555,120,616,3252,1.031371882086168,4.919047619047619,10.833415863945595,53.49543379269258,131.0
CCN(CC)CC,216,96,192,3.3460652149512327,7.706742302257041,11.535629632172006,3.2,4.346856338884206,816,3840,432,1056,1728,12.487685387636873,22.399999999999995,48,3.5,6.346065214951231,1.2083333333333335,48,204,912,0.9066666666666667,3.2,6.147383188137503,23.808712710412006,-115.0
COc1cc(ccc1N)[N+](=O)[O-],712,252,670,4.956363209200928,13.760652032983286,23.486396047025682,4.828127428127427,7.554678847367158,2764,21778,1424,4230,7632,24.535514640028687,60.76340326340326,126,5.09047619047619,10.878681047629811,1.2496712018140594,112,540,2680,1.2333333333333334,5.333333333333334,11.259829655234284,51.62274036126837,140.0
C1CCNC(=O)C1,280,124,274,3.2108249704942384,8.343574419887327,13.911723633103335,3.1888888888888896,4.719564740960328,1108,5574,560,1286,2472,14.090513477476907,30.638888888888886,62,3.2333333333333343,6.7078454376893335,0.7661111111111112,60,260,1140,0.785,3.3000000000000003,6.788854381999832,28.94427190999916,37.0
c1ccc(cc1)Oc2cccc(c2)N,772,300,760,6.1658456481745985,17.122693603438403,29.853829156814477,6.132323232323232,9.564584106450969,3064,20900,1544,4074,7924,30.14870001371898,74.3459595959596,150,6.200000000000001,13.579182724327797,1.328888888888889,136,624,2896,1.5150000000000003,6.700000000000002,14.155417527999331,63.77708763999661,36.0
OC1CCCCC1O,398,156,376,3.4008663092555342,9.330597825890854,15.72990490818363,3.3383838383838382,5.157169095353894,1548,9600,796,2106,3808,16.284195134990124,37.79797979797979,78,3.466666666666667,7.393044663162263,0.798888888888889,72,332,1572,0.8405555555555556,3.6333333333333333,7.605350962927559,33.84325139556552,100.0
C(CI)C(=O)O,138,72,130,2.934808494301258,6.444329480531981,9.842672721773212,2.887301587301587,3.7800585308900394,536,1898,276,558,996,10.160745634373795,17.4515873015873,36,2.9833333333333334,5.4109350489449675,0.9619444444444445,40,164,688,0.6772222222222222,2.5666666666666664,5.049127729379167,19.936237570137333,82.0
O=C(O)C2=CN(CC)c1c(F)c(c(F)cc1C2=O)N3CC(C)NCC3,2154,652,2034,9.870598239917552,29.463834493903267,52.88755361068147,9.623739006091947,15.963339582159719,8376,95118,4308,15182,27584,55.16987591003771,157.47947379417965,326,10.13095238095238,22.97447298516901,2.2293886999244146,268,1372,7216,2.442222222222222,11.266666666666664,24.55301448572802,119.8041405802311,239.75
OC1CCCCCCCCC1,408,188,402,5.210824970494238,13.242553905453684,21.911723633103335,5.188888888888889,7.5479918657065195,1620,7622,816,1798,3496,22.09051347747691,46.638888888888886,94,5.233333333333333,10.707845437689333,1.2661111111111112,92,388,1652,1.2850000000000001,5.3,10.788854381999831,44.94427190999916,39.85
CC(C)(C)NCC(O)COc1ccccc1C2CCCC2,1268,460,1228,8.780186748741562,24.834152224993897,43.65846492662528,8.712742812742816,13.788295816610773,4992,39968,2536,7382,13852,44.34733141778675,113.19071484071489,230,8.848809523809528,19.61377936545165,1.8634906462585041,208,1004,4948,2.091666666666667,9.500000000000004,20.393761652782334,95.41829800669481,68.0
c1ccccn1,192,96,192,3.0,7.348469228349535,12.0,3.0,4.2426406871192865,768,3072,384,768,1536,12.0,24.0,48,3.0,6.0,0.75,48,192,768,0.75,3.0,6.0,24.0,-42.0
COc1ccc(cc1)C(=O)OC(=O)c2ccc(cc2)OC,1288,464,1232,8.87023954564399,24.97096055924356,43.30478398438439,8.692152292152295,13.74665245160116,5040,38096,2576,7408,13712,44.72639640002778,113.00792540792546,232,9.057142857142862,19.707594533301116,2.1235600907029477,204,972,4740,2.2655555555555558,9.800000000000002,20.675520530612943,94.39179366140314,97.0
CCCCCCCCCO,236,128,232,5.287693700234704,11.534140379175748,17.87815686289623,5.242857142857144,6.83624617996948,936,3280,472,892,1736,18.123934788966007,31.65714285714286,64,5.333333333333332,9.723614639131599,1.6944444444444446,68,260,1004,1.3194444444444446,4.833333333333332,9.309401076758505,34.92820323027551,-7.0
O=[N+]([O-])c1cc(Cl)ccc1Cl,658,232,618,4.4444726378206845,12.544393099114473,21.583520180416237,4.3508380508380515,6.8826886164796415,2552,20514,1316,3974,7092,22.431658149299558,56.027222777222775,116,4.541666666666668,9.883438655857223,1.0302083333333334,104,504,2504,1.0561111111111112,4.7666666666666675,10.210701925855117,47.686502791131026,56.0
CCC(=O)OCC,192,92,178,3.4036125166028763,7.672836059399294,11.705809203597902,3.311111111111111,4.42425953300108,740,3150,384,850,1496,12.306205211583345,22.01111111111111,46,3.5000000000000004,6.382332347441762,1.1583333333333334,48,200,864,0.8544444444444443,3.1333333333333337,6.098255458758334,23.87247514027467,-73.0
Oc1cccc2cccnc12,752,260,716,4.673694820767863,13.450795836935235,23.69290784796743,4.612598512598514,7.403783801599059,2936,25140,1504,4624,8424,24.316887265057694,63.37664557664558,130,4.736904761904762,10.57435749538838,0.997543934240363,112,536,2632,1.181111111111111,5.2666666666666675,11.210701925855119,51.68650279113103,76.0
Cc2ccc3cc1c5ccccc5ccc1c4CCc2c34,2150,636,2074,8.33667530035938,26.29227455700236,49.478701316706136,8.244114708820595,14.268633102427474,8448,100726,4300,15288,28656,50.53619499534538,155.91748627189813,318,8.432142857142859,20.345096946462725,1.5338610166288744,252,1300,6852,2.119444444444444,10.166666666666663,22.476244557420966,111.91319543452656,179.5
CCO,16,16,16,2.0,2.8284271247461903,4.0,2.0,2.0,64,64,32,32,64,4.0,4.0,8,2.0,2.82842712474619,1.0,12,36,108,0.4444444444444444,1.3333333333333333,2.309401076758503,6.928203230275509,-114.0
c1ccc(cc1)[Si]2(O[Si](O[Si](O[Si](O2)(c3ccccc3)c4ccccc4)(c5ccccc5)c6ccccc6)(c7ccccc7)c8ccccc8)c9ccccc9,5216,1536,4992,23.792770548268393,69.61914987490529,126.7399837062675,23.589743589743556,38.39805063791159,20416,276992,10432,39456,72576,129.28644541774491,375.7948717948721,768,23.999999999999982,54.68418781125285,4.940000000000001,624,3184,17040,6.050975056689341,27.352380952380937,58.89023927156813,281.0780321415576,201.0
O=C1N(C(=O)N(C(=O)N1C)C)C,936,288,840,4.332900397117624,13.345020709845132,22.99818166789402,4.114285714285715,7.001868095151149,3552,34104,1872,6336,10752,25.093073414159537,67.2,144,4.57142857142857,10.267462129303844,1.0340136054421771,120,624,3360,1.0833333333333335,4.999999999999999,10.898979485566358,53.39387691339814,175.85
OCC(O)CO,156,76,142,2.825038532867334,6.4597701020533895,9.682959799431586,2.7222222222222228,3.6734332763753335,596,2306,312,674,1152,10.333154164596193,17.972222222222218,38,2.933333333333333,5.333204618062595,0.981111111111111,40,168,736,0.7294444444444443,2.6333333333333333,5.098255458758334,19.87247514027467,17.8
c1c(cc(cc1[N+](=O)[O-])[N+](=O)[O-])C(=O)N,936,324,894,5.964211982185258,16.93779707598311,29.49947418801331,5.846153846153846,9.302892672039537,3660,31218,1872,5670,10512,30.51431863895223,78.76923076923077,162,6.085714285714286,13.340193974503604,1.3770068027210889,144,708,3564,1.3966666666666665,6.4,13.816052888782675,65.52975418669655,182.0
CCC(=O)N(C1CCN(CC1)CCc2ccccc2)c3ccccc3,1598,568,1538,10.89486916968244,30.557864498168698,53.447927364410916,10.770707070707065,16.952014158327934,6272,53234,3196,9620,17836,54.569966466696336,139.2550505050506,284,11.023809523809522,24.170750412605464,2.4455971277399855,248,1168,5636,2.768888888888889,12.066666666666665,25.442889382161503,115.35453557683213,83.0
O=[N+]([O-])c1c(C)ccc2C(=O)c3ccccc3C(=O)c12,1848,544,1736,7.817322949114563,23.795272013735488,43.073386986491556,7.629943912296856,12.84239959015772,7168,86392,3696,13454,24248,44.97743613567406,131.0791324688384,272,8.015476190476193,18.480613121234082,1.6660369425548003,220,1136,6040,1.9449999999999994,9.100000000000001,19.926177992349203,97.97935919009548,268.0
Brc1cc(/C=C/C(=O)O)ccc1,562,228,550,5.241517552717116,13.999717429616137,23.833468060329935,5.200432900432902,7.870294073947013,2224,13918,1124,2856,5500,24.169374674110937,56.30411255411255,114,5.283333333333335,11.192641810387734,1.2247222222222225,108,492,2268,1.23,5.4,11.366563145999496,50.83281572999748,177.0
OC(C(=NO)c1ccccc1)c2ccccc2,1070,376,1012,7.458433911356402,20.59168907539421,35.43393795433488,7.3301587301587325,11.39811529313588,4164,35452,2140,6554,11840,36.59706378255857,91.24444444444448,188,7.594047619047621,16.324506243238705,1.7866595804988668,164,772,3752,1.9138888888888892,8.166666666666668,17.07632623616201,76.52171984683471,154.0
Cc1ccc(Br)cc1,368,152,360,3.432795558988645,9.31804722752556,15.872983346207418,3.4000000000000004,5.208946754575151,1456,8400,736,1804,3480,16.131182235954576,37.5,76,3.4666666666666677,7.415690875378665,0.7822222222222224,72,328,1512,0.8200000000000001,3.6000000000000005,7.577708763999665,33.88854381999832,28.5
CC1(C(=O)N(C(=O)O1)C)C,800,244,728,3.5094677071328353,10.938234442874622,19.32771032482965,3.3697857697857696,5.784908701430875,3056,30220,1600,5480,9420,20.727279774273065,57.601864801864814,122,3.660714285714285,8.419136107823332,0.7722151360544218,104,560,3116,0.822482993197279,3.985714285714286,8.88870026180138,45.40484894382699,47.0
CC(C)(OOC(C)(C)c1ccccc1)c2ccccc2,1376,464,1296,8.050692555110642,23.39105842042234,41.410512427956945,7.945143745143747,12.845531553564614,5344,46512,2752,8704,15496,42.60779076934078,112.61320901320909,232,8.159523809523812,18.355738053488572,1.6881264172335606,204,1028,5388,1.957743764172336,8.93809523809524,19.30026858189169,92.15805185538768,40.0
CC(=O)Nc1ccc(cc1)F,530,212,518,4.742976685010993,12.772066682922246,21.838493523629154,4.703463203463205,7.1646379808925165,2096,13370,1060,2728,5240,22.164916542995204,52.316233766233765,106,4.783333333333335,10.192641810387734,1.0997222222222227,100,460,2140,1.105,4.900000000000001,10.366563145999498,46.83281572999746,152.0
c1ccc2c(c1)ccc(n2)c3ccc4ccccc4n3,1554,524,1514,8.38491765397068,25.060815491843037,45.70297291912587,8.332356532356535,13.786961682999584,6136,54842,3108,9550,18156,46.30058060781553,129.29059829059833,262,8.438095238095242,19.591771204020873,1.618458049886622,220,1072,5320,2.126666666666667,9.799999999999999,21.182616034782168,100.36256991669397,195.0
CCOP(=O)(OCC)OCC,494,184,452,5.1674878779380515,12.188789387235865,19.442034587001057,5.02004662004662,6.950404850830964,1892,14312,988,2918,5044,20.584320637709205,43.67552447552449,92,5.32142857142857,10.046769593517487,1.7274659863945578,88,416,2092,1.2883333333333336,4.8999999999999995,9.80801854892085,41.56137925711191,-56.0
Oc1ccc(CC#N)cc1,464,188,452,4.544737254926703,11.755854435132699,19.80773031321759,4.49090909090909,6.647530948974298,1832,11372,928,2362,4520,20.19737182083072,46.263636363636365,94,4.6000000000000005,9.47767920164647,1.186666666666667,88,396,1816,1.1222222222222222,4.666666666666667,9.626836493378834,41.824781390135655,71.0
c1ccc2c(c1)nccn2,622,228,602,4.426815475279745,12.448276758472444,21.838570297465413,4.396825396825397,6.9248037896231125,2448,18826,1244,3570,6684,22.163325564393006,56.1111111111111,114,4.457142857142857,9.845495602055028,0.9424489795918369,100,464,2200,1.1255555555555556,4.9333333333333345,10.394205344927391,46.787523305564676,30.0
CC(C)COC(=O)C(C)C,376,160,354,4.236410956999107,10.864507191070025,17.68862746567026,4.159018759018759,6.097905698088068,1460,7774,752,1850,3320,18.32304773196263,38.71067821067821,80,4.316666666666667,8.741991385839425,1.106388888888889,80,364,1700,0.9655555555555556,4.133333333333333,8.60535096292756,37.84325139556552,-81.0
Cc1cccc(C)c1C,522,188,482,3.6211821562425532,10.333252463683175,17.551083308263113,3.5204351204351205,5.614567969461855,2008,14434,1044,3034,5292,18.478261136364434,44.92105672105672,94,3.728571428571428,8.10428835137957,0.8462244897959186,84,404,2004,0.8961111111111112,3.9666666666666663,8.421847543855286,38.742230881131874,-25.0
Cc1cc(ccc1Br)O,490,184,466,3.6561702310832738,10.32116635851318,17.691164621287715,3.5828282828282827,5.6660970952775385,1912,13030,980,2684,4936,18.324863893467793,44.65909090909091,92,3.7333333333333334,8.12853229977949,0.8355555555555556,84,400,1944,0.8755555555555555,3.9333333333333336,8.394205344927391,38.787523305564676,59.0
O=C(C(c1ccccc1)c2ccccc2)N(C)C,1178,404,1118,7.704323176935952,21.569744202872155,37.46955096591703,7.594444444444447,11.928514231767753,4592,43094,2356,7498,13612,38.55248848220359,98.26944444444447,202,7.819047619047621,17.053080615151462,1.744043839758126,176,840,4136,1.9172222222222222,8.433333333333334,17.84369508771057,81.48446176226373,133.5
COc1cccc(C#N)c1OC,726,248,668,5.335875758778949,14.060231585782649,23.301224237314756,5.14949494949495,7.75371482098509,2788,24612,1452,4630,8048,24.733471988222938,59.00404040404041,124,5.532142857142857,11.238621735394657,1.579323979591837,108,512,2532,1.4277777777777778,5.666666666666668,11.56923073199279,50.55094359154387,44.5
c1ccc2c(c1)c(ccn2)C(=O)O,920,308,872,5.463717884734229,15.670985764168748,27.60110212614543,5.384188034188035,8.623185916775567,3584,33576,1840,5914,10704,28.408668129322233,74.87264957264959,154,5.545238095238096,12.329263851466118,1.192196712018141,132,640,3192,1.3616666666666668,6.1000000000000005,13.027198506782844,60.585482276697384,254.0
CC(C)C(C(=O)O)Br,342,132,302,3.1781503022320865,8.432160991265537,13.52305015913025,3.066666666666667,4.615583195159118,1288,7582,684,1914,3060,14.501283796965954,30.86666666666667,66,3.2952380952380955,6.7039263379755605,0.856780045351474,64,304,1504,0.7361111111111112,3.166666666666667,6.6329931618554525,29.797958971132715,39.0
O=[N+]([O-])c1cc(N)ccc1Cl,658,232,618,4.4444726378206845,12.544393099114473,21.583520180416237,4.3508380508380515,6.8826886164796415,2552,20514,1316,3974,7092,22.431658149299558,56.027222777222775,116,4.541666666666668,9.883438655857223,1.0302083333333334,104,504,2504,1.0561111111111112,4.7666666666666675,10.210701925855117,47.686502791131026,100.0
CCc1ccccc1CC,530,196,494,4.526407388888565,11.815224001343175,19.538886858427635,4.4018759018759015,6.568701676890489,2048,15206,1060,3086,5452,20.481912672417288,47.07070707070707,98,4.657142857142857,9.47085478242829,1.282448979591837,88,404,1924,1.195,4.766666666666667,9.703606421685894,41.715726535840176,-31.0
c1ccc(c(c1)C(=O)c2ccc(cc2)Cl)Cl,1060,368,1006,6.617815475448542,19.098928505664173,33.48719783905385,6.509423909423911,10.474357393445501,4132,34674,2120,6454,11736,34.53973492589528,89.43775668775669,184,6.7321428571428585,14.993446621295025,1.4359906462585041,160,772,3820,1.646666666666667,7.400000000000001,15.816052888782679,73.52975418669652,65.0
O=Cc1ccc(O)cc1O,556,204,524,4.218023661300162,11.565094141677534,19.58972965745829,4.1127428127428125,6.370627205763826,2160,15664,1112,3174,5732,20.42966621168857,49.256993006993014,102,4.328571428571428,9.167437359412505,1.0773356009070296,92,436,2120,1.052777777777778,4.500000000000001,9.443333074306558,42.723760875702006,136.0
c1ccc(cc1)C(=O)Oc2ccc(cc2)[N+](=O)[O-],1080,396,1038,7.5945058901677,21.52353741936571,37.571477204108184,7.501631701631704,11.895535647677201,4236,31234,2160,6126,11376,38.44185163363446,96.92618492618496,198,7.690476190476193,16.974027901834518,1.6530045351473928,176,832,4016,1.8761111111111113,8.366666666666669,17.788410689854786,81.57504661112931,143.0
Cc1ccc(cc1)C(=O)Cl,524,200,500,4.163378444157187,11.527351494745051,19.725554802410745,4.1,6.383193279263225,2048,13700,1048,2860,5240,20.28188398797719,48.75000000000001,100,4.2285714285714295,9.126934563595972,0.954557823129252,92,432,2072,1.0005555555555556,4.433333333333334,9.394205344927391,42.787523305564676,-2.0
c1ccc2cnncc2c1,622,228,602,4.426815475279745,12.448276758472447,21.83857029746541,4.396825396825397,6.924803789623114,2448,18826,1244,3570,6684,22.163325564393,56.1111111111111,114,4.457142857142858,9.845495602055028,0.9424489795918369,100,464,2200,1.1255555555555556,4.9333333333333345,10.394205344927391,46.787523305564676,91.0
c1ccc(c(c1)CC#N)C(F)(F)F,818,276,762,5.450474065911733,14.829404325005058,25.55467897126738,5.357936507936508,8.244961484505795,3160,28810,1636,5340,9292,26.456268463486037,66.60912698412699,138,5.545238095238098,11.811975473448683,1.3590948601662884,124,616,3184,1.2985941043083904,5.685714285714288,12.09368921132493,56.48739945283076,30.0
c1cnc(nc1)N,280,124,274,3.2108249704942384,8.343574419887327,13.911723633103335,3.188888888888889,4.719564740960329,1108,5574,560,1286,2472,14.090513477476907,30.638888888888886,62,3.2333333333333334,6.707845437689333,0.766111111111111,60,260,1140,0.7849999999999999,3.3,6.7888543819998315,28.94427190999916,125.0
CCCC=C,76,48,72,2.7876937002347035,5.4104160222178015,7.878156862896232,2.7428571428571424,3.3007122740367407,296,720,152,252,456,8.123934788966011,11.657142857142855,24,2.833333333333333,4.723614639131599,1.0694444444444444,28,100,364,0.6944444444444444,2.333333333333333,4.309401076758503,14.928203230275507,-165.0
CCC(=O)c1ccc(cc1)Br,584,220,554,4.687887475642763,12.768150260075966,21.605446883440155,4.585470085470087,7.061948423553802,2276,15806,1168,3242,5912,22.41215722961996,53.3448717948718,110,4.795238095238097,10.139795160484612,1.1817800453514744,100,468,2248,1.177777777777778,5.000000000000001,10.44333307430656,46.723760875702,46.0
COc1cc(ccc1Br)OC,616,224,582,4.75267432315914,12.787659107263007,21.512213719355156,4.617404817404817,7.060389621696136,2396,18122,1232,3556,6480,22.512526271934604,54.05641025641026,112,4.895238095238096,10.18029795630114,1.304557823129252,100,472,2296,1.2300000000000002,5.066666666666667,10.492460803685727,46.659998445839335,26.0
O=C(c1ccccc1)C2CCCCC2,842,308,806,6.148965541466016,17.121936619563147,29.67160057544775,6.082539682539683,9.505995367854736,3296,25534,1684,4882,8988,30.345504466752924,75.31111111111112,154,6.219047619047619,13.556739290272336,1.3647845804988665,136,632,3016,1.5561111111111112,6.766666666666667,14.210701925855117,63.68650279113102,55.0
c1ccc(cc1)CNCCNCc2ccccc2,836,352,824,8.374171803020413,22.245180529522653,37.87600622556615,8.348484848484848,12.567883603238995,3320,19184,1672,4076,7912,38.12466334361252,87.39393939393942,176,8.400000000000002,17.816052888782675,1.8966666666666665,164,716,3164,2.1050000000000004,8.9,18.366563145999496,78.83281572999746,24.0
c1cc(c(c(c1)Cl)C(=O)O)F,702,236,638,4.442801985862634,12.576991614083786,21.438701537843958,4.324098124098124,6.854243650164309,2680,23110,1404,4594,7668,22.584857054583143,56.12655122655123,118,4.566666666666667,9.88938598804139,1.0531481481481484,104,508,2564,1.0766666666666667,4.800000000000001,10.238344124783012,47.64121036669823,158.0
CCCCN1CCCCC1C(=O)Nc2c(C)cccc2C,1354,468,1284,9.02207141675512,24.98319573091316,43.32101672833622,8.871472971472974,13.83808034843713,5276,45812,2708,8382,15216,44.70445039708648,113.67563547563554,234,9.178571428571429,19.81193903982407,2.166085600907029,204,976,4812,2.2544444444444443,9.8,20.681677199089567,94.3649712424002,107.0
c1cc(ncc1Cl)Cl,368,152,360,3.4327955589886447,9.31804722752556,15.87298334620742,3.4000000000000004,5.208946754575151,1456,8400,736,1804,3480,16.131182235954576,37.5,76,3.4666666666666672,7.415690875378665,0.7822222222222222,72,328,1512,0.8200000000000001,3.6000000000000005,7.577708763999665,33.88854381999832,61.0
OCc1ccc(CO)cc1,488,192,468,4.491303629981266,11.782350361342974,19.657293318492844,4.387878787878788,6.574906046612265,1912,12260,976,2568,4792,20.358387768500354,46.75151515151515,96,4.6000000000000005,9.44141206915594,1.2366666666666668,88,400,1864,1.1744444444444446,4.733333333333334,9.675964222758001,41.76101896027298,118.0
CCCCP(=O)(CCCC)CCCC,590,232,560,6.710069994525424,15.784216961807095,25.602415631853027,6.600999000999002,9.115558284987355,2300,16688,1180,3302,6016,26.40626179047929,56.36123876123877,116,6.821428571428571,13.046769593517485,2.1024659863945576,112,512,2476,1.6633333333333336,6.3999999999999995,12.808018548920852,53.5613792571119,67.0
C(CCCCC(=O)Cl)CCCC(=O)Cl,424,208,416,6.598255458758337,16.02056597838086,25.868410468885557,6.563492063492063,9.22591635667322,1680,6912,848,1760,3392,26.132748487654013,51.492063492063494,104,6.633333333333334,13.098255458758338,1.7294444444444448,108,452,1908,1.5350000000000001,6.300000000000001,12.788854381999833,52.94427190999916,-5.0
FC=1C(=O)C(F)=C(F)C(=O)C=1F,936,288,840,4.332900397117624,13.345020709845134,22.99818166789402,4.114285714285715,7.001868095151149,3552,34104,1872,6336,10752,25.093073414159537,67.2,144,4.571428571428571,10.267462129303842,1.0340136054421771,120,624,3360,1.0833333333333335,5.0,10.898979485566358,53.39387691339814,179.0
c1ccc(cc1)SCC(=O)O,470,200,462,4.991786439889459,12.99883270504403,21.896976387226225,4.9670995670995675,7.36759505391026,1864,10650,940,2278,4408,22.103783556133646,49.55411255411255,100,5.0166666666666675,10.457154173770508,1.1880555555555556,96,424,1896,1.195,5.1000000000000005,10.577708763999665,45.88854381999832,64.0
CCOC(=O)CNc1ccccc1,560,236,546,6.039164445926621,15.440405241257244,25.782962273217223,5.979797979797979,8.762622312647048,2212,12746,1120,2746,5252,26.222294180330348,58.152525252525244,118,6.1000000000000005,12.47767920164647,1.561666666666667,112,492,2200,1.4972222222222225,6.166666666666668,12.626836493378834,53.82478139013564,57.0
CC(C)(C)c1cc(cc(c1O)C(C)(C)C)C=O,1314,404,1222,6.260562000154845,18.6505743723689,33.24278506423531,6.1000000000000005,10.096432493553673,5072,53462,2628,9190,16116,34.78877626686378,97.01666666666668,202,6.428571428571429,14.542074826361802,1.4130763416477705,176,940,5168,1.4199659863945584,6.804761904761906,15.138250693270692,77.0385613355242,188.0
Cc1cccnc1,280,124,274,3.2108249704942384,8.343574419887329,13.911723633103334,3.188888888888889,4.719564740960328,1108,5574,560,1286,2472,14.09051347747691,30.638888888888886,62,3.2333333333333334,6.707845437689333,0.7661111111111112,60,260,1140,0.785,3.3,6.7888543819998315,28.94427190999916,-18.0
CC(C)(C)NCC(O)c1cc(O)cc(O)c1,918,336,888,6.327699567742879,18.065402826306396,31.645700289011845,6.246309246309245,9.966139641804135,3612,27132,1836,5178,9780,32.365929076584514,82.39976689976693,168,6.411904761904763,14.223238567698552,1.3676133786848073,156,772,3876,1.4111111111111114,6.666666666666669,14.577265071854615,70.51931852112847,119.0
CCCCOC(=O)C1=CC=C(C=C1)O,684,268,658,6.278741221279774,16.40785011345437,27.67864980842529,6.1983127983127995,9.24014858461951,2684,17998,1368,3674,6840,28.332340052159427,65.60576645576644,134,6.361904761904763,13.188922889863779,1.6090022675736968,124,564,2632,1.552777777777778,6.500000000000001,13.44333307430656,58.723760875701984,69.0
Fc2ccccc2c1ccccc1,816,292,780,5.673694820767865,15.90028557971842,27.69290784796743,5.612598512598512,8.817997363972157,3192,26164,1632,4880,8936,28.316887265057694,71.37664557664559,146,5.736904761904762,12.574357495388382,1.2475439342403631,128,600,2888,1.4311111111111114,6.266666666666667,13.210701925855117,59.68650279113102,73.5
Cc1cc(C)c(Br)cc1C,612,216,576,3.8856180831641254,11.313431836035345,19.5424723326565,3.7777777777777772,6.1307682818044205,2376,18144,1224,3564,6480,20.485281374238575,52.0,108,3.999999999999999,8.841373724180313,0.8888888888888891,96,472,2376,0.9311111111111113,4.2666666666666675,9.210701925855117,43.686502791131026,71.0
CC(C)NCC(O)COc1cccc2[nH]ccc12,1100,396,1062,7.710163352780678,21.5407000863203,37.65876945921305,7.639438339438345,11.979016966663876,4324,35570,2200,6498,12136,38.34722885424328,97.24987789987793,198,7.782142857142862,17.057556131903265,1.7001573129251708,176,832,4016,1.8761111111111113,8.366666666666667,17.78841068985478,81.57504661112932,170.0
Cc1ccc(cc1)N=C=S,464,188,452,4.544737254926703,11.755854435132697,19.807730313217586,4.490909090909091,6.647530948974298,1832,11372,928,2362,4520,20.19737182083072,46.263636363636365,94,4.6000000000000005,9.47767920164647,1.186666666666667,88,396,1816,1.1222222222222222,4.666666666666666,9.626836493378834,41.82478139013564,25.0
FC(F)F,54,36,54,1.9999999999999998,3.9999999999999996,6.0,1.9999999999999998,2.4494897427831783,216,486,108,162,324,6.0,9.0,18,1.9999999999999998,3.464101615137755,0.6666666666666667,24,96,384,0.375,1.5,3.0,12.0,-160.0
Cc1ccccc1C=C,464,176,434,3.962719739472424,10.574525609055208,17.628469944354205,3.868298368298368,5.861699205840183,1796,12234,928,2596,4604,18.3889974532109,42.3958818958819,88,4.061904761904762,8.431949722795276,1.040668934240363,80,368,1748,1.017777777777778,4.2,8.654478692306727,37.77948896570284,-69.0
C1=CC=C2C(=C1)C=CC3=CC=CC=C32,1106,364,1066,5.958079205423984,17.550184556112793,31.721705553308446,5.90982905982906,9.664932789271047,4344,42410,2212,7142,13300,32.28320515129826,89.35213675213677,182,6.007142857142858,13.755670327614501,1.196198979591837,152,740,3692,1.5216666666666667,6.900000000000002,14.816052888782677,69.52975418669652,101.0
OCCCCCCO,172,96,168,4.287693700234704,9.084650636392569,13.878156862896233,4.242857142857143,5.422032617596384,680,2256,344,636,1224,14.123934788966011,23.65714285714286,48,4.333333333333334,7.723614639131599,1.4444444444444444,52,196,748,1.0694444444444444,3.8333333333333335,7.309401076758503,26.92820323027551,45.0
c1ccc(cc1)c2cc3ccccc3[nH]2,1092,376,1068,6.446956560690766,18.756895474228095,33.81486654165971,6.413308913308915,10.38523383953543,4320,38252,2184,6620,12680,34.18709976242178,92.95726495726498,188,6.480952380952383,14.746275601965841,1.3010090702947847,160,768,3760,1.6261111111111113,7.366666666666669,15.788410689854784,73.57504661112931,190.0
C1=CC(=CC=C1N)S(=O)(=O)NC2=NC=CS2,1074,372,1028,6.491088419437485,18.91476607441756,33.62518466893795,6.418892218892219,10.4044806324581,4204,35300,2148,6528,11992,34.3861185910189,90.96569541569548,186,6.5654761904761925,14.83874608291577,1.3387684240362814,164,812,4136,1.5663718820861683,7.219047619047621,15.622270245945428,74.43970570269174,200.0
CC=CC=CC(=O)O,202,104,196,3.9429745794965205,8.878373693211948,13.873283665890888,3.903174603174603,5.20265414357516,796,3048,404,814,1540,14.128341638310005,25.574603174603176,52,3.983333333333334,7.4109350489449675,1.2119444444444445,56,228,944,0.9272222222222223,3.566666666666667,7.049127729379168,27.936237570137333,134.0
NC(=O)OCC(COC(N)=O)c1ccccc1,822,324,798,7.53621655203825,19.87499625321262,33.756516846351715,7.482539682539684,11.213430637764281,3240,22478,1644,4434,8356,34.24622933304777,79.82539682539685,162,7.590476190476193,15.943751060813364,1.7968934240362817,152,692,3212,1.7855555555555558,7.733333333333335,16.183059726927226,71.73179521556382,151.0
c1cc2c(cc[nH]2)c(c1)O,720,244,684,4.173694820767864,12.226050965543651,21.692907847967426,4.112598512598512,6.696677020412511,2808,24628,1440,4496,8168,22.316887265057698,59.37664557664557,122,4.2369047619047615,9.574357495388384,0.8725439342403629,104,504,2504,1.0561111111111112,4.766666666666667,10.210701925855117,47.68650279113103,98.0
O=C(O)CCCCCCCCCCCCCC,490,248,484,8.44297457949652,19.90107753573625,31.87328366589089,8.403174603174604,11.566615174254087,1948,7656,980,1966,3844,32.128341638310005,61.57460317460318,124,8.483333333333333,16.410935048944967,2.3369444444444443,128,516,2096,2.0522222222222224,8.066666666666666,16.04912772937917,63.93623757013733,52.0
Brc1ccc(NC(C)=O)cc1,530,212,518,4.7429766850109925,12.772066682922242,21.838493523629154,4.703463203463204,7.164637980892515,2096,13370,1060,2728,5240,22.164916542995208,52.316233766233765,106,4.783333333333333,10.192641810387732,1.0997222222222225,100,460,2140,1.105,4.9,10.366563145999498,46.83281572999748,166.0
CCCCBr,76,48,72,2.7876937002347035,5.4104160222178015,7.878156862896232,2.7428571428571424,3.3007122740367407,296,720,152,252,456,8.123934788966011,11.657142857142855,24,2.833333333333333,4.723614639131599,1.0694444444444444,28,100,364,0.6944444444444444,2.333333333333333,4.309401076758503,14.928203230275507,-112.0
O=C(O)CCCCCCCCCCCCCCCC,554,280,548,9.44297457949652,22.35056727851942,35.87328366589089,9.403174603174605,12.98082873662718,2204,8680,1108,2222,4356,36.128341638310005,69.57460317460317,140,9.483333333333334,18.410935048944964,2.5869444444444447,144,580,2352,2.3022222222222224,9.066666666666668,18.04912772937917,71.93623757013734,60.0
c1ccc(c(c1)[N+](=O)[O-])SSc2ccccc2[N+](=O)[O-],1292,448,1218,8.406125855434947,23.772032162029017,41.35970628900743,8.275213675213678,13.102760306467694,5020,42418,2584,8000,14292,42.65653058142632,108.65982905982911,224,8.540476190476195,18.74835297737275,1.880643424036282,196,940,4636,2.077222222222222,9.233333333333334,19.6325494697104,90.42873367226287,194.0
O=S(=O)(C=C)c1ccccc1,670,232,618,4.520590144889553,12.628208832100915,21.490224553106945,4.402974802974803,6.9126696611703435,2576,21082,1340,4178,7204,22.53991640862951,55.53554223554224,116,4.646428571428572,9.962906418003026,1.1185076530612246,104,516,2684,1.1385941043083903,4.885714285714287,10.304834829325097,47.54312754283161,68.0
CCc1ccc(cc1O)O,556,204,524,4.218023661300163,11.565094141677536,19.58972965745829,4.1127428127428125,6.370627205763826,2160,15664,1112,3174,5732,20.42966621168857,49.256993006993014,102,4.328571428571428,9.167437359412505,1.0773356009070298,92,436,2120,1.052777777777778,4.500000000000001,9.443333074306558,42.723760875702006,97.0
Ic1ccc(Cl)cc1,368,152,360,3.432795558988645,9.31804722752556,15.872983346207418,3.4000000000000004,5.208946754575151,1456,8400,736,1804,3480,16.131182235954576,37.5,76,3.4666666666666677,7.415690875378665,0.7822222222222224,72,328,1512,0.8200000000000001,3.6000000000000005,7.577708763999665,33.88854381999832,54.0
c1ccc2c(c1)ccs2,590,212,570,3.9268154752797453,11.223531887080854,19.838570297465413,3.8968253968253967,6.217697008436565,2320,18314,1180,3442,6428,20.163325564393006,52.1111111111111,106,3.9571428571428577,8.845495602055028,0.8174489795918369,92,432,2072,1.0005555555555556,4.4333333333333345,9.394205344927391,42.787523305564676,30.0
O=C(N)c1c(Cl)cccc1Cl,702,236,638,4.442801985862635,12.576991614083783,21.43870153784395,4.324098124098124,6.854243650164308,2680,23110,1404,4594,7668,22.584857054583143,56.12655122655123,118,4.566666666666667,9.88938598804139,1.0531481481481484,104,508,2564,1.0766666666666667,4.800000000000001,10.238344124783012,47.641210366698225,198.0
CC(=CC(C)(C)C)C,312,128,294,3.21236749977976,8.33457515400876,13.818030580492463,3.1731601731601735,4.692230850382063,1212,6994,624,1624,2872,14.186010236476,31.114718614718612,64,3.2523809523809524,6.6994838663975385,0.7980385487528345,68,336,1688,0.6255555555555555,2.933333333333334,6.394205344927391,30.787523305564676,-106.0
CN(C)C(=O)N(C)C,342,132,302,3.1781503022320865,8.432160991265537,13.52305015913025,3.0666666666666664,4.615583195159118,1288,7582,684,1914,3060,14.501283796965954,30.866666666666667,66,3.295238095238096,6.7039263379755605,0.8567800453514742,64,304,1504,0.7361111111111112,3.1666666666666665,6.6329931618554525,29.797958971132715,-1.0
O=C(O)CCCCCCCCCCCCCCCCCC,618,312,612,10.44297457949652,24.800057021302592,39.87328366589088,10.403174603174605,14.395042299000272,2460,9704,1236,2478,4868,40.128341638310005,77.57460317460317,156,10.483333333333334,20.410935048944964,2.8369444444444447,160,644,2608,2.5522222222222224,10.066666666666668,20.04912772937917,79.93623757013734,69.0
C=C(C)C#N,102,56,96,2.3618073195657994,5.220947331236296,7.844591357607276,2.3095238095238093,3.035461254151183,396,1216,204,382,688,8.162772227887023,13.523809523809524,28,2.4166666666666665,4.3618073195657985,0.7847222222222222,32,132,560,0.5522222222222222,2.0666666666666664,4.049127729379167,15.936237570137333,-36.0
CCNc1ccccc1,376,160,366,4.3227666664322975,10.781381627494465,17.84647060011351,4.27979797979798,6.158148935359474,1484,8546,752,1844,3512,18.156703062353053,39.402525252525244,80,4.366666666666667,8.769833763957136,1.1705555555555558,76,328,1444,1.087222222222222,4.366666666666666,8.837982111379,36.880509480136496,-64.0
C(C(=O)O)(Cl)Br,186,84,170,2.465591117977289,6.1910151061678835,9.745966692414834,2.4,3.4608826567798667,712,3050,372,858,1460,10.262364471909153,20.0,42,2.533333333333333,4.992682649758251,0.6844444444444444,44,200,944,0.5555555555555556,2.333333333333333,4.816496580927726,20.898979485566358,27.0
CCCSCCC,140,80,136,3.787693700234704,7.85990576500098,11.878156862896233,3.7428571428571424,4.714925836409837,552,1744,280,508,968,12.123934788966011,19.657142857142855,40,3.8333333333333335,6.723614639131599,1.3194444444444444,44,164,620,0.9444444444444444,3.3333333333333335,6.309401076758503,22.92820323027551,-102.0
O=C(O)CO,102,56,96,2.3618073195657994,5.220947331236296,7.844591357607276,2.3095238095238093,3.035461254151183,396,1216,204,382,688,8.162772227887023,13.523809523809524,28,2.4166666666666665,4.3618073195657985,0.7847222222222222,32,132,560,0.5522222222222222,2.0666666666666664,4.049127729379167,15.936237570137333,80.0
CCCCNC(=O)NS(=O)(=O)c1ccc(N)cc1,1022,368,970,7.653277712176201,20.687662149063073,35.50765454495217,7.544244644244648,11.544337110683362,3984,31882,2044,6094,11028,36.50701049719941,89.56252636252638,184,7.7654761904761935,16.50037239577956,1.8787684240362819,168,812,4068,1.8335941043083905,7.985714285714288,16.882543593324762,77.4316713628299,144.0
CCOc1ccc(cc1)C(=O)C,620,236,592,5.275320140095248,13.965158702352193,23.660301769420922,5.190909090909091,7.8217774736623715,2424,16672,1240,3418,6280,24.34807357285333,57.51363636363636,118,5.361904761904762,11.188922889863777,1.3590022675736968,108,500,2376,1.3027777777777778,5.500000000000001,11.44333307430656,50.723760875702006,37.0
CC(C)(C)C(=O)O,318,120,288,2.5008872463069856,7.0126324263765065,11.650011549007878,2.4222222222222225,3.808050198623987,1212,7344,636,1758,2952,12.36636504407723,28.4,60,2.5833333333333335,5.512438571626294,0.6041666666666667,60,312,1692,0.5308163265306123,2.4857142857142858,5.439210519018202,26.70791048712792,33.0
c1ccc(cc1)C(=O)/C=N/O,532,208,506,5.048604547590103,12.999333093136164,21.68677915120353,4.971328671328672,7.328170958319567,2076,14022,1064,2900,5288,22.32407528974555,50.621639471639476,104,5.128571428571428,10.481077452174446,1.3428911564625852,96,432,2004,1.267777777777778,5.199999999999999,10.654478692306727,45.77948896570284,127.0
COc1ccc2c(c1)cc[nH]2,742,260,718,4.716770058966461,13.436665385288656,23.72231407246637,4.6459318459318455,7.416387424292519,2920,24202,1484,4402,8304,24.2868543831167,63.77163947163947,130,4.790476190476191,10.59384383556089,1.081337868480726,112,536,2620,1.212777777777778,5.300000000000001,11.232187456306391,51.66803278570116,54.0
CC(=O)c1ccc(cc1)Cl,524,200,500,4.163378444157188,11.527351494745053,19.725554802410745,4.100000000000001,6.383193279263224,2048,13700,1048,2860,5240,20.281883987977185,48.75,100,4.2285714285714295,9.126934563595974,0.954557823129252,92,432,2072,1.0005555555555556,4.433333333333334,9.394205344927391,42.787523305564676,19.0
CS(=O)c1ccccc1,436,172,414,3.941407855662781,10.55287868710682,17.76429508930666,3.8888888888888893,5.893811265648401,1700,10874,872,2342,4232,18.241215229499517,41.888888888888886,86,3.9952380952380953,8.41908912590664,0.9384467120181407,80,364,1700,0.9655555555555555,4.133333333333333,8.605350962927558,37.84325139556552,29.0
CC1(CC)CC1,314,120,298,2.536148937507871,6.986620295681819,11.741762772820675,2.4623376623376623,3.8299080775523886,1224,8002,628,1686,3100,12.279783946994007,29.020779220779215,60,2.616666666666667,5.5233815160417485,0.6636111111111113,54,258,1290,0.74,2.8666666666666667,5.809179230685977,25.243590580840607,-130.0
C#CCCC(=O)O,170,88,164,3.4429745794965196,7.653628821820358,11.873283665890888,3.403174603174603,4.495547362388613,668,2536,340,686,1284,12.128341638310005,21.574603174603176,44,3.4833333333333334,6.4109350489449675,1.0869444444444445,48,196,816,0.8022222222222223,3.0666666666666664,6.049127729379167,23.936237570137333,56.0
Cc1cc(nc(n1)N)C,468,180,450,3.740083568503631,10.367403882264046,17.759785364878386,3.681818181818181,5.739456478492807,1836,12150,936,2502,4680,18.246669619045523,43.97727272727272,90,3.8000000000000003,8.206462909851679,0.8600000000000001,84,396,1884,0.8550000000000001,3.900000000000001,8.366563145999496,38.83281572999748,153.0
C#CC1(CCCC1)O,474,168,442,3.282191687710403,9.198363160077205,15.610556882410611,3.1837828837828837,5.017720142067965,1832,14090,948,2814,4996,16.415139178670074,40.304462204462205,84,3.3880952380952376,7.2463850260788245,0.8352437641723357,76,380,1984,0.843888888888889,3.566666666666667,7.498617472162346,34.63317602683641,25.0
Cc1cc(ccc1OC)OC,616,224,580,4.750314286789585,12.791818881853514,21.498447861745245,4.6127428127428125,7.057367274694632,2392,17836,1232,3556,6432,22.52663688959024,53.97365967365968,112,4.895238095238096,10.180297956301139,1.3045578231292518,100,472,2296,1.2300000000000002,5.066666666666666,10.492460803685727,46.659998445839335,20.0
c1ccnc(c1)Cl,280,124,274,3.2108249704942384,8.343574419887327,13.911723633103335,3.1888888888888896,4.719564740960328,1108,5574,560,1286,2472,14.090513477476907,30.638888888888886,62,3.2333333333333343,6.7078454376893335,0.7661111111111112,60,260,1140,0.785,3.3000000000000003,6.788854381999832,28.94427190999916,-46.0
c1c(c(nc(c1Cl)Cl)Cl)Cl,612,216,576,3.885618083164126,11.313431836035347,19.542472332656505,3.7777777777777786,6.1307682818044205,2376,18144,1224,3564,6480,20.485281374238575,52.0,108,4.0,8.841373724180313,0.8888888888888891,96,472,2376,0.9311111111111111,4.266666666666667,9.210701925855117,43.68650279113103,91.0
FC(F)(F)CC(F)(F)F,424,160,400,3.3157371050334246,9.196913436059841,15.817729923283038,3.2820512820512824,5.109400392450458,1648,11200,848,2408,4240,16.185728036717755,38.97435897435897,80,3.3500000000000005,7.284815545186213,0.72625,84,444,2364,0.5911111111111111,3.0666666666666678,6.99955630785495,36.63077470113019,-98.0
Ic1cccc(Br)c1,372,152,360,3.457519493328782,9.349885971192165,15.831652088062796,3.416161616161616,5.218503338084835,1464,8600,744,1864,3520,16.172736683825416,37.29797979797979,76,3.5000000000000004,7.443333074306559,0.8027777777777778,72,328,1512,0.8200000000000002,3.6000000000000005,7.577708763999665,33.88854381999832,-9.0
c1cc(ccc1Cc2ccc(cc2)N)N,856,328,844,6.360055712335757,18.07075449414276,31.83985690991893,6.32121212121212,10.040649113643859,3400,23284,1712,4532,8848,32.164446412697025,81.31818181818183,164,6.3999999999999995,14.259385963089237,1.324444444444445,148,692,3268,1.5500000000000005,7.000000000000003,14.944271909999165,68.72135954999577,90.0
CCCCCCCI,172,96,168,4.287693700234704,9.084650636392569,13.878156862896233,4.242857142857143,5.422032617596384,680,2256,344,636,1224,14.123934788966011,23.65714285714286,48,4.333333333333334,7.723614639131599,1.4444444444444444,52,196,748,1.0694444444444444,3.8333333333333335,7.309401076758503,26.92820323027551,-48.0
COc1c(Cl)cc(Cl)cc1Cl,690,236,638,4.49418067205272,12.590672209839218,21.421374062059115,4.354256854256853,6.864077848977236,2656,21922,1380,4288,7488,22.608956464914463,56.37337662337662,118,4.641666666666667,9.923941451673754,1.1529861111111113,104,508,2552,1.1083333333333334,4.833333333333335,10.259829655234286,47.62274036126836,61.0
[O-][N+](=O)c1cc([N+]([O-])=O)c(O)c2ccccc12,1346,420,1266,6.7732379065310155,19.878560149984015,35.28837150396715,6.624420024420026,10.821964082839008,5224,55738,2692,9246,16660,36.74175816322023,101.35189255189259,210,6.92857142857143,15.551917988022401,1.50983560090703,176,888,4616,1.653333333333333,7.600000000000002,16.476688249566024,79.28242073339645,131.5
C1CCC(C1)N,248,108,242,2.710824970494238,7.1188295484957385,11.911723633103335,2.688888888888889,4.012457959773781,980,5062,496,1158,2216,12.09051347747691,26.63888888888889,54,2.7333333333333334,5.707845437689333,0.641111111111111,52,228,1012,0.6599999999999999,2.8,5.7888543819998315,24.94427190999916,-85.0
c1cc(ccc1S(=O)(=O)c2ccc(cc2)Cl)Cl,1240,408,1164,6.704813404242546,19.88292099088987,35.42828759910398,6.597435897435898,10.847359141922665,4808,44180,2480,8052,14272,36.59574483951166,98.78205128205128,204,6.816666666666667,15.528933545311068,1.3834722222222227,176,888,4640,1.631632653061225,7.571428571428574,16.456129802036074,79.30436479425414,149.0
CCc1nnc(s1)N,400,156,386,3.4953829278182873,9.341549648026772,15.765138332350132,3.4272727272727272,5.204365605715982,1572,10422,800,2118,4000,16.244785002227463,38.125757575757575,78,3.5666666666666673,7.456193671195196,0.9050000000000002,72,332,1560,0.8722222222222222,3.6666666666666674,7.626836493378832,33.824781390135655,200.0
CCCCCCCCC,204,112,200,4.787693700234704,10.30939550778416,15.878156862896233,4.742857142857143,6.129139398782932,808,2768,408,764,1480,16.12393478896601,27.65714285714286,56,4.833333333333333,8.723614639131599,1.5694444444444446,60,228,876,1.1944444444444444,4.333333333333333,8.309401076758503,30.92820323027551,-53.0
CC2(C)C1CCC(=C)C2C1,1012,288,938,3.578595888606673,11.569810721222794,21.489796681675482,3.4867815191344596,6.163934915346511,3900,45826,2024,7506,13140,22.534435614138186,69.00278936749525,144,3.6749999999999994,8.88231983766169,0.6814120370370371,116,632,3560,0.8671882086167801,4.304761904761905,9.694917618964132,50.314800459822195,-61.0
CC(C)OC(C)C,204,96,192,3.12589765768623,7.473378871701724,11.83713013733938,3.0857142857142854,4.28862684814117,792,3456,408,924,1632,12.16538667329339,23.314285714285717,48,3.166666666666667,6.12589765768623,0.875,52,228,1012,0.6599999999999999,2.8,5.7888543819998315,24.94427190999916,-86.0
O=C(O)CCCCCCCCCCCCCCC,522,264,516,8.94297457949652,21.125822407127835,33.873283665890895,8.903174603174604,12.273721955440633,2076,8168,1044,2094,4100,34.128341638310005,65.57460317460318,132,8.983333333333334,17.410935048944964,2.4619444444444443,136,548,2224,2.1772222222222224,8.566666666666668,17.04912772937917,67.93623757013734,62.5
c1ccc2c(c1)CCc3ccccc3N2,1088,376,1058,6.405866564625213,18.754546125157738,33.77077160829565,6.364590964590966,10.35588273631135,4292,36834,2176,6560,12420,34.23195308610427,92.70085470085469,188,6.4476190476190505,14.718633403037948,1.2804535147392293,160,768,3760,1.6261111111111113,7.366666666666669,15.788410689854784,73.57504661112932,107.0
c1cc(c(cc1F)[N+](=O)[O-])O,658,232,618,4.444472637820684,12.54439309911447,21.583520180416237,4.350838050838051,6.882688616479642,2552,20514,1316,3974,7092,22.43165814929956,56.027222777222775,116,4.541666666666668,9.883438655857223,1.0302083333333336,104,504,2504,1.0561111111111112,4.7666666666666675,10.210701925855117,47.68650279113103,75.0
O=C2C=C(C)C(=O)c1ccccc12,1010,324,950,5.187337288185728,15.448415735087915,27.440643752143963,5.069902319902321,8.375950370260997,3920,38474,2020,6666,12016,28.5918317132118,78.1819291819292,162,5.311904761904763,12.042105275866938,1.1205300453514742,136,680,3496,1.2922222222222222,5.933333333333334,12.84369508771057,61.48446176226375,102.0
C=Cc1ccc(cc1)N,428,172,414,3.9620495944849554,10.550198794434266,17.765138332350134,3.893939393939395,5.891926400593708,1684,10330,856,2186,4136,18.244785002227466,42.125757575757575,86,4.033333333333335,8.428551472267303,1.0094444444444448,80,364,1688,0.9972222222222222,4.166666666666668,8.626836493378832,37.824781390135655,24.0
Oc1ccccc1Cl,398,156,376,3.4008663092555342,9.330597825890854,15.72990490818363,3.3383838383838382,5.157169095353894,1548,9600,796,2106,3808,16.284195134990124,37.79797979797979,78,3.466666666666667,7.393044663162263,0.798888888888889,72,332,1572,0.8405555555555556,3.6333333333333333,7.605350962927559,33.84325139556552,7.0
CCC1(C(=O)NCNC1=O)c2ccccc2,1370,400,1222,6.541483377973425,19.012596617233893,32.988573206612884,6.336228391491551,10.267461679278464,5184,62742,2740,10742,17340,35.080925384560366,94.2585486151276,200,6.762445887445888,14.868435662711619,1.5746040530537286,164,840,4568,1.7202267573696148,7.457142857142859,15.816692721362006,74.12613278708996,281.0
O=C(Nc1cc(ccc1)C(F)(F)F)N(C)C,978,344,928,6.24724692071787,18.009551523796137,31.50103584999178,6.13972693972694,9.873421508228976,3812,30396,1956,5836,10604,32.51471374777984,83.5661116661117,172,6.358333333333334,14.138682214342492,1.3615972222222226,156,780,4008,1.4413718820861678,6.719047619047621,14.622270245945426,70.43970570269175,163.5
c1cc(cc(c1)N=C=O)N=C=O,564,224,548,5.687476065191124,14.214646732940988,23.73427245837163,5.610101010101011,8.103192572707623,2224,15028,1128,2980,5688,24.271851676835265,55.00707070707072,112,5.7666666666666675,11.56730972684217,1.611666666666667,104,464,2120,1.4244444444444446,5.733333333333333,11.675964222758001,49.76101896027298,48.0
C1=C(C(=CC(=C1Br)Br)Br)Br,612,216,576,3.885618083164126,11.313431836035347,19.542472332656505,3.7777777777777786,6.1307682818044205,2376,18144,1224,3564,6480,20.485281374238575,52.0,108,4.0,8.841373724180313,0.8888888888888891,96,472,2376,0.9311111111111111,4.266666666666667,9.210701925855117,43.68650279113103,182.0
Cc1cc(CC(O)=O)n(C)c1C(=O)c2ccc(Cl)cc2,1460,476,1382,7.9978395561204065,23.32881586270673,41.26715545255585,7.840781440781444,12.739714011289202,5684,55450,2920,9544,17344,42.77545262236582,115.34688644688646,238,8.164285714285716,18.276762874995057,1.7705461073318227,204,1016,5184,1.9177777777777778,8.866666666666669,19.237900432637954,92.2719850678284,178.0
CCOc1ccc(cc1)[N+]([O-])=O,620,236,592,5.275320140095248,13.965158702352193,23.660301769420922,5.190909090909091,7.8217774736623715,2424,16672,1240,3418,6280,24.34807357285333,57.51363636363636,118,5.361904761904762,11.188922889863777,1.3590022675736968,108,500,2376,1.3027777777777778,5.500000000000001,11.44333307430656,50.723760875702006,58.0
c1ccc(cc1)COC(=O)N,470,200,462,4.991786439889459,12.99883270504403,21.896976387226225,4.9670995670995675,7.36759505391026,1864,10650,940,2278,4408,22.103783556133646,49.55411255411255,100,5.0166666666666675,10.457154173770508,1.1880555555555556,96,424,1896,1.195,5.1000000000000005,10.577708763999665,45.88854381999832,87.0
COC(=O)c1ccccc1C(=O)OC,854,292,792,6.027752177106103,16.25647528701921,27.287895198836523,5.8479242979242985,8.950123033876173,3292,29776,1708,5450,9592,28.745099480923106,69.84420024420024,146,6.216666666666668,12.928578569095,1.6426388888888888,128,612,3044,1.556111111111111,6.4333333333333345,13.336599583541348,59.51368550697289,2.0
c1cc(cc(c1)Br)Cl,372,152,360,3.4575194933287823,9.349885971192165,15.831652088062798,3.4161616161616166,5.218503338084836,1464,8600,744,1864,3520,16.172736683825416,37.2979797979798,76,3.500000000000001,7.443333074306559,0.8027777777777778,72,328,1512,0.82,3.6,7.577708763999665,33.88854381999832,-22.0
C1=CC=C(C(=C1)C(=O)O)[N+](=O)[O-],734,252,680,4.974929373044557,13.781470780274937,23.505266738982787,4.869658119658119,7.587668024166989,2828,24904,1468,4686,8144,24.509208747846575,60.50427350427351,126,5.083333333333334,10.90285737531773,1.1881944444444448,112,540,2692,1.2016666666666667,5.3,11.238344124783012,51.64121036669823,146.0
Cc1cc(c(cc1C)C(=O)C)C,780,264,728,4.673920489901536,13.536658576636636,23.434827891785023,4.545787545787545,7.347359803006524,3016,25628,1560,4854,8636,24.59207563007034,63.36813186813187,132,4.808333333333333,10.596280080258047,1.083541666666667,116,576,2936,1.1116666666666668,5.1,11.027198506782844,52.58548227669739,10.0
C=COCC,76,48,72,2.7876937002347035,5.4104160222178015,7.878156862896232,2.7428571428571424,3.3007122740367407,296,720,152,252,456,8.123934788966011,11.657142857142855,24,2.833333333333333,4.723614639131599,1.0694444444444444,28,100,364,0.6944444444444444,2.333333333333333,4.309401076758503,14.928203230275507,-115.0
c1cc(c(cc1C(F)(F)F)[N+](=O)[O-])Cl,958,316,894,5.281249393254305,15.56557653344622,27.4390757951495,5.166322566322567,8.461215374079847,3704,32886,1916,6164,10860,28.57840770753143,76.09080919080918,158,5.399999999999999,12.158100933802997,1.1445833333333335,140,720,3812,1.2119274376417237,5.752380952380954,12.649912444873321,62.394413278258945,-3.0
c1ccc(c(c1)C(=O)O)OCC(=O)O,762,280,722,6.004977061596684,16.21690636005528,27.62644239894669,5.924908424908424,9.046132477954258,2968,23210,1524,4496,8092,28.38217835479036,68.13150183150182,140,6.086904761904763,12.923304218065548,1.4300439342403632,128,600,2888,1.4311111111111112,6.266666666666667,13.210701925855117,59.68650279113102,189.0
CC(=O)c1ccc(c(c1O)O)O,814,268,744,4.636257771978326,13.547228579410469,23.298039086876262,4.483538683538683,7.296290366291175,3116,27364,1628,5252,9028,24.746540250488945,63.5904428904429,134,4.798809523809522,10.57043839567461,1.088212868480726,116,580,2996,1.1322222222222225,5.133333333333334,11.054840705710738,52.54018985226459,171.0
CC(C)NCC(O)COc1ccccc1CC=C,880,344,850,8.083594558075411,21.09182391803424,35.642502732342706,7.9952380952381,11.901351115314524,3460,24062,1760,4774,8944,36.36473995724446,84.42380952380954,172,8.173809523809528,16.964276088689324,2.0455045351473933,160,728,3388,1.9627777777777782,8.300000000000002,17.23218745630639,75.66803278570116,108.0
O=C(N)c1ccc(O)cc1,524,200,500,4.163378444157187,11.527351494745053,19.725554802410745,4.100000000000001,6.383193279263224,2048,13700,1048,2860,5240,20.28188398797718,48.75,100,4.2285714285714295,9.126934563595974,0.954557823129252,92,432,2072,1.0005555555555556,4.4333333333333345,9.394205344927391,42.787523305564676,161.0
N#CCc1ccccc1,376,160,366,4.3227666664322975,10.781381627494465,17.84647060011351,4.27979797979798,6.158148935359474,1484,8546,752,1844,3512,18.156703062353053,39.402525252525244,80,4.366666666666667,8.769833763957136,1.1705555555555558,76,328,1444,1.087222222222222,4.366666666666666,8.837982111379,36.880509480136496,-24.0
c1cc2c(cc1Cl)nc(o2)O,778,268,760,4.477836761377221,13.20828535353809,23.80238729650331,4.433033633033633,7.2641660355971895,3076,26636,1556,4658,8948,24.202331228381436,66.08158508158508,134,4.523809523809525,10.344113074217375,0.9113378684807258,116,568,2816,1.0705555555555557,5.033333333333335,10.971914108927058,52.67606712556298,191.0
Cc1cccc(C)c1N,522,188,482,3.6211821562425532,10.333252463683175,17.551083308263113,3.5204351204351205,5.614567969461855,2008,14434,1044,3034,5292,18.478261136364434,44.92105672105672,94,3.728571428571428,8.10428835137957,0.8462244897959186,84,404,2004,0.8961111111111112,3.9666666666666663,8.421847543855286,38.742230881131874,8.0
Nc1cccc(OC)c1,432,172,416,3.9898101188182036,10.576610711368145,17.740370292349755,3.916161616161616,5.905243407015639,1696,10772,864,2246,4220,18.269707361727086,42.01464646464646,86,4.066666666666666,8.456193671195194,1.0299999999999998,80,364,1688,0.9972222222222225,4.166666666666668,8.626836493378834,37.824781390135655,0.0
Clc1cc(ccc1)c2ccccc2,778,288,756,5.678906624476956,15.89449145123723,27.788827828179034,5.634820734820735,8.844738719034469,3068,23404,1556,4404,8336,28.214806064714654,70.94386169386169,144,5.723809523809525,12.580983238672253,1.2291156462585038,128,596,2828,1.4105555555555558,6.233333333333333,13.183059726927222,59.73179521556382,18.0
OCCOCCOCCOCCO,332,176,328,6.787693700234704,15.208374993350516,23.878156862896233,6.742857142857144,8.957566523529124,1320,4816,664,1276,2504,24.12393478896601,43.657142857142865,88,6.833333333333332,12.723614639131599,2.0694444444444446,92,356,1388,1.6944444444444446,6.333333333333332,12.309401076758505,46.9282032302755,-6.0
O=C(CBr)c1ccc(Br)cc1,584,220,554,4.687887475642762,12.768150260075966,21.605446883440155,4.585470085470087,7.061948423553802,2276,15806,1168,3242,5912,22.412157229619964,53.3448717948718,110,4.795238095238097,10.139795160484612,1.1817800453514744,100,468,2248,1.177777777777778,5.000000000000002,10.44333307430656,46.723760875702,109.0
C(=C(Cl)Cl)(C(Cl)(Cl)Cl)Cl,486,168,428,3.270691621455748,9.2674774628342,15.458709473411194,3.1570429570429575,5.003825527679727,1828,13316,972,3048,4832,16.576478611736906,39.274625374625366,84,3.3916666666666666,7.267344927704025,0.7988194444444445,80,416,2252,0.7113718820861679,3.31904761904762,7.25570709994593,35.606889972694276,-73.0
Cc1ccccc1,280,124,274,3.2108249704942384,8.343574419887329,13.911723633103334,3.188888888888889,4.719564740960328,1108,5574,560,1286,2472,14.09051347747691,30.638888888888886,62,3.2333333333333334,6.707845437689333,0.7661111111111112,60,260,1140,0.785,3.3,6.7888543819998315,28.94427190999916,-93.0
Cc1c(c[nH]n1)Br,366,140,344,2.900866309255534,8.105852954499264,13.729904908183633,2.8383838383838382,4.450062314167347,1420,9088,732,1978,3552,14.284195134990123,33.79797979797979,70,2.9666666666666672,6.393044663162263,0.673888888888889,64,300,1444,0.7155555555555555,3.1333333333333337,6.605350962927558,29.843251395565517,75.0
CC(C)CN,102,56,96,2.3618073195657994,5.220947331236296,7.844591357607276,2.3095238095238093,3.035461254151183,396,1216,204,382,688,8.162772227887023,13.523809523809524,28,2.4166666666666665,4.3618073195657985,0.7847222222222222,32,132,560,0.5522222222222222,2.0666666666666664,4.049127729379167,15.936237570137333,-85.0
CC(C)OC(=O)/C=C/C(=O)OC(C)C,544,232,522,6.088989960015097,15.588203779552522,25.693550265402557,6.012987012987014,8.806252384926346,2132,11706,1088,2660,4932,26.313200997619198,56.72337662337662,116,6.166666666666668,12.569230731992791,1.552777777777778,116,524,2396,1.3550000000000002,5.900000000000001,12.366563145999498,54.83281572999746,2.0
O=[N+]([O-])c1cccc(O)c1,528,200,504,4.193499004859991,11.549603637088424,19.71455262002028,4.126884226884227,6.39953263268666,2064,14428,1056,2920,5372,20.292695729821173,48.72163947163947,100,4.261904761904763,9.154576762523867,0.9751133786848074,92,432,2072,1.0005555555555556,4.433333333333334,9.394205344927393,42.78752330556466,97.0
c1c(cc(c(c1Cl)N)Br)Cl,618,216,576,3.9098194114036255,11.339916721289601,19.512343021367194,3.7982128982128986,6.143041955694321,2388,18468,1236,3672,6540,20.518929894842103,51.782167832167836,108,4.0285714285714285,8.86741818692469,0.9034467120181409,96,472,2376,0.9311111111111111,4.266666666666666,9.210701925855115,43.68650279113103,80.0
c1cc2c(cc1N)scn2,682,240,662,4.184479433477039,12.209940645112678,21.813595868179405,4.145931845931846,6.729647355361715,2688,22030,1364,4020,7604,22.189883705215035,59.0549728049728,120,4.223809523809525,9.580983238672257,0.8541156462585036,104,500,2444,1.0355555555555556,4.733333333333334,10.183059726927224,47.731795215563835,88.0
CCCCCCN,140,80,136,3.787693700234704,7.85990576500098,11.878156862896233,3.7428571428571424,4.714925836409837,552,1744,280,508,968,12.123934788966011,19.657142857142855,40,3.8333333333333335,6.723614639131599,1.3194444444444444,44,164,620,0.9444444444444444,3.3333333333333335,6.309401076758503,22.92820323027551,-23.0
c1ccc(cc1)P(CCCP(c2ccccc2)c3ccccc3)c4ccccc4,1888,672,1824,12.878130069814198,36.13459242150754,63.52660902333238,12.793162393162389,20.117314580103788,7424,63184,3776,11352,21168,64.48037170387724,165.28547008547014,336,12.964285714285712,28.601165929669524,2.7636479591836736,292,1364,6532,3.272222222222222,14.333333333333329,30.210258233710054,136.31727749226118,61.0
CC(Oc1c(Cl)cccc1Cl)C2=NCCN2,1058,368,1004,6.6174535285379195,19.105871434793055,33.467342112793766,6.503219003219005,10.47013728143292,4124,34100,2116,6406,11656,34.55529963674454,89.38650238650241,184,6.736904761904764,14.995044357478541,1.4419883786848078,160,772,3820,1.6466666666666667,7.400000000000002,15.816052888782677,73.52975418669654,126.0
Cc1cccc(c1)C=C,432,172,416,3.9898101188182036,10.576610711368145,17.740370292349755,3.916161616161616,5.905243407015639,1696,10772,864,2246,4220,18.269707361727086,42.01464646464646,86,4.066666666666666,8.456193671195194,1.03,80,364,1688,0.9972222222222225,4.166666666666668,8.626836493378834,37.82478139013564,-82.0
Cc1cccc(N)c1C,522,188,482,3.6211821562425532,10.333252463683175,17.551083308263113,3.5204351204351205,5.614567969461855,2008,14434,1044,3034,5292,18.478261136364434,44.92105672105672,94,3.728571428571428,8.10428835137957,0.8462244897959186,84,404,2004,0.8961111111111112,3.9666666666666663,8.421847543855286,38.742230881131874,2.0
Ic1ccccc1Cl,398,156,376,3.4008663092555342,9.330597825890854,15.72990490818363,3.3383838383838382,5.157169095353894,1548,9600,796,2106,3808,16.284195134990124,37.79797979797979,78,3.466666666666667,7.393044663162263,0.798888888888889,72,332,1572,0.8405555555555556,3.6333333333333333,7.605350962927559,33.84325139556552,1.0
CC(=O)Nc1cccc(c1)[N+](=O)[O-],690,260,664,5.506716720875452,14.998196265752378,25.69662601558626,5.436408036408037,8.358984281916271,2708,19640,1380,3844,7176,26.309797948490576,63.62878232878232,130,5.578571428571429,11.931527697532935,1.2926133786848077,120,564,2700,1.2855555555555556,5.733333333333334,12.183059726927224,55.73179521556383,152.0
Oc1ccc(cc1OC)C(C)=O,712,252,670,4.956363209200927,13.760652032983286,23.486396047025682,4.828127428127427,7.554678847367158,2764,21778,1424,4230,7632,24.53551464002869,60.763403263403276,126,5.090476190476189,10.87868104762981,1.2496712018140592,112,540,2680,1.2333333333333334,5.333333333333334,11.259829655234286,51.62274036126836,114.5
C1=CC(=O)NC1=O,340,136,330,2.9630923023288664,8.114824907850794,13.85642012806317,2.9272727272727272,4.517625536785178,1340,8250,680,1736,3300,14.147814324325793,33.40909090909091,68,3.0000000000000004,6.443333074306558,0.6777777777777778,64,296,1384,0.695,3.1,6.577708763999665,29.88854381999832,92.0
O=C(C)Oc1ccccc1[N+]([O-])=O,734,264,694,5.5365567545933665,15.011507755704748,25.62046567985544,5.454822954822956,8.356815738323194,2856,23390,1468,4428,7964,26.388531965518617,64.11526251526253,132,5.620238095238096,11.950946416993439,1.3255994897959187,120,568,2760,1.306111111111111,5.7666666666666675,12.210701925855117,55.686502791131026,40.0
O=S(=O)(OCC)c1ccc(C)cc1,798,276,746,5.36855130110182,14.80438843245242,25.51172580447323,5.261460761460763,8.184566513468898,3088,25506,1596,4932,8708,26.50712593902702,66.56771561771562,138,5.479761904761906,11.747521783999423,1.3323965419501138,124,616,3184,1.2985941043083904,5.685714285714287,12.09368921132493,56.48739945283076,34.0
C(COCCO)O,140,80,136,3.787693700234704,7.859905765000981,11.878156862896235,3.7428571428571424,4.7149258364098365,552,1744,280,508,968,12.123934788966011,19.657142857142855,40,3.8333333333333335,6.723614639131599,1.3194444444444444,44,164,620,0.9444444444444446,3.3333333333333335,6.309401076758505,22.92820323027551,-10.0
Cc1cccc(C)c1O,522,188,482,3.6211821562425532,10.333252463683175,17.551083308263113,3.5204351204351205,5.614567969461855,2008,14434,1044,3034,5292,18.478261136364434,44.92105672105672,94,3.728571428571428,8.10428835137957,0.8462244897959186,84,404,2004,0.8961111111111112,3.9666666666666663,8.421847543855286,38.742230881131874,49.0
c1nncn1N,248,108,242,2.710824970494238,7.118829548495739,11.911723633103335,2.688888888888889,4.012457959773781,980,5062,496,1158,2216,12.09051347747691,26.63888888888889,54,2.7333333333333334,5.707845437689333,0.641111111111111,52,228,1012,0.66,2.8000000000000003,5.788854381999832,24.94427190999916,86.0
c1ccc(c(=O)cc1)O,430,172,408,3.900866309255534,10.55534269728244,17.72990490818363,3.8383838383838387,5.864275876540441,1676,10112,860,2234,4064,18.284195134990124,41.79797979797979,86,3.9666666666666672,8.393044663162263,0.923888888888889,80,364,1700,0.9655555555555556,4.133333333333333,8.60535096292756,37.84325139556552,53.0
Nc1ccccc1C(=O)OC,626,224,580,4.711317711108965,12.798783106413563,21.488386690731648,4.587201687201687,7.049493413845071,2412,18904,1252,3778,6588,22.535373250120305,53.67823287823288,112,4.841666666666667,10.160811616128631,1.220763888888889,100,472,2308,1.1983333333333335,5.033333333333332,10.470975273234453,46.6784684512692,24.0
CC(=O)Nc1ccc(cc1)S(=O)(=O)c2ccc(NC(C)=O)cc2,1564,528,1480,9.325175656287236,26.790959901683248,47.35930795394743,9.204362304362306,14.758741594557396,6088,54120,3128,9900,17792,48.66321345359291,128.41451881451886,264,9.450000000000001,21.082835415329193,2.0184722222222224,232,1152,5896,2.201632653061225,10.171428571428573,22.033838566035726,105.19290861425245,289.0
Cc1cc(C)c(Br)c(C)c1,618,216,576,3.9098194114036255,11.3399167212896,19.512343021367194,3.798212898212898,6.143041955694321,2388,18468,1236,3672,6540,20.518929894842106,51.782167832167836,108,4.0285714285714285,8.86741818692469,0.9034467120181406,96,472,2376,0.9311111111111112,4.266666666666667,9.210701925855115,43.68650279113102,2.0
Clc2cc(Cl)ccc2Oc1ccc(cc1)[N+]([O-])=O,1140,408,1098,7.352169848364995,21.28520130600594,37.54650277482218,7.250738150738152,11.700379213415802,4476,34438,2280,6576,12296,38.46840977445649,99.87004662004665,204,7.457142857142859,16.709515538451743,1.5646712018140596,180,868,4260,1.7861111111111114,8.16666666666667,17.57726507185462,82.51931852112848,70.5
C(CCCCCCCC(=O)O)CCCCCCCO,554,280,548,9.442974579496521,22.350567278519417,35.87328366589089,9.403174603174605,12.980828736627176,2204,8680,1108,2222,4356,36.12834163831002,69.57460317460317,140,9.483333333333334,18.410935048944967,2.5869444444444447,144,580,2352,2.3022222222222224,9.066666666666668,18.04912772937917,71.93623757013734,99.0
COc1ccc(c(c1)[N+](=O)[O-])N,718,252,674,4.976763263310106,13.771117839290447,23.492238384703192,4.850838050838051,7.569428685410448,2784,22686,1436,4356,7792,24.52862882720123,60.74388944388945,126,5.1083333333333325,10.896299252745859,1.2574305555555558,112,540,2680,1.2333333333333334,5.333333333333334,11.259829655234284,51.62274036126836,127.0
CCCCCl,76,48,72,2.7876937002347035,5.4104160222178015,7.878156862896232,2.7428571428571424,3.3007122740367407,296,720,152,252,456,8.123934788966011,11.657142857142855,24,2.833333333333333,4.723614639131599,1.0694444444444444,28,100,364,0.6944444444444444,2.333333333333333,4.309401076758503,14.928203230275507,-123.0
Cc1ccc(cc1)S(=O)(=O)NC(=O)NN2CCCCCC2,1294,464,1240,8.735422905902475,24.824216885879263,43.531347266287504,8.64150294150294,13.728824007327288,5068,40088,2588,7618,14016,44.48245241502303,113.54203574203581,232,8.832142857142859,19.574233719532995,1.8754350907029478,208,1008,5020,2.101371882086168,9.51904761904762,20.41112462794526,95.38397761269088,170.0
CCCCCC=C,140,80,136,3.787693700234704,7.85990576500098,11.878156862896233,3.7428571428571424,4.714925836409837,552,1744,280,508,968,12.123934788966011,19.657142857142855,40,3.8333333333333335,6.723614639131599,1.3194444444444444,44,164,620,0.9444444444444444,3.3333333333333335,6.309401076758503,22.92820323027551,-119.0
c1cc2c(cc1O)CCCC2,714,256,694,4.684479433477039,13.434685516504267,23.813595868179405,4.645931845931846,7.436754136548263,2816,22542,1428,4148,7860,24.189883705215035,63.0549728049728,128,4.723809523809525,10.580983238672257,0.9791156462585036,112,532,2572,1.1605555555555558,5.233333333333334,11.183059726927224,51.731795215563835,62.0
S=C(N)Nc1ccccc1,442,184,432,4.521006096516587,11.79759387528401,19.877233810525073,4.4923520923520925,6.675255967277693,1748,10544,884,2210,4232,20.12424778451754,45.45512265512265,92,4.550000000000001,9.484796372698401,1.0836111111111113,88,392,1768,1.0699999999999998,4.6000000000000005,9.577708763999665,41.88854381999832,149.0
CCOC(=O)C(C)C,282,120,258,3.567391183541946,8.64705611352046,13.638121678557551,3.4717171717171715,4.8884595795372805,1080,5670,564,1416,2424,14.375967238182039,28.55909090909091,60,3.6666666666666674,7.054670976026057,1.0888888888888892,60,268,1248,0.8577777777777778,3.4,6.8656243103068935,28.83521705570369,-88.0
Oc2ccc(Oc1ccccc1)cc2,768,300,758,6.138085123841349,17.096281686504522,29.878597196814848,6.110101010101009,9.551267100029037,3052,20458,1536,4014,7840,30.123777654219356,74.45707070707071,150,6.166666666666667,13.551540525399902,1.3083333333333336,136,624,2896,1.5150000000000001,6.700000000000002,14.155417527999331,63.77708763999662,80.0
C1=CC(=C(C(=C1[N+](=O)[O-])Cl)Cl)Cl,814,268,744,4.636257771978326,13.547228579410467,23.298039086876265,4.483538683538684,7.296290366291175,3116,27364,1628,5252,9028,24.746540250488955,63.5904428904429,134,4.798809523809524,10.57043839567461,1.088212868480726,116,580,2996,1.1322222222222225,5.133333333333333,11.054840705710737,52.54018985226458,55.5
COCOC,76,48,72,2.7876937002347035,5.4104160222178015,7.878156862896232,2.7428571428571424,3.3007122740367407,296,720,152,252,456,8.123934788966011,11.657142857142855,24,2.833333333333333,4.723614639131599,1.0694444444444444,28,100,364,0.6944444444444444,2.333333333333333,4.309401076758503,14.928203230275507,-105.0
Cc1c(cnn1c2ccccc2)C(=O)O,1076,356,1012,6.190248958031148,17.88693024854108,31.450001656687014,6.078632478632478,9.794665987684779,4176,38972,2152,6970,12472,32.5748433008689,86.11709401709405,178,6.307142857142858,14.040507539683425,1.3645323129251703,152,744,3752,1.5422222222222222,6.933333333333334,14.84369508771057,69.48446176226372,167.0
Nc1cc(N)c(C)cc1,490,184,466,3.6561702310832747,10.321166358513182,17.69116462128771,3.582828282828283,5.6660970952775385,1912,13030,980,2684,4936,18.324863893467793,44.65909090909091,92,3.7333333333333343,8.12853229977949,0.8355555555555558,84,400,1944,0.8755555555555556,3.9333333333333336,8.39420534492739,38.787523305564676,97.0
CC(C)c1ccccc1Cl,566,204,524,4.184906309078192,11.561280853041422,19.597072460804778,4.098068598068598,6.368265908990476,2180,16468,1132,3396,5864,20.41742788358204,49.00826950826951,102,4.2749999999999995,9.147951019239995,0.9935416666666668,92,436,2132,1.0211111111111113,4.466666666666668,9.421847543855284,42.74223088113187,-74.0
c1cc(ccc1CC(=O)O)C(F)(F)F,830,296,788,5.572454443536747,15.806133230535998,27.652297913710804,5.504562104562106,8.73390960801495,3236,24884,1660,4918,8864,28.35473668235844,72.13106893106895,148,5.6416666666666675,12.467304088333506,1.2140972222222224,136,676,3448,1.2608163265306127,5.885714285714288,12.805773665017702,61.54072621712538,80.0
CCc1ccccc1Br,464,176,434,3.9627197394724236,10.57452560905521,17.628469944354205,3.8682983682983685,5.861699205840182,1796,12234,928,2596,4604,18.3889974532109,42.3958818958819,88,4.061904761904762,8.431949722795277,1.040668934240363,80,368,1748,1.017777777777778,4.2,8.654478692306725,37.779488965702846,-68.0
CC(C)C(CC)C(C)C,414,152,360,3.758706821790786,9.689509503732701,15.40923690202725,3.6153846153846154,5.331674367314001,1548,10376,828,2530,3904,16.61596611724733,35.30769230769231,76,3.908333333333334,7.760449602724622,1.1063194444444446,72,340,1680,0.9133333333333334,3.7333333333333334,7.68212089123462,33.73419654127005,-122.0
O=[N+]([O-])c1ccc(Cl)cc1Cl,658,232,614,4.440210230905931,12.551849385663749,21.558332173908862,4.342513042513042,6.877193908914121,2544,19898,1316,3974,6992,22.458096642059708,55.86938061938062,116,4.541666666666667,9.883438655857223,1.0302083333333334,104,504,2504,1.0561111111111114,4.7666666666666675,10.210701925855117,47.686502791131026,30.5
O=C=N/c1cc(ccc1C)N=C=O,688,256,660,5.92124679171857,15.193377360650807,25.61311490707194,5.817404817404817,8.57535914136956,2696,20440,1376,3908,7292,26.40019092707251,62.42004662004663,128,6.028571428571428,12.278553415059477,1.6590022675736966,116,536,2552,1.4800000000000002,6.066666666666667,12.492460803685727,54.659998445839335,20.5
Nc4ccc1ccc2cccc3ccc4c1c23,1668,500,1606,6.778106624057344,21.19647430374895,39.559708902988326,6.697892630245573,11.510189351308085,6548,77610,3336,11800,22040,40.45188721811817,122.45001158971749,250,6.860714285714287,16.419853097443408,1.2640669879062745,200,1024,5360,1.7233333333333327,8.200000000000003,18.054397013565687,89.17096455339471,116.0
O=C1C=C(C)C(=O)C(C)=C1,618,216,576,3.9098194114036255,11.3399167212896,19.512343021367194,3.798212898212898,6.143041955694321,2388,18468,1236,3672,6540,20.518929894842106,51.782167832167836,108,4.0285714285714285,8.86741818692469,0.9034467120181406,96,472,2376,0.9311111111111112,4.266666666666667,9.210701925855115,43.68650279113102,70.0
CC(CN1CCOCC1)C(C(=O)N2CCCC2)(c3ccccc3)c4ccccc4,2396,732,2226,12.33351564722762,35.56138990047247,63.02486886657701,12.16211916738232,19.54702622356976,9244,115118,4792,18120,31128,65.02972554346576,176.8806445016972,366,12.515476190476189,27.955827410471958,2.6669628684807263,304,1508,7852,3.1438208616780043,13.976190476190473,29.784484275000693,138.78634952407887,180.0
c1c(cc(c(c1Cl)C(=O)O)Cl)Cl,798,264,732,4.731439241023707,13.58365587169021,23.399961250948042,4.601875901875903,7.382717636396776,3060,27144,1596,5232,8916,24.62552581306081,62.98766233766234,132,4.866666666666667,10.652515823586509,1.1103703703703707,116,576,2936,1.1116666666666668,5.1,11.027198506782842,52.585482276697384,163.0
O=[N+]([O-])c1ccc(cc1)C=NO,620,236,592,5.275320140095247,13.965158702352193,23.660301769420915,5.190909090909091,7.82177747366237,2424,16672,1240,3418,6280,24.348073572853327,57.513636363636365,118,5.3619047619047615,11.188922889863779,1.3590022675736966,108,500,2376,1.302777777777778,5.5,11.443333074306562,50.723760875702,130.0
c1ccc(cc1)I,280,124,274,3.2108249704942384,8.343574419887327,13.911723633103335,3.188888888888889,4.719564740960329,1108,5574,560,1286,2472,14.090513477476907,30.638888888888886,62,3.2333333333333334,6.707845437689333,0.766111111111111,60,260,1140,0.7849999999999999,3.3,6.7888543819998315,28.94427190999916,-31.0
C1=CC=NC(=C1)NS(=O)(=O)C2=CC=C(C=C2)N,1106,388,1060,6.991088419437484,20.139510945809143,35.62518466893793,6.918892218892221,11.11158741364464,4332,35812,2212,6656,12248,36.3861185910189,94.96569541569542,194,7.065476190476192,15.83874608291577,1.4637684240362818,172,844,4264,1.6913718820861683,7.719047619047622,16.622270245945426,78.43970570269174,190.0
c1ccc(cc1)C(=O)c2cccc(c2)Br,934,336,896,6.401056690663227,18.11866156954475,31.621858106161373,6.320535020535021,10.01171673489299,3660,29088,1868,5460,10128,32.39698496707458,82.14386169386171,168,6.485714285714287,14.292226926889562,1.4014512471655332,148,700,3388,1.5911111111111114,7.066666666666667,14.99955630785495,68.63077470113016,76.0
c1ccc(c(c1)C(=O)O)F,566,204,524,4.184906309078191,11.561280853041422,19.597072460804785,4.098068598068598,6.368265908990477,2180,16468,1132,3396,5864,20.41742788358204,49.00826950826951,102,4.275000000000001,9.147951019239997,0.993541666666667,92,436,2132,1.0211111111111113,4.466666666666667,9.421847543855286,42.742230881131874,124.0
CN1CCN(CC1)C2=Nc4cc(Cl)ccc4Nc3ccccc23,1820,600,1774,9.454184399071819,28.276194260312668,51.62094119021791,9.379082029082031,15.53715214277355,7188,69570,3640,11544,22008,52.38680073302186,147.96724386724387,300,9.530952380952385,22.09978340183187,1.857536848072563,252,1244,6252,2.3422222222222224,10.933333333333332,23.787966997709724,114.20582131225946,183.5
COc1ccc(C=O)cc1,488,192,468,4.491303629981266,11.782350361342974,19.657293318492844,4.387878787878788,6.574906046612265,1912,12260,976,2568,4792,20.358387768500354,46.75151515151515,96,4.6000000000000005,9.44141206915594,1.2366666666666668,88,400,1864,1.1744444444444446,4.733333333333334,9.675964222758001,41.76101896027298,-1.0
ClC(Cl)c1ccccc1,436,172,414,3.941407855662781,10.55287868710682,17.76429508930666,3.8888888888888893,5.893811265648401,1700,10874,872,2342,4232,18.241215229499517,41.888888888888886,86,3.9952380952380953,8.41908912590664,0.9384467120181407,80,364,1700,0.9655555555555555,4.133333333333333,8.605350962927558,37.84325139556552,-16.0
O=C(c1ccccc1)c2cccs2,810,292,774,5.648965541466016,15.89719174817156,27.67160057544775,5.582539682539683,8.798888586668188,3168,25022,1620,4754,8732,28.345504466752924,71.31111111111112,146,5.719047619047619,12.556739290272336,1.2397845804988665,128,600,2888,1.4311111111111112,6.266666666666667,13.210701925855117,59.68650279113102,57.0
Cc1cc(c(c(c1)C)S(=O)(=O)Cl)C,954,300,870,4.855511771716346,14.420801623091874,25.37941502327846,4.732828282828284,7.7985526273112145,3648,35586,1908,6672,11136,26.6453616043576,71.55909090909091,150,4.9833333333333325,11.237850958613349,1.0597222222222225,132,688,3684,1.0869274376417237,5.252380952380953,11.649912444873321,58.39441327825894,55.0
Brc1ccc(Br)c(N)c1,490,184,466,3.656170231083273,10.32116635851318,17.691164621287715,3.5828282828282823,5.6660970952775385,1912,13030,980,2684,4936,18.324863893467793,44.65909090909091,92,3.7333333333333325,8.128532299779488,0.8355555555555556,84,400,1944,0.8755555555555556,3.9333333333333336,8.394205344927391,38.787523305564676,51.0
c1cc(ccc1O)Sc2ccc(cc2)O,856,328,844,6.360055712335757,18.070754494142758,31.839856909918932,6.321212121212122,10.040649113643859,3400,23284,1712,4532,8848,32.16444641269702,81.31818181818183,164,6.400000000000001,14.259385963089237,1.3244444444444448,148,692,3268,1.5500000000000005,7.000000000000002,14.944271909999163,68.72135954999575,153.0
C(CBr)Br,44,32,42,2.299659828522119,4.161760458079524,5.919183588453084,2.2666666666666666,2.6053509629275577,172,306,88,124,228,6.082482904638631,7.800000000000001,16,2.333333333333333,3.7236146391315983,0.9444444444444444,20,68,236,0.5694444444444444,1.833333333333333,3.309401076758503,10.928203230275507,10.0
c1cc(c(cc1Cl)C(=O)O)[N+](=O)[O-],826,280,774,5.23449570178705,14.764583026347983,25.491714458594238,5.122427572427573,8.102090731656153,3200,28950,1652,5264,9372,26.523439013564094,67.52322677322678,140,5.350000000000001,11.638345011934957,1.2248611111111114,124,608,3064,1.2366666666666668,5.6000000000000005,12.027198506782844,56.58548227669739,138.0
O=C(O)c1ccc(OCCCC)cc1,684,268,658,6.283486225290509,16.399202915032156,27.690912713538594,6.206782106782108,9.244373086347487,2684,17822,1368,3674,6824,28.315669576789542,65.63665223665224,134,6.361904761904762,13.18892288986378,1.6090022675736966,124,564,2632,1.552777777777778,6.5,13.443333074306562,58.723760875702,147.0
O=C1c3ccccc3Cc2ccccc12,1234,396,1182,6.220127465786371,18.554049710113674,33.589931977213716,6.141880341880344,10.152428202330897,4832,48550,2468,8130,15036,34.429449358662055,96.74188034188037,198,6.302380952380953,14.494556214759701,1.264090136054422,164,812,4124,1.5772222222222223,7.233333333333335,15.632549469710403,74.42873367226288,156.5
COc1ccc(cc1O)[C@@H]2CC(=O)c3c(cc(cc3O2)O)O,1762,564,1680,8.75576459773692,26.213665782302375,47.198578186075345,8.572777222777226,14.24739752772753,6884,67188,3524,11526,21196,48.83700432923238,137.1275641025641,282,8.947619047619051,20.439294221368886,1.9091572184429324,236,1188,6104,2.165,10.033333333333333,21.864736926016782,106.096766457964,230.0
Cc1cc(cc(c1)N)C,468,180,450,3.740083568503631,10.367403882264046,17.759785364878386,3.681818181818181,5.739456478492807,1836,12150,936,2502,4680,18.246669619045523,43.97727272727272,90,3.8000000000000003,8.206462909851679,0.8600000000000001,84,396,1884,0.8550000000000001,3.900000000000001,8.366563145999496,38.83281572999748,10.0
CCC#CC,76,48,72,2.7876937002347035,5.4104160222178015,7.878156862896232,2.7428571428571424,3.3007122740367407,296,720,152,252,456,8.123934788966011,11.657142857142855,24,2.833333333333333,4.723614639131599,1.0694444444444444,28,100,364,0.6944444444444444,2.333333333333333,4.309401076758503,14.928203230275507,-109.0
N#CCC(=O)OCC,228,108,214,3.982186500338419,8.885902016745197,13.728658607764213,3.9,5.175085789626827,884,3994,456,1026,1840,14.279256258570495,26.049999999999997,54,4.066666666666667,7.431460076820931,1.3355555555555558,56,232,992,0.9794444444444446,3.6333333333333337,7.098255458758336,27.87247514027467,-22.0
C/C(C)=CC=C(/C)C,232,112,226,3.60382826775842,8.661780558081546,13.89317850888592,3.5746031746031743,4.989504649440827,916,4002,464,992,1892,14.10782612815438,27.603174603174605,56,3.6333333333333337,7.098255458758335,0.9794444444444446,60,260,1140,0.785,3.3000000000000003,6.788854381999832,28.94427190999916,13.0
c1ccc2c(c1)c(c[nH]2)CCO,822,280,788,5.3303186088292795,14.653909203058168,25.696540038996986,5.263247863247864,8.171326450712398,3220,29428,1644,5162,9536,26.30963488298579,68.4594017094017,140,5.398809523809524,11.662390284400566,1.2915462018140593,120,572,2808,1.3583333333333336,5.833333333333334,12.259829655234286,55.62274036126834,58.0
COP(=S)(OC)SCC(=O)NC,562,212,516,5.063472168634515,13.213099658480765,21.27778576028152,4.8555999555999545,7.25002956576706,2156,14824,1124,3172,5524,22.776365983462917,50.2490564990565,106,5.288095238095238,10.551947445213528,1.5457993197278914,100,484,2464,1.3233333333333337,5.2,10.596872930920684,46.50565116711107,51.5
c1cc(c(cc1[N+](=O)[O-])C(=O)O)O,814,280,762,5.180452149351893,14.74411076501073,25.46642071237372,5.0615606615606605,8.063717911081469,3152,26342,1628,5030,8944,26.551617195295318,67.45088245088245,140,5.303571428571429,11.59468234407453,1.2025439342403632,124,608,3064,1.2366666666666668,5.6000000000000005,12.027198506782844,56.58548227669739,232.0
C(CCCCCCBr)CCCCCBr,364,192,360,7.287693700234705,16.433119864742107,25.878156862896233,7.242857142857143,9.66467330471567,1448,5328,728,1404,2760,26.12393478896601,47.657142857142865,96,7.333333333333333,13.7236146391316,2.1944444444444446,100,388,1516,1.8194444444444446,6.833333333333333,13.309401076758505,50.92820323027551,40.0
CC(=C)c1ccccc1,436,172,414,3.941407855662781,10.55287868710682,17.76429508930666,3.8888888888888893,5.893811265648401,1700,10874,872,2342,4232,18.241215229499517,41.888888888888886,86,3.9952380952380953,8.41908912590664,0.9384467120181407,80,364,1700,0.9655555555555555,4.133333333333333,8.605350962927558,37.84325139556552,-23.0
CC1=CC(=NO1)NS(=O)(=O)C2=CC=C(C=C2)N,1166,400,1118,6.746392341265224,19.905334607039883,35.58644438204202,6.663336663336666,10.913408632381737,4568,38730,2332,7106,13120,36.42678734949657,97.82680652680654,200,6.832142857142859,15.574233719532996,1.3754350907029484,176,880,4508,1.6013718820861682,7.519047619047621,16.41112462794526,79.3839776126909,168.0
CC(CC)(CO)CO,374,136,326,3.2895161747844748,8.58366900909606,13.261309972214463,3.0779220779220773,4.602860334779767,1400,9518,748,2210,3556,14.804698321949669,31.162337662337656,68,3.521428571428572,6.816459808596301,1.1341326530612246,64,320,1708,0.9133333333333333,3.4000000000000004,6.808018548920851,29.56137925711192,44.0
CCc2oc1ccccc1c2C(=O)c3ccc(O)cc3,1588,508,1520,8.272588695402623,24.218970485995683,43.365514059586786,8.129943912296856,13.261486735594453,6216,65064,3176,10592,19624,44.66484511025322,123.86064262534852,254,8.422619047619047,18.982741680883436,1.8315877739984894,212,1052,5360,2.0949999999999998,9.433333333333334,20.28702816201712,96.20822263796572,124.0
CCOC(=O)C=C2SC(N1CCCCC1)C(=O)N2CC,1366,456,1300,8.657020560713894,23.793099307073117,41.29768230884161,8.486957486957492,13.182182785051518,5332,51356,2732,8784,16144,42.737672402686016,110.75698745698747,228,8.835714285714287,18.904530761129354,2.192979024943311,196,948,4732,2.1816666666666666,9.366666666666669,19.730804928468736,90.30120881253754,86.0
OC(=O)Cc1ccccc1,442,184,432,4.521006096516587,11.79759387528401,19.877233810525073,4.4923520923520925,6.675255967277693,1748,10544,884,2210,4232,20.12424778451754,45.45512265512265,92,4.550000000000001,9.484796372698401,1.0836111111111113,88,392,1768,1.0699999999999998,4.6000000000000005,9.577708763999665,41.88854381999832,79.0
CC(Cl)(F)F,128,64,128,2.0,4.898979485566357,8.0,2.0,2.8284271247461907,512,2048,256,512,1024,8.0,16.0,32,2.0,4.0,0.5,40,200,1000,0.32,1.5999999999999999,3.5777087639996634,17.88854381999832,-131.0
Cc1c(c(c(c(c1F)F)F)F)F,936,288,840,4.332900397117624,13.345020709845132,22.998181667894023,4.114285714285715,7.001868095151148,3552,34104,1872,6336,10752,25.093073414159537,67.2,144,4.57142857142857,10.267462129303844,1.0340136054421774,120,624,3360,1.0833333333333335,4.999999999999999,10.898979485566358,53.39387691339814,-30.0
CCC(C)N,102,56,96,2.3618073195657994,5.220947331236295,7.8445913576072765,2.309523809523809,3.0354612541511825,396,1216,204,382,688,8.162772227887022,13.52380952380952,28,2.416666666666667,4.361807319565799,0.7847222222222223,32,132,560,0.5522222222222222,2.0666666666666664,4.049127729379167,15.936237570137333,-104.0
COC(=O)c1cc2ccccc2cc1O,1064,356,1014,6.23100113069563,17.883520213409355,31.462339226213498,6.102686202686205,9.802266696133348,4156,37862,2128,6700,12332,32.560930190700205,86.5167277167277,178,6.365476190476193,14.061591616039447,1.4543239795918366,152,744,3740,1.5738888888888891,6.966666666666669,14.865180618161846,69.46599175683386,73.0
CCCCCCCCCCCCCCCCCC,492,256,488,9.287693700234703,21.332099350308454,33.87815686289623,9.242857142857146,12.493100429461856,1960,7376,984,1916,3784,34.12393478896601,63.657142857142865,128,9.333333333333334,17.723614639131597,2.6944444444444446,132,516,2028,2.3194444444444446,8.833333333333334,17.309401076758505,66.92820323027551,28.0
c1cc2cnccc2c(c1)[N+](=O)[O-],920,308,872,5.463717884734229,15.670985764168748,27.601102126145424,5.384188034188035,8.623185916775569,3584,33576,1840,5914,10704,28.40866812932223,74.87264957264959,154,5.545238095238095,12.329263851466116,1.192196712018141,132,640,3192,1.3616666666666668,6.100000000000001,13.027198506782844,60.5854822766974,108.0
COc1ccc(/C=C/C)cc1,524,208,506,5.073991290423014,12.988006002041406,21.699885299360304,4.984848484848484,7.330510594992854,2060,13302,1048,2744,5176,22.310974587103605,50.88939393939394,104,5.166666666666668,10.490539798535108,1.4138888888888892,96,432,1992,1.2994444444444446,5.233333333333334,10.675964222758001,45.76101896027298,21.0
CC(C)C(C)(C)CCC,448,160,400,3.6038524891676427,9.470723050079037,15.452959709182743,3.475990675990676,5.20987296176143,1696,12208,896,2696,4448,16.57469878511413,37.50489510489511,80,3.7380952380952377,7.569607202301276,1.039965986394558,76,384,2056,0.8535941043083901,3.585714285714286,7.515980447325266,34.598855632832446,-117.0
CC(=O)OO,102,56,96,2.3618073195657994,5.220947331236296,7.844591357607276,2.3095238095238093,3.035461254151183,396,1216,204,382,688,8.162772227887023,13.523809523809524,28,2.4166666666666665,4.3618073195657985,0.7847222222222222,32,132,560,0.5522222222222222,2.0666666666666664,4.049127729379167,15.936237570137333,0.1
C(P(=O)(O)O)P(=O)(O)O,424,160,400,3.3157371050334246,9.196913436059841,15.817729923283038,3.282051282051283,5.109400392450458,1648,11200,848,2408,4240,16.18572803671775,38.97435897435897,80,3.3500000000000005,7.284815545186212,0.72625,84,444,2364,0.5911111111111111,3.0666666666666673,6.999556307854949,36.63077470113018,203.0
O=CNc1ccccc1,376,160,366,4.3227666664322975,10.781381627494465,17.84647060011351,4.27979797979798,6.158148935359474,1484,8546,752,1844,3512,18.156703062353053,39.402525252525244,80,4.366666666666667,8.769833763957136,1.1705555555555558,76,328,1444,1.087222222222222,4.366666666666666,8.837982111379,36.880509480136496,47.0
CC(C)CCCCCC,234,120,228,4.44297457949652,10.103118564603538,15.873283665890892,4.4031746031746035,5.9097609247617084,924,3560,468,942,1796,16.128341638310005,29.574603174603173,60,4.483333333333333,8.410935048944967,1.3369444444444445,64,260,1072,1.0522222222222224,4.066666666666666,8.049127729379167,31.936237570137337,-80.0
COc1ccc(c(c1OC)C(=O)O)C=O,1030,328,946,6.392803857590228,17.279844068662534,29.100904989479865,6.164947797300737,9.47024653646172,3952,41246,2060,7118,12352,30.941549065412286,77.92264451235039,164,6.632142857142857,13.734963060273786,1.8335832388510964,140,688,3524,1.6638888888888892,6.833333333333332,14.202223893848242,64.34890256267659,147.0
O=Cc1cccc(C#N)c1,492,192,472,4.522100744307626,11.803335451544124,19.64908849663672,4.4161616161616175,6.591983475946445,1928,12944,984,2628,4920,20.366678039628756,46.73131313131313,96,4.633333333333335,9.469054268083832,1.257222222222222,88,400,1864,1.1744444444444446,4.733333333333334,9.675964222758001,41.76101896027298,77.0
Clc1ccccc1/C=C(C#N)C#N,680,256,646,5.750298661834988,15.241872013986903,25.503162905336644,5.612354312354311,8.472134627094588,2652,19218,1360,3812,7000,26.519939649365615,62.03317793317794,128,5.895238095238095,12.180297956301139,1.5545578231292518,116,536,2552,1.4800000000000004,6.066666666666666,12.492460803685729,54.65999844583931,95.0
Cc1ccc(cc1[N+](=O)[O-])F,658,232,618,4.444472637820684,12.544393099114469,21.583520180416233,4.35083805083805,6.882688616479644,2552,20514,1316,3974,7092,22.43165814929956,56.02722277722279,116,4.541666666666667,9.883438655857223,1.0302083333333334,104,504,2504,1.056111111111111,4.766666666666667,10.210701925855117,47.68650279113103,26.0
C(CC(=O)Cl)C(=O)Cl,232,112,226,3.60382826775842,8.661780558081544,13.89317850888592,3.574603174603174,4.989504649440827,916,4002,464,992,1892,14.10782612815438,27.603174603174608,56,3.6333333333333337,7.098255458758335,0.9794444444444446,60,260,1140,0.785,3.3,6.7888543819998315,28.94427190999916,17.0
C=CCCC(=O)O,170,88,164,3.4429745794965196,7.653628821820358,11.873283665890888,3.403174603174603,4.495547362388613,668,2536,340,686,1284,12.128341638310005,21.574603174603176,44,3.4833333333333334,6.4109350489449675,1.0869444444444445,48,196,816,0.8022222222222223,3.0666666666666664,6.049127729379167,23.936237570137333,-22.0
IC#N,16,16,16,2.0,2.8284271247461903,4.0,2.0,2.0,64,64,32,32,64,4.0,4.0,8,2.0,2.82842712474619,1.0,12,36,108,0.4444444444444444,1.3333333333333333,2.309401076758503,6.928203230275509,146.0
CC(C)(O)C(C)(C)O,488,160,434,2.553501123769649,7.793103832776879,13.545096630100028,2.4675324675324672,4.152658618758013,1844,14210,976,3128,5068,14.4728276093045,37.545454545454554,80,2.6428571428571423,6.023715784073818,0.538265306122449,76,428,2524,0.5112499999999999,2.6500000000000004,6.073669927186044,32.48966997948986,43.0
c1cc(ccc1CC(=O)O)O,530,212,518,4.7429766850109925,12.772066682922242,21.838493523629158,4.703463203463203,7.164637980892516,2096,13370,1060,2728,5240,22.164916542995208,52.316233766233765,106,4.783333333333331,10.192641810387732,1.0997222222222223,100,460,2140,1.1050000000000002,4.900000000000001,10.366563145999498,46.83281572999748,149.0
CC=1CCC[C@](C)(C)C=1/C=CC(C)=CC=CC(C)=CCO,1214,432,1136,8.838951774093578,24.161044489231234,41.27181759879569,8.67876012876013,13.39183592043926,4700,38156,2428,7416,13044,42.75387769220888,104.3848068598069,216,9.004761904761907,19.196802190490143,2.158114134542707,196,948,4756,2.139149659863946,9.319047619047621,19.699040174252488,90.33065084839627,63.0
C=CCC(C(=O)O)C(=O)O,450,168,402,4.347168776449851,10.88519542722031,17.48010122467133,4.223076923076922,6.0940616856083425,1704,11922,900,2706,4380,18.5356384795341,39.611538461538466,84,4.4750000000000005,8.80957733210379,1.283541666666667,80,372,1808,1.0383333333333333,4.2333333333333325,8.68212089123462,37.73419654127005,104.0
c1cncnc1N,280,124,274,3.2108249704942384,8.343574419887329,13.911723633103335,3.1888888888888896,4.719564740960329,1108,5574,560,1286,2472,14.09051347747691,30.63888888888889,62,3.2333333333333343,6.7078454376893335,0.7661111111111112,60,260,1140,0.7850000000000001,3.3000000000000007,6.788854381999833,28.94427190999916,150.0
c1ccc2c(c1)C(=O)c3c(ccc(c3C2=O)N)N,1680,496,1580,7.0278884595777065,21.574130486049647,39.16691127504131,6.85932400932401,11.623581453484077,6520,77820,3360,12164,21960,40.88253647668563,119.58900543900545,248,7.207142857142858,16.725706765156357,1.4713841647770225,200,1032,5480,1.764444444444444,8.26666666666667,18.109681411421477,89.08037970452912,263.0
C(CSSCCO)O,172,96,168,4.287693700234704,9.08465063639257,13.878156862896233,4.242857142857143,5.422032617596385,680,2256,344,636,1224,14.123934788966011,23.657142857142855,48,4.333333333333334,7.723614639131599,1.4444444444444444,52,196,748,1.0694444444444446,3.8333333333333335,7.309401076758505,26.92820323027551,25.0
c1ccc2c(c1)cc3ccccc3c2[N+](=O)[O-],1414,444,1354,7.051511678269189,20.780734232571962,37.548487115756714,6.964849529555411,11.406055657651843,5536,60810,2828,9690,17892,38.463469269293924,108.47829490770668,222,7.14047619047619,16.27965385142152,1.4710137944066521,184,916,4684,1.7577777777777777,8.06666666666667,17.44904605063813,83.32771315782922,141.0
c1ccc(c(c1)C=O)F,464,176,434,3.9627197394724236,10.574525609055208,17.628469944354205,3.868298368298368,5.861699205840183,1796,12234,928,2596,4604,18.3889974532109,42.3958818958819,88,4.061904761904763,8.431949722795276,1.040668934240363,80,368,1748,1.017777777777778,4.200000000000001,8.654478692306727,37.779488965702846,-45.0
CC(=C)OC(=O)C,204,96,192,3.12589765768623,7.473378871701724,11.83713013733938,3.0857142857142854,4.28862684814117,792,3456,408,924,1632,12.16538667329339,23.314285714285717,48,3.166666666666667,6.12589765768623,0.875,52,228,1012,0.6599999999999999,2.8,5.7888543819998315,24.94427190999916,-93.0
C1CN2CCN1CC2,516,192,510,3.3908902300206654,9.96678323975742,17.95031034556726,3.3818181818181814,5.515502731034191,2052,14550,1032,2796,5460,18.049896265113656,47.72727272727272,96,3.4000000000000004,7.816052888782676,0.6466666666666667,84,396,1884,0.8550000000000002,3.900000000000001,8.366563145999496,38.83281572999748,158.0
c1ccc(cc1)CSCC(=O)O,502,216,492,5.486213630889376,14.233893768385396,23.872208347225854,5.455988455988456,8.068472855209917,1988,11000,1004,2406,4628,24.12870591563327,53.443001443001435,108,5.516666666666667,11.457154173770506,1.3130555555555556,104,456,2024,1.32,5.6000000000000005,11.577708763999665,49.88854381999832,62.0
CCCCCS,108,64,104,3.287693700234704,6.635160893609391,9.878156862896235,3.2428571428571424,4.007819055223289,424,1232,216,380,712,10.123934788966011,15.657142857142855,32,3.3333333333333335,5.723614639131599,1.1944444444444444,36,132,492,0.8194444444444444,2.8333333333333335,5.309401076758503,18.92820323027551,-76.0
Nc1ccc(Cl)cc1OC,556,204,526,4.220383697669717,11.560934367087027,19.6034955150682,4.117404817404816,6.373649552765332,2164,15950,1112,3174,5780,20.41555559403293,49.3397435897436,102,4.328571428571428,9.167437359412501,1.0773356009070296,92,436,2120,1.052777777777778,4.500000000000001,9.44333307430656,42.72376087570201,51.0
COc1ccccc1OCC(CO)O,714,272,678,6.250115992765027,16.46124427044942,27.510838334214363,6.116017316017316,9.181713768845155,2784,19838,1428,3988,7276,28.50953057994208,66.00757575757575,136,6.390476190476191,13.178700220117625,1.6735600907029482,124,568,2680,1.6050000000000004,6.566666666666667,13.492460803685727,58.65999844583932,81.0
Oc1c(Cl)ccc(Cl)c1Cl,646,220,592,3.848905031428908,11.322361518649327,19.408881626245826,3.7172605172605175,6.080668184020722,2476,19768,1292,3962,6864,20.635517679224737,52.23216783216784,110,3.99047619047619,8.815532039596878,0.893560090702948,96,476,2436,0.9516666666666668,4.3,9.238344124783012,43.641210366698225,56.0
Cc1ccc(cc1Cl)Cl,490,184,466,3.656170231083273,10.32116635851318,17.691164621287715,3.5828282828282823,5.666097095277539,1912,13030,980,2684,4936,18.324863893467793,44.65909090909091,92,3.733333333333333,8.128532299779488,0.8355555555555556,84,400,1944,0.8755555555555555,3.9333333333333336,8.394205344927391,38.787523305564676,-13.0
C=C(C)CCCCCC,234,120,228,4.44297457949652,10.103118564603538,15.873283665890892,4.4031746031746035,5.9097609247617084,924,3560,468,942,1796,16.128341638310005,29.574603174603173,60,4.483333333333333,8.410935048944967,1.3369444444444445,64,260,1072,1.0522222222222224,4.066666666666666,8.049127729379167,31.936237570137337,-78.0
c1ccc2cc(ccc2c1)c1ccc2ccccc2c1,1554,524,1514,8.38491765397068,25.060815491843037,45.70297291912587,8.332356532356535,13.786961682999586,6136,54842,3108,9550,18156,46.30058060781553,129.29059829059833,262,8.438095238095242,19.591771204020873,1.618458049886622,220,1072,5320,2.126666666666667,9.799999999999999,21.182616034782168,100.36256991669397,187.0
c1ccc(cc1)C(=C(c2ccccc2)c3ccccc3)c4ccccc4,1858,628,1802,11.512329862711074,32.47617142050681,57.614394528124606,11.444444444444438,18.080394257133747,7320,74970,3716,12026,22628,58.38989321964953,154.7222222222223,314,11.580952380952377,25.69099120411005,2.4589720332577483,268,1272,6208,2.9177777777777782,12.866666666666664,27.23790043263795,124.27198506782837,224.0
c1cc2c(cccc2[N+](=O)[O-])c(c1)[N+](=O)[O-],1218,388,1144,6.501812096078149,18.891604211850453,33.372532742266564,6.373931623931625,10.32329496876423,4724,48776,2436,8258,14784,34.645092065565095,93.70085470085473,194,6.633333333333334,14.813032100877205,1.441944444444445,164,816,4184,1.5977777777777775,7.266666666666668,15.660191668638296,74.38344124783009,216.0
c1ccc(cc1)OC(=O)c2ccccc2C(=O)Oc3ccccc3,1534,548,1480,10.379823235818884,29.348641071159737,51.51481292776595,10.28024753024753,16.26880443274684,6028,50032,3068,9106,17000,52.50308478490686,134.50682650682657,274,10.483333333333333,23.17455667536019,2.2404166666666665,240,1132,5460,2.591666666666667,11.499999999999998,24.39376165278233,111.41829800669481,75.0
CC(=O)CCCC(=O)O,264,128,256,4.098255458758336,9.896841621422915,15.868410468885546,4.063492063492064,5.690382450740484,1040,4352,528,1120,2112,16.132748487654002,31.49206349206349,64,4.133333333333334,8.098255458758336,1.1044444444444446,68,292,1268,0.9100000000000001,3.8000000000000003,7.788854381999832,32.94427190999916,12.0
BrC(Br)CBr,102,56,96,2.3618073195657994,5.220947331236296,7.844591357607276,2.3095238095238093,3.035461254151183,396,1216,204,382,688,8.162772227887023,13.523809523809524,28,2.4166666666666665,4.3618073195657985,0.7847222222222222,32,132,560,0.5522222222222222,2.0666666666666664,4.049127729379167,15.936237570137333,-29.0
CN(C)c1ccccc1,436,172,414,3.941407855662781,10.55287868710682,17.76429508930666,3.8888888888888893,5.893811265648401,1700,10874,872,2342,4232,18.241215229499517,41.888888888888886,86,3.9952380952380953,8.41908912590664,0.9384467120181407,80,364,1700,0.9655555555555555,4.133333333333333,8.605350962927558,37.84325139556552,2.0
Cc1ccc(CCl)cc1,428,172,414,3.962049594484955,10.550198794434268,17.76513833235013,3.8939393939393945,5.891926400593708,1684,10330,856,2186,4136,18.244785002227466,42.12575757575757,86,4.033333333333333,8.428551472267301,1.0094444444444446,80,364,1688,0.9972222222222222,4.166666666666667,8.626836493378834,37.824781390135655,4.0
Oc1ccc(Cl)c(C)c1,490,184,466,3.656170231083273,10.32116635851318,17.691164621287715,3.5828282828282823,5.6660970952775385,1912,13030,980,2684,4936,18.324863893467793,44.65909090909091,92,3.7333333333333325,8.128532299779488,0.8355555555555556,84,400,1944,0.8755555555555556,3.9333333333333336,8.394205344927391,38.787523305564676,67.0
CCCCCC#N,140,80,136,3.787693700234704,7.85990576500098,11.878156862896233,3.7428571428571424,4.714925836409837,552,1744,280,508,968,12.123934788966011,19.657142857142855,40,3.8333333333333335,6.723614639131599,1.3194444444444444,44,164,620,0.9444444444444444,3.3333333333333335,6.309401076758503,22.92820323027551,-80.0
CN1C2=C(C(=O)N(C1=O)C)N=CN2,1140,344,1054,4.914291185889238,15.233649334211796,27.19048832777201,4.744749694749696,8.108918864381685,4388,46670,2280,7924,14004,28.87351755584458,81.92991452991457,172,5.097619047619048,11.755149478428704,1.0680924036281183,140,724,3860,1.2433333333333336,5.799999999999999,12.68783386756619,62.33814882339729,274.0
FC(F)(F)F,128,64,128,2.0,4.898979485566357,8.0,2.0,2.8284271247461907,512,2048,256,512,1024,8.0,16.0,32,2.0,4.0,0.5,40,200,1000,0.32,1.5999999999999999,3.5777087639996634,17.88854381999832,-184.0
CN(C)C=O,102,56,96,2.3618073195657994,5.220947331236296,7.844591357607276,2.3095238095238093,3.035461254151183,396,1216,204,382,688,8.162772227887023,13.523809523809524,28,2.4166666666666665,4.3618073195657985,0.7847222222222222,32,132,560,0.5522222222222222,2.0666666666666664,4.049127729379167,15.936237570137333,-61.0
Nc1ccccc1OC,464,176,434,3.962719739472424,10.574525609055208,17.628469944354205,3.868298368298368,5.861699205840183,1796,12234,928,2596,4604,18.3889974532109,42.3958818958819,88,4.061904761904762,8.431949722795276,1.040668934240363,80,368,1748,1.017777777777778,4.2,8.654478692306727,37.77948896570284,5.0
N(=N/c1ccccc1)c2ccccc2,708,288,698,6.379744612020498,17.335884852006515,29.900774265566525,6.35959595959596,9.745685458379693,2812,17298,1416,3564,6924,30.09974098411291,71.5050505050505,144,6.400000000000001,13.816052888782675,1.396666666666667,132,588,2652,1.6050000000000002,6.9,14.366563145999496,62.83281572999746,68.5
O=C1NC(=O)NC(=O)C1(CC=C)C(C)C,1244,356,1094,5.915697896683584,16.857885507350552,28.91364424521374,5.691023355729239,9.094842348742727,4676,56026,2488,9898,15648,31.151362038925278,83.02269070798482,178,6.154112554112553,13.238266282554989,1.5532846086092837,148,776,4312,1.4702267573696148,6.457142857142856,13.816692721362005,66.12613278708997,141.0
CCOC(=O)Nc4ccc3Sc1ccccc1N(C(=O)CCN2CCOCC2)c3c4,2186,732,2122,12.843440175229176,36.641582497564166,65.42043905352087,12.716753181459058,20.306157149187506,8616,84966,4372,13938,26384,66.59541746666025,180.08029290970467,366,12.973809523809518,28.920824902017102,2.8293471277399846,312,1512,7500,3.2,14.333333333333325,30.65359130801661,143.0410383679632,156.0
c1ccc(cc1)c2ccc(cc2)CC(=O)O,936,348,910,6.958967189796501,19.32625876429055,33.76534018799123,6.911399711399712,10.784090591928395,3692,27646,1872,5268,9964,34.237728629911295,85.78845598845596,174,7.007142857142859,15.330291974753429,1.526060090702948,156,728,3456,1.695555555555556,7.533333333333336,15.971914108927058,72.67606712556295,161.0
c1ccc2c(c1)-c3ccccc3C2=NO,1324,404,1264,6.3644256178470044,18.586908246533884,33.505768172895834,6.2585470085470085,10.19352786405803,5176,60160,2648,9328,17216,34.51440732255632,98.39316239316241,202,6.475000000000001,14.588116404085318,1.429375,164,820,4232,1.65,7.333333333333335,15.709319398017465,74.31967881796744,194.0
CCCCCCCCCCCC,300,160,296,6.287693700234704,13.983630121958926,21.878156862896233,6.242857142857144,8.250459742342576,1192,4304,600,1148,2248,22.12393478896601,39.657142857142865,80,6.333333333333332,11.723614639131599,1.9444444444444446,84,324,1260,1.5694444444444446,5.833333333333332,11.309401076758505,42.9282032302755,-9.6
c1ccc(cc1)NC(=N)Nc2ccccc2,836,332,822,7.162809058181487,19.57761017295431,33.83726593867023,7.126262626262626,10.975037245911818,3316,21682,1672,4330,8392,34.16533210209019,82.25505050505052,166,7.200000000000003,15.579182724327797,1.578888888888889,152,688,3152,1.7650000000000003,7.700000000000002,16.15541752799933,71.77708763999661,149.0
CCCCCCCCCCCCCCCCCCCCO,588,304,584,10.787693700234705,25.00633396448321,39.878156862896226,10.742857142857146,14.614420773021495,2344,8912,1176,2300,4552,40.12393478896601,75.65714285714284,152,10.833333333333334,20.723614639131597,3.0694444444444446,156,612,2412,2.6944444444444446,10.333333333333334,20.309401076758505,78.92820323027551,64.0
O=C(O)C(=Cc1ccccc1)c1ccccc1,1004,368,968,7.433567563968922,20.557171118719847,35.6719915019386,7.365123765123767,11.453023999210282,3944,31320,2008,5842,10872,36.33506520163824,90.33119103119107,184,7.503571428571431,16.30984513200561,1.6592106009070298,164,764,3644,1.8411111111111111,8.066666666666668,16.99955630785495,76.63077470113018,171.0
CCCCCI,108,64,104,3.287693700234704,6.635160893609391,9.878156862896235,3.2428571428571424,4.007819055223289,424,1232,216,380,712,10.123934788966011,15.657142857142855,32,3.3333333333333335,5.723614639131599,1.1944444444444444,36,132,492,0.8194444444444444,2.8333333333333335,5.309401076758503,18.92820323027551,-86.0
CC(C)(C)C(C)=O,318,120,288,2.5008872463069856,7.0126324263765065,11.650011549007878,2.4222222222222225,3.808050198623987,1212,7344,636,1758,2952,12.36636504407723,28.4,60,2.5833333333333335,5.512438571626294,0.6041666666666667,60,312,1692,0.5308163265306123,2.4857142857142858,5.439210519018202,26.70791048712792,-52.5
CCC(=C)CC,156,76,142,2.825038532867334,6.4597701020533895,9.682959799431586,2.7222222222222228,3.6734332763753335,596,2306,312,674,1152,10.333154164596193,17.972222222222218,38,2.933333333333333,5.333204618062595,0.981111111111111,40,168,736,0.7294444444444443,2.6333333333333333,5.098255458758334,19.87247514027467,-132.0
c1cc2cccc(c2c(c1)N)N,888,292,834,4.934390939996232,14.461704817081745,25.552687128667863,4.843939393939394,7.8935414756789495,3444,32598,1776,5822,10344,26.464151344541136,70.62853535353537,146,5.028571428571428,11.315792464189778,1.0571504157218445,124,608,3064,1.2366666666666668,5.6000000000000005,12.027198506782844,56.58548227669739,63.0
CCSCC,76,48,72,2.7876937002347035,5.4104160222178015,7.878156862896232,2.7428571428571424,3.3007122740367407,296,720,152,252,456,8.123934788966011,11.657142857142855,24,2.833333333333333,4.723614639131599,1.0694444444444444,28,100,364,0.6944444444444444,2.333333333333333,4.309401076758503,14.928203230275507,-104.0
CC(=CCCC(=O)C)C,264,128,256,4.098255458758336,9.896841621422915,15.868410468885545,4.063492063492063,5.690382450740484,1040,4352,528,1120,2112,16.132748487654002,31.492063492063494,64,4.133333333333334,8.098255458758336,1.1044444444444446,68,292,1268,0.9100000000000001,3.8000000000000003,7.788854381999832,32.94427190999916,-67.0
O=[N+]([O-])c1ccc(cc1)[N+]([O-])=O,680,248,640,4.893961329325731,13.736655761964547,23.578126258614073,4.8,7.557439803951299,2640,19000,1360,3916,7000,24.43258573999979,59.99999999999999,124,4.9904761904761905,10.83817825181328,1.1268934240362816,112,536,2632,1.1811111111111112,5.2666666666666675,11.210701925855117,51.686502791131026,173.0
CC(CNCC(C)O)O,264,128,256,4.098255458758336,9.896841621422915,15.868410468885545,4.063492063492063,5.690382450740484,1040,4352,528,1120,2112,16.132748487654002,31.492063492063494,64,4.133333333333334,8.098255458758336,1.1044444444444446,68,292,1268,0.9100000000000001,3.8000000000000003,7.788854381999832,32.94427190999916,42.0
c1c(c(c(c(c1F)F)NN)F)F,846,272,772,4.694743324645737,13.578038001340175,23.187782223277193,4.504273504273504,7.28898773733639,3236,30020,1692,5566,9624,24.870444906659177,64.25641025641028,136,4.898809523809523,10.610941191491142,1.2109906462585036,116,584,3044,1.1844444444444446,5.199999999999999,11.103968435089905,52.47642742240191,89.0
[O-][N+](=O)c1ccco1,404,156,382,3.441407855662781,9.328133815715232,15.76429508930666,3.3888888888888893,5.1867044844618535,1572,10362,808,2214,3976,16.241215229499513,37.888888888888886,78,3.4952380952380953,7.41908912590664,0.8134467120181407,72,332,1572,0.8405555555555555,3.6333333333333333,7.605350962927559,33.84325139556552,31.0
CCN(CC)c1ccc(cc1)C=O,710,260,666,5.777632012879283,15.246593247281702,25.392301557674433,5.606926406926407,8.448170117710415,2752,20474,1420,4114,7372,26.636184197167843,62.557575757575755,130,5.957142857142858,12.19156081700626,1.6507823129251702,116,540,2600,1.5322222222222226,6.133333333333334,12.541588533064896,54.59623601597666,40.0
CC1(CC)CCCC1,474,168,442,3.2821916877104034,9.198363160077204,15.610556882410611,3.1837828837828837,5.017720142067965,1832,14090,948,2814,4996,16.415139178670074,40.3044622044622,84,3.3880952380952376,7.2463850260788245,0.8352437641723356,76,380,1984,0.8438888888888889,3.5666666666666664,7.498617472162346,34.6331760268364,-144.0
CC(C)c1ccccc1O,566,204,524,4.184906309078192,11.561280853041422,19.597072460804778,4.098068598068598,6.368265908990476,2180,16468,1132,3396,5864,20.41742788358204,49.00826950826951,102,4.2749999999999995,9.147951019239995,0.9935416666666668,92,436,2132,1.0211111111111113,4.466666666666668,9.421847543855284,42.74223088113187,16.0
O=C(OC(C)(C)C)N[C@H](C(=O)O)C,612,236,578,5.1019921262302415,13.974672909695991,23.585431013063523,5.005050505050505,7.7260831961062415,2380,15490,1224,3316,5988,24.428849747809046,57.1590909090909,118,5.202380952380951,11.078707430095855,1.2116496598639457,116,572,2876,1.0911111111111111,5.066666666666667,10.99955630785495,52.63077470113019,79.5
Cc1ccc(cc1)S(=O)(Cl)=O,668,236,630,4.262273317514401,12.352113775139316,21.686787736289062,4.201098901098902,6.778218381697587,2596,19914,1336,3994,7104,22.32100237531781,57.31483516483516,118,4.325,9.690353153324438,0.8965972222222223,108,544,2820,0.9758163265306125,4.585714285714286,10.016919283017868,48.59645430712622,68.0
CC(C)CCO,138,72,130,2.934808494301258,6.444329480531982,9.842672721773212,2.8873015873015873,3.7800585308900394,536,1898,276,558,996,10.160745634373795,17.4515873015873,36,2.9833333333333334,5.4109350489449675,0.9619444444444445,40,164,688,0.6772222222222222,2.566666666666667,5.049127729379167,19.936237570137337,-117.0
COc1ccccc1[N+]([O-])=O,632,224,586,4.750072480021843,12.799392669816347,21.517627404984644,4.634576534576535,7.0773213881106365,2436,19830,1264,3886,6768,22.500020024475113,53.75415695415696,112,4.870238095238095,10.18685607887301,1.2353217120181408,100,472,2308,1.1983333333333333,5.033333333333333,10.470975273234451,46.678468451269204,9.4
C=CC(N)=O,102,56,96,2.3618073195657994,5.220947331236295,7.8445913576072765,2.309523809523809,3.0354612541511825,396,1216,204,382,688,8.162772227887022,13.52380952380952,28,2.416666666666667,4.361807319565799,0.7847222222222223,32,132,560,0.5522222222222222,2.0666666666666664,4.049127729379167,15.936237570137333,84.0
SCCS,44,32,42,2.2996598285221186,4.161760458079524,5.919183588453085,2.2666666666666666,2.6053509629275577,172,306,88,124,228,6.082482904638631,7.800000000000001,16,2.333333333333333,3.723614639131598,0.9444444444444444,20,68,236,0.5694444444444444,1.833333333333333,3.309401076758503,10.928203230275509,-41.0
c1ccc2Oc3ccccc3Oc2c1,1060,360,1036,5.946956560690767,17.532150602836506,31.814866541659704,5.913308913308916,9.67812705834888,4192,37740,2120,6492,12424,32.18709976242178,88.95726495726494,180,5.980952380952385,13.746275601965841,1.176009070294785,152,736,3632,1.5011111111111113,6.866666666666669,14.788410689854784,69.57504661112932,122.5
c1ccc-2c(c1)Cc3c2ccc(c3)N,1170,376,1136,5.756833159686833,17.314197791823375,31.740826057386503,5.707653457653457,9.49912745823372,4612,47032,2340,7652,14480,32.264909968437806,92.55240870240873,188,5.807142857142858,13.518800163159622,1.1284212018140594,156,776,3936,1.431666666666667,6.700000000000003,14.60490727078251,70.4740260966957,128.0
c1cc(ccc1)c2ccc(cc2)c3ccccc3,1180,424,1144,7.86477656855966,22.42643139026216,39.726676674931575,7.815873015873019,12.447851976646914,4648,36952,2360,6884,12928,40.276806409786744,104.44444444444449,212,7.914285714285718,17.690991204110052,1.634897959183674,184,864,4144,2.0011111111111113,8.866666666666669,18.788410689854782,85.57504661112932,213.0
C(CCl)CBr,76,48,72,2.7876937002347035,5.4104160222178015,7.878156862896232,2.7428571428571424,3.3007122740367407,296,720,152,252,456,8.123934788966011,11.657142857142855,24,2.833333333333333,4.723614639131599,1.0694444444444444,28,100,364,0.6944444444444444,2.333333333333333,4.309401076758503,14.928203230275507,-59.0
NC(=O)c1cnccn1,436,172,414,3.941407855662781,10.55287868710682,17.76429508930666,3.8888888888888893,5.893811265648401,1700,10874,872,2342,4232,18.241215229499517,41.888888888888886,86,3.9952380952380953,8.41908912590664,0.9384467120181407,80,364,1700,0.9655555555555555,4.133333333333333,8.605350962927558,37.84325139556552,189.0
c1ccc2c(c1)C(=O)c3ccc(cc3C2=O)Cl,1500,460,1426,6.755248303403345,20.5548799474347,37.36924270726144,6.62798312798313,11.144605903474481,5852,64306,3000,10346,18996,38.66819196324713,111.67878232878235,230,6.890476190476193,15.97832446417079,1.3888378684807259,188,956,4988,1.6883333333333335,7.900000000000002,17.265542631565857,84.22669264339558,209.0
Oc1ccc(cc1Cl)[N+]([O-])=O,646,232,610,4.392149742614482,12.520884024409439,21.5740651532452,4.2935508935508935,6.847126389879365,2512,18858,1292,3740,6788,22.444822939463553,56.082750582750585,116,4.495238095238094,9.839775987996797,1.0078911564625854,104,504,2504,1.056111111111111,4.766666666666667,10.210701925855117,47.68650279113103,106.0
CC(C)(c1ccc(cc1)O)c2ccc(cc2)O,1240,408,1164,6.704813404242545,19.882920990889875,35.42828759910398,6.597435897435901,10.847359141922665,4808,44180,2480,8052,14272,36.59574483951166,98.7820512820513,204,6.81666666666667,15.52893354531107,1.3834722222222227,176,888,4640,1.6316326530612248,7.571428571428574,16.456129802036074,79.30436479425413,156.0
O=[N+]([O-])c1cccc(C(=O)O)c1Cl,858,284,786,5.195887637341391,14.782986585205457,25.329398229523992,5.052991452991454,8.045812334002761,3288,29626,1716,5614,9620,26.700306278892853,67.63760683760684,142,5.345238095238097,11.614101063535037,1.2355300453514741,124,612,3124,1.257222222222222,5.633333333333334,12.054840705710737,56.54018985226459,181.0
c1ccc(cc1)COC(=O)N2CCC[C@H]2C(=O)O,1130,400,1074,7.641006381105278,21.55438702746596,37.49347661523011,7.535558885558889,11.904929819235845,4408,36622,2260,6836,12408,38.52277885474795,97.41464091464096,200,7.750000000000001,17.01106482641107,1.6937500000000005,176,836,4076,1.8966666666666663,8.400000000000002,17.81605288878268,81.52975418669652,76.0
CC(=O)c1ccc(cc1)c2ccccc2,930,336,892,6.379368948942695,18.081543576113354,31.652401466772826,6.307936507936509,10.002645890299107,3644,27976,1860,5400,9964,32.354696074893276,82.22222222222224,168,6.452380952380954,14.264584727961667,1.380895691609978,148,700,3388,1.5911111111111114,7.066666666666668,14.99955630785495,68.63077470113018,120.0
C(CCCO)CCCO,204,112,200,4.787693700234704,10.30939550778416,15.878156862896233,4.742857142857143,6.1291393987829315,808,2768,408,764,1480,16.12393478896601,27.657142857142855,56,4.833333333333333,8.723614639131599,1.5694444444444446,60,228,876,1.1944444444444446,4.333333333333333,8.309401076758505,30.92820323027551,18.0
CCNc1ccc(cc1)[N+]([O-])=O,620,236,592,5.275320140095248,13.965158702352193,23.660301769420922,5.190909090909091,7.8217774736623715,2424,16672,1240,3418,6280,24.34807357285333,57.51363636363636,118,5.361904761904762,11.188922889863777,1.3590022675736968,108,500,2376,1.3027777777777778,5.500000000000001,11.44333307430656,50.723760875702006,96.0
NC1=NCC(O1)c2ccccc2,746,272,726,5.18447943347704,14.659430387895856,25.813595868179405,5.1459318459318455,8.143860917734811,2944,23054,1492,4276,8116,26.189883705215035,67.0549728049728,136,5.223809523809524,11.580983238672253,1.1041156462585038,120,564,2700,1.2855555555555558,5.733333333333333,12.183059726927224,55.73179521556382,136.0
COC(=O)/C=C/C(=O)OC,340,152,322,4.541436312361657,11.118793715816167,17.619451472535296,4.4222222222222225,6.2779066536629085,1324,6506,680,1576,2892,18.398745282573486,36.72222222222223,76,4.666666666666668,9.04105005575193,1.3722222222222225,76,332,1492,1.1394444444444445,4.433333333333334,8.887109840758168,36.81674705027382,104.0
c1cc(c(c(c1)Cl)C(=S)N)Cl,702,236,638,4.442801985862634,12.576991614083786,21.438701537843958,4.324098124098124,6.854243650164309,2680,23110,1404,4594,7668,22.584857054583143,56.12655122655123,118,4.566666666666667,9.88938598804139,1.0531481481481484,104,508,2564,1.0766666666666667,4.800000000000001,10.238344124783012,47.64121036669823,151.0
O=[N+]([O-])c1ccccc1CCl,632,224,586,4.750072480021844,12.799392669816351,21.517627404984644,4.634576534576533,7.077321388110636,2436,19830,1264,3886,6768,22.500020024475106,53.754156954156954,112,4.870238095238095,10.18685607887301,1.2353217120181408,100,472,2308,1.1983333333333335,5.033333333333333,10.470975273234453,46.6784684512692,47.0
CCOC(=O)C(C(=O)OCC)NC(=O)C,708,264,660,6.767868738393936,16.78026717660172,27.40386486317892,6.616161616161617,9.490327531562444,2736,21492,1416,4188,7416,28.61780907922148,63.43766233766234,132,6.924999999999999,13.648516593380663,2.0054861111111113,124,572,2740,1.6255555555555559,6.6000000000000005,13.520103002613622,58.61470602140652,98.0
CCOc1ccccc1O,500,192,474,4.548604547590104,11.774588221744574,19.686779151203528,4.4713286713286715,6.621064177133017,1948,13510,1000,2772,5032,20.324075289745554,46.62163947163947,96,4.628571428571429,9.481077452174445,1.217891156462585,88,400,1876,1.1427777777777777,4.7,9.654478692306725,41.779488965702846,26.0
c1cc(ccc1[N+](=O)[O-])S(=O)(=O)N,824,284,770,4.992856202682942,14.561418042358808,25.539359192492395,4.9010989010989015,7.952464906385662,3188,25214,1648,5050,8864,26.47170412734042,68.56483516483516,142,5.086904761904763,11.401596841541746,1.0689328231292519,128,648,3380,1.1563718820861681,5.41904761904762,11.833415863945595,57.49543379269258,180.0
Cc1cc(cc(Br)c1O)C3(OS(=O)(=O)c2ccccc23)c4cc(C)c(O)c(Br)c4,2942,828,2766,10.809660738128535,33.97805772159468,62.65420723547792,10.542795508584975,18.22491028718214,11416,154014,5884,22590,40668,65.41940814995506,199.63371555345233,414,11.092207792207786,26.23203903956436,2.1934357801890267,332,1784,9920,2.637154195011338,12.77619047619047,28.47231814256688,145.12449834747613,241.0
CCC(=O)OC(=O)CC,312,136,292,4.071733055701878,9.915571396141404,15.602888254391049,3.94949494949495,5.586585435872935,1208,6356,624,1508,2712,16.4153773709447,32.63131313131313,68,4.2,8.06869225467982,1.267777777777778,68,300,1364,1.0144444444444445,3.933333333333334,7.887109840758168,32.816747050273825,-45.0
CCCCCCCCCC#N,268,144,264,5.787693700234704,12.758885250567337,19.878156862896233,5.742857142857144,7.543352961156028,1064,3792,536,1020,1992,20.12393478896601,35.657142857142865,72,5.833333333333332,10.723614639131599,1.8194444444444446,76,292,1132,1.4444444444444446,5.333333333333332,10.309401076758505,38.9282032302755,-15.0
OC(CN)c1ccccc1,496,192,468,4.465916887148356,11.79367745243773,19.644187170336075,4.374358974358975,6.572566409938979,1928,12980,992,2724,4904,20.371488471142296,46.483760683760686,96,4.561904761904763,9.431949722795277,1.165668934240363,88,400,1876,1.142777777777778,4.7,9.654478692306727,41.77948896570285,57.0
COC(=O)N,102,56,96,2.3618073195657994,5.220947331236295,7.8445913576072765,2.309523809523809,3.0354612541511825,396,1216,204,382,688,8.162772227887022,13.52380952380952,28,2.416666666666667,4.361807319565799,0.7847222222222223,32,132,560,0.5522222222222222,2.0666666666666664,4.049127729379167,15.936237570137333,55.0
CN(C)c1ccc(Br)cc1,524,200,500,4.163378444157187,11.527351494745053,19.725554802410745,4.100000000000001,6.383193279263224,2048,13700,1048,2860,5240,20.28188398797718,48.75,100,4.2285714285714295,9.126934563595974,0.954557823129252,92,432,2072,1.0005555555555556,4.4333333333333345,9.394205344927391,42.787523305564676,55.0
CCC=O,44,32,42,2.2996598285221186,4.161760458079524,5.919183588453085,2.2666666666666666,2.6053509629275577,172,306,88,124,228,6.082482904638631,7.800000000000001,16,2.333333333333333,3.723614639131598,0.9444444444444444,20,68,236,0.5694444444444444,1.833333333333333,3.309401076758503,10.928203230275509,-81.0
c1ccc2c(c1)CCO2,590,212,570,3.9268154752797453,11.223531887080854,19.838570297465413,3.8968253968253967,6.217697008436565,2320,18314,1180,3442,6428,20.163325564393006,52.1111111111111,106,3.9571428571428577,8.845495602055028,0.8174489795918369,92,432,2072,1.0005555555555556,4.4333333333333345,9.394205344927391,42.787523305564676,-21.0
FC(F)(C(F)(F)C(=O)O)C(F)(F)C(F)(F)C(F)(F)C(F)(F)C(F)(F)F,2886,696,2412,7.427676546965463,25.23211925835957,45.231681849052336,6.964812552428652,12.8461815108068,10596,155016,5772,25950,38988,51.02423738591125,156.40148582068085,348,7.93253968253968,19.049191955477838,1.574070924666163,276,1680,10836,1.678316326530613,8.785714285714286,20.414977498136466,114.31466744407707,55.5
CNc1ccccc1C(=O)OC,692,244,642,5.276483882052616,14.03689492318849,23.40894163491151,5.123709623709623,7.75854889296523,2668,22266,1384,4268,7492,24.617965391013378,58.42412032412033,122,5.436904761904762,11.199716675761646,1.462543934240363,108,508,2484,1.3755555555555556,5.6,11.52010300261362,50.61470602140653,18.0
c1ccc2c(c1)c(ccn2)O,752,260,716,4.673694820767864,13.450795836935237,23.69290784796743,4.612598512598513,7.403783801599057,2936,25140,1504,4624,8424,24.3168872650577,63.37664557664558,130,4.7369047619047615,10.574357495388384,0.9975439342403629,112,536,2632,1.1811111111111112,5.266666666666667,11.210701925855117,51.68650279113102,203.0
c1ccco1,160,80,160,2.5,6.123724356957946,10.0,2.5,3.5355339059327386,640,2560,320,640,1280,10.0,20.0,40,2.5,5.0,0.625,40,160,640,0.625,2.5,5.0,20.0,-85.6
c1ccc2c(c1)cncn2,622,228,602,4.426815475279745,12.448276758472444,21.838570297465413,4.396825396825397,6.9248037896231125,2448,18826,1244,3570,6684,22.163325564393006,56.1111111111111,114,4.457142857142857,9.845495602055028,0.9424489795918369,100,464,2200,1.1255555555555556,4.9333333333333345,10.394205344927391,46.787523305564676,47.0
C1CCS(=O)(=O)C1,384,144,368,2.799659828522119,7.951732131687516,13.838367176906171,2.766666666666667,4.391629447700503,1504,10304,768,2112,3904,14.164965809277263,35.199999999999996,72,2.8333333333333335,6.265986323710905,0.5972222222222223,68,340,1748,0.6461111111111112,2.966666666666667,6.421847543855285,30.742230881131874,27.0
c1cc(c(cc1C#N)[N+](=O)[O-])Cl,718,252,674,4.976763263310106,13.771117839290449,23.492238384703196,4.850838050838051,7.569428685410447,2784,22686,1436,4356,7792,24.52862882720123,60.74388944388944,126,5.1083333333333325,10.896299252745859,1.2574305555555558,112,540,2680,1.2333333333333334,5.333333333333335,11.259829655234286,51.62274036126836,100.0
CCCCCCCCCl,204,112,200,4.787693700234704,10.30939550778416,15.878156862896233,4.742857142857143,6.129139398782932,808,2768,408,764,1480,16.12393478896601,27.65714285714286,56,4.833333333333333,8.723614639131599,1.5694444444444446,60,228,876,1.1944444444444444,4.333333333333333,8.309401076758503,30.92820323027551,-58.0
CC(=O)OC(c1ccc(o1)[N+](=O)[O-])OC(=O)C,982,352,946,7.093019407760117,19.425580597048068,33.602489510840705,7.002197802197802,10.82067001884258,3856,31870,1964,5804,10872,34.40545374132207,86.16043956043954,176,7.185714285714286,15.445766783503686,1.6720068027210888,160,768,3760,1.6261111111111115,7.366666666666669,15.788410689854784,73.57504661112934,90.0
CCOC(=O)c1ccc(c(c1)OC)OC,874,308,822,6.627247550544392,17.44780483130059,29.319297022995983,6.444144744144743,9.696041011088626,3392,27898,1748,5278,9536,30.711289919481104,74.170979020979,154,6.8190476190476215,13.979574433530628,1.8958956916099776,136,644,3160,1.7127777777777782,6.966666666666668,14.358085113992624,63.495215501543015,44.0
CC(C)c1cc(cc(c1)C(C)C)C(C)C,936,324,894,5.964211982185258,16.937797075983113,29.499474188013306,5.846153846153845,9.302892672039535,3660,31218,1872,5670,10512,30.514318638952222,78.76923076923079,162,6.0857142857142845,13.3401939745036,1.377006802721089,144,708,3564,1.396666666666667,6.400000000000001,13.816052888782677,65.52975418669655,-7.0
COc1ccc(c2c1cccc2)C=O,1014,332,958,6.057671119032804,16.917131798983505,29.42202211427067,5.914879564879564,9.308830676538417,3944,38790,2028,6658,12068,30.601792259322554,80.31173271173273,166,6.207142857142857,13.381029507987767,1.5361989795918372,140,680,3416,1.5911111111111116,6.733333333333333,14.12545396554118,64.45795741697205,34.0
OCC=Cc1ccccc1,408,176,400,4.830932751627559,11.990680968782844,19.87708154423119,4.795670995670996,6.873637766858047,1616,9184,816,1972,3800,20.124299066289264,43.52554112554112,88,4.866666666666667,9.769833763957138,1.2955555555555558,84,360,1572,1.2122222222222225,4.866666666666667,9.837982111379,40.880509480136496,30.0
c1cc(c(c(c1)O)O)C(=O)O,690,236,634,4.408534896791972,12.558119524444315,21.44024076889355,4.286713286713287,6.8301901517323085,2648,22030,1380,4324,7456,22.58928370762865,56.279331779331784,118,4.536904761904762,9.859194707457304,1.0408772675736964,104,508,2564,1.0766666666666667,4.800000000000001,10.23834412478301,47.64121036669823,206.0
ClC(Cl)C(Cl)(Cl)Cl,318,120,288,2.500887246306986,7.012632426376511,11.650011549007882,2.4222222222222225,3.8080501986239867,1212,7344,636,1758,2952,12.366365044077233,28.39999999999999,60,2.5833333333333335,5.512438571626293,0.6041666666666667,60,312,1692,0.5308163265306122,2.4857142857142858,5.439210519018204,26.70791048712792,-29.0
CC=C(/C)C,102,56,96,2.3618073195657994,5.220947331236295,7.8445913576072765,2.309523809523809,3.0354612541511825,396,1216,204,382,688,8.162772227887022,13.52380952380952,28,2.416666666666667,4.361807319565799,0.7847222222222223,32,132,560,0.5522222222222222,2.0666666666666664,4.049127729379167,15.936237570137333,-134.0
CC(=O)OCCC,170,88,164,3.4429745794965196,7.653628821820359,11.873283665890892,3.403174603174603,4.4955473623886135,668,2536,340,686,1284,12.128341638310006,21.574603174603173,44,3.4833333333333334,6.4109350489449675,1.0869444444444445,48,196,816,0.8022222222222224,3.066666666666667,6.049127729379167,23.936237570137337,-95.0
CN(C)C(=O)NC1=CC=C(C=C1)Cl,674,260,650,5.382709640951,14.961956172530526,25.67024827525888,5.302020202020202,8.281577744206846,2648,17582,1348,3586,6752,26.34304183004834,63.61363636363636,130,5.466666666666668,11.836377737468824,1.226666666666667,120,564,2700,1.2855555555555558,5.733333333333335,12.183059726927226,55.73179521556382,174.0
NCCCCCCO,172,96,168,4.287693700234704,9.084650636392569,13.878156862896233,4.242857142857143,5.422032617596384,680,2256,344,636,1224,14.123934788966011,23.65714285714286,48,4.333333333333334,7.723614639131599,1.4444444444444444,52,196,748,1.0694444444444444,3.8333333333333335,7.309401076758503,26.92820323027551,56.0
On2nnc1ccccc12,720,244,686,4.179267629767947,12.215734773593864,21.7176758879678,4.123709623709624,6.702906000299403,2812,24790,1440,4496,8204,22.291964905558075,59.4877566877567,122,4.236904761904762,9.57435749538838,0.8725439342403629,104,504,2504,1.0561111111111108,4.7666666666666675,10.210701925855117,47.68650279113103,159.0
Cc1ccc(c(c1)Cl)Cl,490,184,466,3.656170231083273,10.32116635851318,17.69116462128771,3.5828282828282827,5.6660970952775385,1912,13030,980,2684,4936,18.324863893467796,44.65909090909091,92,3.7333333333333325,8.128532299779488,0.8355555555555556,84,400,1944,0.8755555555555556,3.9333333333333336,8.394205344927391,38.787523305564676,-15.0
C/C(C)=CCCC,170,88,164,3.4429745794965196,7.653628821820359,11.873283665890892,3.403174603174603,4.4955473623886135,668,2536,340,686,1284,12.128341638310006,21.574603174603173,44,3.4833333333333334,6.4109350489449675,1.0869444444444445,48,196,816,0.8022222222222224,3.066666666666667,6.049127729379167,23.936237570137337,-130.0
O=C(OCc1ccccc1)c2ccccc2,864,336,838,7.105582493178305,19.55383631764821,33.741082816656544,7.051126651126653,10.915707481339789,3404,22774,1728,4620,8700,34.2671132115054,82.72416472416474,168,7.161904761904764,15.527296576999982,1.5690022675736963,152,692,3212,1.7855555555555556,7.733333333333334,16.183059726927222,71.73179521556382,18.0
Oc1ccc(OC)cc1,428,172,414,3.962049594484955,10.550198794434268,17.76513833235013,3.8939393939393945,5.891926400593708,1684,10330,856,2186,4136,18.244785002227466,42.12575757575757,86,4.033333333333333,8.428551472267301,1.0094444444444446,80,364,1688,0.9972222222222222,4.166666666666667,8.626836493378834,37.824781390135655,56.0
O=Cc1ccc(C=O)cc1,488,192,468,4.491303629981266,11.782350361342974,19.657293318492844,4.387878787878788,6.574906046612265,1912,12260,976,2568,4792,20.358387768500354,46.75151515151515,96,4.6000000000000005,9.44141206915594,1.2366666666666668,88,400,1864,1.1744444444444446,4.733333333333334,9.675964222758001,41.76101896027298,116.0
c1cc(c(cc1Cl)C=O)Cl,556,204,526,4.2203836976697175,11.56093436708703,19.603495515068197,4.117404817404817,6.3736495527653325,2164,15950,1112,3174,5780,20.415555594032934,49.33974358974359,102,4.328571428571429,9.167437359412503,1.0773356009070296,92,436,2120,1.0527777777777778,4.500000000000001,9.44333307430656,42.723760875702,56.0
CN1CCN(CC1)CCCN2c4ccccc4Sc3ccccc23,1794,604,1742,10.171667053010943,29.75517395058728,53.598696314201575,10.096037296037297,16.421207617654975,7072,67158,3588,11288,21332,54.40929391675896,148.76491841491844,302,10.248809523809525,23.3542717714028,2.0580739795918372,256,1240,6136,2.557222222222222,11.633333333333328,24.999112615709887,117.26154940226031,53.0
c1c4ccccc4cc3c1ccc2ccccc23,1544,496,1502,7.480122661380203,22.630761888518084,41.7094239464002,7.429975579975583,12.42072841856083,6092,61654,3088,10064,19092,42.29465147422251,122.27338217338223,248,7.5309523809523835,17.65645032752531,1.429759070294785,204,1012,5124,1.8972222222222224,8.833333333333334,19.210258233710064,92.31727749226117,158.0
C1=CC(=CC=C1C(=O)O)[N+](=O)[O-],680,248,640,4.893961329325729,13.736655761964544,23.578126258614073,4.799999999999999,7.5574398039513,2640,19000,1360,3916,7000,24.4325857399998,59.99999999999999,124,4.9904761904761905,10.83817825181328,1.1268934240362813,112,536,2632,1.1811111111111112,5.266666666666667,11.210701925855117,51.68650279113103,240.0
CCOC(=O)C#CC(=O)OCC,412,184,394,5.698584279832743,13.54492563050798,21.66515028086792,5.600000000000002,7.779559166914403,1612,8194,824,1928,3580,22.344847376547783,44.800000000000004,92,5.800000000000001,11.139305514510266,1.7266666666666672,92,396,1748,1.3894444444444447,5.433333333333334,10.88710984075817,44.81674705027382,2.0
c1cc2c(cc(c(c2nc1)O)Cl)Cl,1010,324,950,5.187337288185728,15.448415735087918,27.44064375214396,5.06990231990232,8.375950370261,3920,38474,2020,6666,12016,28.591831713211793,78.18192918192919,162,5.311904761904761,12.04210527586694,1.1205300453514742,136,680,3496,1.2922222222222224,5.933333333333334,12.843695087710572,61.48446176226375,181.0
CC(C)(C)c1cccc(c1O)C(C)(C)C,1158,356,1058,5.424921192885812,16.44288467020414,29.28688294839082,5.293650793650795,8.862362584207405,4432,45034,2316,8170,13812,30.74264748384542,84.89603174603178,178,5.5619047619047635,12.766084393928045,1.128631897203326,156,836,4620,1.2077437641723359,5.93809523809524,13.30026858189169,68.1580518553877,36.5
C(C(Cl)(Cl)Cl)O,202,88,190,2.3740963185335495,6.095232282131342,9.769863745809943,2.304761904761905,3.3883844780521306,784,3850,404,950,1720,10.250977901367296,21.190476190476186,44,2.45,4.890388354186296,0.6775,48,240,1236,0.5177777777777777,2.1999999999999997,4.654478692306725,21.77948896570285,18.0
CN1CCC(CC1)=C2c4ccccc4C=Cc3ccccc23,1780,576,1722,9.223981224831636,27.311805508312563,49.57963748632066,9.147083961789845,15.026704737116882,7004,73242,3560,11760,22084,50.42828564141208,141.58497988939175,288,9.302380952380956,21.38626356633134,1.845571617535904,240,1180,5940,2.327777777777778,10.666666666666664,23.026754814637787,109.21625697782753,112.8
c1c(cc(c(c1Cl)N)Cl)[N+](=O)[O-],774,264,724,4.651195549297501,13.530047785862623,23.425572629078836,4.51965811965812,7.330854020209899,2996,24824,1548,4728,8484,24.608146234811013,63.379487179487185,132,4.79047619047619,10.578661875141998,1.0757823129251705,116,576,2936,1.1116666666666668,5.1,11.027198506782842,52.585482276697384,189.0
CC(C)(CO)CO,284,112,256,2.8117043883352997,7.328718431525359,11.516651981929844,2.6701298701298697,3.9828143344153157,1080,6304,568,1508,2560,12.52630371724558,26.223376623376616,56,2.966666666666667,5.83606110622838,0.8961111111111111,56,280,1472,0.7155555555555555,2.8000000000000003,5.731248620613787,25.67043411140739,125.0
c1cc(oc1)C(=O)O,404,156,382,3.4414078556627796,9.328133815715232,15.764295089306664,3.388888888888889,5.186704484461854,1572,10362,808,2214,3976,16.241215229499517,37.888888888888886,78,3.4952380952380957,7.419089125906641,0.8134467120181408,72,332,1572,0.8405555555555556,3.6333333333333333,7.605350962927558,33.84325139556552,130.0
O=C(O)CCCc1ccc(cc1)N(CCCl)CCCl,944,364,910,8.695536254013472,22.304886254249794,37.57724969935287,8.58614718614719,12.63282852852712,3708,26522,1888,5204,9728,38.4309295421206,89.1874458874459,182,8.80714285714286,18.026264414957133,2.3249489795918374,168,764,3564,2.1400000000000006,8.86666666666667,18.28131518568556,79.60427035583851,64.0
CC1=CC(=O)OC1=O,462,168,438,3.1895035644166065,9.112517212105688,15.691164621287713,3.116161616161616,4.978536300399813,1800,13122,924,2616,4800,16.324863893467793,40.65909090909091,84,3.2666666666666657,7.156174498707383,0.731111111111111,76,368,1816,0.7505555555555556,3.4333333333333336,7.394205344927391,34.787523305564676,8.0
CC(C)(C)CC=C,242,104,228,2.9946902598887424,7.306525676167844,11.799776208317986,2.9414141414141413,4.16411654682211,940,4920,484,1186,2124,12.208261379313997,25.187878787878784,52,3.0500000000000003,5.967158282493358,0.8752777777777778,56,272,1364,0.6427777777777779,2.7,5.654478692306725,25.779488965702853,-137.0
CC(=O)Oc1ccc(cc1)c2ccccc2,936,348,910,6.958967189796501,19.326258764290543,33.765340187991235,6.911399711399713,10.784090591928399,3692,27646,1872,5268,9964,34.237728629911295,85.78845598845601,174,7.00714285714286,15.330291974753427,1.5260600907029485,156,728,3456,1.6955555555555557,7.533333333333335,15.971914108927058,72.67606712556298,88.0
CN3[C@H]1CC[C@@H]3[C@H]([C@H](C1)OC(=O)c2ccccc2)C(=O)OC,1742,556,1658,9.00001971976312,26.439592658434723,47.19909400837979,8.820581052933997,14.430034756839323,6800,69798,3484,11600,21304,48.84164955878159,135.0678104575164,278,9.189285714285717,20.695583105284264,2.0099211073318215,232,1156,5920,2.275555555555556,10.266666666666667,22.103524742944852,105.10720212353208,98.0
O=C(CC(C)=O)c1ccccc1,598,232,572,5.246843977674394,14.015545340925705,23.717542361615095,5.183882783882784,7.845277990237787,2340,16020,1196,3266,6008,24.291620011910037,56.67423687423687,116,5.311904761904763,11.196040060915708,1.255946712018141,108,496,2328,1.2505555555555556,5.4333333333333345,11.394205344927391,50.787523305564676,59.0
CCOc1ccc(cc1)C(C)(C)COCc3cc(Oc2ccccc2)ccc3,1750,632,1690,11.995983354968653,33.794628801633365,59.45752654295772,11.881662781662776,18.766573800477698,6880,53302,3500,10126,18912,60.55588130002058,155.2263014763016,316,12.113095238095237,26.727066521731214,2.650729875283446,280,1340,6580,2.9735941043083907,13.185714285714282,28.03796112132407,129.2087590028265,36.0
c1cc(sc1)c2ccc(s2)c3cccs3,1088,376,1058,6.405866564625213,18.754546125157745,33.77077160829564,6.364590964590967,10.355882736311349,4292,36834,2176,6560,12420,34.23195308610426,92.70085470085475,188,6.44761904761905,14.718633403037948,1.2804535147392295,160,768,3760,1.6261111111111115,7.366666666666669,15.788410689854784,73.57504661112934,92.0
COC(=O)C1=CC=C(C=C1)N,584,220,554,4.687887475642763,12.768150260075966,21.605446883440155,4.585470085470087,7.061948423553802,2276,15806,1168,3242,5912,22.41215722961996,53.3448717948718,110,4.795238095238097,10.139795160484612,1.1817800453514744,100,468,2248,1.177777777777778,5.000000000000001,10.44333307430656,46.723760875702,114.0
C=CCCCCCCCCC(=O)O,362,184,356,6.4429745794965205,15.00209805016989,23.873283665890902,6.4031746031746035,8.738188049507897,1436,5608,724,1454,2820,24.12834163831002,45.574603174603176,92,6.4833333333333325,12.410935048944967,1.8369444444444447,96,388,1584,1.5522222222222224,6.066666666666666,12.049127729379169,47.93623757013732,24.0
C=C(C)[C@@H]1CCC2=CC(=O)C[C@@H](C)[C@]2(C)C1,1354,412,1268,6.064261376735928,18.455626414461115,33.30089059448375,5.923739006091949,9.96519413071535,5244,56956,2708,9482,16904,34.73623166360054,99.2573348220407,206,6.212301587301588,14.332239482800512,1.2775785777273878,172,900,4876,1.4577437641723359,6.938095238095242,15.300268581891691,76.15805185538767,36.0
C1=CC(=C(C=C1C(=O)O)Cl)Cl,646,232,610,4.392149742614483,12.52088402440944,21.574065153245197,4.2935508935508935,6.847126389879365,2512,18858,1292,3740,6788,22.444822939463553,56.08275058275058,116,4.495238095238096,9.839775987996797,1.0078911564625854,104,504,2504,1.0561111111111112,4.7666666666666675,10.210701925855117,47.68650279113103,208.0
C#CC(C)(C)O,202,88,190,2.37409631853355,6.095232282131342,9.76986374580994,2.304761904761905,3.388384478052131,784,3850,404,950,1720,10.250977901367294,21.190476190476186,44,2.4499999999999997,4.890388354186294,0.6774999999999999,48,240,1236,0.5177777777777777,2.1999999999999997,4.654478692306726,21.77948896570285,2.6
CCCCSC,108,64,104,3.287693700234704,6.635160893609391,9.878156862896235,3.2428571428571424,4.007819055223289,424,1232,216,380,712,10.123934788966011,15.657142857142855,32,3.3333333333333335,5.723614639131599,1.1944444444444444,36,132,492,0.8194444444444444,2.8333333333333335,5.309401076758503,18.92820323027551,-98.0
ClCc1c(c(cc(c1C)C)C)C,846,272,772,4.694743324645736,13.578038001340172,23.187782223277196,4.504273504273504,7.288987737336391,3236,30020,1692,5566,9624,24.870444906659174,64.25641025641026,136,4.898809523809522,10.610941191491142,1.2109906462585038,116,584,3044,1.1844444444444446,5.200000000000001,11.103968435089905,52.47642742240192,69.5
COc1cc2c(cc1)nccc2[C@@H](O)[C@@H]4C[C@@H]3CC[N@]4C[C@@H]3C=C,2048,644,1968,9.806175198230155,29.305399888312326,53.21251264296285,9.620740370740377,15.976904701935423,8032,83232,4096,13624,25456,54.82418516175941,157.22042402042396,322,10.001190476190478,22.883809202214856,2.1628585600907035,264,1328,6840,2.522777777777778,11.43333333333333,24.73036123632367,118.93198351366767,177.0
C(CCCCCCO)CCCCCO,364,192,360,7.287693700234705,16.433119864742107,25.878156862896233,7.242857142857143,9.66467330471567,1448,5328,728,1404,2760,26.12393478896601,47.657142857142865,96,7.333333333333333,13.7236146391316,2.1944444444444446,100,388,1516,1.8194444444444446,6.833333333333333,13.309401076758505,50.92820323027551,83.0
CCCC(C)Br,138,72,130,2.934808494301258,6.444329480531981,9.842672721773212,2.887301587301587,3.7800585308900394,536,1898,276,558,996,10.160745634373793,17.4515873015873,36,2.9833333333333334,5.4109350489449675,0.9619444444444445,40,164,688,0.6772222222222222,2.5666666666666664,5.049127729379167,19.936237570137333,-96.0
CCC,16,16,16,2.0,2.8284271247461903,4.0,2.0,2.0,64,64,32,32,64,4.0,4.0,8,2.0,2.82842712474619,1.0,12,36,108,0.4444444444444444,1.3333333333333333,2.309401076758503,6.928203230275509,-188.0
CCCc1ccc(C)cc1,464,188,452,4.544737254926704,11.755854435132699,19.807730313217593,4.490909090909092,6.647530948974297,1832,11372,928,2362,4520,20.19737182083072,46.26363636363636,94,4.600000000000001,9.47767920164647,1.1866666666666672,88,396,1816,1.1222222222222222,4.666666666666667,9.626836493378832,41.82478139013564,-64.0
COc1cc(ccc1OC)C(=O)OC,838,292,784,6.044559890102643,16.242149190602163,27.27670504212852,5.847175047175047,8.940436462708039,3244,26856,1676,5102,9152,28.75870310087785,70.03310023310023,146,6.252380952380953,12.93044670415146,1.7186734693877552,128,612,3032,1.587777777777778,6.466666666666667,13.358085113992622,59.49521550154303,60.0
O=C(O)CCCCCCCCCCCCC,458,232,452,7.94297457949652,18.676332664344663,29.87328366589089,7.9031746031746035,10.859508393067541,1820,7144,916,1838,3588,30.128341638310005,57.57460317460318,116,7.9833333333333325,15.410935048944967,2.2119444444444447,120,484,1968,1.9272222222222224,7.566666666666666,15.049127729379169,59.93623757013733,55.1
CCC/C=CC,108,64,104,3.287693700234704,6.635160893609391,9.878156862896235,3.2428571428571424,4.007819055223289,424,1232,216,380,712,10.123934788966011,15.657142857142855,32,3.3333333333333335,5.723614639131599,1.1944444444444444,36,132,492,0.8194444444444444,2.8333333333333335,5.309401076758503,18.92820323027551,-141.0
c1ccc(c(c1)C(=O)Cl)F,566,204,524,4.184906309078191,11.561280853041422,19.597072460804785,4.098068598068598,6.368265908990477,2180,16468,1132,3396,5864,20.41742788358204,49.00826950826951,102,4.275000000000001,9.147951019239997,0.993541666666667,92,436,2132,1.0211111111111113,4.466666666666667,9.421847543855286,42.742230881131874,5.0
CC(=O)c1c[nH]c2c1cccc2,888,292,842,4.969290693734314,14.435924700827378,25.625870166145805,4.895299145299145,7.922308115475913,3460,33226,1776,5786,10484,26.383745769822603,70.9837606837607,146,5.045238095238096,11.329263851466116,1.0671967120181407,124,608,3064,1.2366666666666668,5.6000000000000005,12.027198506782844,56.58548227669739,189.0
c1ccc2c(c1)CCc1ccccc12,1106,364,1066,5.958079205423984,17.550184556112793,31.721705553308446,5.90982905982906,9.664932789271047,4344,42410,2212,7142,13300,32.28320515129826,89.35213675213677,182,6.007142857142858,13.755670327614501,1.196198979591837,152,740,3692,1.5216666666666667,6.900000000000002,14.816052888782677,69.52975418669652,34.0
S=P(Oc1ccc(cc1)[N+]([O-])=O)(OC)OC,966,340,908,6.490597334500951,18.304275390023783,31.24884154424878,6.293839493839494,9.976024611942146,3748,29548,1932,5744,10360,32.80160225636167,81.84249084249083,170,6.702380952380953,14.403543161726356,1.651729024943311,152,752,3848,1.646666666666667,7.066666666666666,14.941950546468908,69.35693690253841,36.0
c1cc(C=O)c2CCOC(c2c1)=O,948,312,894,5.4869321390890695,15.689336174158363,27.476699130090434,5.367260517260519,8.593546217531367,3684,35266,1896,6168,11128,28.544122477929108,75.45473415473417,156,5.611904761904763,12.34212444835475,1.294418934240363,132,644,3240,1.4138888888888888,6.166666666666669,13.076326236162013,60.52171984683473,140.0
Fc1cc(C[C@H](N)C(=O)O)ccc1O,796,292,758,5.609120903038739,15.959648476785416,27.50499276848343,5.490909090909091,8.742488507821482,3108,22454,1592,4466,8252,28.520091399190346,70.86363636363636,146,5.733333333333335,12.549219161869647,1.2800000000000002,132,636,3132,1.3411111111111111,6.066666666666667,12.99955630785495,60.630774701130186,260.5
CCc1nc(N)nc(N)c1c2ccc(Cl)cc2,1202,400,1144,7.013749672010883,20.124161834291307,35.41818507667984,6.876379176379178,11.039415788857196,4692,44572,2404,7724,14124,36.60480608295098,97.24487179487181,200,7.157142857142859,15.825672797057248,1.6222637944066525,172,844,4240,1.733888888888889,7.766666666666669,16.654035000161674,78.41026366683302,233.0
Cc1[nH]c2ccccc2n1,686,240,668,4.220172803179927,12.22187659550627,21.82736172578931,4.183927183927184,6.752215688672042,2708,22920,1372,4080,7772,22.175773087559392,59.13772338772338,120,4.257142857142858,9.608625437600148,0.8746712018140592,104,500,2444,1.0355555555555556,4.733333333333334,10.183059726927222,47.73179521556382,176.0
CC(Cl)(Cl)Cl,128,64,128,2.0,4.898979485566357,8.0,2.0,2.8284271247461907,512,2048,256,512,1024,8.0,16.0,32,2.0,4.0,0.5,40,200,1000,0.32,1.5999999999999999,3.5777087639996634,17.88854381999832,-33.0
c1cc(c(cc1[N+](=O)[O-])C=O)O,712,252,670,4.956363209200926,13.760652032983288,23.486396047025682,4.828127428127427,7.554678847367159,2764,21778,1424,4230,7632,24.53551464002869,60.76340326340326,126,5.090476190476191,10.87868104762981,1.2496712018140592,112,540,2680,1.2333333333333334,5.333333333333333,11.259829655234286,51.62274036126837,125.0
c1cc(ccc1S(=O)(=O)Cl)Cl,668,236,630,4.262273317514401,12.352113775139317,21.686787736289066,4.201098901098902,6.778218381697587,2596,19914,1336,3994,7104,22.32100237531781,57.31483516483516,118,4.324999999999999,9.690353153324438,0.8965972222222223,108,544,2820,0.9758163265306126,4.585714285714287,10.016919283017868,48.59645430712622,52.0
CCC1(C(=O)NC(=O)NC1=O)C2=CC=CC=C2,1466,428,1320,6.834840705873606,20.010941325659303,34.977364634936784,6.6233301785933385,10.801980359513939,5572,67348,2932,11380,18684,37.09337290772677,101.28516089173989,214,7.062445887445888,15.63156549825674,1.631826275275951,176,908,4940,1.755226757369615,7.75714285714286,16.60554710336184,79.0704046970891,176.0
COc1ccc(cc1)/C=C/C(=O)c2ccccc2,1012,384,978,7.856807117169023,21.76046069219515,37.594497515903335,7.7561771561771575,12.088069140973168,3980,27530,2024,5520,10364,38.42138473625595,94.21103341103345,192,7.961904761904766,17.248002611577952,1.8123356009070297,172,796,3760,1.9977777777777779,8.600000000000001,18.02104183830622,80.6123046957003,75.0
c1ccc(cc1)c2ccc(cc2)c3ccc(cc3)c4ccccc4,1674,588,1622,10.302737661839569,29.95509627926867,53.61478305239773,10.234920634920636,16.556686601297613,6592,54054,3348,9942,18660,54.390287255180525,144.77777777777783,294,10.371428571428575,23.536486806165076,2.077346938775511,252,1200,5832,2.626666666666667,11.799999999999999,25.182616034782164,116.36256991669396,317.0
COc1ccc(cc1)C(N)=O,584,220,554,4.692632479653498,12.75950306165376,21.617709788553462,4.593939393939394,7.066172925281783,2276,15630,1168,3242,5896,22.395486754250076,53.375757575757575,110,4.795238095238096,10.13979516048461,1.1817800453514744,100,468,2248,1.1777777777777778,5.000000000000001,10.443333074306558,46.723760875702006,165.0
Cc1[nH]ccn1,248,108,242,2.7108249704942384,7.118829548495739,11.911723633103334,2.688888888888889,4.012457959773781,980,5062,496,1158,2216,12.09051347747691,26.638888888888886,54,2.7333333333333334,5.707845437689333,0.6411111111111112,52,228,1012,0.66,2.8,5.7888543819998315,24.94427190999916,143.0
O=[N+]([O-])c1ccc(Br)cc1,524,200,500,4.163378444157187,11.527351494745053,19.725554802410745,4.100000000000001,6.383193279263224,2048,13700,1048,2860,5240,20.28188398797718,48.75,100,4.2285714285714295,9.126934563595974,0.954557823129252,92,432,2072,1.0005555555555556,4.4333333333333345,9.394205344927391,42.787523305564676,126.0
COP(=S)(OC)SCN1N=Nc2ccccc2C1=O,1348,448,1266,7.712328327047187,22.418342920447166,39.10154687366295,7.493450993450997,12.164074499336905,5228,46786,2696,8540,15356,40.961974557225275,107.89734709734711,224,7.948809523809526,17.54324907038964,1.851347789115647,192,960,4968,2.0077777777777777,8.733333333333336,18.57494370832436,87.1548958736711,72.0
Cc1cc2ccccc2nc1,714,256,694,4.68447943347704,13.434685516504272,23.8135958681794,4.645931845931846,7.436754136548264,2816,22542,1428,4148,7860,24.189883705215028,63.05497280497279,128,4.723809523809525,10.580983238672255,0.9791156462585038,112,532,2572,1.1605555555555558,5.233333333333334,11.183059726927222,51.73179521556382,15.0
c1cc(c(cc1F)[N+](=O)[O-])F,658,232,618,4.444472637820684,12.54439309911447,21.583520180416237,4.350838050838051,6.882688616479642,2552,20514,1316,3974,7092,22.43165814929956,56.027222777222775,116,4.541666666666668,9.883438655857223,1.0302083333333336,104,504,2504,1.0561111111111112,4.7666666666666675,10.210701925855117,47.68650279113103,-12.0
C=CC(=O)O,102,56,96,2.3618073195657994,5.220947331236295,7.8445913576072765,2.309523809523809,3.0354612541511825,396,1216,204,382,688,8.162772227887022,13.52380952380952,28,2.416666666666667,4.361807319565799,0.7847222222222223,32,132,560,0.5522222222222222,2.0666666666666664,4.049127729379167,15.936237570137333,13.0
Cc1cc(c(c(c1)O)C)C,618,216,576,3.9098194114036255,11.3399167212896,19.512343021367194,3.7982128982128986,6.143041955694321,2388,18468,1236,3672,6540,20.518929894842106,51.78216783216783,108,4.0285714285714285,8.86741818692469,0.9034467120181409,96,472,2376,0.9311111111111113,4.266666666666667,9.210701925855117,43.68650279113103,94.0
NC=O,16,16,16,2.0,2.8284271247461903,4.0,2.0,2.0,64,64,32,32,64,4.0,4.0,8,2.0,2.82842712474619,1.0,12,36,108,0.4444444444444444,1.3333333333333333,2.309401076758503,6.928203230275509,2.0
CCCCOC(=O)C=C,256,124,244,4.411778601798138,10.106880272079259,15.736420147715577,4.326984126984128,5.8468551456862015,1000,4300,512,1106,2040,16.273801215519555,30.13412698412698,62,4.500000000000001,8.382332347441764,1.4083333333333334,64,264,1120,1.1044444444444446,4.133333333333334,8.098255458758336,31.87247514027467,-64.0
CCCCCCCC(C)O,266,136,260,4.9429745794965205,11.327863435995125,17.87328366589089,4.9031746031746035,6.616867705948254,1052,4072,532,1070,2052,18.128341638310008,33.574603174603176,68,4.9833333333333325,9.410935048944967,1.4619444444444445,72,292,1200,1.1772222222222224,4.566666666666666,9.049127729379169,35.93623757013734,-35.0
CC(C)(C)Cl,128,64,128,2.0,4.898979485566357,8.0,2.0,2.8284271247461907,512,2048,256,512,1024,8.0,16.0,32,2.0,4.0,0.5,40,200,1000,0.32,1.5999999999999999,3.5777087639996634,17.88854381999832,-26.0
Cc1cccc(c1)N,372,152,360,3.4575194933287814,9.349885971192165,15.831652088062796,3.416161616161616,5.218503338084835,1464,8600,744,1864,3520,16.172736683825416,37.29797979797979,76,3.5000000000000004,7.443333074306559,0.8027777777777778,72,328,1512,0.8200000000000002,3.6000000000000005,7.577708763999665,33.88854381999832,-30.0
c1ccc2cc(ccc2c1)S(=O)(=O)Cl,1014,340,970,5.521256188910659,16.45586895083602,29.669151482912667,5.4614163614163616,9.015280894148464,3968,34914,2028,6338,11628,30.336633263446895,83.11855921855926,170,5.582142857142859,12.85564551661803,1.0934906462585037,148,748,3880,1.3163718820861683,6.219047619047622,13.622270245945428,66.43970570269174,76.0
CCOC(=O)Cc1c[nH]c2c1cccc2,978,340,942,6.582409758026487,18.100123895822943,31.64679756971061,6.501243201243204,10.091261380123754,3840,34006,1956,5996,11188,32.36111538330745,83.29215229215231,170,6.665476190476192,14.397877921017788,1.5782128684807262,148,704,3436,1.6433333333333333,7.1333333333333355,15.04868403723412,68.56701227126753,43.0
CC#CC(=O)O,138,72,130,2.934808494301258,6.444329480531981,9.842672721773212,2.887301587301587,3.7800585308900394,536,1898,276,558,996,10.160745634373793,17.4515873015873,36,2.9833333333333334,5.4109350489449675,0.9619444444444445,40,164,688,0.6772222222222222,2.5666666666666664,5.049127729379167,19.936237570137333,77.0
O=[N+]([O-])c1cc(ccc1)C(=O)OC,744,268,702,5.453987547876775,14.99012006831559,25.47734523300717,5.323076923076923,8.25931707157906,2892,22362,1488,4358,7896,26.5429280174597,64.74017094017093,134,5.590476190476191,11.87868104762981,1.3746712018140592,120,572,2808,1.3583333333333336,5.833333333333334,12.259829655234286,55.622740361268356,78.0
COc1ccccc1OC(=O)Oc2ccccc2OC,1216,436,1162,8.746580192068492,24.037100596849434,41.36624858421696,8.58580308580309,13.32091736556253,4756,38126,2432,7166,13224,42.65768575997669,106.2084304584305,218,8.914285714285718,19.07948022002844,2.157120181405896,192,904,4368,2.2305555555555556,9.5,19.886666148613113,89.44752175140398,87.0
c1ccc2cc(c(cc2c1)O)O,836,288,806,4.916287321927444,14.422791219435927,25.678669437158103,4.845543345543345,7.9044476700766495,3284,27942,1672,5028,9452,26.336190568330178,70.47863247863249,144,4.990476190476189,11.293824663073078,1.032448979591837,124,604,3004,1.2161111111111114,5.566666666666668,11.99955630785495,56.63077470113018,164.0
O=[N+]([O-])c1ccc(O)cc1,524,200,500,4.163378444157187,11.527351494745053,19.725554802410745,4.100000000000001,6.383193279263224,2048,13700,1048,2860,5240,20.28188398797718,48.75,100,4.2285714285714295,9.126934563595974,0.954557823129252,92,432,2072,1.0005555555555556,4.4333333333333345,9.394205344927391,42.787523305564676,115.0
CCCC#CC,108,64,104,3.287693700234704,6.635160893609391,9.878156862896235,3.2428571428571424,4.007819055223289,424,1232,216,380,712,10.123934788966011,15.657142857142855,32,3.3333333333333335,5.723614639131599,1.1944444444444444,36,132,492,0.8194444444444444,2.8333333333333335,5.309401076758503,18.92820323027551,-90.0
c1ccc(cc1)Cc2ccncc2,680,272,672,5.916114535346942,16.121808878866293,27.917337483710767,5.898989898989899,9.061885086414218,2704,17632,1360,3496,6832,28.083108895741688,67.5959595959596,136,5.933333333333334,12.84369508771057,1.2922222222222224,124,556,2524,1.4800000000000002,6.400000000000001,13.366563145999498,58.83281572999746,10.0
CN,2,4,2,2.0,0.0,2.0,2.0,1.4142135623730951,8,2,4,2,4,2.0,1.0,2,2.0,2.0,2.0,4,8,16,0.5,1.0,1.4142135623730951,2.8284271247461903,-93.0
N#CCCC#N,108,64,104,3.287693700234704,6.635160893609391,9.878156862896235,3.2428571428571424,4.007819055223289,424,1232,216,380,712,10.123934788966011,15.657142857142855,32,3.3333333333333335,5.723614639131599,1.1944444444444444,36,132,492,0.8194444444444444,2.8333333333333335,5.309401076758503,18.92820323027551,56.0
N#CCC#N,76,48,72,2.7876937002347035,5.4104160222178015,7.878156862896232,2.7428571428571424,3.3007122740367407,296,720,152,252,456,8.123934788966011,11.657142857142855,24,2.833333333333333,4.723614639131599,1.0694444444444444,28,100,364,0.6944444444444444,2.333333333333333,4.309401076758503,14.928203230275507,34.0
OCCN4CCN(CCCN2c1ccccc1Sc3ccc(Cl)cc23)CC4,1982,668,1928,11.543175077691489,33.17609340426747,59.51989100082318,11.439715839715836,18.37421451954328,7820,74176,3964,12424,23600,60.48971376735262,164.54750804750802,334,11.648809523809518,26.151747734287824,2.4991850907029485,284,1376,6812,2.8944444444444444,12.999999999999991,27.837094727088875,130.1420588823968,94.0
CCCCCCCCCCCC(C)O,394,200,388,6.9429745794965205,16.22684292156148,25.873283665890902,6.9031746031746035,9.445294830694445,1564,6120,788,1582,3076,26.12834163831002,49.574603174603176,100,6.9833333333333325,13.410935048944967,1.9619444444444447,104,420,1712,1.6772222222222224,6.566666666666666,13.049127729379169,51.93623757013732,25.0
Nc1ccc(cc1)C2CCCCC2,774,288,752,5.648786063774152,15.872239308893857,27.799830010569497,5.607936507936508,8.828399365611034,3052,22676,1548,4344,8204,28.20399432287067,70.97222222222223,144,5.690476190476192,12.553341039744359,1.2085600907029481,128,596,2828,1.4105555555555558,6.233333333333333,13.183059726927224,59.73179521556382,53.0
CCc1ccc(O)cc1,428,172,414,3.962049594484955,10.550198794434266,17.765138332350134,3.893939393939395,5.891926400593708,1684,10330,856,2186,4136,18.244785002227463,42.125757575757575,86,4.033333333333335,8.428551472267303,1.0094444444444448,80,364,1688,0.9972222222222222,4.166666666666667,8.626836493378832,37.824781390135655,43.5
Nc1cc(ccc1Cl)[N+]([O-])=O,646,232,610,4.392149742614482,12.520884024409439,21.574065153245197,4.2935508935508935,6.847126389879365,2512,18858,1292,3740,6788,22.444822939463553,56.082750582750585,116,4.495238095238095,9.839775987996799,1.0078911564625852,104,504,2504,1.0561111111111112,4.766666666666667,10.210701925855115,47.68650279113103,118.0
N#Cc1cccnc1,340,144,328,3.740079005990548,9.575725986796034,15.80387861924605,3.6828282828282832,5.402544386978885,1336,7504,680,1668,3128,16.204116243749795,35.26464646464646,72,3.8000000000000007,7.720706034577969,0.9933333333333334,68,296,1316,0.9622222222222221,3.8666666666666667,7.837982111378999,32.880509480136496,50.0
c1cc(sc1)S(=O)(=O)Cl,548,192,512,3.540302729019994,10.152896096109496,17.72552802318499,3.489987789987791,5.581729586896216,2120,16576,1096,3348,5840,18.280333616840146,46.453724053724045,96,3.591666666666666,7.982507715635106,0.7554861111111111,88,444,2320,0.8158163265306124,3.7857142857142865,8.228064901018035,39.65218239712706,30.0
C[C@@H]1CC(=O)C=C([C@]12C(=O)c3c(cc(c(c3O2)Cl)OC)OC)OC,2424,668,2250,9.398973633000532,28.1154689843121,50.53827904662973,9.06543929067149,15.110526895528011,9348,128438,4848,19108,33712,53.55845571807451,159.5665737341434,334,9.755303030303033,21.90138046538089,2.352545285102104,264,1408,7824,2.422448979591837,10.857142857142863,23.57513984875863,116.38204917519471,219.0
CC(C)C(=O)C,186,84,170,2.465591117977289,6.1910151061678835,9.745966692414834,2.4,3.4608826567798667,712,3050,372,858,1460,10.262364471909153,20.0,42,2.533333333333333,4.992682649758251,0.6844444444444444,44,200,944,0.5555555555555556,2.333333333333333,4.816496580927726,20.898979485566358,-92.0
CCC#CC(C)C,170,88,164,3.4429745794965196,7.653628821820358,11.873283665890888,3.403174603174603,4.495547362388613,668,2536,340,686,1284,12.128341638310005,21.574603174603176,44,3.4833333333333334,6.4109350489449675,1.0869444444444445,48,196,816,0.8022222222222223,3.0666666666666664,6.049127729379167,23.936237570137333,-117.0
CCCN(CC1CC1)C2=C(C=C(C=C2[N+](=O)[O-])C(F)(F)F)[N+](=O)[O-],1771,566,1686,9.828686355414805,27.848238592850304,49.22073084933475,9.658095172801056,15.354996273843968,6914,73782,3542,11977,21980,50.79781318218157,137.59788920230102,283,10.00357142857143,21.98891478582961,2.3108309712774,242,1218,6350,2.438038548752834,10.785714285714286,23.092084837414742,109.43596283023221,32.0
COc1cc(cc(c1)OC)C(=O)O,744,268,714,5.552114137362574,15.000130773723571,25.52357781745244,5.415384615384615,8.308269526694488,2916,23334,1488,4322,8112,26.496563138075324,65.18974358974359,134,5.6952380952380945,11.943427791846261,1.4867800453514743,120,572,2796,1.3900000000000001,5.866666666666667,12.28131518568556,55.60427035583849,184.0
c1cc2c(cc(c(c2nc1)O)Br)Br,1010,324,950,5.187337288185728,15.448415735087918,27.44064375214396,5.06990231990232,8.375950370261,3920,38474,2020,6666,12016,28.591831713211793,78.18192918192919,162,5.311904761904761,12.04210527586694,1.1205300453514742,136,680,3496,1.2922222222222224,5.933333333333334,12.843695087710572,61.48446176226375,201.0
Nc1ccccc1N,398,156,376,3.4008663092555342,9.330597825890854,15.72990490818363,3.3383838383838382,5.157169095353894,1548,9600,796,2106,3808,16.284195134990124,37.79797979797979,78,3.466666666666667,7.393044663162263,0.798888888888889,72,332,1572,0.8405555555555556,3.6333333333333333,7.605350962927559,33.84325139556552,101.5
C1=CC=C(C(=C1)C(=O)O)N,566,204,524,4.184906309078191,11.561280853041422,19.597072460804785,4.098068598068598,6.368265908990477,2180,16468,1132,3396,5864,20.41742788358204,49.00826950826951,102,4.275000000000001,9.147951019239997,0.993541666666667,92,436,2132,1.0211111111111113,4.466666666666667,9.421847543855286,42.742230881131874,144.0
CC(C)(CCC(C)(C)O)O,440,176,432,3.746911649673304,10.34427852312966,17.90913266185463,3.727272727272728,5.783395647500679,1744,10992,880,2248,4344,18.091399166870083,43.57575757575757,88,3.7666666666666675,8.210701925855117,0.8061111111111112,92,476,2492,0.7161111111111114,3.5666666666666678,7.9995563078549505,40.63077470113018,89.0
Nc1ccccc1Br,398,156,376,3.4008663092555342,9.330597825890854,15.72990490818363,3.3383838383838382,5.157169095353894,1548,9600,796,2106,3808,16.284195134990124,37.79797979797979,78,3.466666666666667,7.393044663162263,0.798888888888889,72,332,1572,0.8405555555555556,3.6333333333333333,7.605350962927559,33.84325139556552,30.0
O=[N+]([O-])C([N+]([O-])=O)([N+](=O)[O-])[N+]([O-])=O,1080,288,864,4.714045207910314,13.748989197725432,22.62741699796951,4.4444444444444455,7.2189514164974575,3888,46656,2160,9720,12960,25.45584412271572,64.0,144,4.999999999999999,10.672482177462618,1.25,120,648,3768,1.1632653061224492,5.142857142857142,11.023715784073817,53.166010488516726,14.0
c1cc(c(cc1[N+](=O)[O-])[N+](=O)[O-])C(=O)O,982,328,918,5.9704752133182595,16.964300692244237,29.37461499055172,5.833150183150182,9.283120026257977,3800,34778,1964,6320,11224,30.643398059559853,78.94688644688644,164,6.111904761904762,13.349588700152264,1.397196712018141,144,712,3624,1.4172222222222222,6.4333333333333345,13.84369508771057,65.48446176226375,181.0
O=NN1CN2CN(C1)CN(C2)N=O,864,304,848,5.564043476634154,15.678753735399289,27.690419754781335,5.466666666666666,8.671406917819064,3424,28480,1728,5024,9792,28.325123591757915,74.93333333333334,152,5.666666666666666,12.395675952578083,1.3611111111111114,132,636,3108,1.404444444444445,6.1333333333333355,13.0425273687575,60.59383469027043,207.0
C1=CC(=CC=C1Br)Br,368,152,360,3.4327955589886447,9.31804722752556,15.87298334620742,3.4000000000000004,5.208946754575151,1456,8400,736,1804,3480,16.131182235954576,37.5,76,3.4666666666666672,7.415690875378665,0.7822222222222222,72,328,1512,0.8200000000000001,3.6000000000000005,7.577708763999665,33.88854381999832,88.0
Clc1ccc(cc1Cl)C(C)=O,646,232,610,4.392149742614482,12.520884024409439,21.5740651532452,4.2935508935508935,6.847126389879365,2512,18858,1292,3740,6788,22.444822939463553,56.082750582750585,116,4.495238095238094,9.839775987996797,1.0078911564625854,104,504,2504,1.056111111111111,4.766666666666667,10.210701925855117,47.68650279113103,73.0
Brc1ccc2ccccc2c1,714,256,694,4.68447943347704,13.434685516504267,23.813595868179405,4.645931845931847,7.436754136548262,2816,22542,1428,4148,7860,24.18988370521503,63.054972804972806,128,4.723809523809526,10.580983238672252,0.9791156462585036,112,532,2572,1.1605555555555556,5.233333333333334,11.183059726927224,51.73179521556382,54.0
CCC(CC)C(C)(C)C,456,160,400,3.6347403495460453,9.528596717383737,15.400734352557713,3.4857142857142867,5.21958278016058,1712,12416,912,2864,4512,16.629731673360205,37.257142857142846,80,3.791666666666666,7.607866896008369,1.0954861111111112,76,384,2044,0.8852607709750568,3.61904761904762,7.537465977776538,34.58038562740259,-99.0
c1cc(c(cc1Cl)Br)Cl,490,184,466,3.6561702310832738,10.321166358513182,17.691164621287715,3.582828282828283,5.6660970952775385,1912,13030,980,2684,4936,18.324863893467793,44.65909090909091,92,3.7333333333333347,8.12853229977949,0.8355555555555556,84,400,1944,0.8755555555555556,3.933333333333334,8.394205344927391,38.787523305564676,34.0
O=C(Cl)Oc1ccc(cc1)[N+]([O-])=O,686,260,658,5.473559570179537,14.98137095014174,25.691064979832483,5.403463203463203,8.338884505580591,2688,18670,1372,3784,7000,26.315618295017813,63.56623376623375,130,5.545238095238096,11.90388549860504,1.2720578231292523,120,564,2700,1.2855555555555556,5.733333333333334,12.183059726927224,55.73179521556383,78.0
N#CCCCCC#N,172,96,168,4.287693700234704,9.084650636392569,13.878156862896233,4.242857142857143,5.422032617596384,680,2256,344,636,1224,14.123934788966011,23.65714285714286,48,4.333333333333334,7.723614639131599,1.4444444444444444,52,196,748,1.0694444444444444,3.8333333333333335,7.309401076758503,26.92820323027551,2.0
Cc1ccc(c(c1)OC)OC,622,224,586,4.784071347085859,12.801632759374993,21.513912429141623,4.65098235098235,7.080652023815636,2416,18922,1244,3664,6628,22.508470813239324,54.014568764568786,112,4.923809523809523,10.206342419045514,1.3191156462585036,100,472,2296,1.2300000000000004,5.066666666666667,10.492460803685729,46.65999844583932,27.0
ON=Cc1ccccc1,376,160,366,4.3227666664322975,10.781381627494465,17.84647060011351,4.27979797979798,6.158148935359474,1484,8546,752,1844,3512,18.156703062353053,39.402525252525244,80,4.366666666666667,8.769833763957136,1.1705555555555558,76,328,1444,1.087222222222222,4.366666666666666,8.837982111379,36.880509480136496,36.5
c1ccc2c(c1)ccc(=O)[nH]2,714,256,694,4.68447943347704,13.43468551650427,23.813595868179405,4.645931845931846,7.436754136548262,2816,22542,1428,4148,7860,24.18988370521504,63.0549728049728,128,4.723809523809525,10.580983238672255,0.9791156462585038,112,532,2572,1.1605555555555558,5.233333333333334,11.183059726927224,51.73179521556382,198.0
O=C(Cc1ccccc1)Cc2ccccc2,836,332,822,7.162809058181488,19.577610172954305,33.83726593867023,7.126262626262627,10.975037245911818,3316,21682,1672,4330,8392,34.1653321020902,82.25505050505052,166,7.200000000000003,15.579182724327797,1.578888888888889,152,688,3152,1.7650000000000001,7.700000000000001,16.15541752799933,71.77708763999661,32.0
c1ccc2c(c1)CCC2O,720,244,686,4.179267629767947,12.215734773593871,21.7176758879678,4.1237096237096225,6.702906000299402,2812,24790,1440,4496,8204,22.29196490555808,59.487756687756686,122,4.236904761904762,9.574357495388384,0.8725439342403629,104,504,2504,1.0561111111111114,4.7666666666666675,10.210701925855117,47.686502791131026,52.0
c1ccc(cc1)OCCCBr,440,192,432,5.330932751627559,13.215425840174433,21.877081544231185,5.295670995670997,7.580744548044595,1744,9696,880,2100,4056,22.12429906628926,47.525541125541125,96,5.366666666666667,10.76983376395714,1.4205555555555556,92,392,1700,1.3372222222222223,5.366666666666666,10.837982111379,44.88050948013649,10.0
CC=C1CCCC1,308,128,296,3.240079005990548,8.350981115404446,13.80387861924605,3.1828282828282832,4.695437605792337,1208,6992,616,1540,2872,14.204116243749795,31.26464646464646,64,3.3000000000000007,6.720706034577969,0.8683333333333334,60,264,1188,0.8372222222222221,3.3666666666666667,6.837982111378999,28.880509480136492,-130.0
Fc1ccc(cc1)[N+](=O)[O-],524,200,500,4.163378444157187,11.527351494745051,19.725554802410745,4.1,6.383193279263225,2048,13700,1048,2860,5240,20.28188398797719,48.75000000000001,100,4.2285714285714295,9.126934563595972,0.954557823129252,92,432,2072,1.0005555555555556,4.433333333333334,9.394205344927391,42.787523305564676,21.0
CCCCCC(=O)OCCC,324,156,314,5.498518670728943,12.52924557071354,19.78988049599957,5.431746031746033,7.313170233810522,1276,5782,648,1410,2672,20.21444826644292,38.29603174603175,78,5.566666666666667,10.431460076820933,1.7105555555555558,80,328,1376,1.3544444444444448,5.133333333333333,10.098255458758338,39.87247514027466,-69.0
COc1ccc(cc1)C(C)=O,584,220,554,4.692632479653498,12.75950306165376,21.617709788553462,4.593939393939394,7.066172925281783,2276,15630,1168,3242,5896,22.395486754250076,53.375757575757575,110,4.795238095238096,10.13979516048461,1.1817800453514744,100,468,2248,1.1777777777777778,5.000000000000001,10.443333074306558,46.723760875702006,38.0
Cc2ccccc2Cc1ccccc1,804,304,782,6.1443124528743045,17.110855698525896,29.771411892410704,6.095182595182594,9.527822675189267,3172,22882,1608,4424,8400,30.23637050547855,74.89782439782441,152,6.195238095238095,13.554938775927877,1.339557823129252,136,628,2956,1.5355555555555558,6.733333333333334,14.183059726927224,63.73179521556381,7.0
O=C(O)C2=CN(CC)c1nc(C)ccc1C2=O,1336,420,1264,6.806044971705596,19.88289079755726,35.27575774068299,6.638444888444891,10.823567793707802,5200,54380,2672,9024,16460,36.75912758067081,101.5456376956377,210,6.9821428571428585,15.571404328194909,1.5936295351473928,176,888,4604,1.685,7.633333333333336,16.498173780017297,79.26395072796655,229.5
c1ccc2cc(c(cc2c1)C(=O)O)O,1004,336,958,5.704589728664856,16.646017960037213,29.57102499628662,5.613553113553113,9.121039191278753,3924,35426,2008,6318,11608,30.442984824161947,81.84676434676437,168,5.798809523809522,13.048731019150813,1.227101757369615,144,708,3564,1.396666666666667,6.400000000000001,13.816052888782677,65.52975418669655,220.0
c1cc(cnc1)N,280,124,274,3.210824970494238,8.343574419887329,13.911723633103335,3.1888888888888887,4.719564740960329,1108,5574,560,1286,2472,14.09051347747691,30.638888888888886,62,3.233333333333333,6.707845437689332,0.7661111111111112,60,260,1140,0.7849999999999999,3.3,6.7888543819998315,28.94427190999916,61.0
CC(CO)(CO)C(=O)O,506,168,432,3.4824041628711773,9.538517067685683,15.142406541619115,3.266178266178266,5.066464370835175,1876,14752,1012,3330,5120,16.922836655297242,38.212454212454205,84,3.7166666666666663,7.496726916516863,1.0905555555555557,76,392,2164,0.9263718820861677,3.685714285714286,7.592750375632326,34.48980077853699,189.0
c1ccc2cc(ccc2c1)C(=O)Cl,870,304,838,5.420458945008249,15.63440318240053,27.696496400136887,5.356654456654455,8.61778343115009,3416,28370,1740,5204,9712,28.309842751210788,74.47863247863246,152,5.485714285714286,12.292226926889562,1.1514512471655334,132,636,3132,1.3411111111111111,6.066666666666668,12.99955630785495,60.630774701130186,50.0
CCC=1CCCCC=1,340,144,328,3.740079005990548,9.575725986796034,15.80387861924605,3.6828282828282832,5.402544386978885,1336,7504,680,1668,3128,16.204116243749795,35.26464646464646,72,3.8000000000000007,7.720706034577969,0.9933333333333334,68,296,1316,0.9622222222222221,3.8666666666666667,7.837982111378999,32.880509480136496,-110.0
CCCCCCCCCCCCCCCCCCBr,524,272,520,9.787693700234705,22.55684422170004,35.878156862896226,9.742857142857146,13.200207210648403,2088,7888,1048,2044,4040,36.12393478896601,67.65714285714286,136,9.833333333333334,18.723614639131597,2.8194444444444446,140,548,2156,2.4444444444444446,9.333333333333334,18.309401076758505,70.92820323027551,28.0
CC(C)C1CCCC1,404,156,382,3.441407855662781,9.328133815715232,15.76429508930666,3.3888888888888893,5.1867044844618535,1572,10362,808,2214,3976,16.241215229499513,37.888888888888886,78,3.4952380952380953,7.41908912590664,0.8134467120181407,72,332,1572,0.8405555555555555,3.6333333333333333,7.605350962927559,33.84325139556552,-111.0
CCl,2,4,2,2.0,0.0,2.0,2.0,1.4142135623730951,8,2,4,2,4,2.0,1.0,2,2.0,2.0,2.0,4,8,16,0.5,1.0,1.4142135623730951,2.8284271247461903,-97.0
CCOC(=O)C(=O)Nc1ccccc1,682,268,654,6.26557570801436,16.438097545512136,27.61770676644177,6.168686868686868,9.223533076261685,2672,17618,1364,3626,6752,28.399343749472347,65.40252525252525,134,6.366666666666666,13.190520626047293,1.615,124,564,2632,1.552777777777778,6.500000000000001,13.44333307430656,58.723760875702,67.0
C1CCOCO1,192,96,192,3.0,7.348469228349535,12.0,3.0,4.2426406871192865,768,3072,384,768,1536,12.0,24.0,48,3.0,6.0,0.75,48,192,768,0.75,3.0,6.0,24.0,-42.0
CC(C)OC(=O)Nc1ccccc1,598,244,582,5.76770061935113,15.253395169372023,25.797162265484538,5.719624819624819,8.588408126775295,2360,14594,1196,3044,5792,26.206470990866052,60.11421356421356,122,5.816666666666666,12.220284009315627,1.370277777777778,116,524,2396,1.3550000000000002,5.900000000000001,12.366563145999498,54.83281572999746,88.0
ClCc1ccccc1CCl,530,196,494,4.526407388888565,11.815224001343175,19.538886858427635,4.4018759018759015,6.568701676890489,2048,15206,1060,3086,5452,20.481912672417288,47.07070707070707,98,4.657142857142857,9.47085478242829,1.282448979591837,88,404,1924,1.195,4.766666666666667,9.703606421685894,41.715726535840176,56.0
Cn1c2ccccc2nn1,720,244,686,4.179267629767948,12.215734773593873,21.7176758879678,4.123709623709623,6.702906000299404,2812,24790,1440,4496,8204,22.291964905558068,59.48775668775668,122,4.236904761904762,9.574357495388382,0.8725439342403631,104,504,2504,1.0561111111111114,4.7666666666666675,10.210701925855117,47.68650279113103,65.0
CC(=O)OCc1ccccc1,470,200,462,4.991786439889459,12.998832705044029,21.89697638722622,4.967099567099567,7.367595053910261,1864,10650,940,2278,4408,22.103783556133642,49.55411255411255,100,5.0166666666666675,10.457154173770505,1.1880555555555556,96,424,1896,1.1950000000000003,5.1000000000000005,10.577708763999665,45.88854381999832,-51.0
Brc1cc(Br)c(O)cc1,490,184,466,3.6561702310832747,10.321166358513182,17.69116462128771,3.582828282828283,5.6660970952775385,1912,13030,980,2684,4936,18.324863893467793,44.65909090909091,92,3.7333333333333343,8.12853229977949,0.8355555555555558,84,400,1944,0.8755555555555556,3.9333333333333336,8.39420534492739,38.787523305564676,40.0
CCCO,44,32,42,2.2996598285221186,4.161760458079524,5.919183588453085,2.2666666666666666,2.6053509629275577,172,306,88,124,228,6.082482904638631,7.800000000000001,16,2.333333333333333,3.723614639131598,0.9444444444444444,20,68,236,0.5694444444444444,1.833333333333333,3.309401076758503,10.928203230275509,-127.0
Cc1ccc(Cl)cc1[N+]([O-])=O,658,232,618,4.444472637820684,12.544393099114469,21.583520180416233,4.35083805083805,6.882688616479644,2552,20514,1316,3974,7092,22.43165814929956,56.02722277722279,116,4.541666666666667,9.883438655857223,1.0302083333333334,104,504,2504,1.0561111111111112,4.7666666666666675,10.210701925855117,47.68650279113103,39.0
CCCCCCOC=O,204,112,200,4.787693700234704,10.30939550778416,15.878156862896233,4.742857142857143,6.129139398782932,808,2768,408,764,1480,16.12393478896601,27.65714285714286,56,4.833333333333333,8.723614639131599,1.5694444444444446,60,228,876,1.1944444444444444,4.333333333333333,8.309401076758503,30.92820323027551,-63.0
CCCCCCCCCCc1ccc(cc1)N,688,300,678,8.052903340121967,20.313623004770605,33.83834125733527,8.006782106782108,11.605660467592147,2732,15082,1376,3258,6344,34.16496782476695,74.38665223665224,150,8.100000000000003,16.47767920164647,2.061666666666667,144,620,2712,1.9972222222222227,8.166666666666668,16.626836493378836,69.82478139013561,24.0
CCOC=C(C#N)C#N,284,128,264,4.436918960588242,10.121697284243853,15.608832557157145,4.3128427128427145,5.817949718763368,1096,5520,568,1360,2400,16.40786821017634,30.660894660894648,64,4.566666666666666,8.395192944330399,1.5105555555555557,64,268,1168,1.156666666666667,4.200000000000001,8.147383188137505,31.808712710412006,65.0
C(CBr)C(=O)O,138,72,130,2.934808494301258,6.444329480531981,9.842672721773212,2.887301587301587,3.7800585308900394,536,1898,276,558,996,10.160745634373795,17.4515873015873,36,2.9833333333333334,5.4109350489449675,0.9619444444444445,40,164,688,0.6772222222222222,2.5666666666666664,5.049127729379167,19.936237570137333,60.0
c1cc(c(c(c1F)C(=O)O)F)F,826,268,752,4.673228063622463,13.561392260534214,23.315295605947142,4.526234876234877,7.324123797629235,3156,29276,1652,5522,9356,24.722626217347205,63.5742007992008,134,4.828571428571428,10.600629676258697,1.100483749055178,116,580,2996,1.1322222222222225,5.133333333333333,11.054840705710737,52.54018985226458,131.0
CCc1ccccn1,340,144,328,3.740079005990548,9.575725986796034,15.80387861924605,3.6828282828282832,5.402544386978885,1336,7504,680,1668,3128,16.204116243749795,35.26464646464646,72,3.8000000000000007,7.720706034577969,0.9933333333333334,68,296,1316,0.9622222222222221,3.8666666666666667,7.837982111378999,32.880509480136496,-63.0
CC(C)(C)S,128,64,128,2.0,4.898979485566357,8.0,2.0,2.8284271247461907,512,2048,256,512,1024,8.0,16.0,32,2.0,4.0,0.5,40,200,1000,0.32,1.5999999999999999,3.5777087639996634,17.88854381999832,1.0
CC(=O)NC(=O)CN,258,116,242,3.5988153566940535,8.694475133921566,13.720009195865215,3.5176046176046185,4.937606142007053,1000,4906,516,1216,2172,14.290382022119045,27.97279942279942,58,3.6833333333333336,7.097294956183026,1.071388888888889,60,264,1188,0.8372222222222223,3.366666666666667,6.8379821113790005,28.880509480136496,138.0
c1cc(ccc1C#N)I,428,172,414,3.9620495944849554,10.550198794434266,17.76513833235013,3.893939393939394,5.891926400593708,1684,10330,856,2186,4136,18.244785002227466,42.125757575757575,86,4.033333333333332,8.428551472267301,1.0094444444444444,80,364,1688,0.9972222222222225,4.166666666666668,8.626836493378834,37.82478139013565,126.0
Cc1c(cc(cc1Br)Br)Br,618,216,576,3.909819411403625,11.339916721289603,19.512343021367194,3.798212898212898,6.143041955694321,2388,18468,1236,3672,6540,20.51892989484211,51.782167832167836,108,4.0285714285714285,8.867418186924692,0.9034467120181406,96,472,2376,0.9311111111111112,4.2666666666666675,9.210701925855119,43.686502791131026,69.0
O=C(C=C1Cc2ccccc21)c1ccccc1,1254,424,1214,7.19295439133684,20.98573262315994,37.66557626465825,7.12735042735043,11.570351293766269,4936,45182,2508,7802,14684,38.344449002428796,104.21111111111115,212,7.260714285714288,16.475137495299194,1.4811040249433112,180,872,4320,1.8066666666666666,8.200000000000001,17.60490727078251,82.4740260966957,50.0
CC1(C2CCC(O1)(CC2)C)C,1004,304,952,3.91564281998722,12.628125781298943,23.62281908112538,3.8489510489510472,6.783107569161519,3912,40576,2008,6860,12472,24.389271893286296,73.81258741258743,152,3.9845238095238096,9.71333028089547,0.7000014172335602,128,700,3920,0.9130385487528346,4.619047619047619,10.49405122472894,55.24810033939251,1.0
OC1c3ccccc3Oc2ccccc12,1234,396,1182,6.220127465786371,18.554049710113674,33.589931977213716,6.141880341880344,10.152428202330897,4832,48550,2468,8130,15036,34.429449358662055,96.74188034188037,198,6.302380952380953,14.494556214759701,1.264090136054422,164,812,4124,1.5772222222222223,7.233333333333335,15.632549469710403,74.42873367226288,123.0
Cc1cccc(c1O)O,522,188,482,3.6211821562425532,10.333252463683175,17.55108330826311,3.5204351204351205,5.614567969461855,2008,14434,1044,3034,5292,18.478261136364434,44.92105672105672,94,3.728571428571428,8.10428835137957,0.8462244897959186,84,404,2004,0.8961111111111112,3.9666666666666663,8.421847543855286,38.742230881131874,65.0
CC(Cl)C(Cl)(Cl)Cl,318,120,288,2.500887246306986,7.012632426376511,11.650011549007882,2.4222222222222225,3.8080501986239867,1212,7344,636,1758,2952,12.366365044077233,28.39999999999999,60,2.5833333333333335,5.512438571626293,0.6041666666666667,60,312,1692,0.5308163265306122,2.4857142857142858,5.439210519018204,26.70791048712792,-65.0
Oc1ccc(C=O)cc1O,550,204,522,4.188460856572695,11.54789109868916,19.599882825574674,4.082828282828283,6.352837164208344,2144,15202,1100,3066,5636,20.421834571369466,49.375757575757575,102,4.299999999999999,9.141392896668124,1.0627777777777778,92,436,2120,1.052777777777778,4.500000000000001,9.44333307430656,42.723760875702006,154.0
CC[Si](CC)(Cl)Cl,284,112,256,2.8117043883352992,7.328718431525358,11.516651981929844,2.6701298701298706,3.9828143344153157,1080,6304,568,1508,2560,12.526303717245582,26.223376623376616,56,2.966666666666667,5.83606110622838,0.8961111111111111,56,280,1472,0.7155555555555557,2.8000000000000003,5.731248620613789,25.670434111407385,-97.0
c1ccc(cc1)Nc2ccccc2N,804,304,782,6.144312452874304,17.110855698525896,29.771411892410697,6.095182595182595,9.527822675189269,3172,22882,1608,4424,8400,30.236370505478547,74.8978243978244,152,6.195238095238096,13.554938775927877,1.3395578231292515,136,628,2956,1.5355555555555558,6.733333333333334,14.183059726927224,63.73179521556383,79.0
CCC(C)(C)CC,284,112,256,2.8117043883352997,7.328718431525358,11.516651981929844,2.6701298701298697,3.9828143344153157,1080,6304,568,1508,2560,12.52630371724558,26.223376623376616,56,2.9666666666666672,5.83606110622838,0.8961111111111112,56,280,1472,0.7155555555555555,2.8000000000000003,5.731248620613787,25.670434111407385,-135.0
C1=CC=C2C(=C1)NC3=CC=CC=C3S2,1060,360,1036,5.946956560690766,17.532150602836502,31.814866541659704,5.9133089133089145,9.67812705834888,4192,37740,2120,6492,12424,32.18709976242178,88.95726495726497,180,5.980952380952383,13.746275601965841,1.1760090702947847,152,736,3632,1.5011111111111113,6.866666666666669,14.788410689854784,69.57504661112932,187.0
OCCNCCO,140,80,136,3.787693700234704,7.85990576500098,11.878156862896233,3.7428571428571424,4.714925836409837,552,1744,280,508,968,12.123934788966011,19.657142857142855,40,3.8333333333333335,6.723614639131599,1.3194444444444444,44,164,620,0.9444444444444444,3.3333333333333335,6.309401076758503,22.92820323027551,28.0
O=[N+]([O-])c1ccccc1O,566,204,524,4.184906309078192,11.561280853041422,19.597072460804778,4.098068598068598,6.368265908990476,2180,16468,1132,3396,5864,20.41742788358204,49.00826950826951,102,4.2749999999999995,9.147951019239995,0.9935416666666668,92,436,2132,1.0211111111111113,4.466666666666668,9.421847543855284,42.74223088113187,44.0
O=C(O)C(C)(c1ccccc1)c1ccccc1,1318,408,1200,7.018214738913203,20.171908242665403,35.22450761180967,6.877594627594629,11.024559435054016,5036,55344,2636,9606,16072,36.818515162151094,97.38522588522594,204,7.166666666666668,15.8433855813975,1.5718055555555557,172,864,4588,1.772448979591837,7.8571428571428585,16.73992279305494,78.23518764138544,173.0
C1=CC=C2C(=C1)C(=O)C3=C(C2=O)C(=CC=C3)Cl,1544,464,1454,6.758589961903643,20.57882650106463,37.25900590528396,6.610896293249236,11.123136824468407,5996,68670,3088,10966,19812,38.784179480219294,112.03944992915585,232,6.915476190476193,15.98427179635496,1.4117776832955409,188,960,5048,1.708888888888889,7.933333333333335,17.293184830493747,84.1814002189628,159.0
C#CCCO,76,48,72,2.7876937002347035,5.4104160222178015,7.878156862896232,2.7428571428571424,3.3007122740367407,296,720,152,252,456,8.123934788966011,11.657142857142855,24,2.833333333333333,4.723614639131599,1.0694444444444444,28,100,364,0.6944444444444444,2.333333333333333,4.309401076758503,14.928203230275507,-63.6
Cc1cc(c(c(c1C)Br)C)C,774,252,706,4.1074250209416245,12.332455663816628,21.258475122372406,3.942368742368743,6.563845827913768,2960,25786,1548,4950,8564,22.801064493213442,59.52307692307693,126,4.285714285714286,9.554417926742078,0.9614512471655332,108,548,2868,1.0072222222222222,4.633333333333333,10.054840705710737,48.54018985226459,60.0
COc1ccc(cc1OC)CC#N,718,260,680,5.899049633017029,15.234013140249404,25.465222614296046,5.747952047952047,8.52299664112703,2796,22136,1436,4222,7712,26.558028309744245,62.86911421911424,130,6.057142857142856,12.268330745313323,1.7235600907029482,116,540,2600,1.5322222222222226,6.133333333333334,12.541588533064896,54.59623601597666,64.0
CC[C@H](C)C(=O)O[C@H]1C[C@H](C=C2[C@H]1[C@H]([C@H](C=C2)C)CC[C@@H]3C[C@H](CC(=O)O3)O)C,2108,700,2024,11.74172187255078,34.334918235640004,61.09020247052844,11.527535209888148,18.784510898579168,8264,78928,4216,13388,24984,62.94732207391142,170.80255626726213,350,11.965476190476183,26.900245500791474,2.594694349962207,300,1484,7488,2.8600000000000003,13.133333333333328,28.442445690016434,135.9853102779623,175.0
Brc2cccc1ccccc12,752,260,716,4.673694820767863,13.450795836935235,23.69290784796743,4.612598512598514,7.403783801599059,2936,25140,1504,4624,8424,24.316887265057694,63.37664557664558,130,4.736904761904762,10.57435749538838,0.997543934240363,112,536,2632,1.181111111111111,5.2666666666666675,11.210701925855119,51.68650279113103,-1.0
NC(=O)OCC,138,72,130,2.934808494301258,6.444329480531982,9.842672721773212,2.8873015873015873,3.7800585308900394,536,1898,276,558,996,10.160745634373795,17.4515873015873,36,2.9833333333333334,5.4109350489449675,0.9619444444444445,40,164,688,0.6772222222222222,2.566666666666667,5.049127729379167,19.936237570137337,48.0
c1ccc(cc1)OCCC(=O)O,502,216,492,5.486213630889376,14.233893768385396,23.872208347225854,5.455988455988456,8.068472855209917,1988,11000,1004,2406,4628,24.12870591563327,53.443001443001435,108,5.516666666666667,11.457154173770506,1.3130555555555556,104,456,2024,1.32,5.6000000000000005,11.577708763999665,49.88854381999832,98.0
Cc1ccc(cc1)N(CC2=NCCN2)c3cc(O)ccc3,1402,496,1368,8.896417813350208,25.6426287316251,45.67934413291895,8.828760128760127,14.190752053658496,5540,46884,2804,8294,15836,46.32667384191323,122.39342879342888,248,8.965476190476192,20.179584682460547,1.840990646258504,216,1032,5016,2.1961111111111116,9.966666666666667,21.36611945385444,99.46359043112761,174.5
Nc2ncnc(Nc1ccc(Cl)cc1)n2,860,328,846,6.387816236669005,18.097166411076643,31.815088869918554,6.343434343434343,10.053966120065791,3412,23726,1720,4592,8932,32.189368772196644,81.20707070707071,164,6.4333333333333345,14.28702816201713,1.3450000000000002,148,692,3268,1.5500000000000007,7.000000000000003,14.944271909999165,68.72135954999575,233.0
c2cc1c(ccnc1c3nccc(c23)c4ccccc4)c5ccccc5,2202,700,2122,11.011844651491161,32.66943090483019,59.45623755987603,10.918376068376064,17.96461380321172,8648,92202,4404,14798,27604,60.5549717867353,171.7452991452992,350,11.107142857142854,25.576019778733446,2.203698979591837,288,1420,7188,2.813888888888889,12.833333333333334,27.659747976493236,131.01421594896024,218.0
O=C(O)CCCCCCCCCCCCCCCCCCC,650,328,644,10.94297457949652,26.024801892694178,41.87328366589088,10.903174603174605,15.102149080186818,2588,10216,1300,2606,5124,42.128341638310005,81.57460317460317,164,10.983333333333334,21.410935048944964,2.9619444444444447,168,676,2736,2.6772222222222224,10.566666666666668,21.04912772937917,83.93623757013734,75.0
C1C2CC3CC1CC(C2)(C3)C(=O)O,1284,384,1242,4.896723614348978,15.699325360172512,29.665990593595836,4.828632478632478,8.477933316641098,5052,57078,2568,8916,16776,30.34914435610783,94.20961538461538,192,4.9682539682539675,12.104289938117482,0.8940539178634419,156,828,4488,1.177482993197279,5.885714285714287,13.255263407800879,68.23766467382447,175.0
c1ccc(c(c1)C(=O)NN)[N+](=O)[O-],794,272,736,5.50134077507533,15.018973033647077,25.39658096890965,5.358791208791209,8.26889552902158,3060,27340,1588,5068,8868,26.627154114384837,65.17423687423688,136,5.6499999999999995,11.915717972206366,1.4154166666666668,120,576,2868,1.378888888888889,5.866666666666666,12.28747185416218,55.57744793683556,121.0
Ic1ccccc1N,398,156,376,3.4008663092555342,9.330597825890854,15.72990490818363,3.3383838383838382,5.157169095353894,1548,9600,796,2106,3808,16.284195134990124,37.79797979797979,78,3.466666666666667,7.393044663162263,0.798888888888889,72,332,1572,0.8405555555555556,3.6333333333333333,7.605350962927559,33.84325139556552,58.0
CC(C)(C)CCC,242,104,228,2.9946902598887424,7.306525676167844,11.799776208317986,2.9414141414141413,4.16411654682211,940,4920,484,1186,2124,12.208261379313997,25.187878787878784,52,3.0500000000000003,5.967158282493358,0.8752777777777778,56,272,1364,0.6427777777777779,2.7,5.654478692306725,25.779488965702853,-124.0
CC(=O)NS(=O)(=O)C1=CC=C(C=C1)N,868,300,816,5.590422796561643,15.825048744826438,27.55559791216047,5.501531801531802,8.71817552459437,3368,28204,1736,5370,9556,28.458877079519002,72.65422910422912,150,5.682142857142858,12.479847367903604,1.2551573129251705,136,680,3508,1.2813718820861681,5.91904761904762,12.833415863945595,61.495433792692566,182.0
Cc1cccc(c1NC(=O)C)C,696,248,656,4.996507208549755,13.788449836960668,23.586929888518043,4.905050505050505,7.620592920522852,2704,22048,1392,4192,7536,24.429066298127896,60.026551226551234,124,5.091666666666665,10.924901954249062,1.1860416666666669,112,536,2632,1.1811111111111114,5.266666666666667,11.210701925855117,51.68650279113103,181.0
ICC(=O)O,102,56,96,2.3618073195657994,5.220947331236295,7.8445913576072765,2.309523809523809,3.0354612541511825,396,1216,204,382,688,8.162772227887022,13.52380952380952,28,2.416666666666667,4.361807319565799,0.7847222222222223,32,132,560,0.5522222222222222,2.0666666666666664,4.049127729379167,15.936237570137333,81.0
c1c(nc(nc1Cl)Cl)Cl,468,180,450,3.7400835685036307,10.367403882264048,17.759785364878386,3.6818181818181817,5.739456478492807,1836,12150,936,2502,4680,18.246669619045523,43.97727272727273,90,3.8000000000000007,8.206462909851679,0.8600000000000001,84,396,1884,0.855,3.9000000000000004,8.366563145999496,38.83281572999748,23.0
CCCCCCCCCCCCCCCCCO,492,256,488,9.287693700234703,21.332099350308454,33.87815686289623,9.242857142857146,12.493100429461856,1960,7376,984,1916,3784,34.12393478896601,63.657142857142865,128,9.333333333333334,17.723614639131597,2.6944444444444446,132,516,2028,2.3194444444444446,8.833333333333334,17.309401076758505,66.92820323027551,57.0
CC1CC(C)C(C)C1,462,168,438,3.189503564416606,9.112517212105686,15.691164621287713,3.116161616161616,4.978536300399813,1800,13122,924,2616,4800,16.324863893467793,40.65909090909091,84,3.2666666666666666,7.156174498707383,0.7311111111111113,76,368,1816,0.7505555555555556,3.4333333333333336,7.39420534492739,34.787523305564676,-132.6
CC(C)COC(=O)C,232,112,226,3.60382826775842,8.661780558081546,13.89317850888592,3.5746031746031743,4.989504649440827,916,4002,464,992,1892,14.10782612815438,27.603174603174605,56,3.6333333333333337,7.098255458758335,0.9794444444444446,60,260,1140,0.785,3.3000000000000003,6.788854381999832,28.94427190999916,-99.0
O=S(=O)(Cl)c1ccccc1,580,208,544,4.040302729019994,11.377640967501081,19.725528023184992,3.98998778998779,6.288836368082763,2248,17088,1160,3476,6096,20.280333616840156,50.45372405372405,104,4.091666666666667,8.982507715635109,0.8804861111111111,96,476,2448,0.9408163265306122,4.285714285714286,9.228064901018035,43.65218239712708,15.0
COC(=O)c1ccccc1,496,192,468,4.4659168871483566,11.79367745243773,19.644187170336075,4.374358974358975,6.572566409938979,1928,12980,992,2724,4904,20.371488471142293,46.483760683760686,96,4.561904761904763,9.431949722795277,1.165668934240363,88,400,1876,1.142777777777778,4.7,9.654478692306727,41.77948896570285,-12.0
C1=CC(=CC=C1N)Br,368,152,360,3.4327955589886447,9.31804722752556,15.87298334620742,3.4000000000000004,5.208946754575151,1456,8400,736,1804,3480,16.131182235954576,37.5,76,3.4666666666666672,7.415690875378665,0.7822222222222222,72,328,1512,0.8200000000000001,3.6000000000000005,7.577708763999665,33.88854381999832,66.0
c1c[n+](ccc1C(=O)O)[O-],524,200,500,4.163378444157187,11.527351494745051,19.72555480241075,4.1,6.383193279263225,2048,13700,1048,2860,5240,20.28188398797719,48.74999999999999,100,4.228571428571429,9.126934563595972,0.954557823129252,92,432,2072,1.0005555555555556,4.433333333333334,9.394205344927391,42.787523305564676,270.0
Cc1ccc(c(c1)C(=O)O)O,658,232,618,4.444472637820684,12.544393099114469,21.583520180416233,4.350838050838051,6.882688616479642,2552,20514,1316,3974,7092,22.43165814929956,56.02722277722278,116,4.541666666666666,9.883438655857221,1.0302083333333336,104,504,2504,1.0561111111111112,4.766666666666667,10.210701925855117,47.686502791131026,153.0
c1ccc(cc1)/C=C/C(=O)c2ccc(cc2)Cl,952,364,924,7.327553081672713,20.52830912528644,35.702342529760614,7.262237762237766,11.405089494954604,3752,25600,1904,5138,9708,36.30778196998307,89.58527583527582,182,7.395238095238098,16.235142014689316,1.585113378684808,164,760,3584,1.8205555555555557,8.033333333333335,16.971914108927056,76.67606712556297,99.0
OCc1ccccc1Br,464,176,434,3.9627197394724236,10.57452560905521,17.628469944354205,3.8682983682983685,5.861699205840182,1796,12234,928,2596,4604,18.3889974532109,42.3958818958819,88,4.061904761904762,8.431949722795277,1.040668934240363,80,368,1748,1.017777777777778,4.2,8.654478692306725,37.779488965702846,81.0
O=C(O)C1CCC(C(=O)O)(C)C1(C)C,1356,364,1178,4.869370711318704,15.182124369960054,26.838732133684616,4.657801263064422,7.993773417319114,5068,64202,2712,11108,17476,29.23701830810483,84.07658131342343,182,5.094444444444443,11.684954903978298,1.0972530864197534,148,828,4900,1.1689937641723358,5.588095238095239,12.429666599078573,63.926362284881776,187.0
ClC1=C(Cl)[C@@]2(Cl)C(Cl)(Cl)[C@]1(Cl)[C@@H]3[C@H]2[C@@H]4C[C@H]3[C@H]5O[C@@H]45,3234,740,2966,6.212070344236156,22.525423346526093,44.52476688362205,5.966579327105648,11.652378148244049,12400,229478,6468,29842,52012,47.6325227436345,175.41231867547648,370,6.484415584415587,16.950420252272025,1.0838424598489533,262,1558,9646,1.6190986394557823,8.442857142857148,19.59789916901268,109.17854758589661,176.0
CC(C)(C)CO,202,88,190,2.3740963185335495,6.095232282131342,9.769863745809943,2.3047619047619046,3.3883844780521306,784,3850,404,950,1720,10.250977901367298,21.190476190476186,44,2.45,4.890388354186294,0.6775,48,240,1236,0.5177777777777778,2.2,4.654478692306725,21.779488965702853,54.0
N#Cc1ccc(C#N)cc1,488,192,468,4.491303629981266,11.782350361342974,19.657293318492844,4.387878787878788,6.574906046612265,1912,12260,976,2568,4792,20.358387768500354,46.75151515151515,96,4.6000000000000005,9.44141206915594,1.2366666666666668,88,400,1864,1.1744444444444446,4.733333333333334,9.675964222758001,41.76101896027298,225.5
BrCc1ccccc1,340,144,328,3.740079005990548,9.575725986796034,15.80387861924605,3.6828282828282832,5.402544386978885,1336,7504,680,1668,3128,16.204116243749795,35.26464646464646,72,3.8000000000000007,7.720706034577969,0.9933333333333334,68,296,1316,0.9622222222222221,3.8666666666666667,7.837982111378999,32.880509480136496,-3.0
CCN(CC)c1ccccc1,562,212,526,5.026407388888566,13.03996887273476,21.538886858427638,4.9018759018759015,7.2758084580770355,2176,15718,1124,3214,5708,22.481912672417284,51.070707070707066,106,5.1571428571428575,10.47085478242829,1.407448979591837,96,436,2052,1.3200000000000003,5.266666666666667,10.703606421685894,45.71572653584019,-38.0
N#CSCSC#N,140,80,136,3.787693700234704,7.85990576500098,11.878156862896233,3.7428571428571424,4.714925836409837,552,1744,280,508,968,12.123934788966011,19.657142857142855,40,3.8333333333333335,6.723614639131599,1.3194444444444444,44,164,620,0.9444444444444444,3.3333333333333335,6.309401076758503,22.92820323027551,106.0
C[Si]1(O[Si](O[Si](O[Si](O1)(C)C=C)(C)C=C)(C)C=C)C=C,1576,480,1480,7.532016763036635,22.17760068947734,38.77730553767702,7.206926406926406,11.876389853409007,6112,67048,3152,10872,19824,41.31875121481366,114.85887445887451,240,7.885714285714286,17.281994581639676,2.0215306122448986,208,1136,6400,1.8755555555555559,8.266666666666666,17.994469888649387,90.53270410734564,-43.0
c1cc(ccc1OCC(=O)O)Cl,558,228,548,5.213757028383867,13.973305512682261,23.858236100330306,5.178210678210678,7.856977067525082,2212,13476,1116,2796,5416,24.144452314611314,56.415223665223664,114,5.249999999999999,11.164999611459839,1.2041666666666668,108,492,2268,1.2300000000000002,5.400000000000001,11.366563145999498,50.83281572999748,159.0
COC(=O)c1ccc(cc1)C#N,644,240,608,5.217141511139074,14.000301826984671,23.497601869582866,5.079409479409479,7.7449280695723575,2504,17736,1288,3624,6568,24.525759995892848,57.970629370629375,120,5.361904761904762,11.152655757373248,1.4090022675736964,108,504,2424,1.3550000000000004,5.566666666666667,11.492460803685729,50.65999844583932,67.0
Clc1cc(CC(=O)O)ccc1,534,212,520,4.770737209344243,12.798478599856116,21.813725483628783,4.725685425685426,7.177954987314445,2108,13812,1068,2788,5324,22.18983890249483,52.20512265512265,106,4.816666666666668,10.220284009315627,1.1202777777777781,100,460,2140,1.105,4.9,10.366563145999498,46.83281572999748,78.0
CC=Cc1ccccc1,376,160,366,4.3227666664322975,10.781381627494465,17.84647060011351,4.27979797979798,6.158148935359474,1484,8546,752,1844,3512,18.156703062353053,39.402525252525244,80,4.366666666666667,8.769833763957136,1.1705555555555558,76,328,1444,1.087222222222222,4.366666666666666,8.837982111379,36.880509480136496,-29.0
CCOC(=O)c1cc2ccccc2[nH]1,938,324,908,6.068745633001125,16.85846206610863,29.663075395397826,5.987812187812189,9.374387445858785,3692,32424,1876,5694,10772,30.347849487774326,79.4677933177933,162,6.1523809523809545,13.381857452085256,1.4514512471655332,140,672,3308,1.5183333333333335,6.6333333333333355,14.04868403723412,64.56701227126752,124.0
c1cccc2cccc2c1,622,228,602,4.426815475279746,12.448276758472447,21.83857029746541,4.396825396825397,6.924803789623113,2448,18826,1244,3570,6684,22.163325564392995,56.1111111111111,114,4.457142857142858,9.845495602055028,0.942448979591837,100,464,2200,1.1255555555555556,4.9333333333333345,10.394205344927391,46.787523305564676,99.5
CCOC(=O)c1ccccc1[N+](=O)[O-],830,288,774,6.084028435517078,16.2246286743455,27.439172949777117,5.955760905760907,9.024500077402166,3208,28382,1660,5244,9252,28.579740932988095,69.31211566211567,144,6.216666666666668,12.964845701585531,1.5926388888888894,128,608,2996,1.5038888888888886,6.366666666666668,13.28747185416218,59.57744793683556,28.0
COc1cccc(c1)[N+]([O-])=O,588,220,560,4.725789630349413,12.776328377264402,21.62327082430724,4.6268842268842265,7.086272701617466,2296,16600,1176,3302,6072,22.38966640772284,53.43830613830614,110,4.828571428571428,10.167437359412503,1.2023356009070298,100,468,2248,1.1777777777777778,5.000000000000001,10.443333074306558,46.723760875702006,38.0
c1ccc(cc1)CCCC(=O)O,502,216,492,5.486213630889376,14.233893768385396,23.872208347225854,5.455988455988456,8.068472855209917,1988,11000,1004,2406,4628,24.12870591563327,53.443001443001435,108,5.516666666666667,11.457154173770506,1.3130555555555556,104,456,2024,1.32,5.6000000000000005,11.577708763999665,49.88854381999832,51.0
c1cc(ccc1N=C=S)Br,464,188,452,4.544737254926704,11.755854435132699,19.807730313217586,4.49090909090909,6.647530948974297,1832,11372,928,2362,4520,20.197371820830718,46.263636363636365,94,4.6,9.47767920164647,1.1866666666666668,88,396,1816,1.1222222222222225,4.666666666666667,9.626836493378834,41.82478139013565,58.0
c1ccc(cc1)c2c(c(=O)c3ccccc3o2)O,1422,460,1356,7.44417990251784,21.999668187854006,39.43438440409352,7.331257631257636,12.028985359939988,5556,55076,2844,9314,17136,40.59930038591747,112.01697191697195,230,7.564285714285716,17.20579990297701,1.5614257369614515,192,948,4812,1.8827777777777777,8.566666666666668,18.449046050638124,87.32771315782925,170.0
N#Cc1cccc(C#N)c1,492,192,472,4.522100744307626,11.803335451544124,19.64908849663672,4.4161616161616175,6.591983475946445,1928,12944,984,2628,4920,20.366678039628756,46.73131313131313,96,4.633333333333335,9.469054268083832,1.257222222222222,88,400,1864,1.1744444444444446,4.733333333333334,9.675964222758001,41.76101896027298,161.0
COC(=O)C1=CC=C(C=C1)O,584,220,554,4.687887475642763,12.768150260075966,21.605446883440155,4.585470085470087,7.061948423553802,2276,15806,1168,3242,5912,22.41215722961996,53.3448717948718,110,4.795238095238097,10.139795160484612,1.1817800453514744,100,468,2248,1.177777777777778,5.000000000000001,10.44333307430656,46.723760875702,131.0
Nc1cc(Cl)ccc1O,490,184,466,3.656170231083274,10.321166358513182,17.691164621287715,3.582828282828283,5.666097095277538,1912,13030,980,2684,4936,18.324863893467793,44.65909090909091,92,3.7333333333333334,8.12853229977949,0.8355555555555556,84,400,1944,0.8755555555555556,3.9333333333333336,8.394205344927391,38.787523305564676,143.0
CC(=O)Nc1ccc(cc1)OC,590,232,572,5.272230720507304,14.00421824983095,23.730648509771864,5.197402597402597,7.847617626911072,2324,15300,1180,3110,5896,24.27851930926809,56.94199134199134,116,5.3500000000000005,11.20550240727637,1.326944444444445,108,496,2316,1.2822222222222224,5.466666666666667,11.415690875378667,50.769053300134786,127.0
CCOc1ccc(N)cc1,464,188,452,4.544737254926704,11.755854435132699,19.807730313217593,4.490909090909092,6.647530948974297,1832,11372,928,2362,4520,20.19737182083072,46.26363636363636,94,4.600000000000001,9.47767920164647,1.1866666666666672,88,396,1816,1.1222222222222222,4.666666666666667,9.626836493378832,41.82478139013564,3.0
c1cc(ccc1C(=O)O)C(F)(F)F,824,284,770,4.992856202682942,14.561418042358808,25.539359192492395,4.9010989010989015,7.952464906385662,3188,25214,1648,5050,8864,26.47170412734042,68.56483516483516,142,5.086904761904763,11.401596841541746,1.0689328231292519,128,648,3380,1.1563718820861681,5.41904761904762,11.833415863945595,57.49543379269258,221.0
c1cc(c(c(c1)Br)O)Br,522,188,482,3.6211821562425532,10.333252463683175,17.55108330826311,3.5204351204351205,5.614567969461856,2008,14434,1044,3034,5292,18.478261136364438,44.92105672105672,94,3.728571428571429,8.104288351379571,0.8462244897959186,84,404,2004,0.8961111111111112,3.9666666666666672,8.421847543855286,38.742230881131874,55.0
CC(C)C(C(C)(C)CO)O,576,192,502,3.750979037325307,10.518045327434034,17.223406003333142,3.5700299700299687,5.627658820767308,2156,17310,1152,3750,5940,18.836061403526262,44.35644355644356,96,3.9464285714285716,8.247743630071946,1.036840986394558,88,456,2488,0.9091496598639457,3.9190476190476193,8.332477028252992,39.497835118398804,52.0
c1cc(c(cc1Cl)C#N)N,556,204,526,4.2203836976697175,11.56093436708703,19.603495515068197,4.117404817404817,6.3736495527653325,2164,15950,1112,3174,5780,20.415555594032934,49.33974358974359,102,4.328571428571429,9.167437359412503,1.0773356009070296,92,436,2120,1.0527777777777778,4.500000000000001,9.44333307430656,42.723760875702,96.0
C1CN(CCN1CCCN)CCCN,624,256,612,6.6730111212552865,16.612260325316587,27.803699168463123,6.613564213564214,9.517092806370588,2472,15620,1248,3176,6136,28.19875341357929,63.27330447330448,128,6.733333333333333,13.539667527914276,1.8411111111111114,120,528,2376,1.6744444444444448,6.733333333333333,13.675964222758003,57.76101896027298,14.0
c1ccc(cc1)c2ccc(cc2)F,774,288,752,5.6487860637741525,15.872239308893864,27.799830010569494,5.607936507936509,8.828399365611032,3052,22676,1548,4344,8204,28.203994322870667,70.97222222222221,144,5.690476190476192,12.553341039744362,1.2085600907029483,128,596,2828,1.4105555555555558,6.233333333333335,13.183059726927224,59.73179521556381,74.0
CC(=O)NO,102,56,96,2.3618073195657994,5.220947331236296,7.844591357607276,2.3095238095238093,3.035461254151183,396,1216,204,382,688,8.162772227887023,13.523809523809524,28,2.4166666666666665,4.3618073195657985,0.7847222222222222,32,132,560,0.5522222222222222,2.0666666666666664,4.049127729379167,15.936237570137333,88.0
Cc1cccc(c1)C(C)(C)C,672,236,636,4.294296248762402,12.371069405523915,21.68720770279606,4.231646131646132,6.79703009568504,2616,20972,1344,4054,7288,22.319486242057284,57.3615662115662,118,4.3583333333333325,9.717995352252332,0.9171527777777778,108,544,2820,0.9758163265306127,4.585714285714287,10.016919283017868,48.59645430712622,-41.0
CCOC1=CC=C(C=C1)NC(=O)C,626,248,610,5.854918380949052,15.209873890529382,25.773240490639328,5.794372294372295,8.603222175291661,2472,16342,1252,3286,6280,26.23110612787135,61.07987012987013,124,5.916666666666667,12.254630136655537,1.5041666666666669,116,528,2444,1.4072222222222224,5.966666666666669,12.415690875378665,54.7690533001348,135.0
Clc1cc(C(=CCl)OP(=O)(OC)OC)c(Cl)cc1Cl,1288,424,1204,7.567657173292218,21.549655809686836,36.903446557099855,7.279653679653681,11.652989181207165,4984,45968,2576,8228,14828,39.17273092294325,101.41038961038963,212,7.877380952380954,16.911793738021437,2.022492913832199,184,932,4888,1.935,8.300000000000002,17.624071437703527,83.09113344380843,97.5
NCCc1ccc(O)cc1,464,188,452,4.544737254926704,11.755854435132699,19.807730313217593,4.490909090909092,6.647530948974297,1832,11372,928,2362,4520,20.19737182083072,46.26363636363636,94,4.600000000000001,9.47767920164647,1.1866666666666672,88,396,1816,1.1222222222222222,4.666666666666667,9.626836493378832,41.82478139013564,164.0
BrC(Br)(Br)C(=O)O,318,120,288,2.5008872463069856,7.0126324263765065,11.650011549007878,2.4222222222222225,3.808050198623987,1212,7344,636,1758,2952,12.36636504407723,28.4,60,2.5833333333333335,5.512438571626294,0.6041666666666667,60,312,1692,0.5308163265306123,2.4857142857142858,5.439210519018202,26.70791048712792,131.5
Cn3c1ccccc1c2ccccc23,1252,384,1194,5.774723710364017,17.345507025039527,31.558663497108782,5.691880341880343,9.464932104963001,4892,55026,2504,8712,16036,32.46286416648333,93.52649572649577,192,5.861904761904762,13.531593139336257,1.1798356009070297,156,784,4056,1.472777777777778,6.7666666666666675,14.660191668638296,70.38344124783009,91.0
COc1ccc2c(c1)c(ccn2)[C@@H]([C@H]3C[C@@H]4CC[N@]3C[C@@H]4C=C)O,2048,644,1968,9.806175198230157,29.305399888312326,53.21251264296285,9.620740370740375,15.976904701935423,8032,83232,4096,13624,25456,54.82418516175941,157.22042402042405,322,10.00119047619048,22.883809202214856,2.162858560090703,264,1328,6840,2.522777777777778,11.433333333333332,24.730361236323674,118.93198351366769,170.0
c1cc(cc(c1)C(F)(F)F)CC(=O)O,834,296,796,5.607513964777863,15.81966203418787,27.66928109836205,5.541169941169942,8.756481744914652,3260,26184,1668,4978,9092,28.33658846072669,72.26870906870904,148,5.675,12.494946287261401,1.2346527777777778,136,676,3448,1.2608163265306125,5.885714285714287,12.8057736650177,61.54072621712537,78.0
ClCC(CCl)(CCl)CCl,472,160,400,3.7947331922020555,9.85208964217299,15.012131309810329,3.516483516483515,5.242516568974734,1744,13600,944,3080,4720,17.076299364909254,36.043956043956044,80,4.1000000000000005,7.82034945111895,1.3825,72,360,1944,1.1111111111111112,4.0,7.884788477227913,33.45232440281645,95.0
CC(N)(CO)CO,284,112,256,2.8117043883352997,7.328718431525359,11.516651981929844,2.6701298701298697,3.9828143344153157,1080,6304,568,1508,2560,12.52630371724558,26.223376623376616,56,2.966666666666667,5.83606110622838,0.8961111111111111,56,280,1472,0.7155555555555555,2.8000000000000003,5.731248620613787,25.67043411140739,111.0
c1ccc(c(c1)F)I,398,156,376,3.400866309255534,9.330597825890852,15.729904908183629,3.3383838383838382,5.157169095353893,1548,9600,796,2106,3808,16.284195134990124,37.7979797979798,78,3.4666666666666672,7.3930446631622635,0.798888888888889,72,332,1572,0.8405555555555556,3.6333333333333333,7.605350962927559,33.84325139556552,-42.0
O=C(O)/C=C/c1ccccc1,470,200,462,4.991786439889459,12.998832705044029,21.89697638722622,4.967099567099567,7.367595053910261,1864,10650,940,2278,4408,22.103783556133642,49.55411255411255,100,5.0166666666666675,10.457154173770505,1.1880555555555556,96,424,1896,1.1950000000000003,5.1000000000000005,10.577708763999665,45.88854381999832,133.0
Cc1csc(n1)S,340,136,330,2.963092302328866,8.114824907850794,13.856420128063169,2.927272727272727,4.517625536785178,1340,8250,680,1736,3300,14.147814324325795,33.40909090909091,68,3.0,6.443333074306558,0.6777777777777778,64,296,1384,0.6950000000000001,3.1,6.577708763999665,29.88854381999832,88.0
C1CC(=O)NC1=O,340,136,330,2.9630923023288664,8.114824907850794,13.85642012806317,2.9272727272727272,4.517625536785178,1340,8250,680,1736,3300,14.147814324325793,33.40909090909091,68,3.0000000000000004,6.443333074306558,0.6777777777777778,64,296,1384,0.695,3.1,6.577708763999665,29.88854381999832,124.0
IC(I)I,54,36,54,1.9999999999999998,3.9999999999999996,6.0,1.9999999999999998,2.4494897427831783,216,486,108,162,324,6.0,9.0,18,1.9999999999999998,3.464101615137755,0.6666666666666667,24,96,384,0.375,1.5,3.0,12.0,121.5
C=Cn3c1ccccc1c2ccccc23,1324,404,1264,6.364425617847005,18.58690824653389,33.50576817289583,6.25854700854701,10.19352786405803,5176,60160,2648,9328,17216,34.51440732255632,98.39316239316243,202,6.475000000000001,14.588116404085316,1.4293750000000003,164,820,4232,1.6499999999999997,7.333333333333337,15.709319398017463,74.31967881796741,63.0
N(=C=N\C1CCCCC1)\C2CCCCC2,740,304,728,6.874171803020414,18.570945915347885,31.876006225566154,6.848484848484849,10.446563259679351,2936,17648,1480,3692,7144,32.12466334361253,75.39393939393939,152,6.900000000000002,14.816052888782677,1.521666666666667,140,620,2780,1.7300000000000002,7.4,15.366563145999498,66.83281572999746,34.5
CN(C)c1cccc(O)c1,528,200,504,4.193499004859991,11.549603637088424,19.71455262002028,4.126884226884227,6.39953263268666,2064,14428,1056,2920,5372,20.292695729821173,48.72163947163947,100,4.261904761904763,9.154576762523867,0.9751133786848074,92,432,2072,1.0005555555555556,4.433333333333334,9.394205344927393,42.78752330556466,83.0
Clc1ccc2N=C(C[N+]([O-])=C(c2c1)c3ccccc3)NC,1586,520,1530,8.801305219422341,25.448708804472524,45.45990314369869,8.675670408023352,14.009397313993068,6232,62974,3172,10322,19344,46.55947228955759,127.39103723074317,260,8.932142857142857,20.008583365466873,1.9519165721844298,220,1080,5428,2.1994444444444445,9.900000000000004,21.259385963089237,100.25351506239853,236.0
C/C(C)=CCN1CC[C@@]2(C)c3cc(O)ccc3C[C@@H]1[C@@H]2C,1886,564,1786,8.173150314525634,24.782293544288883,45.279343594555975,8.036825919178863,13.473708796648575,7344,85962,3772,13518,24524,46.76617061541939,136.89371233341825,282,8.31825396825397,19.29510807598947,1.6837298437893684,232,1208,6496,1.978854875283447,9.404761904761905,20.72211612574697,102.90028273651953,146.3
C(=O)(C(F)(F)Cl)O,318,120,288,2.500887246306986,7.01263242637651,11.65001154900788,2.422222222222222,3.8080501986239867,1212,7344,636,1758,2952,12.366365044077233,28.399999999999995,60,2.5833333333333335,5.512438571626294,0.6041666666666667,60,312,1692,0.5308163265306121,2.4857142857142858,5.439210519018203,26.70791048712792,22.0
CC(Cl)=O,54,36,54,1.9999999999999998,3.9999999999999996,6.0,1.9999999999999998,2.4494897427831783,216,486,108,162,324,6.0,9.0,18,1.9999999999999998,3.464101615137755,0.6666666666666667,24,96,384,0.375,1.5,3.0,12.0,-112.0
O=C(C)c1ccc(Cl)cc1Cl,658,232,614,4.440210230905931,12.551849385663749,21.558332173908862,4.342513042513042,6.877193908914121,2544,19898,1316,3974,6992,22.458096642059708,55.86938061938062,116,4.541666666666667,9.883438655857223,1.0302083333333334,104,504,2504,1.0561111111111114,4.7666666666666675,10.210701925855117,47.686502791131026,34.0
O=C1CCN(N1)c2ccccc2,746,272,726,5.18447943347704,14.659430387895856,25.813595868179405,5.1459318459318455,8.143860917734811,2944,23054,1492,4276,8116,26.189883705215035,67.0549728049728,136,5.223809523809524,11.580983238672253,1.1041156462585038,120,564,2700,1.2855555555555558,5.733333333333333,12.183059726927224,55.73179521556382,122.0
CCCCCCC,140,80,136,3.787693700234704,7.85990576500098,11.878156862896233,3.7428571428571424,4.714925836409837,552,1744,280,508,968,12.123934788966011,19.657142857142855,40,3.8333333333333335,6.723614639131599,1.3194444444444444,44,164,620,0.9444444444444444,3.3333333333333335,6.309401076758503,22.92820323027551,-91.0
C1CC[C@@H]2CCCC[C@@H]2C1,622,228,602,4.426815475279745,12.448276758472447,21.83857029746541,4.396825396825397,6.924803789623114,2448,18826,1244,3570,6684,22.163325564393,56.1111111111111,114,4.457142857142858,9.845495602055028,0.9424489795918369,100,464,2200,1.1255555555555556,4.9333333333333345,10.394205344927391,46.787523305564676,-43.0
CCCCCCCCCCCCCCCCCCCCCCO,652,336,648,11.787693700234705,27.455823707266383,43.878156862896226,11.742857142857146,16.028634335394585,2600,9936,1304,2556,5064,44.12393478896601,83.65714285714284,168,11.833333333333334,22.723614639131597,3.3194444444444446,172,676,2668,2.9444444444444446,11.333333333333334,22.309401076758505,86.92820323027551,70.0
Oc3cc4CC[C@@H]1[C@H](CC[C@]2(C)C(=O)CC[C@@H]12)c4cc3,2040,592,1926,7.597347002242903,24.22242618801854,45.22791326654626,7.4589648913178355,13.027425152848563,7932,94518,4080,14876,26844,46.812171466647584,143.42812236782822,296,7.743253968253969,18.67342551046215,1.4253270660115906,236,1248,6800,1.9094104308390025,9.238095238095239,20.538612706674694,103.79926222208589,255.25
CNCCCC13CCC(c2ccccc12)c4ccccc34,2070,592,1964,8.910505307942755,25.941677860257514,47.3726759174037,8.798989074221272,14.294772360386842,8068,109668,4140,15926,28888,48.64547697087341,144.06812087121693,296,9.024999999999997,20.413828015827637,1.9880324074074083,236,1216,6548,2.2871882086167794,10.238095238095237,22.037673870982093,105.8016635477921,92.0
c1ccccc1C(c2ccccc2)c3ccccc3,1272,444,1230,8.467580730366643,23.69046189871344,41.71079589609346,8.416666666666666,13.206742302257043,5004,46386,2544,7926,14784,42.29241991473714,109.29166666666673,222,8.519047619047619,18.768243403082536,1.8257105064247927,192,900,4332,2.146666666666667,9.4,19.816052888782675,89.52975418669652,94.0
c1cc(cc(c1)C(F)(F)F)C(=O)O,828,284,780,5.030275760293612,14.570787071420172,25.570108234753548,4.942368742368743,7.978059390286865,3216,26800,1656,5110,9140,26.43944528805304,68.78522588522588,142,5.120238095238094,11.429239040469641,1.0894883786848075,128,648,3380,1.1563718820861681,5.41904761904762,11.833415863945595,57.49543379269257,105.0
c1ccc(c(c1)OCC(=O)O)Cl,594,232,570,5.217624321047267,13.992039299294136,23.737284938316247,5.158630258630258,7.830510295683806,2328,15614,1188,3206,5928,24.271155783526147,56.773226773226774,116,5.278571428571429,11.168397861987813,1.2353911564625855,108,496,2328,1.2505555555555556,5.433333333333334,11.394205344927391,50.787523305564676,150.0
c1ccc(cc1)C(CO)O,496,192,468,4.465916887148355,11.793677452437732,19.64418717033607,4.374358974358975,6.572566409938978,1928,12980,992,2724,4904,20.371488471142296,46.483760683760686,96,4.561904761904761,9.431949722795277,1.165668934240363,88,400,1876,1.142777777777778,4.7,9.654478692306727,41.77948896570284,67.0
c1cnccn1,192,96,192,3.0,7.348469228349535,12.0,3.0,4.2426406871192865,768,3072,384,768,1536,12.0,24.0,48,3.0,6.0,0.75,48,192,768,0.75,3.0,6.0,24.0,55.0
CC(=O)c1ccc(cc1)C(F)(F)F,824,284,770,4.992856202682943,14.56141804235881,25.539359192492395,4.901098901098902,7.95246490638566,3188,25214,1648,5050,8864,26.471704127340416,68.56483516483517,142,5.086904761904763,11.401596841541748,1.068932823129252,128,648,3380,1.1563718820861681,5.419047619047621,11.833415863945596,57.49543379269258,32.0
ClCC(Cl)Cl,102,56,96,2.3618073195657994,5.220947331236295,7.8445913576072765,2.309523809523809,3.0354612541511825,396,1216,204,382,688,8.162772227887022,13.52380952380952,28,2.416666666666667,4.361807319565799,0.7847222222222223,32,132,560,0.5522222222222222,2.0666666666666664,4.049127729379167,15.936237570137333,-35.0
CC/C=C/CC(=O)O,202,104,196,3.9429745794965205,8.878373693211948,13.873283665890888,3.903174603174603,5.20265414357516,796,3048,404,814,1540,14.128341638310005,25.574603174603176,52,3.983333333333334,7.4109350489449675,1.2119444444444445,56,228,944,0.9272222222222223,3.566666666666667,7.049127729379168,27.936237570137333,11.0
C(CF)O,44,32,42,2.299659828522119,4.161760458079524,5.919183588453084,2.2666666666666666,2.6053509629275577,172,306,88,124,228,6.082482904638631,7.800000000000001,16,2.333333333333333,3.7236146391315983,0.9444444444444444,20,68,236,0.5694444444444444,1.833333333333333,3.309401076758503,10.928203230275507,-27.0
c1ccc(cc1)Oc2ccc(cc2)C=O,828,320,812,6.66733915933766,18.328433253413234,31.77075218295756,6.604040404040403,10.234246746047594,3280,22388,1656,4396,8496,32.237380420492244,79.08282828282827,160,6.733333333333335,14.56440112228854,1.5355555555555558,144,660,3072,1.6922222222222227,7.266666666666668,15.2045452573785,67.71332521013395,25.0
C1C(=O)NC(=O)N1/N=C/C2=CC=C(O2)[N+](=O)[O-],1112,392,1072,6.887863218067883,20.072392385007944,35.560268632432084,6.788733488733491,11.015840765539584,4368,34816,2224,6508,12208,36.45429915680086,95.9527972027972,196,6.990476190476193,15.737157737379638,1.460226757369615,172,836,4132,1.6611111111111112,7.666666666666669,16.577265071854615,78.51931852112847,268.0
O=C1C=CC(=O)O1,340,136,330,2.9630923023288656,8.114824907850794,13.856420128063169,2.927272727272727,4.517625536785178,1340,8250,680,1736,3300,14.147814324325795,33.40909090909091,68,3.0,6.443333074306558,0.6777777777777778,64,296,1384,0.6950000000000001,3.1000000000000005,6.577708763999665,29.88854381999832,53.0
O=[N+]([O-])c1cc(CBr)ccc1,588,220,560,4.725789630349413,12.776328377264399,21.623270824307244,4.626884226884228,7.086272701617463,2296,16600,1176,3302,6072,22.389666407722846,53.43830613830613,110,4.828571428571429,10.167437359412503,1.2023356009070296,100,468,2248,1.177777777777778,5.000000000000001,10.44333307430656,46.723760875702,59.0
Cc1cccc(C)c1I,522,188,482,3.6211821562425532,10.333252463683175,17.551083308263113,3.5204351204351205,5.614567969461855,2008,14434,1044,3034,5292,18.478261136364434,44.92105672105672,94,3.728571428571428,8.10428835137957,0.8462244897959186,84,404,2004,0.8961111111111112,3.9666666666666663,8.421847543855286,38.742230881131874,11.0
c1cc(c(cc1F)F)C(=O)O,658,232,614,4.440210230905931,12.551849385663749,21.558332173908862,4.342513042513042,6.877193908914122,2544,19898,1316,3974,6992,22.458096642059708,55.86938061938062,116,4.541666666666668,9.883438655857223,1.0302083333333336,104,504,2504,1.0561111111111112,4.7666666666666675,10.210701925855117,47.68650279113103,188.0
CC(C)CCC(C)(C)C,336,144,328,3.673851663719306,9.505742953971966,15.892873976298153,3.6479076479076484,5.384569937014629,1328,7376,672,1620,3096,16.10792869169784,35.54401154401154,72,3.7000000000000006,7.654478692306727,0.8927777777777779,76,368,1816,0.7505555555555558,3.433333333333334,7.394205344927392,34.787523305564676,-106.0
Clc1ccccc1CC(=O)O,566,216,542,4.749204014043948,12.78664069494361,21.731308219225006,4.688544788544788,7.141193556052742,2216,15794,1132,3138,5800,22.2775093942544,52.75698745698746,108,4.811904761904762,10.196040060915706,1.130946712018141,100,464,2200,1.1255555555555556,4.933333333333334,10.394205344927391,46.78752330556466,95.0
C=CCOc1nc(nc(OCC=C)n1)OCC=C,852,336,840,8.618626451862262,21.276162568554227,35.75523840712742,8.53852813852814,12.22423809365945,3384,24432,1704,4560,8928,36.24823385525528,83.182683982684,168,8.7,17.392427888655092,2.4483333333333333,156,696,3180,2.136666666666667,8.600000000000003,17.513946334137003,74.64152844040946,26.0
O=C1CCC2C3CCC4CC(OCc5ccccc5)CCC4(C)C3CCC12C,2734,804,2576,10.890237330604803,34.031819472150836,63.01251278522367,10.722582319641134,18.40641497347324,10620,126140,5468,19938,35724,65.04139864166292,194.88970620882398,402,11.067460317460311,26.342482094009117,2.072258440413203,324,1700,9252,2.7554875283446703,13.076190476190467,28.811682781783546,143.37183180077625,216.0
O=[N+]([O-])c1ccccc1CO,632,224,586,4.750072480021844,12.799392669816351,21.517627404984644,4.634576534576533,7.077321388110636,2436,19830,1264,3886,6768,22.500020024475106,53.754156954156954,112,4.870238095238095,10.18685607887301,1.2353217120181408,100,472,2308,1.1983333333333335,5.033333333333333,10.470975273234453,46.6784684512692,72.0
NCCNCCN,140,80,136,3.787693700234704,7.85990576500098,11.878156862896233,3.7428571428571424,4.714925836409837,552,1744,280,508,968,12.123934788966011,19.657142857142855,40,3.8333333333333335,6.723614639131599,1.3194444444444444,44,164,620,0.9444444444444444,3.3333333333333335,6.309401076758503,22.92820323027551,-35.0
CCCCS,76,48,72,2.7876937002347035,5.4104160222178015,7.878156862896232,2.7428571428571424,3.3007122740367407,296,720,152,252,456,8.123934788966011,11.657142857142855,24,2.833333333333333,4.723614639131599,1.0694444444444444,28,100,364,0.6944444444444444,2.333333333333333,4.309401076758503,14.928203230275507,-116.0
c1ccc2c(c1)C(=O)N(C2=O)CCCBr,1156,364,1088,6.376087463261409,17.884791689595392,31.38824041745622,6.244505494505495,9.852065688925247,4488,47916,2312,7916,14292,32.647987433153354,87.8901098901099,182,6.51547619047619,14.149556784339627,1.5725184240362815,152,752,3860,1.6150000000000002,7.033333333333333,14.920465016017634,69.37540690796828,74.0
c1ccc(cc1)Oc2ccccc2N,804,304,782,6.144312452874304,17.110855698525896,29.771411892410697,6.095182595182595,9.527822675189269,3172,22882,1608,4424,8400,30.236370505478547,74.8978243978244,152,6.195238095238096,13.554938775927877,1.3395578231292515,136,628,2956,1.5355555555555558,6.733333333333334,14.183059726927224,63.73179521556383,47.0
CC(=O)CC,102,56,96,2.3618073195657994,5.220947331236296,7.844591357607276,2.3095238095238093,3.035461254151183,396,1216,204,382,688,8.162772227887023,13.523809523809524,28,2.4166666666666665,4.3618073195657985,0.7847222222222222,32,132,560,0.5522222222222222,2.0666666666666664,4.049127729379167,15.936237570137333,-87.0
Cc1cc(N)c(C)cc1,490,184,466,3.6561702310832747,10.321166358513182,17.69116462128771,3.582828282828283,5.6660970952775385,1912,13030,980,2684,4936,18.324863893467793,44.65909090909091,92,3.7333333333333343,8.12853229977949,0.8355555555555558,84,400,1944,0.8755555555555556,3.9333333333333336,8.39420534492739,38.787523305564676,12.0
O=CC1CCCCC1,340,144,328,3.740079005990548,9.575725986796034,15.80387861924605,3.6828282828282832,5.402544386978885,1336,7504,680,1668,3128,16.204116243749795,35.26464646464646,72,3.8000000000000007,7.720706034577969,0.9933333333333334,68,296,1316,0.9622222222222221,3.8666666666666667,7.837982111378999,32.880509480136496,34.5
OC(=O)c1ccc(I)cc1,524,200,500,4.163378444157187,11.527351494745053,19.725554802410745,4.100000000000001,6.383193279263224,2048,13700,1048,2860,5240,20.28188398797718,48.75,100,4.2285714285714295,9.126934563595974,0.954557823129252,92,432,2072,1.0005555555555556,4.4333333333333345,9.394205344927391,42.787523305564676,273.0
CC1=NNC(=O)C1,340,136,330,2.9630923023288656,8.114824907850794,13.856420128063169,2.927272727272727,4.517625536785178,1340,8250,680,1736,3300,14.147814324325795,33.40909090909091,68,3.0,6.443333074306558,0.6777777777777778,64,296,1384,0.6950000000000001,3.1000000000000005,6.577708763999665,29.88854381999832,222.0
C1=C(C(=C(C(=C1Cl)Cl)Cl)Cl)Cl,774,252,706,4.107425020941624,12.332455663816628,21.258475122372406,3.9423687423687426,6.563845827913767,2960,25786,1548,4950,8564,22.801064493213445,59.523076923076935,126,4.285714285714286,9.55441792674208,0.9614512471655332,108,548,2868,1.0072222222222225,4.633333333333333,10.054840705710737,48.54018985226459,85.0
Cc1ccncc1,280,124,274,3.2108249704942384,8.343574419887329,13.911723633103334,3.188888888888889,4.719564740960328,1108,5574,560,1286,2472,14.09051347747691,30.638888888888886,62,3.2333333333333334,6.707845437689333,0.7661111111111112,60,260,1140,0.785,3.3,6.7888543819998315,28.94427190999916,3.0
CCCCc1ccccc1,408,176,400,4.830932751627559,11.990680968782844,19.87708154423119,4.795670995670996,6.873637766858047,1616,9184,816,1972,3800,20.124299066289264,43.52554112554112,88,4.866666666666667,9.769833763957138,1.2955555555555558,84,360,1572,1.2122222222222225,4.866666666666667,9.837982111379,40.880509480136496,-88.0
Cc1cc(ccc1SC)OP(=S)(OC)OC,998,344,934,6.548279141637037,18.33659121022354,31.129579617440573,6.312642912642913,9.967218961354993,3864,31754,1996,6058,10896,32.93275239170183,82.44039294039297,172,6.802380952380956,14.444045957542881,1.7745068027210886,152,756,3896,1.6988888888888887,7.133333333333335,14.991078275848075,69.29317447267574,7.0
c1ccc(cc1)COc2ccc3c(c2)cc[nH]3,1110,404,1088,7.356435664996413,21.196824250499144,37.81920971878684,7.322699522699527,11.759528495693335,4396,33996,2220,6298,12100,38.182479123479794,100.01204351204353,202,7.390476190476195,16.689190689765596,1.4846712018140593,176,828,3956,1.8555555555555558,8.333333333333336,17.76076849092689,81.62033903556213,99.0
c1cc(c(cc1C(=O)O)[N+](=O)[O-])Cl,814,280,762,5.180452149351893,14.74411076501073,25.46642071237372,5.0615606615606605,8.063717911081469,3152,26342,1628,5030,8944,26.551617195295318,67.45088245088245,140,5.303571428571429,11.59468234407453,1.2025439342403632,124,608,3064,1.2366666666666668,5.6000000000000005,12.027198506782844,56.58548227669739,182.0
CCSSCC,108,64,104,3.287693700234704,6.635160893609391,9.878156862896235,3.2428571428571424,4.007819055223289,424,1232,216,380,712,10.123934788966011,15.657142857142855,32,3.3333333333333335,5.723614639131599,1.1944444444444444,36,132,492,0.8194444444444444,2.8333333333333335,5.309401076758503,18.92820323027551,-102.0
c1cc(c(cc1Cl)Cl)Br,490,184,466,3.6561702310832738,10.321166358513182,17.691164621287715,3.582828282828283,5.6660970952775385,1912,13030,980,2684,4936,18.324863893467793,44.65909090909091,92,3.7333333333333347,8.12853229977949,0.8355555555555556,84,400,1944,0.8755555555555556,3.933333333333334,8.394205344927391,38.787523305564676,27.0
CC=CCCCC,140,80,136,3.787693700234704,7.85990576500098,11.878156862896233,3.7428571428571424,4.714925836409837,552,1744,280,508,968,12.123934788966011,19.657142857142855,40,3.8333333333333335,6.723614639131599,1.3194444444444444,44,164,620,0.9444444444444444,3.3333333333333335,6.309401076758503,22.92820323027551,-109.0
c1ccc(cc1)C(=O)c2ccccc2C(=O)O,1140,388,1076,7.185867950920499,20.344645625259442,35.43413240412775,7.069902319902321,11.204377495007192,4432,40284,2280,7226,13008,36.59084703168215,94.07264957264961,194,7.307142857142858,16.04050753968342,1.6145323129251705,168,808,4008,1.792222222222222,7.9333333333333345,16.84369508771057,77.48446176226372,129.0
O=C(NN)c1ccncc1,496,192,468,4.465916887148356,11.79367745243773,19.644187170336075,4.374358974358975,6.572566409938979,1928,12980,992,2724,4904,20.371488471142296,46.483760683760686,96,4.561904761904763,9.431949722795277,1.165668934240363,88,400,1876,1.142777777777778,4.7,9.654478692306727,41.77948896570285,171.0
C[C@]12CCC(=O)C=C1CC[C@@H]3[C@@H]2CC[C@]4([C@H]3CC[C@]4(C)O)C,2536,684,2344,7.8338684704944415,25.84825112829808,48.882575587876126,7.650380252702236,13.748774187090696,9760,130012,5072,20046,34860,51.18064065274147,163.84105442201414,342,8.027777777777777,19.790891637733406,1.4230401234567904,268,1492,8632,1.9364767573696144,9.673809523809524,21.896075624879607,115.219755048707,163.0
OC(=O)c1c(Cl)cccc1Cl,702,236,638,4.442801985862635,12.576991614083783,21.43870153784395,4.324098124098124,6.854243650164308,2680,23110,1404,4594,7668,22.584857054583143,56.12655122655123,118,4.566666666666667,9.88938598804139,1.0531481481481484,104,508,2564,1.0766666666666667,4.800000000000001,10.238344124783012,47.641210366698225,144.0
O=[N+]([O-])c1cc(cc([N+]([O-])=O)c1Cl)C(F)(F)F,1254,396,1170,6.337125458673453,18.783038590763063,33.238340795027696,6.177289377289379,10.173057623444235,4848,48122,2508,8442,14980,34.791777028950726,95.12673992673997,198,6.503571428571431,14.65189317702593,1.407127267573696,172,896,4804,1.4480385487528347,6.919047619047622,15.282905606728773,76.19237224939165,57.0
c1cc2cc(ccc2nc1)N,714,256,694,4.68447943347704,13.43468551650427,23.813595868179405,4.6459318459318455,7.436754136548264,2816,22542,1428,4148,7860,24.189883705215035,63.05497280497279,128,4.723809523809524,10.580983238672255,0.9791156462585036,112,532,2572,1.1605555555555558,5.233333333333334,11.183059726927224,51.731795215563835,117.0
C1CCNCC1,192,96,192,3.0,7.348469228349535,12.0,3.0,4.2426406871192865,768,3072,384,768,1536,12.0,24.0,48,3.0,6.0,0.75,48,192,768,0.75,3.0,6.0,24.0,-11.0
c1ccc(cc1)Cc2ccccn2,680,272,672,5.916114535346942,16.121808878866293,27.917337483710767,5.898989898989899,9.061885086414218,2704,17632,1360,3496,6832,28.083108895741688,67.5959595959596,136,5.933333333333334,12.84369508771057,1.2922222222222224,124,556,2524,1.4800000000000002,6.400000000000001,13.366563145999498,58.83281572999746,10.0
CCCCCCCCCS,236,128,232,5.287693700234704,11.534140379175748,17.87815686289623,5.242857142857144,6.83624617996948,936,3280,472,892,1736,18.123934788966007,31.65714285714286,64,5.333333333333332,9.723614639131599,1.6944444444444446,68,260,1004,1.3194444444444446,4.833333333333332,9.309401076758505,34.92820323027551,-20.0
CCC1(CC)C(=O)CCNC1=O,952,280,824,4.752110088477048,13.693050577661117,22.90783713692464,4.502334267040149,7.267740886950822,3552,38264,1904,7256,11280,25.179627270008304,64.4737628384687,140,5.0238095238095255,10.679320766874726,1.3296712018140593,116,604,3356,1.2971882086167803,5.371428571428573,11.243106512650698,52.25343935566574,102.0
N#Cc1cccc(C)c1,432,172,416,3.989810118818204,10.576610711368144,17.74037029234976,3.9161616161616166,5.905243407015639,1696,10772,864,2246,4220,18.269707361727086,42.01464646464646,86,4.066666666666668,8.456193671195196,1.03,80,364,1688,0.9972222222222222,4.166666666666667,8.626836493378832,37.82478139013564,-23.0
CCCC(O)CCC,228,108,214,3.982186500338419,8.885902016745197,13.728658607764213,3.9,5.175085789626827,884,3994,456,1026,1840,14.279256258570495,26.049999999999997,54,4.066666666666667,7.431460076820931,1.3355555555555558,56,232,992,0.9794444444444446,3.6333333333333337,7.098255458758336,27.87247514027467,-41.2
CCOc1ccc2ccccc2c1C=O,1050,348,996,6.640978780609099,18.12157110087463,31.46777620532524,6.513247863247865,10.065173300829748,4092,39796,2100,6834,12448,32.55227557010509,84.4594017094017,174,6.773809523809525,14.43015723736693,1.7134212018140595,148,712,3544,1.7161111111111111,7.233333333333335,15.12545396554118,68.45795741697206,112.0
COc1cc(cc(c1OC)OC)C(=O)O,978,324,914,6.370609224573007,17.24870735878108,29.2032452733503,6.158041958041956,9.476045565736138,3784,35574,1956,6324,11336,30.83513585135824,77.62797202797204,162,6.594047619047618,13.712995259157088,1.808881802721089,140,684,3464,1.6433333333333335,6.8,14.174581694920349,64.39419498710939,170.0
CC(C)CCOC=O,202,104,196,3.9429745794965196,8.878373693211948,13.873283665890892,3.903174603174603,5.202654143575161,796,3048,404,814,1540,14.128341638310006,25.574603174603173,52,3.9833333333333334,7.4109350489449675,1.2119444444444445,56,228,944,0.9272222222222224,3.566666666666667,7.049127729379167,27.936237570137337,-93.0
c1ccc2c(c1)CC(=O)OC2=O,848,288,812,4.96469211229849,14.453300319951158,25.667933418681418,4.895038295038295,7.935280134833029,3320,29460,1696,5262,9720,26.343445405879734,70.32050727050726,144,5.036904761904763,11.337487330933504,1.0547661564625852,124,604,3004,1.2161111111111114,5.566666666666668,11.999556307854952,56.63077470113017,142.0
CCCCC=O,108,64,104,3.287693700234704,6.635160893609391,9.878156862896235,3.2428571428571424,4.007819055223289,424,1232,216,380,712,10.123934788966011,15.657142857142855,32,3.3333333333333335,5.723614639131599,1.1944444444444444,36,132,492,0.8194444444444444,2.8333333333333335,5.309401076758503,18.92820323027551,-91.5
Cc1ccc(cc1)S(=O)(=O)c2ccc(cc2)C,1240,408,1164,6.704813404242546,19.882920990889872,35.42828759910398,6.5974358974359,10.847359141922665,4808,44180,2480,8052,14272,36.59574483951167,98.78205128205128,204,6.816666666666669,15.528933545311068,1.3834722222222227,176,888,4640,1.6316326530612248,7.571428571428574,16.456129802036074,79.30436479425414,157.0
CN(C)CCC=C1c3ccccc3CCc2ccccc12,1496,504,1442,9.020648296319948,25.666044518307803,45.58954378939312,8.943711843711846,14.231490877533183,5876,56778,2992,9552,17804,46.417521053984515,123.69645909645917,252,9.098809523809527,20.259885419773404,1.9377962018140595,216,1040,5136,2.2372222222222224,10.033333333333333,21.42140385171023,99.37300558226202,196.5
C[Si](C)(C)[Si](C)(C)C,488,160,434,2.553501123769649,7.793103832776879,13.545096630100028,2.4675324675324672,4.152658618758013,1844,14210,976,3128,5068,14.4728276093045,37.545454545454554,80,2.6428571428571423,6.023715784073818,0.538265306122449,76,428,2524,0.5112499999999999,2.6500000000000004,6.073669927186044,32.48966997948986,12.0
O=C(OCCCC)CCC,292,140,280,4.990352585533681,11.319946229425165,17.75926955188189,4.915873015873016,6.59768140231195,1144,5144,584,1282,2384,18.246852262506707,34.17301587301588,70,5.066666666666666,9.431460076820933,1.5855555555555558,72,296,1248,1.2294444444444446,4.633333333333333,9.098255458758336,35.872475140274666,-92.0
c1cccc4c1c(c2ccccc2c4c3ccccc3)c5ccccc5,2268,704,2196,11.141628307893669,32.69354263784051,59.52787644638382,11.06083459024635,18.044460882402696,8928,105804,4536,15856,29856,60.48059009870934,173.13662644545005,352,11.223809523809518,25.665845053173975,2.2740230536659114,288,1424,7248,2.8344444444444443,12.866666666666665,27.68739017542113,130.9689235245274,249.0
CC(=O)N(O)CCCCCNC(=O)CCC(=O)N(O)CCCCCNC(=O)CCC(=O)N(O)CCCCCN,1670,696,1596,17.31008544623691,45.18406756246563,75.00152578524994,17.06435786435785,25.369874043438063,6532,36980,3340,8328,15344,77.04313574805309,169.7780663780664,348,17.566666666666656,36.256451177729225,4.3438888888888885,332,1484,6800,4.233888888888888,17.76666666666666,36.654035000161656,158.410263666833,139.0
O=C(O)CCCCCCC(=O)O,360,176,352,5.598255458758336,13.57107623559768,21.868410468885557,5.563492063492063,7.811702794300126,1424,5888,720,1504,2880,22.132748487654013,43.492063492063494,88,5.633333333333333,11.098255458758336,1.4794444444444446,92,388,1652,1.2850000000000001,5.3,10.788854381999831,44.94427190999916,143.0
C(CCBr)CC(=O)O,202,104,196,3.9429745794965205,8.878373693211948,13.873283665890888,3.9031746031746026,5.20265414357516,796,3048,404,814,1540,14.128341638310006,25.574603174603176,52,3.983333333333334,7.4109350489449675,1.2119444444444445,56,228,944,0.9272222222222223,3.566666666666667,7.049127729379168,27.936237570137333,40.0
CCOC(=O)c1ccco1,500,192,474,4.548604547590105,11.77458822174457,19.686779151203535,4.4713286713286715,6.621064177133019,1948,13510,1000,2772,5032,20.324075289745547,46.62163947163947,96,4.628571428571429,9.481077452174443,1.2178911564625854,88,400,1876,1.142777777777778,4.7,9.654478692306727,41.77948896570285,34.0
c1cnccc1N,280,124,274,3.2108249704942384,8.343574419887329,13.911723633103335,3.1888888888888896,4.719564740960329,1108,5574,560,1286,2472,14.09051347747691,30.63888888888889,62,3.2333333333333343,6.7078454376893335,0.7661111111111112,60,260,1140,0.7850000000000001,3.3000000000000007,6.788854381999833,28.94427190999916,159.0
C1=CC(=C(C=C1Br)Br)Br,490,184,466,3.6561702310832738,10.321166358513182,17.691164621287715,3.582828282828283,5.6660970952775385,1912,13030,980,2684,4936,18.324863893467793,44.65909090909091,92,3.7333333333333347,8.12853229977949,0.8355555555555556,84,400,1944,0.8755555555555556,3.933333333333334,8.394205344927391,38.787523305564676,44.0
C1C(O1)CCl,175,82,168,2.5487475676864215,6.1886063036244545,9.848466023163565,2.5000000000000004,3.523603362114274,686,3040,350,767,1432,10.158703882809073,19.999999999999996,41,2.5999999999999996,5.048747567686421,0.745,38,150,614,0.7744444444444445,2.7333333333333334,5.20382826775842,19.40033918527509,-57.0
c1ccc(cc1)S(=O)(=O)c2ccc(cc2)Cl,1152,380,1078,6.482842815748139,18.908448183251643,33.467027885999904,6.386324786324788,10.357977128307844,4460,41354,2304,7534,13264,34.55507608103399,91.92094017094017,190,6.583333333333335,14.821088107621737,1.3673611111111115,164,820,4268,1.596632653061225,7.271428571428573,15.667275420036239,74.36009288425498,92.0
c1cc(c(cc1Br)Cl)O,490,184,466,3.6561702310832738,10.321166358513182,17.691164621287715,3.582828282828283,5.6660970952775385,1912,13030,980,2684,4936,18.324863893467793,44.65909090909091,92,3.7333333333333347,8.12853229977949,0.8355555555555556,84,400,1944,0.8755555555555556,3.933333333333334,8.394205344927391,38.787523305564676,49.0
c1cc(sc1I)I,340,136,330,2.963092302328866,8.114824907850794,13.856420128063172,2.9272727272727277,4.517625536785178,1340,8250,680,1736,3300,14.147814324325793,33.40909090909091,68,3.0000000000000004,6.443333074306559,0.6777777777777778,64,296,1384,0.6950000000000001,3.1,6.577708763999664,29.88854381999832,41.0
Cc1ccc[nH]c1=O,398,156,376,3.4008663092555342,9.330597825890854,15.72990490818363,3.3383838383838382,5.157169095353894,1548,9600,796,2106,3808,16.284195134990124,37.79797979797979,78,3.466666666666667,7.393044663162263,0.798888888888889,72,332,1572,0.8405555555555556,3.6333333333333333,7.605350962927559,33.84325139556552,140.0
c1c(cc(c(c1F)C(=O)O)F)F,798,264,732,4.731439241023707,13.58365587169021,23.399961250948042,4.601875901875903,7.382717636396776,3060,27144,1596,5232,8916,24.62552581306081,62.98766233766234,132,4.866666666666667,10.652515823586509,1.1103703703703707,116,576,2936,1.1116666666666668,5.1,11.027198506782842,52.585482276697384,141.0
COc1ccc2nc(N)sc2c1,838,288,816,5.0101273868666425,14.435010093714068,25.711105500790264,4.933033633033634,7.950906104527993,3308,28808,1676,5040,9648,26.299301906283098,70.79825174825176,144,5.090476190476193,11.35697367110601,1.138560090702948,124,604,2992,1.2477777777777779,5.600000000000002,12.021041838306225,56.6123046957003,166.0
O=C(C)c1ccc(O)cc1,524,200,500,4.163378444157187,11.527351494745053,19.725554802410745,4.100000000000001,6.383193279263224,2048,13700,1048,2860,5240,20.28188398797718,48.75,100,4.2285714285714295,9.126934563595974,0.954557823129252,92,432,2072,1.0005555555555556,4.4333333333333345,9.394205344927391,42.787523305564676,108.0
c1cc(ccc1S)Br,368,152,360,3.4327955589886447,9.31804722752556,15.87298334620742,3.4000000000000004,5.208946754575151,1456,8400,736,1804,3480,16.131182235954576,37.5,76,3.4666666666666672,7.415690875378665,0.7822222222222222,72,328,1512,0.8200000000000001,3.6000000000000005,7.577708763999665,33.88854381999832,75.0
O=[N+]([O-])c1cc(Br)ccc1Br,658,232,618,4.4444726378206845,12.544393099114473,21.583520180416237,4.3508380508380515,6.8826886164796415,2552,20514,1316,3974,7092,22.431658149299558,56.027222777222775,116,4.541666666666668,9.883438655857223,1.0302083333333334,104,504,2504,1.0561111111111112,4.7666666666666675,10.210701925855117,47.686502791131026,82.0
CC(C)(CC)CCC,324,128,296,3.4353349196836036,8.534584998829132,13.563127662582133,3.3128427128427127,4.762306826097543,1240,7616,648,1744,3008,14.466955106821063,30.311688311688307,64,3.5666666666666664,6.912831034535442,1.093888888888889,64,312,1600,0.8405555555555557,3.3000000000000003,6.731248620613787,29.67043411140739,-126.0
C1=CC=C(C=C1)C2=CC=CC=C2,686,260,666,5.426815475279745,14.897766501255624,25.838570297465417,5.396825396825397,8.33901735199621,2704,19850,1372,3826,7196,26.163325564393002,64.1111111111111,130,5.457142857142857,11.845495602055028,1.192448979591837,116,528,2456,1.3755555555555556,5.9333333333333345,12.394205344927391,54.78752330556466,69.0
Sc1nc(CCC)cc(O)n1,564,216,546,4.858098444427915,12.794357436405729,21.727658768177058,4.784848484848484,7.1855615187164465,2220,15606,1128,3060,5808,22.279595027179237,52.922727272727265,108,4.9333333333333345,10.268451236119486,1.2644444444444445,100,464,2188,1.1572222222222224,4.966666666666668,10.415690875378665,46.7690533001348,220.0
C1CC(=O)C1,216,92,210,2.2108249704942384,5.89408467710415,9.911723633103334,2.1888888888888887,3.305351178587233,852,4550,432,1030,1960,10.09051347747691,22.63888888888889,46,2.2333333333333334,4.707845437689332,0.5161111111111111,44,196,884,0.5349999999999999,2.3,4.7888543819998315,20.94427190999916,-51.0
FC(F)(F)c1ccccc1,580,208,544,4.040302729019994,11.377640967501081,19.725528023184992,3.98998778998779,6.288836368082763,2248,17088,1160,3476,6096,20.280333616840156,50.45372405372405,104,4.091666666666667,8.982507715635109,0.8804861111111111,96,476,2448,0.9408163265306122,4.285714285714286,9.228064901018035,43.65218239712708,-27.0
Brc1ccccc1,280,124,274,3.2108249704942384,8.343574419887329,13.911723633103334,3.188888888888889,4.719564740960328,1108,5574,560,1286,2472,14.09051347747691,30.638888888888886,62,3.2333333333333334,6.707845437689333,0.7661111111111112,60,260,1140,0.785,3.3,6.7888543819998315,28.94427190999916,-31.0
c1cc(c(cc1C(=O)O)O)[N+](=O)[O-],814,280,758,5.176189742437141,14.751567051560007,25.441232705866348,5.053235653235653,8.058223203515947,3144,25726,1628,5030,8844,26.578055688055464,67.29304029304029,140,5.30357142857143,11.59468234407453,1.2025439342403632,124,608,3064,1.2366666666666668,5.6000000000000005,12.027198506782844,56.58548227669739,234.0
N=C(N)NC#N,138,72,130,2.934808494301258,6.444329480531982,9.842672721773212,2.8873015873015873,3.7800585308900394,536,1898,276,558,996,10.160745634373795,17.4515873015873,36,2.9833333333333334,5.4109350489449675,0.9619444444444445,40,164,688,0.6772222222222222,2.566666666666667,5.049127729379167,19.936237570137337,208.0
C(C(Br)(Br)Br)O,202,88,190,2.3740963185335495,6.095232282131342,9.769863745809943,2.304761904761905,3.3883844780521306,784,3850,404,950,1720,10.250977901367296,21.190476190476186,44,2.45,4.890388354186296,0.6775,48,240,1236,0.5177777777777777,2.1999999999999997,4.654478692306725,21.77948896570285,79.0
OCc1ccccc1Cl,464,176,434,3.9627197394724236,10.57452560905521,17.628469944354205,3.8682983682983685,5.861699205840182,1796,12234,928,2596,4604,18.3889974532109,42.3958818958819,88,4.061904761904762,8.431949722795277,1.040668934240363,80,368,1748,1.017777777777778,4.2,8.654478692306725,37.779488965702846,70.0
c1c(cc(cc1Cl)Cl)C=O,528,200,508,4.275410783986165,11.5887017957073,19.68506678730959,4.1878787878787875,6.429956970335859,2072,14564,1056,2884,5424,20.327008208575972,48.78484848484848,100,4.366666666666667,9.219323506740317,1.0872222222222223,92,432,2060,1.0322222222222224,4.466666666666667,9.415690875378665,42.7690533001348,63.0
CCCCCCCCCCCCCl,332,176,328,6.787693700234704,15.208374993350516,23.878156862896233,6.742857142857144,8.957566523529124,1320,4816,664,1276,2504,24.12393478896601,43.657142857142865,88,6.833333333333332,12.723614639131599,2.0694444444444446,92,356,1388,1.6944444444444446,6.333333333333332,12.309401076758505,46.9282032302755,-9.0
c1ccnc(c1)C#N,340,144,328,3.740079005990549,9.575725986796035,15.803878619246047,3.6828282828282837,5.402544386978886,1336,7504,680,1668,3128,16.204116243749795,35.26464646464646,72,3.8,7.720706034577969,0.9933333333333334,68,296,1316,0.9622222222222223,3.8666666666666676,7.8379821113790005,32.880509480136496,27.0
CCC/C=C/C(=O)O,202,104,196,3.9429745794965205,8.878373693211948,13.873283665890888,3.903174603174603,5.20265414357516,796,3048,404,814,1540,14.128341638310005,25.574603174603176,52,3.983333333333334,7.4109350489449675,1.2119444444444445,56,228,944,0.9272222222222223,3.566666666666667,7.049127729379168,27.936237570137333,33.0
C=C(C(=O)O)C(F)(F)F,486,168,428,3.270691621455748,9.2674774628342,15.458709473411194,3.157042957042958,5.003825527679728,1828,13316,972,3048,4832,16.576478611736906,39.274625374625366,84,3.3916666666666657,7.267344927704025,0.7988194444444445,80,416,2252,0.711371882086168,3.31904761904762,7.25570709994593,35.606889972694276,50.0
Nc1ccc(CC#N)cc1,464,188,452,4.544737254926703,11.755854435132699,19.80773031321759,4.49090909090909,6.647530948974298,1832,11372,928,2362,4520,20.19737182083072,46.263636363636365,94,4.6000000000000005,9.47767920164647,1.186666666666667,88,396,1816,1.1222222222222222,4.666666666666667,9.626836493378834,41.824781390135655,45.0
O=C=Nc1ccc(cc1)Cc2ccc(N=C=O)cc2,1048,400,1028,8.583939104211874,22.946368909357037,39.70935084393927,8.503030303030302,12.917817502442148,4152,29228,2096,5648,10928,40.29682558244931,98.84545454545459,200,8.666666666666668,18.38336261562484,2.1333333333333333,180,828,3876,2.154444444444445,9.133333333333335,19.042527368757497,84.59383469027043,37.2
CN1C(=O)CCC1=O,490,172,452,3.126754965242637,9.098191400341804,15.575851348263486,3.0315462315462316,4.913690168162198,1884,14084,980,2906,5072,16.453338776864815,41.032167832167836,86,3.228571428571428,7.104288351379571,0.7212244897959184,76,372,1876,0.7711111111111112,3.466666666666667,7.421847543855285,34.74223088113187,66.0
COc1c(cccc1OC)OC,726,248,668,5.33587575877895,14.06023158578265,23.30122423731476,5.149494949494948,7.7537148209850875,2788,24612,1452,4630,8048,24.733471988222938,59.00404040404042,124,5.5321428571428575,11.23862173539466,1.579323979591837,108,512,2532,1.427777777777778,5.666666666666666,11.56923073199279,50.550943591543856,45.0
CCCCCCCCCCCCCC(=O)CCCCCCCCCCCCC,868,428,858,13.998518670728943,33.34990838437052,53.78988049599957,13.931746031746036,19.33398551398182,3452,14486,1736,3586,7024,54.21444826644293,106.29603174603174,214,14.066666666666668,27.431460076820933,3.835555555555556,216,872,3552,3.479444444444445,13.633333333333335,27.098255458758338,107.87247514027466,78.0
COc1ccc(cc1)C(=O)c2ccccc2,990,356,946,6.900190165456734,19.328560994110084,33.52501527469455,6.787590187590189,10.678357027488115,3872,30290,1980,5782,10652,34.499775991503476,86.79797979797983,178,7.019047619047622,15.277445324850303,1.6081179138322002,156,736,3564,1.7683333333333333,7.6333333333333355,16.048684037234118,72.56701227126752,62.0
COc1ccc2cc(ccc2c1)OC,926,324,898,6.006724642653178,16.874543754888048,29.606057847467312,5.895038295038296,9.322184621335019,3648,30602,1852,5490,10436,30.4103832018404,79.43216783216782,162,6.123809523809525,13.342192069066753,1.4702267573696146,140,672,3296,1.5500000000000003,6.666666666666669,14.070169567685394,64.54854226583763,153.0
CCCCCCn1c(=O)c2c(ncn2C)n(c1=O)C,1480,460,1384,7.866718325690553,22.330449287047706,39.12224965307287,7.677013509366454,12.22533309434029,5728,62684,2960,10298,18420,40.935461758703354,110.58084187054774,230,8.069047619047621,17.602235441358328,1.9294605064247925,192,960,4980,1.9761111111111105,8.700000000000001,18.553458177873082,87.17336587910096,81.0
CC(C)(Cl)Cl,128,64,128,2.0,4.898979485566357,8.0,2.0,2.8284271247461907,512,2048,256,512,1024,8.0,16.0,32,2.0,4.0,0.5,40,200,1000,0.32,1.5999999999999999,3.5777087639996634,17.88854381999832,-34.0
C1C2C=CC1C=C2,488,176,484,2.9272601533471097,8.752707266617199,15.966873563711506,2.9212121212121214,4.8317023590687125,1944,14884,976,2728,5368,16.033264176742435,43.81818181818181,88,2.933333333333334,6.843695087710569,0.5422222222222223,76,364,1756,0.73,3.400000000000001,7.366563145999497,34.83281572999748,-20.0
CC1(C(=O)NC(=O)N1CO)C,912,268,814,4.07245625951081,12.172896053867206,21.167409712285725,3.895123177476119,6.474936788708715,3452,36938,1824,6662,11016,22.88924047279674,62.67058823529412,134,4.261904761904762,9.45115575328589,1.0218726379440668,112,600,3364,1.0094104308390024,4.571428571428571,9.955190966343467,49.30676611996037,105.0
CC(C)(C(=O)O)Br,318,120,288,2.5008872463069856,7.012632426376507,11.65001154900788,2.422222222222223,3.808050198623987,1212,7344,636,1758,2952,12.36636504407723,28.4,60,2.5833333333333335,5.512438571626294,0.6041666666666667,60,312,1692,0.5308163265306123,2.4857142857142858,5.439210519018203,26.70791048712792,44.0
Oc1ccc(cc1OC)C(=O)O,712,252,670,4.956363209200927,13.760652032983286,23.486396047025682,4.828127428127427,7.554678847367158,2764,21778,1424,4230,7632,24.53551464002869,60.763403263403276,126,5.090476190476189,10.87868104762981,1.2496712018140592,112,540,2680,1.2333333333333334,5.333333333333334,11.259829655234286,51.62274036126836,211.5
CCCCCCCCCCCl,268,144,264,5.787693700234704,12.758885250567337,19.878156862896233,5.742857142857144,7.543352961156028,1064,3792,536,1020,1992,20.12393478896601,35.657142857142865,72,5.833333333333332,10.723614639131599,1.8194444444444446,76,292,1132,1.4444444444444446,5.333333333333332,10.309401076758505,38.9282032302755,-31.0
CCC1CC1,175,82,168,2.5487475676864215,6.1886063036244545,9.848466023163565,2.5000000000000004,3.523603362114274,686,3040,350,767,1432,10.158703882809073,20.0,41,2.5999999999999996,5.048747567686421,0.7449999999999999,38,150,614,0.7744444444444445,2.7333333333333334,5.20382826775842,19.400339185275087,-149.0
c1ccc(cc1)[Si](c2ccccc2)(c3ccccc3)Cl,1580,496,1472,8.567696328367548,24.519344745100064,43.371661755661314,8.465201465201465,13.519577910668607,6104,68672,3160,11324,19696,44.65862785452284,119.97069597069603,248,8.675,19.31345472540631,1.8481250000000002,208,1028,5344,2.182448979591837,9.657142857142857,20.528777175054774,95.17945955138458,94.0
CCCCCCCCCCCCCCCCCCN,524,272,520,9.787693700234705,22.55684422170004,35.878156862896226,9.742857142857146,13.200207210648403,2088,7888,1048,2044,4040,36.12393478896601,67.65714285714286,136,9.833333333333334,18.723614639131597,2.8194444444444446,140,548,2156,2.4444444444444446,9.333333333333334,18.309401076758505,70.92820323027551,56.0
c1ccc2c(c1)cc3ccccc3n2,1060,360,1036,5.946956560690766,17.532150602836502,31.814866541659704,5.9133089133089145,9.67812705834888,4192,37740,2120,6492,12424,32.18709976242178,88.95726495726497,180,5.980952380952383,13.746275601965841,1.1760090702947847,152,736,3632,1.5011111111111113,6.866666666666669,14.788410689854784,69.57504661112932,109.0
O=C(CO)c1ccccc1,496,192,468,4.465916887148356,11.79367745243773,19.644187170336075,4.374358974358975,6.572566409938979,1928,12980,992,2724,4904,20.371488471142296,46.483760683760686,96,4.561904761904763,9.431949722795277,1.165668934240363,88,400,1876,1.142777777777778,4.7,9.654478692306727,41.77948896570285,6.0
COc1cccc(c1O)O,588,208,542,4.184869805658694,11.573950855971141,19.46150022233654,4.054012654012654,6.32157044051216,2260,17406,1176,3524,6140,20.57117635557082,49.595881895881895,104,4.3238095238095235,9.143193411012584,1.0880045351473926,92,440,2180,1.0733333333333333,4.533333333333333,9.470975273234451,42.678468451269204,42.0
CC(C)NCC(COC1=CC=C(C=C1)CC(=O)N)O,904,364,886,8.240335933900537,22.08634858184173,37.76023795085574,8.181673881673882,12.417141671130018,3580,22646,1808,4622,8916,38.243777739629245,89.98145743145743,182,8.300000000000004,17.64979598415824,1.912777777777778,172,788,3652,1.9250000000000005,8.500000000000004,17.944271909999166,80.72135954999575,146.0
CC(C)(C)CC(C)(C)C,424,160,400,3.3157371050334246,9.196913436059841,15.817729923283038,3.2820512820512824,5.109400392450458,1648,11200,848,2408,4240,16.185728036717755,38.97435897435897,80,3.3500000000000005,7.284815545186213,0.72625,84,444,2364,0.5911111111111111,3.0666666666666678,6.99955630785495,36.63077470113019,-67.0
C(CCC(=O)O)CCBr,234,120,228,4.44297457949652,10.103118564603538,15.87328366589089,4.403174603174603,5.9097609247617084,924,3560,468,942,1796,16.128341638310005,29.574603174603176,60,4.483333333333334,8.410935048944967,1.3369444444444445,64,260,1072,1.0522222222222222,4.066666666666666,8.049127729379167,31.936237570137337,34.0
CN1CCC(CC1)O,368,152,360,3.4327955589886447,9.31804722752556,15.872983346207418,3.4000000000000004,5.208946754575151,1456,8400,736,1804,3480,16.131182235954576,37.5,76,3.4666666666666677,7.415690875378665,0.7822222222222224,72,328,1512,0.8200000000000001,3.6,7.577708763999665,33.88854381999832,28.0
COC(=O)c1cc(ccc1O)Cl,718,252,674,4.970884039851457,13.781895352486611,23.474834410343107,4.839971139971141,7.563916121334235,2784,22950,1436,4356,7816,24.549603515837827,60.697186147186144,126,5.108333333333334,10.89629925274586,1.2574305555555558,112,540,2680,1.2333333333333334,5.333333333333335,11.259829655234286,51.62274036126836,46.0
CC(C)(C)c1ccc(N)cc1,668,236,630,4.262273317514401,12.352113775139316,21.686787736289073,4.201098901098902,6.778218381697586,2596,19914,1336,3994,7104,22.321002375317825,57.314835164835166,118,4.325000000000001,9.690353153324441,0.8965972222222225,108,544,2820,0.9758163265306123,4.585714285714286,10.016919283017867,48.59645430712622,15.0
c1cc2c(cc1N)CCC2,682,240,662,4.184479433477039,12.209940645112678,21.813595868179405,4.145931845931846,6.729647355361715,2688,22030,1364,4020,7604,22.189883705215035,59.0549728049728,120,4.223809523809525,9.580983238672257,0.8541156462585036,104,500,2444,1.0355555555555556,4.733333333333334,10.183059726927224,47.731795215563835,35.0
O=S1(=O)CC=CC1,384,144,368,2.799659828522119,7.951732131687516,13.838367176906171,2.766666666666667,4.391629447700503,1504,10304,768,2112,3904,14.16496580927726,35.199999999999996,72,2.833333333333333,6.265986323710905,0.5972222222222223,68,340,1748,0.6461111111111112,2.9666666666666663,6.421847543855284,30.742230881131874,64.5
C1=C(C(=NC(=N1)O)O)F,490,184,466,3.6561702310832738,10.321166358513182,17.691164621287715,3.5828282828282836,5.6660970952775385,1912,13030,980,2684,4936,18.324863893467793,44.65909090909091,92,3.7333333333333347,8.12853229977949,0.8355555555555556,84,400,1944,0.8755555555555555,3.933333333333334,8.394205344927391,38.787523305564676,283.0
O[C@@H]1[C@@H](O)[C@@H](O)[C@@H](CO)O[C@H]1OC,906,292,830,5.239520392513015,14.805532899211546,25.10684066573908,5.018847818847818,7.983895464017386,3472,32302,1812,5930,10356,26.95867369631495,69.03822843822844,146,5.476190476190476,11.632228046008105,1.4450113378684808,124,620,3220,1.361666666666667,5.7666666666666675,12.153096164469076,56.412664992539234,172.0
Nc1cc(ccc1O)[N+]([O-])=O,646,232,610,4.392149742614482,12.520884024409439,21.574065153245197,4.2935508935508935,6.847126389879365,2512,18858,1292,3740,6788,22.444822939463553,56.082750582750585,116,4.495238095238095,9.839775987996799,1.0078911564625852,104,504,2504,1.0561111111111112,4.766666666666667,10.210701925855115,47.68650279113103,144.0
c1ccc(cc1)c2ccc(cc2)C(=O)N,930,336,892,6.3793689489426955,18.08154357611335,31.652401466772822,6.3079365079365095,10.002645890299105,3644,27976,1860,5400,9964,32.35469607489327,82.22222222222221,168,6.452380952380954,14.264584727961669,1.380895691609978,148,700,3388,1.5911111111111111,7.066666666666669,14.99955630785495,68.63077470113018,228.0
c1cc(c(cc1C(F)(F)F)Cl)Cl,790,268,742,4.492946986516894,13.342349792844931,23.546720236020978,4.3983127983128,7.2446238528777425,3064,25402,1580,4874,8704,24.47161345169966,64.72267732267733,134,4.591666666666666,10.403194577725262,0.9499305555555557,120,616,3252,1.0313718820861681,4.91904761904762,10.833415863945595,53.49543379269258,-12.0
CN(C)c1ccc(cc1)C(=O)OCC,776,284,732,6.001158021253055,16.18311016799389,27.50061032051094,5.882439782439783,8.991799496622463,3016,22148,1552,4474,8056,28.515445800245825,68.73275058275058,142,6.123809523809524,12.900166578081086,1.5313378684807262,128,604,2936,1.4833333333333336,6.333333333333334,13.259829655234286,59.622740361268356,63.5
O=Cc1ccc(C#N)cc1,488,192,468,4.491303629981266,11.782350361342974,19.657293318492844,4.387878787878788,6.574906046612265,1912,12260,976,2568,4792,20.358387768500354,46.75151515151515,96,4.6000000000000005,9.44141206915594,1.2366666666666668,88,400,1864,1.1744444444444446,4.733333333333334,9.675964222758001,41.76101896027298,102.0
c1cc(c(cc1O)O)C(=O)c2ccc(cc2O)O,1286,428,1214,7.153332076097733,21.108111841733386,37.30279510265994,7.002974802974806,11.481811391653912,5000,45022,2572,8146,14724,38.73396538503765,103.56440226440229,214,7.311904761904765,16.4854383501735,1.5483078231292517,184,912,4624,1.7372222222222224,8.033333333333337,17.421403851710235,83.37300558226204,201.0
CN3CC(c1ccccc1)c2cccc(N)c2C3,1396,456,1346,7.497739612792033,22.002170695801816,39.57180957737004,7.411299811299814,12.093087709932906,5484,55302,2792,9090,17024,40.4405623557336,111.75002220002224,228,7.586904761904765,17.247662056492974,1.558516156462585,192,944,4752,1.862222222222222,8.533333333333335,18.421403851710227,87.37300558226204,179.0
Nc1ccc(cc1OC)OC,616,224,582,4.752674323159139,12.787659107263007,21.512213719355156,4.617404817404817,7.060389621696137,2396,18122,1232,3556,6480,22.512526271934604,54.05641025641027,112,4.895238095238095,10.180297956301137,1.3045578231292518,100,472,2296,1.2300000000000002,5.066666666666667,10.492460803685729,46.659998445839335,33.5
CCNc1nc(nc(n1)Cl)NCC,660,252,642,5.976113320352196,15.221310990547412,25.69553217147572,5.887878787878788,8.631666558940086,2604,19062,1320,3618,6936,26.31252043531294,61.86818181818182,126,6.0666666666666655,12.330439562387289,1.6688888888888893,116,532,2492,1.4594444444444448,6.033333333333334,12.464818604757836,54.70529087027212,228.0
c1ccc2c(c1)no[n+]2[O-],720,244,686,4.179267629767947,12.215734773593871,21.7176758879678,4.1237096237096225,6.702906000299402,2812,24790,1440,4496,8204,22.29196490555808,59.487756687756686,122,4.236904761904762,9.574357495388384,0.8725439342403629,104,504,2504,1.0561111111111114,4.7666666666666675,10.210701925855117,47.686502791131026,69.0
Brc1ccc(Br)c(C)c1,490,184,466,3.656170231083273,10.32116635851318,17.691164621287715,3.5828282828282823,5.6660970952775385,1912,13030,980,2684,4936,18.324863893467793,44.65909090909091,92,3.7333333333333325,8.128532299779488,0.8355555555555556,84,400,1944,0.8755555555555556,3.9333333333333336,8.394205344927391,38.787523305564676,5.0
CCC(C(=O)NC(=O)NC(C)=O)c1ccccc1,982,360,926,7.801528348871813,20.943685666357823,35.389670165355255,7.655844155844157,11.648497066946682,3816,29598,1964,5772,10364,36.635725612377506,87.19559884559888,180,7.95357142857143,16.6992946504993,1.9644883786848077,164,768,3692,1.8933333333333335,8.133333333333335,17.048684037234118,76.56701227126752,100.0
c1ccc(cc1)c2ccc(cc2)C=O,834,308,806,6.178040099270462,17.104390875802565,29.691984996712208,6.101875901875902,9.511379011629588,3280,24606,1668,4726,8860,30.317597089143558,75.59797979797979,154,6.257142857142859,13.566201636632998,1.4357823129251703,136,632,3004,1.5877777777777782,6.800000000000002,14.232187456306393,63.66803278570113,59.0
c1cc(c(c(c1)F)O)F,522,188,482,3.6211821562425532,10.333252463683175,17.55108330826311,3.5204351204351205,5.614567969461856,2008,14434,1044,3034,5292,18.478261136364438,44.92105672105672,94,3.728571428571429,8.104288351379571,0.8462244897959186,84,404,2004,0.8961111111111112,3.9666666666666672,8.421847543855286,38.742230881131874,38.0
C[Si](C)(C)C,128,64,128,2.0,4.898979485566357,8.0,2.0,2.8284271247461907,512,2048,256,512,1024,8.0,16.0,32,2.0,4.0,0.5,40,200,1000,0.32,1.5999999999999999,3.5777087639996634,17.88854381999832,-100.0
CCOc1ccc(cc1)I,464,188,452,4.544737254926704,11.755854435132699,19.807730313217593,4.490909090909092,6.647530948974297,1832,11372,928,2362,4520,20.19737182083072,46.26363636363636,94,4.600000000000001,9.47767920164647,1.1866666666666672,88,396,1816,1.1222222222222222,4.666666666666667,9.626836493378834,41.824781390135655,28.0
O=S(=O)(NC1CCCCC1)c2ccc(C)cc2,1106,388,1060,6.991088419437484,20.13951094580914,35.62518466893793,6.918892218892222,11.11158741364464,4332,35812,2212,6656,12248,36.3861185910189,94.96569541569542,194,7.0654761904761925,15.838746082915772,1.4637684240362816,172,844,4264,1.691371882086168,7.719047619047622,16.622270245945426,78.43970570269174,84.5
Clc1nc2ccccc2nc1Cl,836,288,806,4.916287321927446,14.422791219435927,25.6786694371581,4.845543345543346,7.9044476700766495,3284,27942,1672,5028,9452,26.336190568330174,70.47863247863248,144,4.9904761904761905,11.29382466307308,1.032448979591837,124,604,3004,1.2161111111111111,5.566666666666668,11.999556307854949,56.630774701130186,152.0
CCCCSCCCC,204,112,200,4.787693700234704,10.30939550778416,15.878156862896233,4.742857142857143,6.129139398782932,808,2768,408,764,1480,16.12393478896601,27.65714285714286,56,4.833333333333333,8.723614639131599,1.5694444444444446,60,228,876,1.1944444444444444,4.333333333333333,8.309401076758503,30.92820323027551,-80.0
CC(C)(C)Br,128,64,128,2.0,4.898979485566357,8.0,2.0,2.8284271247461907,512,2048,256,512,1024,8.0,16.0,32,2.0,4.0,0.5,40,200,1000,0.32,1.5999999999999999,3.5777087639996634,17.88854381999832,-20.0
c1ccc2c(c1)cccc2CC#N,854,296,818,5.824745799829196,15.888970266399534,27.671771998996615,5.752136752136753,8.872204252012056,3344,29778,1708,5290,9756,28.334557242485417,72.34829059829059,148,5.8988095238095255,12.662390284400566,1.4165462018140593,128,604,2936,1.4833333333333336,6.333333333333335,13.259829655234288,59.622740361268356,34.0
O=C(Nc1ccccc1)CC(C)=O,598,244,582,5.767700619351131,15.253395169372025,25.797162265484538,5.71962481962482,8.588408126775295,2360,14594,1196,3044,5792,26.206470990866052,60.11421356421356,122,5.816666666666667,12.220284009315627,1.370277777777778,116,524,2396,1.355,5.9,12.366563145999496,54.83281572999746,86.0
COC(=O)c1cc(ccc1[N+](=O)[O-])Cl,886,300,830,5.760907103817822,16.00208527972012,27.383028688521104,5.611560661560662,8.783318236510743,3432,31386,1772,5646,10096,28.64138438010236,72.19319014319015,150,5.916666666666668,12.651205608823592,1.4520833333333338,132,644,3240,1.4138888888888888,6.166666666666669,13.076326236162013,60.52171984683472,49.0
CN(C)C(=O)N,186,84,170,2.465591117977289,6.1910151061678835,9.745966692414834,2.4,3.4608826567798667,712,3050,372,858,1460,10.262364471909153,20.0,42,2.533333333333333,4.992682649758251,0.6844444444444444,44,200,944,0.5555555555555556,2.333333333333333,4.816496580927726,20.898979485566358,180.0
CCCCS(=O)CCCC,292,140,282,4.998518670728942,11.30450069932195,17.789880495999565,4.931746031746034,6.606063452623973,1148,5270,584,1282,2416,18.214448266442915,34.29603174603175,70,5.066666666666667,9.431460076820931,1.5855555555555558,72,296,1248,1.2294444444444448,4.633333333333333,9.098255458758336,35.87247514027466,33.0
CC1(C)CCCC1,384,144,368,2.799659828522119,7.951732131687516,13.838367176906171,2.766666666666667,4.391629447700503,1504,10304,768,2112,3904,14.16496580927726,35.199999999999996,72,2.833333333333333,6.265986323710905,0.5972222222222223,68,340,1748,0.6461111111111112,2.9666666666666663,6.421847543855284,30.742230881131874,-70.0
OC(=O)c1cc(O)ccc1,528,200,504,4.193499004859992,11.54960363708842,19.71455262002028,4.126884226884228,6.399532632686659,2064,14428,1056,2920,5372,20.292695729821173,48.72163947163946,100,4.261904761904763,9.154576762523867,0.9751133786848074,92,432,2072,1.0005555555555556,4.4333333333333345,9.394205344927391,42.787523305564676,203.0
c1ccnc(c1)c2cccc(n2)c3ccccn3,1184,424,1152,7.90029375562513,22.439096931282283,39.74600356829527,7.8534798534798576,12.470974099984101,4672,38208,2368,6944,13152,40.25687544560388,104.58974358974362,212,7.947619047619051,17.718633403037945,1.6554535147392293,184,864,4144,2.0011111111111113,8.866666666666669,18.788410689854782,85.57504661112932,91.0
O=C(OC(C)(C)C)NCC(=O)O,496,204,478,4.93607610365622,12.980595423115002,21.789982056279193,4.887301587301589,7.305242942336725,1948,11626,992,2526,4696,22.2136281440008,50.0515873015873,102,4.985714285714286,10.407329304086872,1.1891496598639457,104,500,2444,1.0355555555555558,4.733333333333334,10.183059726927224,47.731795215563835,88.5
c1ccc(cc1)P(=O)(c2ccccc2)O,1064,352,992,6.260872227253731,17.933975375613414,31.505768172895827,6.1752136752136755,9.868595114693026,4112,38528,2128,7016,12256,32.51440732255632,85.05982905982908,176,6.3500000000000005,14.113242669932403,1.35125,152,752,3896,1.5616326530612248,6.971428571428572,14.878421038036405,69.41582097425584,195.0
c1ccc(cc1)c2[nH]ccn2,654,244,634,4.926815475279745,13.673021629864035,23.838570297465417,4.896825396825397,7.631910570809662,2576,19338,1308,3698,6940,24.163325564393002,60.1111111111111,122,4.957142857142857,10.845495602055028,1.067448979591837,108,496,2328,1.2505555555555556,5.4333333333333345,11.394205344927391,50.78752330556466,148.0
O=[N+]([O-])c1cc(C=O)ccc1,588,220,560,4.725789630349413,12.776328377264399,21.623270824307244,4.626884226884228,7.086272701617463,2296,16600,1176,3302,6072,22.389666407722846,53.43830613830613,110,4.828571428571429,10.167437359412503,1.2023356009070296,100,468,2248,1.177777777777778,5.000000000000001,10.44333307430656,46.723760875702,59.0
OC(=O)c1ccc(C=O)cc1,584,220,554,4.692632479653498,12.75950306165376,21.61770978855346,4.5939393939393955,7.066172925281781,2276,15630,1168,3242,5896,22.395486754250072,53.375757575757575,110,4.795238095238095,10.13979516048461,1.1817800453514742,100,468,2248,1.177777777777778,5.000000000000001,10.44333307430656,46.723760875702,247.0
CC(C)C(=O)O,186,84,170,2.465591117977289,6.1910151061678835,9.745966692414834,2.4,3.4608826567798667,712,3050,372,858,1460,10.262364471909153,20.0,42,2.533333333333333,4.992682649758251,0.6844444444444444,44,200,944,0.5555555555555556,2.333333333333333,4.816496580927726,20.898979485566358,-47.0
Cc1ccc(CC)cc1C,550,204,522,4.188460856572695,11.54789109868916,19.599882825574674,4.082828282828283,6.352837164208344,2144,15202,1100,3066,5636,20.421834571369466,49.375757575757575,102,4.299999999999999,9.141392896668124,1.0627777777777778,92,436,2120,1.052777777777778,4.500000000000001,9.44333307430656,42.723760875702006,-67.0
CCCCCCCCC(=O)O,298,152,292,5.4429745794965205,12.552608307386713,19.873283665890895,5.403174603174603,7.323974487134802,1180,4584,596,1198,2308,20.12834163831001,37.574603174603176,76,5.4833333333333325,10.410935048944967,1.5869444444444447,80,324,1328,1.3022222222222222,5.066666666666666,10.049127729379167,39.93623757013734,10.0
CCCOC=O,108,64,104,3.287693700234704,6.635160893609391,9.878156862896235,3.2428571428571424,4.007819055223289,424,1232,216,380,712,10.123934788966011,15.657142857142855,32,3.3333333333333335,5.723614639131599,1.1944444444444444,36,132,492,0.8194444444444444,2.8333333333333335,5.309401076758503,18.92820323027551,-93.0
CCCCCCCCCC=O,268,144,264,5.787693700234704,12.758885250567337,19.878156862896233,5.742857142857144,7.543352961156028,1064,3792,536,1020,1992,20.12393478896601,35.657142857142865,72,5.833333333333332,10.723614639131599,1.8194444444444446,76,292,1132,1.4444444444444446,5.333333333333332,10.309401076758505,38.9282032302755,-5.0
C[C@H]1CC[C@H](CC1)O,368,152,360,3.4327955589886447,9.31804722752556,15.872983346207418,3.4000000000000004,5.208946754575151,1456,8400,736,1804,3480,16.131182235954576,37.5,76,3.4666666666666677,7.415690875378665,0.7822222222222224,72,328,1512,0.8200000000000001,3.6,7.577708763999665,33.88854381999832,-10.0
CCO[Si](OCC)(OCC)OCC,632,224,576,6.306304945254283,14.645730765190972,23.298786058448968,6.120634920634922,8.382465365965727,2416,21312,1264,4024,6912,24.73315095217059,53.028571428571446,112,6.499999999999999,12.1274291643472,2.1736111111111107,104,488,2456,1.6111111111111112,5.999999999999999,11.884788477227913,49.45232440281644,-86.0
FC(F)(F)C(O)C(F)(F)F,636,204,558,3.3787209761947463,10.107977995026511,17.408785161381218,3.266666666666668,5.404879020380325,2388,20034,1272,4326,6768,18.63933269531302,47.699999999999996,102,3.4999999999999996,7.843336592900531,0.7453703703703703,96,528,3000,0.6866326530612247,3.471428571428572,7.8784210380364055,41.41582097425582,-3.0
Clc1cc2C(=NCc3nnc(C)n3c2cc1)c4ccccc4,1882,592,1812,9.013009053442943,27.08966258429774,49.47639823383802,8.913665746018689,14.828378612100519,7388,79924,3764,12746,23760,50.53861415792437,145.05840319810912,296,9.11547619047619,21.142767658592593,1.7962221277399857,244,1220,6244,2.258333333333333,10.500000000000002,22.84325139556551,110.11523646339387,228.25
c1ccccc1Oc2ccccc2,680,272,672,5.916114535346942,16.121808878866293,27.917337483710767,5.898989898989898,9.061885086414218,2704,17632,1360,3496,6832,28.083108895741688,67.5959595959596,136,5.933333333333333,12.84369508771057,1.2922222222222226,124,556,2524,1.4800000000000004,6.400000000000002,13.3665631459995,58.83281572999746,27.0
CC(C)(C)N=C=S,242,104,228,2.9946902598887424,7.306525676167844,11.799776208317986,2.9414141414141413,4.16411654682211,940,4920,484,1186,2124,12.208261379313997,25.187878787878784,52,3.0500000000000003,5.967158282493358,0.8752777777777778,56,272,1364,0.6427777777777779,2.7,5.654478692306725,25.779488965702853,10.0
Cc1c(cccc1[N+](=O)[O-])[N+]([O-])=O,858,284,786,5.195887637341391,14.782986585205458,25.329398229523992,5.052991452991453,8.045812334002761,3288,29626,1716,5614,9620,26.700306278892864,67.63760683760685,142,5.345238095238096,11.614101063535038,1.2355300453514741,124,612,3124,1.2572222222222222,5.633333333333334,12.054840705710738,56.54018985226458,65.0
CCCCCCCCl,172,96,168,4.287693700234704,9.084650636392569,13.878156862896233,4.242857142857143,5.422032617596384,680,2256,344,636,1224,14.123934788966011,23.65714285714286,48,4.333333333333334,7.723614639131599,1.4444444444444444,52,196,748,1.0694444444444444,3.8333333333333335,7.309401076758503,26.92820323027551,-70.0
O=C(O)CCCCCCCCCCCCCCCCCCCCC,714,360,708,11.94297457949652,28.47429163547735,45.87328366589088,11.903174603174605,16.51636264255991,2844,11240,1428,2862,5636,46.128341638310005,89.57460317460317,180,11.983333333333334,23.410935048944964,3.2119444444444447,184,740,2992,2.9272222222222224,11.566666666666668,23.04912772937917,91.93623757013734,76.0
BrCBr,16,16,16,2.0,2.8284271247461903,4.0,2.0,2.0,64,64,32,32,64,4.0,4.0,8,2.0,2.82842712474619,1.0,12,36,108,0.4444444444444444,1.3333333333333333,2.309401076758503,6.928203230275509,-52.0
c1cc(ccc1CC(=O)O)Br,530,212,518,4.7429766850109925,12.772066682922242,21.838493523629158,4.703463203463203,7.164637980892516,2096,13370,1060,2728,5240,22.164916542995208,52.316233766233765,106,4.783333333333331,10.192641810387732,1.0997222222222223,100,460,2140,1.1050000000000002,4.900000000000001,10.366563145999498,46.83281572999748,117.0
c1ccc(cc1)c2c(c2=O)c3ccccc3,1187,398,1148,6.974378463370966,20.01790488158183,35.67426286763156,6.910317460317462,11.073002061476371,4670,45648,2374,7573,14244,36.33501642096639,97.75873015873022,199,7.040476190476192,15.768911086195887,1.4806434240362814,166,782,3766,1.7961111111111112,7.966666666666669,16.893983498854865,77.10291065612975,120.0
c1ccc2c(c1)-c3ccccc3C2Br,1252,384,1194,5.774723710364017,17.345507025039527,31.55866349710879,5.691880341880344,9.464932104962996,4892,55026,2504,8712,16036,32.46286416648332,93.52649572649574,192,5.861904761904764,13.531593139336257,1.1798356009070297,156,784,4056,1.4727777777777775,6.766666666666668,14.660191668638296,70.3834412478301,103.0
ClC(c1ccccc1)c2ccccc2,842,308,806,6.148965541466016,17.121936619563147,29.67160057544775,6.082539682539683,9.505995367854736,3296,25534,1684,4882,8988,30.345504466752924,75.31111111111112,154,6.219047619047619,13.556739290272336,1.3647845804988665,136,632,3016,1.5561111111111112,6.766666666666667,14.210701925855117,63.68650279113102,16.0
Cc1cc(nc(n1)Cl)Cl,468,180,450,3.740083568503631,10.367403882264046,17.759785364878386,3.681818181818181,5.739456478492807,1836,12150,936,2502,4680,18.246669619045523,43.97727272727272,90,3.8000000000000003,8.206462909851679,0.8600000000000001,84,396,1884,0.8550000000000001,3.900000000000001,8.366563145999496,38.83281572999748,46.0
C(#N)C1=C(C(=O)C(=C(C1=O)Cl)Cl)C#N,1080,328,974,5.508728806415289,15.834094826877628,26.865694657144726,5.2404761904761905,8.4538788388326,4108,43022,2160,7568,12932,29.222915612364627,76.73333333333332,164,5.797619047619047,12.380508658801967,1.5330924036281184,136,696,3712,1.437777777777778,6.133333333333333,12.997234944324694,61.266352053672804,215.0
NNC(=O)NN,156,76,142,2.825038532867334,6.4597701020533895,9.682959799431586,2.7222222222222228,3.6734332763753335,596,2306,312,674,1152,10.333154164596193,17.972222222222218,38,2.933333333333333,5.333204618062595,0.981111111111111,40,168,736,0.7294444444444443,2.6333333333333333,5.098255458758334,19.87247514027467,157.5
C[Si]1(C)O[Si](C)(C)O[Si](C)(C)O[Si](C)(C)O1,1216,384,1152,5.575387400469409,17.237604307034015,31.512627451584933,5.485714285714288,9.335824126868197,4736,46080,2432,8064,14592,32.495739155864044,93.25714285714288,192,5.666666666666668,13.360399772167998,1.0694444444444446,176,976,5456,1.0844444444444445,5.86666666666667,13.687390175421141,74.96892352452747,17.5
Cc1ccc(cc1)S(=O)(N)=O,668,236,630,4.262273317514401,12.352113775139316,21.686787736289062,4.201098901098902,6.778218381697587,2596,19914,1336,3994,7104,22.32100237531781,57.31483516483516,118,4.325,9.690353153324438,0.8965972222222223,108,544,2820,0.9758163265306125,4.585714285714286,10.016919283017868,48.59645430712622,139.0
C([C@@H]1[C@H]([C@@H]([C@H]([C@H](O1)O[C@]2([C@H]([C@@H]([C@H](O2)CO)O)O)CO)O)O)O)O,1984,588,1832,8.878861382612278,26.44305677149279,46.405677897007045,8.498730681083623,14.11486159609142,7632,85508,3968,14124,24980,49.72635891048059,139.57483398953983,294,9.29087301587302,20.56210079177924,2.2975729087931476,240,1260,6876,2.312482993197279,10.18571428571429,21.935062935505243,106.6074385676371,188.0
CC1CCCC1(C)C,538,180,494,2.9802092999841356,8.922451050450077,15.594704250990477,2.898457098457097,4.804196058284776,2064,16750,1076,3366,5796,16.427804498386184,42.92113442113442,90,3.0666666666666664,6.934025352181857,0.6395238095238096,80,416,2252,0.711371882086168,3.3190476190476192,7.25570709994593,35.606889972694276,-22.0
CN(C)c1cccc2c1cccc2S(=O)(=O)Cl,1368,424,1282,6.617316060818817,19.719824906908965,35.359049018619466,6.4962220785750215,10.733039123433537,5300,56990,2736,9536,16944,36.65838067303055,102.39232205702797,212,6.741666666666667,15.389023766073711,1.3884953703703702,180,928,4932,1.5730385487528349,7.419047619047622,16.28290560672877,80.19237224939164,72.0
CC(C)(C)c1ccc(Br)cc1,668,236,630,4.262273317514401,12.352113775139316,21.686787736289073,4.201098901098902,6.778218381697586,2596,19914,1336,3994,7104,22.321002375317825,57.314835164835166,118,4.325000000000001,9.690353153324441,0.8965972222222225,108,544,2820,0.9758163265306123,4.585714285714286,10.016919283017867,48.59645430712622,16.0
CCCC(C)(C)O,242,104,228,2.9946902598887433,7.306525676167844,11.799776208317985,2.941414141414142,4.16411654682211,940,4920,484,1186,2124,12.208261379313996,25.187878787878784,52,3.0500000000000003,5.967158282493357,0.8752777777777779,56,272,1364,0.6427777777777779,2.7000000000000006,5.654478692306727,25.77948896570285,-103.0
BrCCCCCCBr,172,96,168,4.287693700234704,9.084650636392569,13.878156862896233,4.242857142857143,5.422032617596384,680,2256,344,636,1224,14.123934788966011,23.65714285714286,48,4.333333333333334,7.723614639131599,1.4444444444444444,52,196,748,1.0694444444444444,3.8333333333333335,7.309401076758503,26.92820323027551,2.0
CCOC(=O)Cc1ccccc1,532,220,518,5.572497779259953,14.231756094849752,23.78296227321722,5.513131313131312,8.075061517769322,2100,12838,1064,2678,5116,24.222294180330344,54.152525252525244,110,5.633333333333333,11.505321400574363,1.4572222222222224,104,460,2072,1.3722222222222225,5.666666666666668,11.626836493378834,49.824781390135655,-29.0
Cc1cccc[n+]1[O-],398,156,376,3.4008663092555342,9.330597825890854,15.72990490818363,3.3383838383838382,5.157169095353894,1548,9600,796,2106,3808,16.284195134990124,37.79797979797979,78,3.466666666666667,7.393044663162263,0.798888888888889,72,332,1572,0.8405555555555556,3.6333333333333333,7.605350962927559,33.84325139556552,48.0
c1cc(cc(c1)I)C=O,432,172,416,3.9898101188182045,10.576610711368145,17.74037029234976,3.916161616161617,5.905243407015639,1696,10772,864,2246,4220,18.269707361727086,42.01464646464646,86,4.066666666666668,8.456193671195196,1.03,80,364,1688,0.9972222222222222,4.166666666666667,8.626836493378832,37.82478139013564,56.0
CC(=O)CC(=O)OCC,294,132,278,4.177389340429595,9.90754109126747,15.74285860003153,4.106493506493507,5.6884323986328,1144,5750,588,1392,2516,16.263433069106195,32.01168831168831,66,4.250000000000001,8.146422685562195,1.2486111111111113,68,296,1316,0.9622222222222223,3.866666666666667,7.8379821113790005,32.880509480136496,-43.0
c1cc(ccc1C(=O)O)OC(F)(F)F,794,292,764,5.565586596318552,15.832814429849194,27.701448506577353,5.501631701631702,8.749271277735236,3116,22728,1588,4484,8332,28.30462225847619,71.53729603729604,146,5.630952380952382,12.477471707316347,1.1950963718820864,136,672,3376,1.2511111111111115,5.866666666666668,12.788410689854784,61.57504661112932,153.0
C=Cc1ccc(cc1)[N+](=O)[O-],584,220,554,4.692632479653498,12.75950306165376,21.617709788553462,4.593939393939394,7.066172925281783,2276,15630,1168,3242,5896,22.395486754250076,53.375757575757575,110,4.795238095238096,10.13979516048461,1.1817800453514744,100,468,2248,1.1777777777777778,5.000000000000001,10.443333074306558,46.723760875702006,27.0
CCCCCCCCCCCCC=C,364,192,360,7.287693700234704,16.433119864742103,25.878156862896233,7.242857142857144,9.664673304715672,1448,5328,728,1404,2760,26.12393478896601,47.657142857142865,96,7.333333333333332,13.723614639131599,2.1944444444444446,100,388,1516,1.8194444444444446,6.833333333333332,13.309401076758505,50.9282032302755,-13.0
O=C(OCC)C(C(=O)OCC)c1ccccc1,964,340,902,7.705752469840414,19.903011899505962,33.369622103328744,7.555050505050508,11.177489649091639,3732,33066,1928,6074,10736,34.652894125634724,82.0396464646465,170,7.861904761904763,16.039407103321373,2.126594860166289,152,708,3428,1.9311111111111114,7.933333333333334,16.336599583541346,71.51368550697289,16.0
CC(=NNC(=O)c1ccncc1)c2ccco2,988,368,946,7.331420374336113,20.54704291189832,35.58139136774657,7.242657342657345,11.378622723113338,3868,27738,1976,5548,10220,36.434485438897894,89.94327894327897,184,7.423809523809527,16.23854026521729,1.6163378684807261,164,764,3644,1.8411111111111111,8.066666666666668,16.99955630785495,76.63077470113018,199.0
Cc1cc(ccc1Cl)N,490,184,466,3.6561702310832738,10.32116635851318,17.691164621287715,3.5828282828282827,5.6660970952775385,1912,13030,980,2684,4936,18.324863893467793,44.65909090909091,92,3.7333333333333334,8.12853229977949,0.8355555555555556,84,400,1944,0.8755555555555555,3.9333333333333336,8.394205344927391,38.787523305564676,84.0
CCCCCCCCC#CCCCCCCCC(=O)O,586,296,580,9.942974579496518,23.57531214991102,37.87328366589089,9.903174603174604,13.68793551781373,2332,9192,1172,2350,4612,38.12834163831001,73.57460317460315,148,9.983333333333333,19.410935048944964,2.7119444444444447,152,612,2480,2.4272222222222224,9.566666666666665,19.049127729379165,75.93623757013732,45.0
O=C(C)Nc1cc(C)ccc1,534,212,520,4.770737209344242,12.798478599856118,21.813725483628783,4.725685425685426,7.177954987314447,2108,13812,1068,2788,5324,22.18983890249483,52.20512265512265,106,4.816666666666668,10.220284009315627,1.1202777777777781,100,460,2140,1.105,4.900000000000001,10.366563145999498,46.83281572999748,65.0
Cc1cc(C)cc(C)c1,468,180,450,3.740083568503631,10.367403882264046,17.759785364878386,3.681818181818181,5.739456478492807,1836,12150,936,2502,4680,18.246669619045523,43.97727272727272,90,3.8000000000000003,8.206462909851679,0.8600000000000001,84,396,1884,0.8550000000000002,3.900000000000001,8.366563145999496,38.83281572999748,-45.0
CC(=O)c1cc2ccccc2o1,842,288,816,4.9615489410738025,14.41200766007929,25.74059133350095,4.905372405372407,7.940027753187618,3316,29276,1684,5136,9716,26.264989427528292,70.73504273504271,144,5.019047619047621,11.319869125817453,1.0470068027210886,124,604,3004,1.2161111111111111,5.566666666666668,11.99955630785495,56.63077470113018,71.0
C1CCCCCCC1,256,128,256,4.0,9.797958971132713,16.0,4.0,5.656854249492382,1024,4096,512,1024,2048,16.0,32.0,64,4.0,8.0,1.0,64,256,1024,1.0,4.0,8.0,32.0,12.0
c1ccc(cc1)CCC(=O)Cl,470,200,462,4.991786439889459,12.99883270504403,21.896976387226225,4.9670995670995675,7.36759505391026,1864,10650,940,2278,4408,22.103783556133646,49.55411255411255,100,5.0166666666666675,10.457154173770508,1.1880555555555556,96,424,1896,1.195,5.1000000000000005,10.577708763999665,45.88854381999832,-7.0
CC(C)CCCCCCC,266,136,260,4.94297457949652,11.327863435995127,17.873283665890888,4.903174603174604,6.616867705948256,1052,4072,532,1070,2052,18.128341638310005,33.574603174603176,68,4.9833333333333325,9.410935048944967,1.4619444444444445,72,292,1200,1.1772222222222224,4.566666666666666,9.049127729379167,35.93623757013733,-75.0
CCN1CCCC1CNC(=O)c2cc(ccc2OC)S(N)(=O)=O,1610,536,1518,9.302018102832625,26.810509583950246,47.09856608074016,9.093839493839495,14.657450361092707,6256,55902,3220,10222,18396,48.93485740192476,129.64100344100348,268,9.519047619047619,21.05536219237967,2.1810345804988662,232,1160,5980,2.3169274376417235,10.319047619047618,22.142373248559036,105.05441172409823,178.0
C(C(CCl)Cl)Cl,156,76,142,2.8250385328673335,6.4597701020533895,9.682959799431588,2.7222222222222223,3.6734332763753335,596,2306,312,674,1152,10.333154164596193,17.97222222222222,38,2.933333333333333,5.333204618062595,0.981111111111111,40,168,736,0.7294444444444446,2.6333333333333333,5.098255458758334,19.87247514027467,-14.0
CCCCCCC(C(=O)O)O,378,168,356,5.075557268737209,12.305845197592017,19.668732622675225,4.987590187590187,7.018161973408948,1468,7332,756,1800,3224,20.343563242118258,40.68210678210678,84,5.166666666666666,10.054670976026058,1.4638888888888892,84,364,1632,1.2327777777777778,4.9,9.865624310306895,40.835217055703694,69.0
Oc1cc(Br)ccc1,372,152,360,3.457519493328783,9.349885971192165,15.831652088062796,3.416161616161617,5.218503338084835,1464,8600,744,1864,3520,16.172736683825413,37.29797979797979,76,3.500000000000001,7.443333074306559,0.8027777777777778,72,328,1512,0.8200000000000001,3.6,7.577708763999664,33.88854381999832,31.0
Ic1cc(cc(I)c1O)[N+]([O-])=O,774,264,724,4.651195549297501,13.530047785862621,23.425572629078836,4.51965811965812,7.330854020209899,2996,24824,1548,4728,8484,24.608146234811006,63.379487179487185,132,4.7904761904761894,10.578661875141998,1.0757823129251705,116,576,2936,1.1116666666666668,5.1,11.027198506782842,52.58548227669739,157.0
Cc1ccccc1c2ccccc2,816,292,780,5.673694820767865,15.90028557971842,27.69290784796743,5.612598512598512,8.817997363972157,3192,26164,1632,4880,8936,28.316887265057694,71.37664557664559,146,5.736904761904762,12.574357495388382,1.2475439342403631,128,600,2888,1.4311111111111114,6.266666666666667,13.210701925855117,59.68650279113102,0.0
B(OCC)(OCC)OCC,324,144,306,5.094128196276478,11.323709224352339,17.663405574774384,4.990909090909091,6.613669984025973,1260,6966,648,1584,2880,18.345445843446637,34.81363636363636,72,5.2,9.493448403088736,1.7400000000000002,72,300,1296,1.281666666666667,4.699999999999999,9.147383188137503,35.808712710411996,-85.0
COc1cc(cc(c1O)OC)C=O,810,276,758,5.57724199845755,15.034291870127769,25.28598998716508,5.38075258075258,8.253592083640994,3136,27398,1620,5034,9076,26.756877687474056,66.1048951048951,138,5.785714285714285,11.958088903079354,1.6142290249433109,120,580,2904,1.4627777777777782,5.966666666666667,12.358085113992622,55.495215501543015,112.0
c1cnc([nH]1)S,248,108,242,2.710824970494238,7.1188295484957385,11.911723633103335,2.688888888888889,4.012457959773781,980,5062,496,1158,2216,12.09051347747691,26.63888888888889,54,2.7333333333333334,5.707845437689333,0.641111111111111,52,228,1012,0.6599999999999999,2.8,5.7888543819998315,24.94427190999916,225.0
c1cc(cc2c1cc(cc2)O)O,806,284,786,4.942143391674334,14.421094274536092,25.788621438893397,4.895038295038295,7.948704483473413,3184,26258,1612,4726,9036,26.216441846037068,69.9988344988345,142,4.9904761904761905,11.316470875289479,1.0157823129251706,124,600,2944,1.195555555555556,5.533333333333335,11.971914108927056,56.67606712556298,224.0
CC(=O)c1ccc(cc1)S(=O)(=O)NC(=O)NC2CCCCC2,1418,496,1348,8.966005791071018,25.80877628170717,45.38391872249082,8.84150294150294,14.195963750828813,5532,44876,2836,8546,15520,46.63315416704563,120.79203574203582,248,9.094047619047622,20.285477407750303,1.9227706916099774,220,1080,5452,2.156927437641724,9.852380952380955,21.227621208872986,100.28295709825724,188.0
c1ccc(cc1)S(=O)(=O)NN,670,232,618,4.520590144889553,12.628208832100919,21.49022455310694,4.402974802974802,6.912669661170343,2576,21082,1340,4178,7204,22.539916408629498,55.53554223554224,116,4.646428571428571,9.962906418003026,1.1185076530612246,104,516,2684,1.1385941043083903,4.885714285714285,10.304834829325097,47.543127542831606,103.0
CCc1ccccc1Cl,464,176,434,3.9627197394724236,10.57452560905521,17.628469944354205,3.8682983682983685,5.861699205840182,1796,12234,928,2596,4604,18.3889974532109,42.3958818958819,88,4.061904761904762,8.431949722795277,1.040668934240363,80,368,1748,1.017777777777778,4.2,8.654478692306725,37.779488965702846,-83.0
c1cc(oc1)C(=O)NN,464,176,436,3.9659168871483548,10.568932581046143,17.64418717033607,3.8743589743589752,5.865459628752431,1800,12468,928,2596,4648,18.371488471142296,42.48376068376068,88,4.061904761904762,8.431949722795277,1.0406689342403628,80,368,1748,1.017777777777778,4.2,8.654478692306727,37.77948896570284,79.0
