,SMILES,Tm
14491,Oc1c(Cl)ccc(Cl)c1Cl,329.15
18469,O=S(=O)(N(C)C)c1ccc(OP(=S)(OC)OC)cc1,326.15
12051,O=CC=1C(=O)Oc2ccccc2C=1N,541.15
10280,O=C1c2ccc(OC)cc2CC21CCC(O)(CC2)c1ccc(cc1)C(C)(C)C,439.15
15484,CC=1NC(C)=C(C(C=1C(=O)OC)c2ccccc2[N+]([O-])=O)C(=O)OC,446.15
13378,O=C(N)c1ccccc1O,415.15
17594,O=[N+]([O-])c1ccc(cc1Cl)OP(=S)(OC)OC,294.15
8165,C[Si]1(N[Si](N[Si](N[Si](N1)(C)C)(C)C)(C)C)C,369.15
19432,Oc1ccc(cc1)C(c2ccccc2CO)c3ccc(O)cc3,474.65
4625,c1ccc(cc1)COc2ccc(c(c2)O)C=O,352.15
23220,C1=CC=C(C(=C1)C(=O)O)NC2=CC=CC(=C2)C(F)(F)F,398.15
222,C1CC=C(C1)C(=O)O,392.15
3545,c1cc(c(c(c1F)C(=O)O)O)F,425.15
18565,O=C(OCCC)CN1C=C(I)C(=O)C(I)=C1,459.15
12245,O=C1C=C(NC)C(=O)c2ccccc12,503.15
2442,C=C(C(=O)O)Cl,338.15
22583,CC(=O)OC(OC(C)=O)c1ccccc1,319.15
17263,c1cc(cc2ccccc12)c3ccccc3,376.65
3986,c1cc(c(nc1)[N+](=O)[O-])O,344.15
1972,C1Cc2c(sc(c2C#N)N)C1,427.15
21620,O=C(O)CCCCCCCC=CC=CCCCCCC,264.65
1570,Cc1cc(ccc1OC(=O)C)OC(=O)C,314.15
14128,OC(=O)c1ccc(I)cc1,546.15
2281,c1cc(c(cc1C(=O)CCl)O)O,447.15
6132,C=CCCCCC(=O)O,267.15
12529,O=[N+]([O-])c1cc(C#N)ccc1O,414.15
2821,CC(=O)c1cc(ccc1OC)OC(F)(F)F,319.15
2021,c1cc(c(c(c1)F)C(=O)O)N,439.15
12069,O=C1OC(=NC1=Cc1ccc(N(C)C)cc1)c1ccccc1,478.15
6188,Cc1cc(=O)oc2c1ccc(c2)N,500.15
7139,CCOC(=O)C(C#N)NC(=O)C,402.15
10094,O=C(O)CCC(C)C1CCC2C3CCC4CCCCC4(C)C3CC(O)C21C,460.15
9669,N#CC(=Cc1c[nH0]ccc1)C1N=C2C=CC=CC2=N1,502.15
8929,CCC1(C(=O)NC(=O)NC1=O)C2=CCCCCC2,447.15
9853,O=[N+]([O-])c1cccc(NN=C(C#N)C(=O)OCC)c1,429.15
9966,Clc1cc2NC(N(C(=O)c2cc1[S+2]([O-])([O-])N)c1ccccc1C)C,525.15
6098,c1cc2c(cc1Cl)C=C(CO2)C(=O)O,516.15
21909,CC=3C[C@@]2(C[C@H]1CC[C@@H]2CN1C)OC(=O)C=3,327.65
2556,CCCCC(CC)CO,197.15
16235,Oc1cc(C)c(Cl)cc1[N+]([O-])=O,406.15
12461,O=C(OC)C1=C(NC(C)=C(C(=O)OC)C1c1ccccc1)C,471.15
8268,c1ccc2c(c1)COC2=O,347.15
10466,O=C1OC=2CCCCC=2C(c2ccccc2)C1(C)C,368.15
19331,FC(F)(Cl)C(F)(F)C(Cl)F,176.14999999999998
21837,CC(C(C)=NOC(=O)NC)S(C)(=O)=O,360.15
3344,COc1ccc(cc1OC)CC#N,337.15
902,c1ccc2c(c1)NC(=O)CS2,450.15
10508,Clc1ccc(N2C(=O)C3ON=C(C(=O)c4ccccc4)C3C2=O)cc1,410.15
181,c1ncn(n1)CC(=O)O,476.15
17137,OC(=O)c1cc(ccc1O)C(=O)O,583.15
17981,ClCCOCCOCCCl,241.65
22210,O=C3c1ccccc1C(=O)c2c3cccc2CN,444.15
8542,c1ccc(c(c1)/C=C/C(=O)O)Br,491.15
1853,CC(=O)Nc1cccc(c1C(=O)O)Cl,490.15
12339,S=C(Oc1ccc2ccccc2c1)N(C)C,363.15
22199,Oc2ccc(C)cc2/N=N/c1ccccc1,381.65
22724,O=C(Oc1c(cccc1OC)C=Cc2ccc(OC)c(OC)c2)C,374.5
17907,O=S(Cl)(=O)c1ccc(NC(C)=O)cc1,422.15
12295,[O-][nH0+]1o[nH0]c2cc(OC)ccc12,391.15
8631,CC(C)(C)C#N,290.15
1458,c1cc(c(cc1Cl)Cl)C=O,344.15
7998,CCCCOCC,149.14999999999998
626,C#Cc1cc(cc(c1)C#C)C#C,379.15
23164,C1(CCCC1)N,187.45
3966,c1cc(c(c(c1)F)O)C(=O)O,420.15
14366,S=C(Nc1ccccc1)Nc2ccccc2,427.15
1926,Cc1cccnc1N,304.15
4983,c1cc(ccc1N=C=S)Cl,318.15
13176,CCc1ccc(N)cc1,268.15
19712,Oc1cc(C)nc2ccccc12,507.15
14703,NNc1ccc(cc1)C(=O)O,478.15
19439,O=C1C=Cc2c(OC)c3C=CC(C)(C)Oc3cc2O1,406.15
21423,Oc1ccc(cc1OC)/C=C3CCCC(=Cc2cc(OC)c(O)cc2)C3=O,451.65
14579,Cc1c(cc(cc1[N+](=O)[O-])[N+]([O-])=O)[N+]([O-])=O,353.15
3656,c1ccc(cc1)COc2cccc(c2)CO,322.15
6593,CCCC#N,161.14999999999998
9886,O=[N+]([O-])c1oc(cc1)C=CC(=O)C,467.15
11836,S=C1SC(N=Nc2ccccc2C(=O)O)C(=O)N1,518.15
11337,O=C(Nc1cccc(N=Nc2cccc(NC(=O)c3ccccc3)c2)c1)c1ccccc1,558.15
9282,ON=C(Cc1ccccc1)c1cccc2ccccc21,423.15
21961,NC(=O)CC(C)n2nnc1ccccc12,376.15
16372,O=CN1CCOCC1,294.15
12687,O(CCCN(C)C)c1[nH0][nH0](Cc2ccccc2)c2ccccc21,433.15
8999,O=C1N=NC(=O)c2cc3CCCc3cc12,583.15
5091,CC(=O)c1ccc(cc1O)F,305.15
6496,COC(=O)C(NC(=O)OCc1ccccc1)P(=O)(OC)OC,351.15
18924,OC(C(=O)CO)C(O)C(O)CO,438.15
8815,NC(=N)NCC2COc1ccccc1O2,437.15
13651,O=C(N)c1cccc(c1)C(N)=O,553.15
23059,O=[N+]([O-])c1ccc(C)cc1,326.15
16707,COc1cccc(OC)c1C(C)=O,342.15
6600,CC1(C2CCC1(C(=O)C2)C)C,447.15
21529,C=CC3CNCCC3CCC(=O)c2ccnc1ccc(OC)cc12,333.15
14507,Cc1cc(C)cc(C)n1,227.15
701,Cc1ccc(c(c1)C)C,229.15
7014,CCOC=C(C#N)C#N,338.15
4930,c1cc(ccc1C(=O)CCCCl)O,386.15
19699,O=C(O)C(O)C(Cl)(Cl)Cl,398.15
13423,CC(C)(C)C(C)(C)C(C)C,237.15
10790,OC1OC2(CCCCC2)Cc2ccccc21,362.15
11436,O=C(c1cccc2ccccc21)C(O)c1ccccc1,378.15
11625,O=C([nH0]1cc(c2ccccc12)C(=O)c1ccc(OCc2ccccc2)cc1)c1ccc(OCc2ccccc2)cc1,454.15
248,COc1cc(cc(c1)Cl)OC,307.15
8029,CCN1C(=O)C=CC1=O,318.15
14662,Brc1cc(c(C)c(Br)c1O)C3(OS(=O)(=O)c2ccccc23)c4cc(Br)c(O)c(Br)c4C,498.15
19651,CCCCCCCCCCCCCCCCCCCCCCCCCCCCO,356.45
13720,Nc1cc(Br)ccc1,290.15
20782,CCC(C(=O)OC)c1ccccc1,350.65
3999,Cc1ccc(c(n1)[N+](=O)[O-])O,380.15
11993,O=C1OC(=NC1=Cc1ccc(C)cc1)C,518.15
13475,COc1ccc(/C=C/C)cc1,296.15
10993,O(C)c1cc2CCN(C)C(C)c2cc1OCc1ccccc1,355.15
5034,CCN(CC)c1ccc(cc1)C=NO,369.15
11320,O=C1C(=CNc2ccc(OC(=O)C)cc2)C2CCC1(C)C2(C)C,495.15
18391,O=C(O)[C@H]3[C@@H]5[C@]1(C)C(=O)O[C@]5(C=C[C@@H]1O)[C@@H]4CC[C@]2(O)C[C@]34CC2=C,507.15
2086,c1ccc(cc1)c2ccccc2CO,322.15
4980,c1cc(ccc1OCC#N)Cl,320.15
15964,FC(F)(F)C(F)(F)C(F)(F)I,178.14999999999998
23300,O=C(NC/1=N/C(=O)c2ncn(c2N\1)COCCO)C,490.15
2241,c1c(sc(n1)Br)C=O,367.15
22080,O=S(=O)(CCO)c1ccc(cc1C(=O)OC)S(N)(=O)=O,372.15
22247,FC(F)(F)/N=C/2SC(=Nc1ccccc1)N(C2=N/C(F)(F)F)c3ccccc3,391.15
2589,CC(=O)c1ccc(cc1F)O,395.15
23407,[O-][N+](=O)c2c(N(CCC)CC1CC1)c([N+]([O-])=O)cc(c2)C(F)(F)F,305.15
18403,ClC(Cl)(F)C(Cl)(Cl)F,299.15
18862,O=C(O)COc3nn(Cc1ccccc1)c2ccccc23,433.15
5146,c1cc(ccc1C(=O)NN)F,437.15
4527,CC(=O)c1ccc(cc1)c2ccccc2,393.15
11848,S1c2[nH0][nH0]c([nH0]2NC1c1ccccc1OC)c1ccc(OCC)cc1,467.15
6298,CCCCCCCCC#CCCCCCCCC(=O)O,318.15
22065,ClC1C2C(Cl)C(Cl)C(C(Cl)Cl)(C1Cl)C2(CCl)C(Cl)Cl,350.15
5035,CCN(CC)c1ccc(cc1)C(=O)O,467.15
19316,O=C(NCCCC)OCC#CI,339.15
7356,CC1(CC(CC(C1)(C)CN=C=O)N=C=O)C,213.15
11304,O=C1C(CC(=O)Nc2ccc(C)cc2)C2CCC1(C)C2(C)C,431.15
20794,ClC(Cl)=C/C3C(C(=O)OC(C#N)c2ccc(F)c(Oc1ccccc1)c2)C3(C)C,333.15
4254,CC(=O)CCc1ccc(cc1)O,355.15
9625,s1cccc1C(=O)C(=NNc1cccc(c1)C(F)(F)F)C#N,447.15
21698,CCCCCCCCC=CC,206.65
18317,O=C(C)N(C(C)=O)c1ccc(cc1C)/N=N/c2ccccc2C,348.15
17306,Oc2ccc3C(=O)c1ccccc1C(=O)c3c2,579.15
7304,c1c(nc[nH]1)C=O,449.15
15930,CC(=O)Oc1ccc2C[C@H]4N(C)CC[C@@]35[C@@H](Oc1c23)[C@H](C=C[C@@H]45)OC(C)=O,446.15
10249,O=C1OOC(=O)C1(C)C,318.15
9515,Clc1ccc(cc1)C(Cl)=NO,551.15
4229,c1cc(ccc1CCCl)C(=O)O,461.15
17679,OC(=O)c1ccccc1F,399.65
23068,O=C(O)CCCCCN,478.15
8486,c1ccc(cc1)C(=C(c2ccccc2)c3ccccc3)c4ccccc4,497.15
884,CC(C)(C)c1ccc(cc1)OCC#N,342.15
21022,O=C(Nc1ccc(C)cc1C)CC(C)=O,363.15
1039,CCCCCCOCCO,231.15
2897,Cc1nc2ccc(cc2o1)[N+](=O)[O-],428.15
5566,CC(C)(C)c1ccc(cc1)C(=O)CCl,309.15
21810,[O-][N+](=O)c1ccc(cc1)C(=O)Nc2ccc3nn(nc3c2)C4CCCCC4,509.65
17003,Oc1cc(Cl)cc(Cl)c1Cl,335.15
2445,c1ccc(c(c1)C=O)Cl,283.15
23402,O=C\2c1c(cccc1)S(=O)(=O)N(C/2=C(\O)Nc3ncccc3)C,471.15
13372,C1C3CC2CC(CC1C2)C3,541.15
18385,O=C(C)NC(=O)NC(=O)C(Br)(CC)CC,382.15
19100,CC(C)OC(=O)C(/C(=O)OC(C)C)=C1/SCCS1,327.15
9165,Oc1c2ccccc2[nH0](N2CCCCC2)c1c1[nH0]cccc1,458.15
7168,CCOC(=O)C(C)C,185.15
21331,C/C(C)=CCCC(C)C2CCC1C3=CCC4CC(O)CCC4(C)C3CCC12C,383.15
2095,C(C(=O)c1c(c(c(c(c1F)F)F)F)F)Br,304.15
3857,Cc1cccc(c1)Cl,225.15
21441,S=C1NCCS1,379.15
17537,Cc1cc(C)c(C)c(O)c1C,391.65
3477,COc1cc(cc(c1O)OC)C(=O)NN,429.15
5290,COc1ccc(c2c1cccc2)O,402.15
16045,c2ccc(OCC1CO1)cc2,276.65
1010,Cc1ccccc1c2ccccc2P(C(C)(C)C)C(C)(C)C,365.15
15278,O=C1CC[C@@]5(O)[C@H]2Cc4ccc(O)c3O[C@@H]1[C@]5(CCN2CC=C)c34,475.65
5363,Cc1c(sc(n1)c2cccnc2)C(=O)O,519.15
17634,CC(C)CCCC(C)C2CCC3C4CCC1CCCCC1(C)C4CCC23C,353.15
9042,O=C1Nc2c(C)cccc2C(O)=C1C=C1C(=O)N(N=C1c1ccccc1)c1ccccc1,386.15
9048,O=C1N(C)c2ccccc2C(O)=C1C1=NNC(=O)C1=Cc1ccccc1OC,539.15
16167,S=P(OCC)(Oc1ccc(C#N)cc1)c2ccccc2,356.15
6311,CC(=O)CC(=O)Nc1ccccc1,358.15
5314,COc1ccc(cc1[N+](=O)[O-])C=O,372.15
10560,FC(F)(F)C1=NN(c2ccccc2)C(=O)C1C(O)c1ccc(O)cc1,484.15
21425,N#CC=Cc1ccccc1,295.15
21453,Oc1cc(S)ccc1,289.65
10764,FC(F)(F)c1[nH0]cc2ccccc2c1,304.15
14002,C#CCCCCCCCCCCCCC,283.15
934,c1ccnc(c1)CCO,265.15
15579,CNC(=O)Oc1cc2c(cc1)N(C)[C@H]3N(C)CC[C@@]23C,378.65
14517,[O-][N+](=O)c2ccc(Nc1ccccc1)c(c2)[N+]([O-])=O,433.15
21946,CNC(=O)COC(=O)c1ccccc1,384.65
7197,CCOC(=O)/C=C/C=O,264.15
21525,OC(COC(=O)CCCCCCCCCCCCCCCCC)C1OCC(O)C1O,330.15
1343,c1c(c(cc(c1F)F)F)N,334.15
517,c1ccc(cc1)c2cnc(o2)c3ccc(cc3)c4ncc(o4)c5ccccc5,515.15
359,c1ccc2c(c1)CCC2N,275.15
9119,s1c2ccccc2[nH0]c1C(=NNc1ccc(O)cc1)C(=O)N,434.15
22246,Nc1ccc(cc1)C(=O)OCCCCCCCCC,342.15
21347,BrC=CBr,220.15
959,c1ccc(cc1)c2nnc(o2)c3ccc(cc3)Br,443.15
22599,Cc2ccc(/N=N/c1ccccc1)cc2,344.65
1148,CCCC(CCC)C(=O)N,398.15
2954,c1cc(c(cc1C(F)(F)F)[N+](=O)[O-])N,380.15
5764,Cc1ccc(cn1)Br,307.15
2051,c1cnc(cc1C(=O)O)N,574.15
20851,CCNc1ccc2c(c1)OC(=O)C=C2C,346.65
2054,c1cnc(nc1)N,398.15
8517,c1cscc1CC(=O)NN,359.15
15004,CC(=O)N[C@H]2CCc3cc(OC)c(OC)c(OC)c3C1=CC=C(OC)C(=O)C=C12,415.15
470,COc1ccc(c2c1cccc2)OC,358.15
8618,C(F)(F)(F)S(=O)(=O)O,233.15
20486,Cn1nc(nn1)c2cnn(C)c2S(=O)(=O)NC(=O)Nc3nc(OC)cc(OC)n3,443.15
23369,C1=C(C(=CC(=C1Cl)Cl)Cl)C2=CC(=C(C(=C2Cl)Cl)Cl)Cl,385.15
17233,O=S(O)c1ccccc1,357.15
6419,c1ccc(cc1)C(=O)C(=O)c2ccccc2,368.15
13038,CC(C)(C)CS,206.15
8765,COC12CCC3(CC1C(C)(O)C(C)(C)C)C4Cc6ccc(O)c7OC2C3(CCN4CC5CC5)c67,482.15
6006,c1c(cc(cc1C(=O)O)[N+](=O)[O-])C(=O)O,535.15
1276,Cc1ccc(c(c1F)F)O,310.15
12923,CC(C)C1CC1,160.14999999999998
22486,BrC(Br)(Br)C=O,215.65
17243,O=C1C=C(C)C(=O)O1,280.65
21607,CN(C)CCC=C1/c3ccccc3SCc2ccccc12,329.15
17116,Nc2ccc1nc3ccccc3nc1c2N,537.15
14634,Clc2ccc(Oc1ccc(NC(=O)N(C)C)cc1)cc2,424.15
8688,CN1[C@@H]2CC[C@H]1CC(=O)C2,315.15
7809,c1ccc(cc1)NC(=Nc2ccccc2)Nc3ccccc3,417.15
7606,Cc1ccc(cc1[N+](=O)[O-])C(=O)OC,324.15
12758,O=C(N(CC)Cc1cc[nH0]cc1)C(CO)c1ccccc1,369.15
10250,NC12c3ccccc3C(c3ccccc31)c1ccccc12,493.15
12078,s1cc([nH0]c1NC(=O)c1ccccc1)c1ccccc1,396.15
18097,CC(CC)Nc1ccc(NC(C)CC)cc1,291.15
3608,COc1ccc(cc1N)S(=O)(=O)F,335.15
20635,c1ccc3c(c1)C4c2ccccc2C3c5ccccc45,526.65
18585,COc2c1occc1c3OC(=O)C=Cc3c2OC,392.15
21821,Fc1cccc(F)c1C(=O)NC(=O)Nc2ccc(cc2)CON=C(c3ccc(Cl)cc3)C4CC4,416.75
14881,O[C@@H]2[C@@H](O)[C@H](O)[C@@H](CO)O[C@@H]2O[C@@H]1[C@@H](CO)O[C@@H](OCCCCCCCCCCCC)[C@H](O)[C@H]1O,423.15
20346,Cc2ccc(NCc1ccccc1)cc2,292.65
15665,N/C(N)=N/c1nc(CSCCC(N)=N/S(N)(=O)=O)cs1,436.65
176,CCCCCC=C,154.14999999999998
11193,O=C(OCC)NC1C(O)C2(C)CCC1C2(C)C,349.15
20432,CC(=O)c1ccc(C)s1,300.65
7275,c1ccc(cc1)N2CN(CN(C2)c3ccccc3)c4ccccc4,464.15
8192,Cc1ccccc1C,248.15
10158,O=C(c1ccccc1)C(=O)c1ccc2ccccc2c1,360.15
21803,O=C(Nc1nc(cc(OC)n1)OC)NS(=O)(=O)Nc3ccccc3C(=O)C2CC2,435.05
1236,C(C(C(CO)Br)Br)O,358.15
6335,CCOC(=O)CCCCC(=O)O,302.15
9026,N=C1N(N)C=Nc2[nH0]([nH0]cc21)C,458.15
9251,O=[N+]([O-])c1ccc(NN=CC(C)=CC=C)c([N+](=O)[O-])c1,444.15
13317,Br/C(C)=CC,162.14999999999998
16656,CC1=Cc2ccccc2C1,353.15
15805,O=C(N1CCN(CC1)c3nc2cc(OC)c(OC)cc2c(N)n3)c4ccco4,552.15
9931,O=C1c2ccccc2C(=O)C2(O)C3(OC4CC(=O)OC4C12O)OC(C)CC=C3,511.15
19418,Cc2cc3N=C1C(=O)NC(=O)N=C1N(C)c3cc2C,593.15
2394,c1cc(ncc1[N+](=O)[O-])Cl,380.15
11213,O=C(O)C1CCC(OC1(C)C)(C)C(O)(CC)CC,411.15
13866,OC(c1ccccc1)c2ccccc2,339.15
5918,c1cc(c(cc1F)C(=O)O)O,453.15
17418,COc1c(OC)c(ccc1OC)C(=O)O,373.65
13741,Oc1ccc(Br)cc1,339.15
14832,C=CCl,119.45
21024,[O-][N+](=O)c1cc2C(=O)OCc2cc1,418.15
2436,c1ccc(cc1)Oc2cccc(c2C#N)Cl,334.15
18123,OCC1CCCCC1,230.15
16870,CC(C)CCOc1cc2c(cc1)nccc2C(O)C4CC3CCN4CC3CC,425.15
12311,O=C(O)C1Cc2ccccc21,347.15
19989,O=C3NC(=O)NC13Cc2ccccc2CC1,540.65
3746,c1ccc2c(c1)c(ns2)Cl,312.15
6253,Cc1ccc2cccc(c2n1)O,345.15
12562,O=C(O)C1(C)CCCCC1,311.15
13314,Oc1ccccc1CC#N,395.15
1327,c1ccc(cc1)c2c(nc3ccccc3n2)c4ccccc4,399.15
3537,CC(C)(C)C1=CC(=O)C(=O)C(=C1)C(C)(C)C,388.15
6613,CC(=O)CCl,228.15
5735,c1cc(c(cc1Br)C(=O)O)Cl,433.15
21774,O=C(OCC)/C=C2SC(N1CCCCC1)C(=O)N2CC,359.65
17398,Nc1cc2ccccc2nc1,364.65
3276,c1cc(c(cc1N)Cl)Cl,345.15
2746,c1ccc(c(c1)CC(=O)O)O,419.15
22488,O=Cc1ccccc1F,228.65
102,B(c1cccc2c1cccc2)(O)O,480.15
19207,O=C3OCCC3N(C(=O)C1CC1)c2cccc(Cl)c2,368.15
1661,Cc1ccc(c(c1)CO)C,314.15
10080,OC1CCC2(C)C(CCC3C4CCC(O)(C#C)C4(C)CCC32)C1,530.15
13338,Cc1cc(C)c(C)cc1C,353.15
14505,CC1OC(C)OC(C)O1,285.15
13337,O=Cc1ccccc1C=O,329.15
13847,O=Cc1ccc(cc1Cl)N(C)C,353.15
23077,ClC1(Cl)[C@]2(Cl)C(/Cl)=C(/Cl)[C@@]1(Cl)[C@@H]3[C@@H](Cl)[C@@H](Cl)C[C@H]23,379.15
13620,BrC(Cl)Cl,218.15
13469,CCc1cc(C)cc(CC)c1,199.15
11389,O=Cc1cc2cc3CCCCc3[nH0]c2cc1N,491.15
1694,c1ccc(cc1)C=C2CCCC(=Cc3ccccc3)C2=O,390.15
8951,O=C(NCN1CCOCC1)c2cnccn2,392.15
21274,O=S(=O)(CC(=O)OC)c1ccccc1,308.15
13133,N#CCc1ccccc1,249.15
21501,O=C(N(CC)C1CCCCC1)N3N=NN(c2ccccc2Cl)C3=O,352.15
22266,NS(=O)(=O)c1cc2CCCS(=O)(=O)c2s1,473.15
20990,Cc1ccc(cc1)O[Si]23OCCN(CCO2)CCO3,461.65
19345,[O-][N+](=O)c2cc3nc(Cc1ccc(Cl)cc1)n(CCN(CC)CC)c3cc2,348.65
268,CCCCCCCCCCCCCCCBr,292.15
518,Cc1c(oc(n1)c2ccc(cc2)c3nc(c(o3)c4ccccc4)C)c5ccccc5,507.15
7159,CCCCCCCCCCCC(=O)OCC,271.15
18158,Clc2cc(Cl)ccc2OS(=O)(=O)c1ccccc1,318.65
15281,NC(C)(C)Cc1ccccc1,478.15
6360,c1ccc(cc1)CC(CC(=O)O)C(=O)O,435.15
9909,Oc1cccc(c1)C=C(C#N)C1N=C2C=CC=CC2=N1,573.15
15874,Nc1ccc(cc1)C(=O)OCCN(CC)CC,334.15
17215,CCOc1cc(ccc1)C(=O)O,410.15
2358,c1cc(c(cc1[N+](=O)[O-])Cl)N=C=S,370.15
6023,Cc1cc(cc(c1I)C)C(C)(C)C,329.15
16650,O=C2NN(c1ccccc1)C(=O)C2CCCC,375.65
439,c1cc2c(cccc2[N+](=O)[O-])c(c1)[N+](=O)[O-],489.15
10608,S1C(=NC(=O)C)N(N=C1C(=O)C)c1ccc(F)cc1,431.15
13996,CCCCCCCCCBr,244.15
16887,Oc1ccc(cc1O)C(C)=O,388.65
937,COc1ccccc1C2CNCCN2,353.15
10042,O=C(OC1CCC2C3CCC4CC(=CCC4(C)C3CCC21C)c1ccc(OC)cc1)C,452.15
17127,O=C1N(CC=C)C(N)=CC(=O)N1CC,416.15
10134,OC1CCC2(C)C(C1)CC(O)C1C3CCC(C(C)CC=C(c4ccccc4)c4ccccc4)C3(C)C(O)CC12,493.15
3459,c1c(cc(cc1F)F)C(C(=O)O)O,409.15
7796,CC(=O)NCO,323.15
14443,[O-][N+](=O)c2ccc(Cc1ccccn1)c(c2)[N+]([O-])=O,365.15
2134,c1cc(c(cc1F)Br)C#N,349.15
4965,c1cc(ccc1CBr)Cl,322.15
7100,CCOC(=O)c1ccc(cc1)N(C)C,337.15
11420,O=[N+]([O-])c1cc([N+](=O)[O-])c(cc1C(=O)C[N+]#N)C(=O)C[N+]#N,421.15
23000,C1=CC=C(C(=C1)C(C2=CC=C(C=C2)Cl)C(Cl)(Cl)Cl)Cl,348.15
2774,c1ccc(c(c1)CC(=O)O)I,389.15
19377,O=S(=O)(NC(=O)NCO)c2ccc(NC(=O)c1ccccc1C(=O)O)cc2,435.65
13373,CCOc1ccc(N)cc1,277.15
3119,c1cc(cnc1)CCC(=O)O,431.15
17590,ClCCC(=O)NCc1ccccc1,367.15
17580,O=C1CCCC(=O)C1,378.65
1210,c1c(c(c(c(c1F)F)O)F)F,302.15
7613,COC(=O)c1ccc(cn1)Br,374.15
12806,Clc1cccc(c1Cl)C1C(=C(NC(C)=C1C(=O)OCC)C)C(=O)OC,418.15
21858,CC(=O)Nc1ncc2ncn(COCCOC(C)=O)c2n1,407.15
1085,C(C(F)(F)F)O,229.15
22732,Clc1cc(Cl)c(cc1)C2(OCCO2)Cn3ncnc3,385.5
12350,O=C1CCC2C3CCC4CC(OC(=O)C)CCC4(C)C3CCC12C,411.15
15101,F/C(F)=C(/F)F,130.64999999999998
6218,CCCCCCCCCC(=O)CCCCCC,310.15
17405,O=[N+]([O-])c1cc(O)ccc1[N+]([O-])=O,407.15
18952,OC(CO)C(O)C(O)CO,377.15
22489,c1cccc2OCCc12,251.65
15737,CN1N=C(SC1=N/C(C)=O)S(=O)(N)=O,486.65
15789,[O-][N+](=O)c2oc(/C=N/N1CCOC1=O)cc2,528.15
13852,CC(I)CC,169.14999999999998
16614,CCC(CCCCCCCCCCCCCCCCC)c1ccccc1,302.45
8151,CCCCCCCCCCCCCc1ccccc1,283.15
3379,c1c(cc(cc1C(F)(F)F)C(F)(F)F)CN,330.15
17074,CN(C)C(=O)CCC,233.15
5554,c1ccc(cc1)C2CCC(=O)CC2,353.15
23444,O=S(=O)(c1ccc(N)cc1)N,439.35
1318,CC(C)C(C)C,144.14999999999998
1769,COc1cc(c(c(c1)F)N)F,312.15
7439,CS(=O)(=O)O,293.15
14522,O=C(C)OC1CC(=O)OC1=O,328.15
10507,Fc1ccc(N2C(=O)C3ON=C(C(=O)c4ccccc4)C3C2=O)cc1,429.15
21001,OCC(O)C(O)C(OC1OC(CO)C(O)C(O)C1O)C(=O)CO,441.15
17945,O=C(OCCOC)c1ccccc1C(=O)OCCOC,228.15
11188,O=C(O)C1(C)CCC(O)(CC(O)c2ccccc2)C1(C)C,461.15
3562,CC(=O)c1cc(cnc1)Br,351.15
6659,C1C=CC[C@@H]([C@@H]1C(=O)O)C(=O)OC(=O)[C@@H]2CC=CC[C@@H]2C(=O)O,373.15
10854,Clc1cccc2CC(=O)c21,344.15
130,CN1CCCC1=O,249.15
15031,FC(F)(C(F)(F)C(=O)O)C(F)(F)C(F)(F)C(F)(F)C(F)(F)C(F)(F)C(F)(F)C(F)(F)F,351.15
3220,c1ccc(cc1)C(CCN)c2ccccc2,300.15
4880,Cc1ccc(cc1[N+](=O)[O-])Cl,309.15
17414,Cc1c2ccccc2ccc1C,274.75
4918,c1ccc(cc1)C(=O)c2ccc(c(c2)[N+](=O)[O-])Cl,378.15
16060,CC1Cc2ccccc2CC1C,268.15
6847,CCN(CC)C(=O)Cl,241.15
22873,N#CCC(C)(C)CC#N,302.85
22006,NC(=O)c1ccccc1OCOC(=O)CCC,330.15
1623,c1cc(c(cc1F)C#N)F,306.15
18802,Clc1c(C(=O)OC)c(Cl)c(Cl)c(C(=O)OC)c1Cl,428.15
11117,O=C(Nc1ccc(C)cc1)C(CC)c1ccc(C)cc1,391.15
1825,Cc1c(cccc1[N+](=O)[O-])[N+](=O)[O-],335.15
16437,COc2nccnc2N(C(C)=O)S(=O)(=O)c1ccc(N)cc1,472.15
12843,O=C(N)c1[nH0]cc[nH0]c1,462.15
7516,Cc1cc(cc(c1)C(=O)OC)C,305.15
17647,CC2(C)C1CC2C(C)CC1,223.15
8516,c1cc(sc1)C(=S)N,381.15
18232,Nc1ccc(cc1Cl)c2ccc(N)c(Cl)c2,405.65
4602,c1cc(ccc1CC#N)N,317.15
7916,c1ccc(cc1)C[C@H](C(=O)O)NC(=O)OCc2ccccc2,359.15
18853,CN=C(NCc1ccccc1)NC,469.15
7661,COC(=O)c1ccncc1,281.15
17792,c1ccc2c3Cc4ccccc4c3ccc2c1,462.65
16640,Nc1ccc(N)c2ccccc12,393.15
2216,c1ccc-2c(c1)Cc3c2ccc(c3)Br,385.15
16128,Oc1ccc(CCCCC)cc1,296.15
2995,c1c(csc1[N+](=O)[O-])C(=O)O,420.15
3792,c1cc(c(cc1C(=O)O)Cl)F,408.15
6625,CCCCCCCCCCCCCCCCCC[Si](C)(C)Cl,303.15
19733,c1cc(ccc1)N2CCN(CC2)c3ccccc3,438.15
398,C(CCCCC(=O)O)CCCC#CC#CCCCCCCCCC(=O)O,384.15
7735,c1cc(c(cc1Cl)Cl)NC(=O)/C=CC(=O)O,452.15
8354,C1CC(=S)NC1,384.15
12407,O=C(OCC)C1=CN=NC1C,410.15
11274,O=C1c2ccccc2N2OC21C(=O)OC,494.15
17489,O=C(CCCCC)OCCCCC,226.15
13754,ClCc1ccc(CCl)cc1,373.15
18372,CC(C)(C)OOC(C)(C)CCC(C)(C)OOC(C)(C)C,281.15
6713,C1CCCC(CCC1)O,288.15
3940,c1cc(c(cc1S(=O)(=O)Cl)F)[N+](=O)[O-],319.15
13534,COc1cc(ccc1)C(=O)O,376.15
13240,CC(C)C(CC)C(C)C,151.14999999999998
4751,COc1cc(cc(c1Br)OC)C(=O)O,529.15
147,CCCCI,170.14999999999998
5721,c1ccc(cc1)COc2ccc3c(c2)cc([nH]3)C(=O)O,470.15
6685,C1CC(=O)C1,222.15
17143,O=C1OC(=O)C=2CCCCC1=2,347.15
4705,c1cc(c(cc1Br)Cl)C#N,343.15
11029,S=C(Nc1ccccc1C)C(=O)c1ccccc1,397.15
18359,Brc1cc(cc(Br)c1O)C(C)(C)c2cc(Br)c(O)c(Br)c2,454.15
5379,Cc1ccc(cc1[N+](=O)[O-])C=O,319.15
3223,C(CSCCC(=O)O)C(=O)O,404.15
5943,CC(C)C1CC(=O)CC(=O)C1,353.15
14919,OS(=O)(=O)OCCCCCCC,473.65
8132,CCCOC=O,180.15
10126,O=C(OC1CCC2C3CCC4CC(CCC4(C)C3CCC21C)=C(C)C)C,381.15
17759,CC(C)(C)C(=O)NNCc1ccccc1,341.65
449,CC1(C(=O)NC(=O)N1C)C,436.15
2264,Cn1ccnc1Cl,263.15
13815,O=[N+]([O-])c1ccc(cc1)C(=O)OC,369.15
15693,[O-][N+](=O)c1ccc(O)c2ncccc12,453.15
7256,CC(=C)C(=O)OCC1CO1,191.15
11238,N1c2ccccc2CCC1CCc1ccc(N(C)C)cc1,341.15
21660,CC(C)CC(=O)OC1C(C)OC(CC1(C)O)OC3C(C)OC(OC2C(OC)C(OC(C)=O)CC(=O)OC(C)CC=CC=CC(O)C(C)CC2CC=O)C(O)C3N(C)C,404.65
21922,O=C(Nc1ccc(C)cc1)c2ccccc2,431.15
14504,Clc1cc(Cl)cc(Cl)c1O,342.15
14218,[O-][N+](=O)c2ccc(N/N=C/c1ccccc1)c(c2)[N+]([O-])=O,513.15
535,CCOC(=O)CN1CCCN(CCN(CCCN(CC1)CC(=O)OCC)CC(=O)OCC)CC(=O)OCC,361.15
14275,OCc2cc(Oc1ccccc1)ccc2,283.15
22781,Ic1c(ccc(N(C)C)c1)Cc2ccc(N(C)C)cc2C=CC(=O)C,437.5
6606,C(=S)=S,161.14999999999998
12279,O=C1OC(=O)C2Cc3ccccc3CC12,461.15
14518,CC(C)(C)c1cc(ccc1O)C(C)(C)C,327.65
1836,CC(=O)Oc1ccc2ccc(cc2c1)OC(=O)C,404.15
23123,O=C(OC(C)(C)C)N[C@H](C(=O)O)C,352.65
366,C1C2CC3CC1CC(C2)(C3)CC(=O)O,410.15
18726,Nc3nc(F)nc2c3ncn2C1OC(CO)C(O)C1O,533.15
10872,Brc1ccc(OC)c2c1CC2=O,347.15
22665,FC(F)(F)c1cc(Cl)c(c(Cl)c1)n3nc(C#N)cc3N=CC=Cc2ccccc2,433.0
23321,O=C(OCCOCn1c2N\C(=N/C(=O)c2nc1)N)C,515.15
15466,O=C1CC[C@@]6(O)[C@H]3Cc5ccc(O)c4O[C@@H]1[C@]6(CCN3CC2CC2)c45,442.65
9483,ON=C(CC)C1=CC2(C)CCC1C2(C)C,380.15
1890,CCC(CO)N,271.15
11935,s1cccc1C=1N(N)C(=O)C(C#N)=C(C=1)C(F)(F)F,507.15
5203,COc1cc(ccc1O)CO,387.15
21010,CC(=O)C3CCC4C2CCC1=CC(=O)CCC1(C)C2C(O)CC34C,495.15
10349,O=C(N)N1N=C(CC1c1ccc(OC)cc1)c1ccc2ccccc2c1,447.15
14170,Ic1cccc(Br)c1,264.15
8979,CN(C(=S)Oc2ccc1CCCc1c2)c3cccc(C)c3,367.15
20051,C=Cc1ccco1,179.14999999999998
5966,CC(C)CCC(=O)C,199.15
6478,c1ccc(cc1)CCl,230.15
19408,CC(O)CN2C(=O)c1n(C)cnc1N(C)C2=O,414.15
16942,Oc1c(CO)c(cnc1C)CSSCc2cnc(C)c(O)c2CO,492.15
6919,CCCCOC(=O)c1ccccc1C(=O)OCCCC,238.15
10366,O=C1C2CCC1C1OC2C=C1,370.15
1688,CC(=O)c1cccc(n1)C(=O)C,353.15
5516,CCCCCCCCc1ccc(cc1)O,318.15
21384,Clc1cc(Cl)ccc1/C=C/C(=O)O,507.15
11741,O=C(C)c1cc(Cc2cc(c(O)c(C)c2OCC=C)C(=O)C)c(OCC=C)c(C)c1O,416.15
21778,O=C(Nc1ccccc1)CCCCCCCC=CCCCCCCCC,314.15
12690,O=C(O)Cc1ccccc1O,422.15
4614,c1ccc(cc1)C(=O)c2ccc(cc2)c3ccc(cc3)Br,430.15
12727,O=C1NC(=O)C(CC=C)(C(=O)N1)c1ccccc1,429.15
16637,O=C(O)CCCCc1ccccc1,330.65
14848,C1=CC=CC1,175.95
18038,Cc1cncc(C)n1,320.65
19494,CC1(C)C(=O)NC(=O)N1CO,373.15
7149,CCCC(=O)OCC,180.15
2449,c1ccc(c(c1)S(=O)(=O)Cl)Cl,300.15
8925,CC(C(O)=O)c1ccc(c(F)c1)c2ccccc2,383.15
5117,Cc1cc(cc(c1F)C)CBr,318.15
11844,S=C1SC(=Cc2ccc(O)c(OC)c2)C(=O)N1CNc1ccc([N+](=O)[O-])cc1,468.15
20916,CC(C)(C#CC(C)(C)OO)OO,381.15
23323,C(CCCCCCC)(=O)O,289.0
4822,c1cc(c(cc1Br)C(=O)O)C(=O)O,436.15
6677,COc1c(ccc(c1)/C=C/C(=O)CC(=O)/C=C/c2cc(c(cc2)O)OC)O,446.15
9050,O=C1N(C)c2ccccc2C(O)=C1C1=NNC(=O)C1=Cc1cc(OC)c(OC)c(OC)c1,469.15
15967,COCN1C(=O)C(CC)(C(=O)N(COC)C1=O)c2ccccc2,390.15
454,C1COCCNC1=O,354.15
20944,CCCC(C1CCCCC1)C2CCCCC2,262.65
21403,S=C(C)Nc1ccccc1,350.65
6958,c1ccc(cc1)C(C#N)c2ccccc2,347.15
164,CCCCC#C,141.14999999999998
3852,C(CCl)C(=O)O,312.15
6740,c1(c(c(c(c(c1F)F)F)F)F)C(=O)c2c(c(c(c(c2F)F)F)F)F,366.15
182,c1cnn[nH]1,297.15
8229,c1ccc2c(c1)nc3ccccc3n2,449.15
8174,CCCCCCCC/C=CCCCCCCCCO,279.15
11854,S1c2[nH0][nH0]c([nH0]2NC1c1ccc(OC)cc1)c1ccc(OCC)cc1,472.15
20158,FC(F)(F)c1ccc(CC#N)cc1,321.15
14942,C[C@H](NC(=O)[C@H](C)N)C(=O)O,553.15
16109,O=C(OCC)N1c2ccccc2C=CC1OCC,329.65
18231,Nc1ccc(cc1N)c2ccc(N)c(N)c2,449.15
22829,O=C4OC[C@]5(C)CCC[C@@]3([C@H]2[C@@]1(C(=O)[C@H]([C@@H](C1)CC2)C)C(=O)OC3)[C@H]45,570.0
99,c1ccc2c(c1)cccc2C(=O)Cl,291.15
8103,CCCCCCCCC(=O)Cl,212.15
11289,O=C(Nc1cc(ccc1CCNC(=O)c1ccccc1)CCNC(=O)c1ccccc1)C,449.15
3742,C#CCCO,210.15
6356,c1ccc(c(c1)C(Br)Br)C(Br)Br,389.15
10752,O=[N+]([O-])c1ccc(COC(=O)c2ccccc2)c([N+](=O)[O-])c1,412.15
2764,c1ccc(c(c1)N)I,328.15
833,c1ccc2cc(ccc2c1)C(=O)CC(=O)C(F)(F)F,347.15
12865,C=CC=C/C,132.14999999999998
4787,COc1ccc(cc1)Br,284.15
7087,CCOC(=O)c1c(oc2c1c(c(c(c2F)F)F)F)C,343.15
1707,c1cc(c(c(c1)Br)N)Br,354.15
254,c1ccc(c(c1)F)Cl,230.15
16208,C(N(Cc1ccccc1)Cc2ccccc2)c3ccccc3,364.65
21605,Oc1ccc2c(c1)OC(=CC2=O)c3ccccc3,519.15
1302,B(c1cccc(c1OC)OC)(O)O,342.15
16228,Clc1ccc(NC(=O)C(C)(C)CCC)cc1,360.65
69,c1ccc(cc1)n2ccnc2,286.15
10862,O=C1Cc2cc3c(cc21)CC3=O,510.15
11863,S1c2[nH0][nH0]c([nH0]2NC1c1ccc(O)c(OC)c1)c1ccc([N+](=O)[O-])cc1,499.15
19142,O=C(Nc1cc(on1)C(C)(C)C)N(C)C,392.65
8743,COc1cc(CC=C)cc(C(=O)NCCO)c1O,368.15
18530,O=S2(=O)CCCCN2c1ccc(cc1)S(N)(=O)=O,454.15
3930,COc1ccc(cc1F)CC#N,321.15
8546,COc1ccccc1/C=C/C(=O)O,458.15
19069,Clc3cc1c(oc2c1c(Cl)c(Cl)c(Cl)c2Cl)c(Cl)c3Cl,506.15
12481,O1N=C(CC1c1ccccc1)c1ccccc1,348.15
933,c1cc(oc1)C2CNCCN2,360.15
7706,CP(=O)(c1ccccc1)O,406.15
19630,CC(C)c1cc2c(C)cccc(C)c2c1,305.45
19385,O=C(Cl)N(c1ccccc1)c2ccccc2,356.15
8965,CCCN(CCC)S(=O)(=O)c1ccc(cc1)C(O)=O,471.15
16097,OC(CC)C(CC(C)N(C)C)(c1ccccc1)c2ccccc2,400.15
9222,ON=CC=1CCCC=1C=Cc1ccccc1,436.15
22290,[O-][N+](=O)c2cccc1c2cccc1Cl,384.15
20117,N#CC=1NC=NC2=NC=NC=12,460.65
23157,O=CC1CCCCC1,307.65
9829,S1c2[nH0][nH0]c([nH0]2NC1C=Cc1ccccc1)c1cccc([N+](=O)[O-])c1,464.15
2009,c1c(cnc(n1)N)[N+](=O)[O-],510.15
15811,O=C(O)C2=CN(CC)c1cc(ccc1C2=O)c3ccncc3,563.15
9622,s1cc([nH0]c1C(C#N)=Cc1ccc(N(C)C)cc1)c1cccc2ccccc21,402.15
5642,c1cc2c(cc1O)CCCC2,335.15
7071,CCOC(=CC(=O)OCC)C,303.15
14094,c1cc(ccc1)c2ccc(cc2)c3ccccc3,486.15
22328,OC2=C(C(=O)c1ccccc1C2=O)C3CCCCC3,408.65
18365,[O-][N+](=O)CC,183.65
2874,Cc1c(cccc1OC)[N+](=O)[O-],326.15
13037,CCCCSC,175.14999999999998
8225,OI(=O)(=O)=O,401.15
1037,CSc1cnccn1,317.15
22181,CC(C)(C)C(=O)Oc2c1ccccc1c(OC(=O)C(C)(C)C)c(OC)c2OC,452.15
2704,COc1ccc(c(c1)O)C=O,315.15
4848,Cc1cc(cc(c1N)C)Cl,321.15
5996,c1cc2c(cc1[N+](=O)[O-])cn[nH]2,483.15
17819,S(SCc1ccccc1)Cc2ccccc2,344.65
13580,OC(=O)c1ccc(Cl)cc1,513.15
3357,c1cc(c(cc1C(=O)O)[N+](=O)[O-])[N+](=O)[O-],438.15
15928,O=C2c3c(O[C@]12C(=CC(=O)C[C@H]1C)OC)c(Cl)c(OC)cc3OC,492.15
12813,Clc1cccc(Cl)c1N=C1NCCN1,403.15
12536,P(CP(c1ccccc1)c1ccccc1)(c1ccccc1)c1ccccc1,394.15
21624,O=C(O)CCCCCCCC/C=C/C(=O)O,438.65
16040,CCCC(=O)OC=C,389.85
15266,O=C(O)C[C@@H](O)C[C@@H](O)/C=C/c2c(c1ccccc1n2C(C)C)c3ccc(F)cc3,468.65
16258,Clc1cc(CO)c(OCC(=O)O)cc1,414.15
22902,O1C2=C(OC1)C=C(C=C2)\C=C\C(=O)C3=CC=CC=C3,391.15
13290,CCCC(O)CCCC,232.15
4715,c1cc(c(cc1Br)F)C=O,334.15
21634,O=C(O)CCCC=CCC=CCC=CCC=CCCCCC,223.65
9431,O=C(OCC)C=Cc1ccccc1N,350.15
14590,O=C(O)CC(C)C(=O)O,384.15
5000,c1cc(c(cc1C#N)F)C(=O)O,489.15
11933,O=C1NN(C)c2[nH0]c(C)cc(C)c21,489.15
13214,OCc1ccccc1O,358.15
18373,Nc1nc(CSP(=S)(OC)OC)nc(N)n1,438.15
18229,Oc1ccc(cc1Cl)c2ccccc2,350.15
22198,C/C(=NO)C(CC)=NO,445.65
10446,O=C1OC(OC(=O)C1=NNc1ccc(OC)cc1)(C)C,401.15
11809,O=C(O)C(C)(C)CCc1cc(C)ccc1C,351.15
22106,O=C(c1ccc(F)cc1)N(NC(=O)c2ccccc2)C(C)(C)C,490.65
17849,Clc1ccc(NC(=O)N(C)C)cc1,443.65
1540,c1cc(c(cc1[N+](=O)[O-])[N+](=O)[O-])OC(F)(F)F,252.15
15145,O=C(O)CCCCCCCCCC,301.65
2697,CC(=C)C(=O)Oc1ccc(c(c1)O)C(=O)c2ccccc2,351.15
2286,c1c(cc(c(c1C(=O)O)Cl)[N+](=O)[O-])[N+](=O)[O-],472.15
4999,CCC(CC)(CCC#N)C=O,370.15
17920,OCCN(CCO)c1ccccc1,330.15
8506,c1ccsc1,235.15
17172,C=CSC=C,293.15
12608,N#Cc1ccc(cc1)C1[nH0]2c[nH0]cc2CCC1,390.15
21391,FC(F)(F)c1cccc(/C=C/C(=O)O)c1,409.15
6798,B(c1ccccc1)(Cl)Cl,280.15
11451,ClC(c1cccc(c1)C(Cl)C(Cl)C(=O)OC)C(Cl)C(=O)OC,404.15
10927,OC12CCCCCC2c2ccccc21,373.15
19464,O=C1C=C(Cl)C(=O)O1,306.15
8197,CCCCCCCCCCCCCCCC(=O)Cl,284.15
22287,CC=C(/C)C(=O)OC7CC(OC(C)=O)C8(COC2C8C17COC(O)(C(=O)OC)C1C(C)(C2O)C56OC6(C)C3CC5OC4OC=CC34O)C(=O)OC,429.65
7322,c1cc(cc2c1cc[nH]2)C#N,403.15
6417,c1ccc(cc1)C(c2ccccc2)N=C=S,332.15
8351,c1cc([nH]c1)C=O,316.15
13681,O=[N+]([O-])c1cc(ccc1)C(=O)O,415.15
12114,O=C1OC(=NC1=Cc1ccc(OC)cc1)c1ccccc1,425.15
17516,OC1=CC=CC=CC1=O,323.95
18860,[O-][N+](=O)c1cc(cc([N+]([O-])=O)c1N(CCCC)CC)C(F)(F)F,339.15
12022,S=C(N1CCCCC1)c1ccc(OCc2ccccc2)c(OCC)c1,345.15
18563,O=C1Cc4ccc5OCOc5c4CN(C)CCc2cc3OCOc3cc12,481.15
12947,CC(C)SC,171.14999999999998
6506,CC(=O)OC[C@H]1[C@@H]([C@@H]([C@H](O1)OC(=O)C)OC(=O)C)OC(=O)C,355.15
20552,O=C(C)Oc1cc(C)c(C)cc1,295.15
8141,CC(C)(C)NC(=O)c1ccccc1,407.15
17662,CCCF,114.14999999999998
7738,c1ccc(c(c1)COC(=O)ON2C(=O)CCC2=O)Br,380.15
20084,Clc1ncccn1,340.15
16771,ClC(Cl)C(=O)C(Cl)(Cl)Cl,275.25
10424,O=C1NN(c2ccccc2)C(=O)C1N=Nc1ccc(C)cc1,520.15
11658,FC(F)(F)C(F)(F)C(F)(F)C(F)(F)C(F)(F)C(F)(F)C(F)(F)C(F)(F)C(=O)Nc1c[nH0]ccc1,418.15
3198,Cc1ccc(cc1C)c2ccc(c(c2)C)C,349.15
1333,CCC(=O)C(=O)C,221.15
19009,O=C(C)NC(CCC(=O)O)C(=O)O,472.15
20902,O=C1CCCCC1(C)C,252.65
6848,C(COCCO)O,263.15
13769,BrCCCCCCC,217.15
14476,ClC(Cl)C(F)(F)OC,238.15
12228,O=C1CC(C)(C)CC(C)=C1O,362.15
1984,c1cc(c(cc1Cl)C=O)N,345.15
11816,O=C1OCCOC(=O)C2CCCCC2C(=O)OCCOC(=O)C2CCCCC12,413.15
2435,Cc1c(cccc1Cl)[N+](=O)[O-],309.15
13061,Nc1ccccc1O,449.15
10995,O=C1CCN2Cc3c(O)c(OC)ccc3C(O)C2C1,430.15
11008,c1ccc(cc1)c1cccc2cccc(c3ccccc3)c21,420.15
304,CCCCCCCCCCCCCCC(=O)CBr,329.15
8786,CC(C)Nc1cccnc1N2CCN(CC2)C(=O)c4cc3cc(NS(C)(=O)=O)ccc3[nH]4,499.15
18576,OC(CCN1CCCC1)(c2ccccc2)C3CCCCC3,359.15
18100,c1ccccc1Cc2ccccn2,285.65
23106,CC2(C)CCCC(\C)=C2\C=C\C(\C)=C\C=C\C(\C)=C\C=C\C=C(/C)\C=C\C=C(/C)\C=C\C1=C(/C)CCCC1(C)C,456.15
6193,c1c[nH]c2c1cc(cn2)C#N,501.15
23341,CCOC(=O)c1ccc(cc1)n1c(C)ccc1C,333.65
20616,ClCCCCCCCO,284.15
3920,COc1ccc(cc1F)N,355.15
20264,O=C(Oc1ccccc1)CCCCCCCCCCC,297.65
5376,Cc1ccc(cc1C(F)(F)F)C#N,334.15
13217,Nc1ccccc1S,292.15
10439,O=[N+]([O-])c1ccccc1NN=C(C(=O)OCC)C(=O)OCC,469.15
7077,CCOC(=O)C1=C(Nc2ccccc2S1)C,416.15
5952,COc1ccc(c(c1)C(=O)O)[N+](=O)[O-],406.15
1840,COc1ccc2ccc(cc2c1)OC,411.15
6075,c1cc(cc2c1cc(cc2)Br)C(=O)O,567.15
10269,S1c2sc(cc2C(C=2C1N=C(C=2N)C(=O)OCC)c1ccccc1)C(=O)OCC,406.15
20210,O=C(CCCCC)c1ccc(O)cc1O,330.15
2813,Cc1ccc(c(c1)OC)S(=O)(=O)Cl,360.15
10959,O=Cc1c(OC)c(C)c(C)c(OC)c1C,359.15
536,C1CN2CCN3CCCN(C3)CCN(C1)C2,357.15
15842,CN3[C@@H]1CC[C@H]3C[C@H](C1)OC(=O)C(CO)c2ccccc2,388.15
1139,CC(C)(CO)CO,401.15
13915,CC=C(/c1ccccc1)c2ccccc2,322.15
7500,COC(=O)Cc1ccc(c(c1)Cl)Cl,302.15
12986,C=CC(CC)CC,146.14999999999998
7442,CO,175.14999999999998
4116,Cc1cc2ccccc2[n+](c1)[O-],362.15
20412,O=[N+]([O-])c1ccc(Br)cc1C,351.15
468,c1cc(ccc1[N+](=O)[O-])[N+](=O)[O-],447.15
10631,FC(F)(F)C1(O)NC(O)(C(C(=O)OCC)C(c2ccccc2)C1C(=O)OCC)C(F)(F)F,507.15
9652,FC(F)(F)C1=NNC(=O)C1=NNc1cccc([N+](=O)[O-])c1,527.15
12457,O=C1C2(CCCCC2)C(=O)C21CCCCC2,439.15
12029,O=C1OC(=CC1=Cc1oc(C)cc1)CC(C)C,361.15
7654,CCCCCC(=O)OC,202.15
8114,CCCCCC1CCCCC1,215.15
16183,ClP(Cl)(Cl)(Cl)Cl,421.15
6405,c1ccc(cc1)C(=O)N,400.15
23245,c1(c(c(c(c(c1Cl)Cl)Cl)Cl)Cl)Cl,503.15
617,C(CO)n1c(=O)n(c(=O)n(c1=O)CCO)CCO,411.15
20694,CN(C)c1ccc2N(c3ccc(cc3Sc2c1)N(C)C)C(=O)c4ccccc4,468.15
1310,Cc1ccc(c(c1C)N)[N+](=O)[O-],390.15
14359,ClN1C(=O)NC(=O)N(Cl)C1=O,498.15
1012,CCOC(=O)c1ccccc1N=C=O,302.15
18690,OC(CO)COCCCCCCCCCCCCCCCCCC,343.65
9237,Clc1ccccc1NN=C(C#N)c1scc([nH0]1)c1ccccc1,433.15
5300,CC(=O)Nc1ccc(cc1[N+](=O)[O-])OC,391.15
5905,c1cc(c(cc1F)C=O)[N+](=O)[O-],368.15
3251,COc1cc(cc(c1OC)OC)C#N,366.15
18068,C#CC(O)CCC,193.15
18673,O=C(O)C1CCn2c(ccc12)C(=O)c3ccccc3,433.65
20382,CC(Cl)(C)CCC(C)(C)Cl,340.65
3547,Cc1cc(c(c(=O)o1)C)O,483.15
11217,O=C(O)C1CCC(OC1(C)C)(C)C(O)(Cc1ccccc1)Cc1ccccc1,411.15
22602,O=C1OCC3=CCN2CCC(OC(=O)C(CC(=C)C1(C)O)=[C@H]C)C23,490.65
3865,c1cc(cc(c1)S(=O)(=O)Cl)C#N,323.15
3787,c1cc(c(cc1N)Cl)F,319.15
18705,ClC2=C(Cl)C3(Cl)C1C=CC(Cl)C1C2(Cl)C3(Cl)Cl,368.65
5236,CC1(CN(NC1=O)c2ccccc2)CO,398.15
10513,s1cccc1C1=Nc2[nH0]([nH0]c(N)c2N=Nc2ccc(F)cc2)C(=C1)C(F)(F)F,494.15
13059,N#CC1CCCCC1,284.15
17220,[O-][N+](=O)c2ccc(Oc1ccccc1)cc2,334.15
16950,Cc1cc2CCCCc2cc1C,283.15
7264,C(=O)(C(C(C(F)(F)F)(F)F)(F)F)OC(=O)C(C(C(F)(F)F)(F)F)(F)F,230.15
9214,O=C1C=2C=CC3C(C)(C)CCCC3(C)C=2C(=O)C(O)=C1C(C)C,440.15
15860,Clc3ccc(CCC(Cn1cncn1)(C#N)c2ccccc2)cc3,398.15
8124,c1ccc(cc1)Nc2ccc(cc2)N,347.15
2209,c1ccc(c(c1)C(=O)Cl)Br,283.15
13904,Clc1ccc(cc1Cl)[N+]([O-])=O,314.15
19036,[O-][N+](=O)c1cc2CCNc2cc1,366.15
9054,Clc1ccc(C=C2C(=O)NN=C2C=2C(=O)N(C)c3ccccc3C=2O)c(Cl)c1,553.15
13674,O=[N+]([O-])c1cc(ccc1)C(N)=O,416.15
289,CC(C)CCBr,161.14999999999998
1121,c1cnc(cc1c2ccnc(c2)Cl)Cl,515.15
2656,c1ccc(c(c1)C(=O)O)F,397.15
3478,COc1cc(cc(c1O)OC)CC(=O)O,402.15
15286,CC=3CN(C(=O)NCCc1ccc(cc1)S(=O)(=O)NC(=O)NC2CCC(C)CC2)C(=O)C=3CC,480.15
10011,O=C1C=CC2(O)C3CCC4(C)C(CCC4OC(=O)C)C3CCC32OC13,451.15
5763,Cc1ccc(cc1O)Br,352.15
11499,[O-][N+](=Nc1ccccc1)c1cc(c(N=Nc2ccccc2)cc1C)C(C)C,391.15
18914,OC(C(=O)O)c1ccccc1,407.15
2657,c1ccc(c(c1)C(Cl)(Cl)Cl)F,253.15
4957,c1cc(ccc1C(=O)O)Cl,514.15
5518,CCCCCc1ccc(cc1)S(=O)(=O)Cl,315.15
9851,c1ccc(cc1)C=CCc1ccccc1,428.15
16494,O=[N+]([O-])c1c(N)c(c(N)c([N+]([O-])=O)c1N)[N+]([O-])=O,623.15
23071,C1=NC2=C(N1)C(=S)N=CN2,587.15
23480,ClC(Cl)(Cl)C(O)=O,330.65
3526,CC(C)(C)c1cc(c(c(c1)C(C)(C)C)O)C=O,333.15
20157,NC(=O)CCCCCCCCC,381.15
14540,[O-][N+](=O)c1cc(N)ccc1NCCO,400.65
1835,c1cc(nc(c1)CO)CO,385.15
1876,CC(=O)c1ccccc1C(=O)O,390.15
18984,S,187.66
19616,BrC(Br)(Br)C(O)O,326.65
11994,O=[N+]([O-])c1ccc(cc1)C=C1N=C(OC1=O)c1ccccc1,488.15
7638,CCCC(=O)OC,188.15
13321,Cc1ccccc1C(C)C,201.15
1042,CCCSc1c(cccn1)C(=O)O,434.15
12845,O=C1NC(=O)C=C(N1)C(=O)O,618.15
10515,S1C=C(N2C1=NC(=CC2=O)C(F)(F)F)c1ccc(C)cc1,459.15
3942,c1cc(c(cc1CBr)F)[N+](=O)[O-],320.15
982,c1ccc(c(c1)N)N2CCOCC2,370.15
10159,Sc1[nH0][nH0]c([nH0]1N)C(F)(F)F,414.15
19132,Clc1ccc(OC)c(Cl)c1Cl,342.65
21345,CCCCC=CCCCC,161.14999999999998
8170,CCCCCCCC(=O)Cl,210.15
15769,CS(=O)(=O)Nc4ccc(Nc1c3ccccc3nc2ccccc12)c(OC)c4,508.15
14800,O=S(=O)(Cl)c1ccccc1,288.15
2596,Cc1ccc(cc1F)I,296.15
17503,BrC1=CC(=NCl)C=C(Br)C1=O,356.15
21210,OC(=O)c1c(F)cc(F)cc1F,416.15
4797,c1cc(ccc1C(=O)Cl)Br,313.15
12030,Brc1ccc(NN=C2C(=O)CC(C)(C)CC2=O)cc1,477.15
4488,CC(C)c1cc2c(c(c1O)C(C)C)C(CC2(C)C)(C)C,420.15
5144,B(c1ccc(cc1)F)(O)O,536.15
22502,Clc1cc([N+]([O-])=O)c(Cl)cc1Cl,330.65
377,CC(=O)N1CCN(CC1)c2ccc(cc2)O,456.15
357,C1COCCOCCOCCOCCOCCN1,321.15
16852,Clc1cc(Br)c(Cl)cc1,308.15
13088,CC(Cl)CCl,173.14999999999998
11020,O=[N+]([O-])c1ccccc1C1NC(=O)NC(C)=C1C(=O)OCC,493.15
22608,CC5(C)CN5P(=O)(NC(=O)NC13CC2CC(C1)CC(C2)C3)N4CC4(C)C,403.15
21079,CN2C1CCC2C(C(O)C1)C(=O)O,478.15
10194,O=C1N=CN=C2N(NC=C21)C1CCCCC1,525.15
8350,c1c(c(cc(c1C(=O)O)C(=O)O)C(=O)O)C(=O)O,556.15
12054,Oc1[nH0]c(N)[nH0]c(CC)c1C,576.15
5537,c1ccc(cc1)OCCCC(=O)O,336.15
16196,OCC(O)COC(=O)CCCCCCCCCCCCCCCCC,347.15
13473,Cc1cc(C)c(C)cc1CC,259.15
13573,N#CCc1cccc(c1)CC#N,306.15
7924,c1ccc(cc1)COC(=O)N[C@@H](CC(=O)O)C(=O)O,391.15
14030,Brc1ccc(NC(C)=O)cc1,439.15
21306,OC1=CC=C(CC=C(/C)C)C(=CC1=O)C(=C)C,344.65
7504,Cc1ccc(cc1C)C(=O)OC,309.15
2234,c1cnc(cc1C=O)Br,327.15
15075,O=C(CCC)OC(COC(=O)CCC)COC(=O)CCC,198.15
245,c1cc(c(cc1F)[N+](=O)[O-])Cl,311.15
21032,Oc1ccc(cc1)C(CCC)c2ccc(O)cc2,410.15
18363,C=C(C)C(N)=O,383.15
5809,c1cc(c(cc1Cl)CC(=O)O)C(F)(F)F,391.15
21011,O=C2CCC3C4CCC1(C)C(CCC1O)C4CCC3=C2,391.15
22447,ON=C1CCCCC1=NO,465.15
10765,[nH0]1cc2ccccc2cc1Cc1ccccc1,337.15
4352,c1cc(ccc1C(F)(F)F)S(=O)(=O)Cl,304.15
19774,O=C(CCCCCCC)OCCC,226.95
7144,CCOC(=O)C(c1ccccc1)(c2ccccc2)O,303.15
6348,C=CCN=C=S,193.15
6064,c1c(=O)[nH]c(=O)[nH]n1,549.15
8889,Cn2c(=O)n(C)c1nc[nH]c1c2=O,543.15
7676,CS(=O)(=O)c1ccccc1,360.15
8013,Cc1ccc(cc1)S(=O)(=O)NC2CCCCC2,361.15
12331,N=1c2ccccc2N=C(C)CC=1C,467.15
17437,C=C(C)Cl,135.74999999999997
6195,c1ccc(cc1)COc2cccc3c2[nH]cc3,345.15
21807,O=C(Nc1ccc2nn(nc2c1)C3CCCCC3)c4ccccc4,485.15
17682,O=C(c1ccccc1)C(F)(F)F,233.15
9868,Clc1ccc(cc1)C(=O)C=Cc1ccc([N+](=O)[O-])cc1,436.15
21368,CC(C)/C=C/C(=O)O,308.15
22983,C1=CC=C2C=C3C=C4C=CC=CC4=CC3=CC2=C1,614.15
10476,S=C(N1CCCCC1)c1ccc(C)cc1,366.15
6056,C(CCC(=O)O)CCN,484.15
15318,C[N+]2(C(C)C)[C@H]1CC(C[C@H]2CC1)OC(=O)C(CO)c3ccccc3,504.15
17152,BrC(Br)C(=O)O,322.15
23095,O=C2\C(=C(/N(N2c1ccccc1)C)C)N(C)C,380.9
2718,Cc1cc(c(c(c1)[N+](=O)[O-])O)C(=O)C,408.15
6379,CC1=CCC(CC1)C(C)(C)O,305.15
9498,Clc1cc(c([N+](=O)[O-])cc1[N+](=O)[O-])C(c1ccccc1)C(=NNc1ccccc1)c1ccccc1,469.15
20892,CCCCCCCCC(O)CCCCCCCC,334.15
1256,c1cc(c(c(c1)Cl)Cl)O,332.15
12140,O=C(C=Cc1ccc(OC)cc1)c1ccccc1,349.15
9140,Oc1c(cc(cc1C(C)(C)C)C(N)=NC)C(C)(C)C,554.15
5385,Cc1ccc(cc1[N+](=O)[O-])C#N,379.15
2640,COc1cccc(c1C#N)F,376.15
4318,CSc1ccc(cc1)C=O,279.15
22313,BrC(C)(C)C(=O)O,321.65
17673,Cc1ccc(N)cc1F,304.15
7668,CC(=C)C(=O)OC,225.15
22135,COc2ccccc2C(=O)N(NC(=O)c1ccccc1)C(C)(C)C,454.65
2652,c1ccc(c(c1)C(=O)N)F,389.15
15171,Oc1cc(cc(O)c1)C(O)CNC(C)(C)C,393.65
9003,N1=C2C=CC=CC2=C(c2ccccc2)C1=C1N=C2C=CC=CC2=C1c1ccccc1,500.15
9685,O=C(C)C=C1Cc2ccccc21,352.15
16153,[O-][n+]1ccc(cc1)C(O)=O,543.65
12077,S=C1C=C(OC(=C1)c1ccccc1)c1ccccc1,443.15
22100,O=C(NP(=O)(N1CC1)N2CC2)NC3CC(C)(C)NC(C)(C)C3,416.15
6473,c1ccc(cc1)COC(=O)C(C#N)c2cc(ccc2[N+](=O)[O-])C(F)(F)F,344.15
1336,CC(=C)CC(C)(C)C,179.14999999999998
20269,Clc1cc(C)nc2ccccc12,315.65
113,Cn1cnc(c1C#N)C#N,358.15
8805,CC1CCc2cc(F)cc3c(=O)c(cn1c23)C(O)=O,526.15
472,COc1ccc(c(c1)F)OC,298.15
7920,CC([C@H](C(=O)O)NC(=O)OCc1ccccc1)O,376.15
12256,FC(F)(F)c1ccccc1C1NC(=O)NC(C)=C1C(=O)OCC,476.15
2918,Cc1ccccc1NC=O,332.15
5222,c1cc(ccc1C(=O)O)O,488.15
9970,O=C1CCC2C3CCC4CC(=CCC4(C)C3CCC12C)CC(=O)O,450.15
17426,Cc1cccc2cccc(C)c12,338.15
22183,FC(F)(F)c2cc(cc(c2Nc1nc(C)c(cc1C#N)C#N)[N+]([O-])=O)[N+]([O-])=O,398.15
5866,c1cc2c(cc1Cl)c(c[nH]2)C=O,484.15
4286,c1cc(ccc1CCl)C(=O)O,474.15
12291,s1c(SCC(=O)OCC)c(C#N)c(N)c1C(=O)OCC,414.15
15750,CC(=O)OCC(=O)[C@@]3(O)CC[C@H]2[C@@H]4CCC1=CC(=O)CC[C@]1(C)[C@H]4C(=O)C[C@@]23C,495.15
17169,O=C(CCCCC(=O)O)OC,282.15
18300,O=C1OC(=O)c2ccccc12,403.95
16764,O=C2N(C(=O)N(C(=O)N2c1ccccc1)c3ccccc3)c4ccccc4,558.15
848,CC#CC1(CCCCC1)O,321.15
5049,CN(C)c1ccc(cc1)N=C=S,340.15
8057,CN(C(=O)Cc1ccc(cc1)OCc2ccccc2)O,369.15
4571,CCc1cc(ccc1N)C#N,336.15
15879,COc1cc2c(cc1)nccc2[C@H](O)[C@H]4C[C@@H]3CC[N@]4C[C@@H]3C=C,447.65
10054,O=C(O)c1[nH0]c(ccc1)C(=O)OC1CC(C)CCC1C(C)C,393.15
7627,COC(=O)C=C,198.15
19046,Clc1cc2Oc3ccc(Cl)cc3Oc2cc1Cl,435.15
380,CC(=O)NC12CC3CC(C1)CC(C3)C2,421.15
13342,O=C(C)c1cc(N)ccc1,370.15
12970,O=C1C=CCCC1,220.15
17530,CC(C)C(CC=C)C(=O)NC(N)=O,467.15
19236,O=C2OCCN2N(C(=O)COC)c1c(C)cccc1C,377.15
20824,C1CC(CC=C1)c2ccncc2,295.25
22693,[O-][N+](=O)c1c(cc2OCOc2c1)C=CC(=O)c3c(OC)cc(OC)cc3OC,497.0
10425,O=[N+]([O-])c1cc(OC)c(OC)cc1C(=O)Cc1ccccc1,425.15
21927,Cc1cccc(C)c1C(O)=O,389.15
135,Cn1c2ccccc2nn1,338.15
13043,Cc1cccc(C)c1,225.15
12491,ClC1OC(=O)c2ccccc21,333.15
6543,c1cc(ccc1O)S(=O)(=O)c2ccc(cc2)O,521.15
8485,c1ccc(cc1)C2=C(C(=O)C(=C2c3ccccc3)c4ccccc4)c5ccccc5,491.15
15082,[O-][n+]1ccccc1S,343.65
21408,S=C1NC(=O)CS1,443.15
18654,CC13CC2(C)CC(N)(C1)CC(C2)C3,531.15
17896,O=C(OCC=C)c1ccccc1C(=O)OCC=C,203.15
18266,CC(=O)c1cc2c(cc1CC)C(C)(C)CCC2(C)C,319.65
4745,c1cc(c(cc1N)C(F)(F)F)Br,321.15
17952,O=S(=O)(Nc1cnccn1)c2ccc(N)cc2,524.15
23492,CC(=O)CC(C\1=C(/O)c2ccccc2OC/1=O)c3ccccc3,434.15
15947,CC1CCCCC1(C)C,244.15
23025,O=Cc1cc(OC)cc(OC)c1,319.45
15482,CC(=O)N(O)CCCCCNC(=O)CCC(=O)N(O)CCCCCNC(=O)CCC(=O)N(O)CCCCCN,412.15
18345,CCC(N)C(=O)O,577.15
2584,c1cc(c(cc1C(F)(F)F)F)C(=O)O,441.15
13486,O=[N+]([O-])c1ccccc1C=C,286.15
22743,O=C(c1cccc(c1)C)n2nc(SC)c(c2C)C(=O)OCC,388.5
2087,c1c(cc(c(c1F)Br)F)F,277.15
13497,O=C(Oc1ccccc1)CC,293.15
18741,OC(CNCC)c1cc(O)ccc1,420.65
3039,CC(C(=O)O)P(=O)(O)O,393.15
20213,Cc1cc(C)c(O)c(C)c1C,353.65
13888,Clc1cc(ccc1)c2ccccc2,291.15
3997,Cc1cc(cnc1)O,411.15
11098,Ic1ccc(O)c(c1)C(c1oc(C)cc1)c1oc(C)cc1,377.15
22478,c1cccc2nccnc12,301.15
8059,c1cc(cnc1)C(=O)OC[C@@H]2[C@H]([C@@H]([C@](O2)(COC(=O)c3cccnc3)O)OC(=O)c4cccnc4)OC(=O)c5cccnc5,408.15
8082,C[C@@H]([C@@H](c1ccccc1)O)N(C)C,360.15
10087,O=C(OCC1OC(C#N)=CC(OC(=O)C)C1OC(=O)C)C,387.15
15918,O=C1NC(=O)NC(=O)C1(CC)C2=CCCCC2,445.65
3288,c1cc(c(cc1C(=O)CC#N)Cl)Cl,389.15
21248,OC5CC6=CCC1C(CCC2(C)C3C(CC12)N4CC(C)CCC4C3C)C6(C)CC5,491.65
12567,Clc1cc2c(cc1Cl)C(=O)OC2=O,459.15
425,c1ccc(cc1)OCC#CC#CCOc2ccccc2,355.15
22609,O=C1OCC3=CCN2CCC(OC(=O)C(CC(C)C1(O)CO)=CC)C23,485.15
18960,O=CCO,370.15
23032,C1=CC(=CC=C1C(=O)O)N,462.15
23104,Clc1nc(nc(n1)NC(C)C)NCC,448.15
5268,c1cc(ccc1N=C=S)I,349.15
15122,ClC(Cl)(Cl)C#N,231.15
8474,C1CCSC1,177.14999999999998
13825,CCc2ccccc2c1ccccc1,267.15
4693,Cc1cc(cc(c1O)C)Br,349.15
8360,COc1ccc2c(c1)c(ccn2)[C@@H]([C@H]3C[C@@H]4CC[N@]3C[C@@H]4C=C)O,443.15
15543,C=O,181.15
23150,C[C@]12CCC(=O)C=C1CC[C@@H]3[C@@H]2C(=O)C[C@]4([C@H]3CC[C@@]4(C(=O)CO)O)C,498.15
6810,CCOC(=O)C(c1c(cc(cc1F)F)F)C(=O)OCC,321.15
2531,c1cn(c(=O)[nH]c1=O)C2C[C@@H]([C@H](O2)CO)O,439.15
11198,O=[N+]([O-])c1ccc(cc1)C(=O)NC1C(NC(=O)c2ccc([N+](=O)[O-])cc2)C2(C)CCC1C2(C)C,443.15
8374,COc1ccc2c(c1)[nH]c3c2CCN4[C@@H]3C[C@H]5[C@@H](C4)C[C@H]([C@@H]([C@H]5C(=O)OC)OC)OC(=O)c6cc(c(c(c6)OC)OC)OC,538.15
16504,CC(=O)CCCCCCCCCCCCCCC,321.15
19485,CCCCOc1ccc(OCCCC)cc1,318.65
15660,NS(=O)(=O)c1cc(ccc1Cl)C(=O)NN2c3ccccc3CC2C,434.15
18261,O=[N+]([O-])c1cc(cc([N+]([O-])=O)c1Cl)[N+]([O-])=O,356.15
7015,CCO[Si](C)(C)C,190.15
11702,O=C1NC(C)=C(C(=O)OCCC)C(N1)c1ccc2OCOc2c1,457.15
4111,CCC(C)CC,155.14999999999998
10192,O=C1C=2C(=NC=C1C(=O)O)N(NC=2N)C,497.15
11147,O=C(OC1CC(C)CCC1C(C)C)C(C(=O)C)C(C)C(C(=O)OC1CC(C)CCC1C(C)C)C(=O)C,473.15
17189,CC(=O)OC(C)CCC,173.14999999999998
3214,CC(=CC(=O)O)C,340.15
29,c1ccc2c(c1)cccc2CC(=O)O,403.15
5360,CC(C)CC=C,120.14999999999998
1833,CC(C)(C)c1cccc(c1O)C(C)(C)C,310.15
21986,O=S(N)(=O)c1ccc(CCCCCO)cc1,359.15
3658,c1ccc(cc1)COc2cccc(c2)CC#N,322.15
17825,O=C(OCC)C2(CCN(CCc1ccc(N)cc1)CC2)c3ccccc3,356.15
11527,[nH0]1c(C)ccc2cc3NC(C)CCc3cc12,444.15
5235,c1cc2c(cc[nH]2)c(c1)O,371.15
18986,Oc1cc(O)cc(O)c1,491.65
20041,COc1cc(ccc1OC)C(N)=O,437.15
16050,O=C(OCC)N2C(=O)c1ccccc1C2=O,364.15
21702,OCC(O)COC(=O)CCCCCCCC=CCCCCCCCC,308.15
2197,c1ccc(c(c1)N)Br,302.15
13134,N#Cc1cccc(C)c1,250.15
6964,c1ccc(cc1)Cc2ccccc2,297.15
20138,C[Si](C)(OC(=O)C)OC(=O)C,260.65
17501,Nc1ccc(cc1)Nc2ccc(N)cc2,431.15
1687,c1cc(nc(c1)C(F)(F)F)C(F)(F)F,330.15
3162,CSc1cccc(c1)C(=O)O,401.15
2339,c1cnc(cc1O)Cl,444.15
11598,O=C(C)c1cc(c(N)cc1N)C(=O)C,508.15
10018,O=C(OC1CCC2(C)C(C1)CC1(OCCO1)C1C3CCC4(OCCO4)C3(C)CCC12)C,481.15
653,C(CI)I,355.15
9199,O=C1N(c2ccccc2)c2ccccc2C(O)=C1C(=NCCO)C,475.15
11963,Brc1ccccc1c1oc(cc1)C=C1C(=O)NC(=O)NC1=O,528.15
7662,COC(=O)c1cc2ccccc2cn1,359.15
19959,ClS(=O)(=O)N=C=O,229.15
3234,CCOc1cc(cc(c1OCC)OCC)C(=O)O,385.15
13194,Cc1cc(O)c(C)cc1,347.15
8654,c1ccc(cc1)C(=C(c2ccccc2)c3ccccc3)C#N,439.15
2726,COc1cccc(c1C=O)O,344.15
1113,c1ccc(cc1)P(c2ccccc2)c3ccccc3c4ccccc4P(c5ccccc5)c6ccccc6,486.15
16110,Cc1cc(C)ccc1CO,295.15
21937,CC(=O)NC(=O)COC(=O)c1ccccc1,377.65
22909,C1(=CC=CC=C1)\C(C(=O)O)=C/C2=CC(=CC=C2)[N+](=O)[O-],458.15
5026,c1cc(ccc1CC(=O)O)C#N,424.15
19017,OC(C(=O)C(=O)O)C(O)C(O)CO,444.15
373,CC(=O)n1ccnc1,374.15
2099,c1ccc(c(c1)C(=O)CBr)[N+](=O)[O-],328.15
11828,S1CN(C[nH0]2c1[nH0][nH0]c2c1ccccc1)c1ccccc1,478.15
2993,c1c(csc1[N+](=O)[O-])C#N,395.15
18107,O=C(Nc1ccccc1)N(C)C,406.65
12557,O=C1N(CCCCCOc2ccc(N)cc2)C(=O)c2ccccc21,386.15
15554,CC(=O)[C@H](C)O,288.15
11160,BrC(=Cc1ccccc1)CC1(C(=O)C2(C)CCC1C2(C)C)C1(CC(Br)=Cc2ccccc2)C(=O)C2(C)CCC1C2(C)C,391.15
8969,CC(=O)NC(=O)c1ccccc1O,421.15
1275,Cc1ccc(c(c1F)F)C#N,317.15
16327,CC1CCCC(C)C1O,305.65
22137,CC(=O)Oc2c1c(cccc1c(OC(C)=O)c(OC)c2OC)C#N,425.65
9100,Brc1ccc(N=Nc2sc([nH0]c2C)C(=NNc2ccccc2Cl)C#N)cc1,515.15
4304,c1cc(ccc1CO)OCC(=O)O,385.15
13418,CCC(C)CCCCCC,188.15
11379,O=C(Nc1ccccc1NNc1ccccc1)C,441.15
16642,Clc2c1c(Cl)c(Cl)c(Cl)c(Cl)c1c(Cl)c(Cl)c2Cl,470.65
12998,C=C(C)CCCC,170.14999999999998
2132,c1cc(ccc1C(=O)CBr)F,320.15
14822,NCCCCN,300.65
19538,FC(F)(C(F)(F)C(=O)O)C(F)(F)C(F)(F)C(=O)O,407.15
17734,Nc1ccc(cc1)S(=O)(=O)NC(=O)NCCCC,417.65
22298,CC(O)C(CC)N1N=CN(C1=O)c2ccc(cc2)N3CCN(CC3)c4ccc(cc4)OCC6CC(Cn5cncn5)(OC6)c7ccc(F)cc7F,444.15
13747,OC(=O)c1ccc(Cl)cc1O,483.15
12513,O=C(O)C(C)(c1ccccc1)c1ccccc1,446.15
17002,COc1cccc(O)c1O,315.95
22433,Oc2cc(C)c(/N=N/c1ccccc1)cc2,382.15
14809,NCCC(=O)O,469.15
7427,Cc1cc(c(c(c1)C)CC(=O)O)C,442.15
21371,OC(=O)/C=C/c1ccco1,416.15
15413,O=C(O)[C@@H](N)[C@@H](C)O,529.15
862,CC(C)(C)OC(=O)N[C@@H](Cc1ccncc1)CC(=O)O,415.15
14991,CCN(CC)c1ccc(N)cc1,300.15
15911,Fc1ccc(cc1)C(=O)CCCN2CCC(CC2)N3c4ccccc4NC3=O,444.05
16098,CCN(CC)CCn2cnc1c2C(=O)N(C)C(=O)N1C,348.15
19766,CC(=O)NC(=O)NC,453.65
1720,c1c(cc(c(c1Cl)C(=O)O)Cl)OC(F)(F)F,425.15
17288,[O-][N+](=O)c1cccs1,319.65
10782,O=C1OC(=O)C=2CC=3CC=CCC=3CC=21,477.15
14402,CC(Cl)(F)F,142.14999999999998
21752,O=C(CCCCCCCC=CCCCCCCCC)OCCCC,246.65
19470,BrC(=C)c1ccccc1,229.15
9922,Clc1ccc(cc1)C=C(C#N)c1scc([nH0]1)c1ccccc1,377.15
638,CC(CO)O,213.15
4273,B(c1ccc(cc1)C(=O)OCc2ccccc2)(O)O,463.15
4132,c1cc(cc(c1)[N+](=O)[O-])CS(=O)(=O)Cl,372.15
4622,c1ccc(cc1)Cc2ccc(cc2)c3ccccc3,359.15
23112,c1ccc(cc1)C=O,216.65
566,CN1CCN(C1=O)C,281.15
22555,Fc1ccc(cc1)c2ccc(F)cc2,367.65
21562,OC1C(OC(CO)C(Cl)C1O)OC2(CCl)OC(CCl)C(O)C2O,403.15
17578,Nc1ccccn1,330.65
10144,s1cccc1C1=Nc2[nH0]([nH0]c(c2)c2sccc2)C(=C1)C(F)(F)F,432.15
15992,CCc1cccc(C)c1N,240.15
16192,Clc2nc(NC1CC1)nc(NC(C)C)n2,440.15
9710,ON=C(C)CCc1oc2ccccc2c1c1oc(C)cc1,378.15
16027,NC(=O)CCCCCCCCCCCCCCCCC,382.15
15738,NS(=O)(=O)c2cc1c(NC(CSCC(F)(F)F)N(C)S1(=O)=O)cc2Cl,487.15
4464,Cc1cc(c(cc1C(=O)O)F)F,393.15
1305,COc1cccc(c1OC)/C=C/[N+](=O)[O-],354.15
5381,B(c1ccc(c(c1)[N+](=O)[O-])C)(O)O,523.15
16813,CN(C)C1CSSC1,450.35
5458,c1cc(ccc1N)[N+](=O)[O-],421.15
10459,P(c1ccccc1)(c1ccccc1)C(O)c1ccccc1,430.15
4303,c1cc(ccc1CO)C(=O)O,454.15
13942,O=[N+]([O-])c1cc(ccc1C=O)[N+]([O-])=O,339.15
15447,OCC(=O)[C@@]4(O)CC[C@@H]3[C@]4(C)C[C@H](O)[C@H]2[C@H]3C[C@H](C)C1=CC(=O)C=C[C@@]12C,505.65
10479,Clc1ccc(cc1)C1c2ccc3ccccc3c2NC=2CC(C)(C)CC(=O)C=21,412.15
21684,CCCCCCC=CCCC,176.14999999999998
8943,Cc2nc1ccccc1c(=O)n2c3ccccc3Cl,399.15
6329,C1C2CC3CC1CC(C2)(C3)C(=O)Cl,324.15
18118,OC(C)(C)Cc1ccccc1,297.15
18001,O=C(CCCCCCCCCCCCCCC)OCCCC,290.04999999999995
6947,c1ccc(cc1)Oc2ccccc2,301.15
17386,CC1CCCCC1O,223.15
17936,O=C(OCCCCCCCC)c1ccccc1C(=O)OCCCCCCCCCC,233.15
12715,O=C(N1CCCC1)C(c1ccccc1)(c1ccccc1)C(C)CN1CCOCC1,453.15
23280,O[C@@H](C)[C@H](O)C,307.65
14198,[2H]c1c(c([2H])c([2H])c([2H])c1[2H])c3c([2H])c([2H])c(c2c([2H])c([2H])c([2H])c([2H])c2[2H])c([2H])c3[2H],486.15
15217,CC1=CN(C(=O)NC1=O)[C@H]2C=C[C@@H](CO)O2,432.65
14593,[O-][N+](=O)C(CC)CO,226.15
17554,O=C2Oc1ccccc1C=3OC(C)(CC(C2=3)c4ccccc4)OC,439.15
1643,COc1ccc(c(c1)C#N)OC,355.15
1795,Cc1cc(c(c(c1)OC)C=O)OC,366.15
19258,Clc4cccc(N3CCN(CCCCOc1ccc2CCC(=O)Nc2c1)CC3)c4Cl,412.4
21559,NS(=O)(=O)c1ccc(SCCO)c(c1)[N+]([O-])=O,424.15
16790,CC(Cl)(Cl)F,169.64999999999998
22197,CP(=O)O,233.14
21152,CCOc1cc(ccc1)c2ccccc2,308.15
1057,c1ccc(c(c1)C(F)(F)F)N,239.15
1964,Cc1csc(n1)N,317.15
7687,COC(=O)c1ccccc1O,264.15
2629,Cc1cc(ccc1F)[N+](=O)[O-],312.15
20691,O=C(OCC)C(=C/c1ccccc1)C(=O)OCC,305.15
13170,O=CCc1ccccc1,263.15
13002,CC(C)=C/C(C)=O,220.15
4816,c1cc(ccc1N=C=O)Br,314.15
14598,O=C(OCC(=O)c1ccccc1)c2ccccc2,392.15
17496,Cc2ccc(CCc1ccc(C)cc1)cc2,358.15
19689,C#CCl,147.14999999999998
20726,OC(c1ccc(Br)cc1)C(=O)O,390.65
18808,O=C(OC1CC(C)CC(C)(C)C1)C(O)c2ccccc2,329.15
13151,OCCCCCCO,318.15
10792,O=C1OC(O)C(C)=C1C,355.15
445,C(CCBr)CCBr,239.15
19962,CN(C)c1ccc(C#N)cc1,347.15
23375,C1=C(C(=C(C(=C1Cl)Cl)Cl)Cl)Cl,358.15
4800,c1cc(ccc1CCl)Br,313.15
19674,[O-][N+](=O)c1ccc(cc1)Oc2ccc(cc2)N=C=S,383.15
13595,CCCCCC(O)CCCC,281.15
4126,c1cc(c(cc1C=O)[N+](=O)[O-])N2CCCC2,376.15
2543,CCOc1cc(ccc1C(=O)O)[N+](=O)[O-],423.15
4623,c1ccc(cc1)COc2ccc(c(c2)F)Br,307.15
3884,CCOc1cccc(c1)NC(=O)C,370.15
22564,O=C(CCl)c1ccc(Cl)cc1,374.65
2275,c1cc(c(c(c1)C(F)(F)F)Cl)C#N,313.15
11583,Brc1cc(Br)c(N)c(c1)C(=O)c1ccccc1,371.15
11262,O=C1N(N=C(C1)c1ccc(NC(=O)C)cc1)c1ccccc1,483.15
420,C(CCCO)CCCO,291.15
8054,CCCCCCOC(=O)C(=C)C,216.15
284,c1cc(ccc1F)Br,257.15
12066,O=C(C)CCc1oc2ccc(OC)cc2c1c1oc(C)cc1,309.15
15720,CN(C)CCC=C1c3ccccc3CCc2ccccc12,469.65
998,c1cc(sc1)C(=O)CBr,304.15
10423,O1C(N)=C(C#N)C(c2ccccc2)C=2CCCCC1=2,534.15
14681,O=C2CC(C[C@@H](O)[C@@H]1C[C@@H](C)C[C@H](C)C1=O)CC(=O)N2,393.15
3181,c1cc(cc(c1)C(F)(F)F)C(=O)O,378.15
14386,[O-][N+](=O)c3cc(C)ccc3N=Nc1c2ccccc2ccc1O,544.15
5020,c1cc(ccc1C#N)C(=O)Cl,342.15
21187,O=C(O)CCC(C)C1CCC2C3CCC4CC(O)CCC4(C)C3CCC12C,459.15
18105,[O-][N+](=O)c1ccc(cc1)Sc2ccc(N)cc2,417.15
20557,O=[N+]([O-])c1cc(ccc1)C(C)(C)C,275.15
7361,CC(C)OC(=O)c1c(cccn1)C(=O)C,313.15
16176,Clc1ccc2c(c1)C(=NCC(=O)N2C)C3=CCCCC3,417.15
13816,N#Cc1ccc(Br)cc1,384.15
9427,S=C1SC(=Cc2ccccc2O)C(=O)N1CN1CCCCC1,439.15
6422,c1ccc2c(c1)cc3ccc4cccc5c4c3c2cc5,452.15
16352,C1CCCCC1OC2CCCCC2,237.15
3834,c1cc(cc(c1)Cl)S(=O)(=O)Cl,294.15
21471,O=C(O)C1CC(=O)N(CCCCCC)C1,315.65
14660,Oc1ccc(cc1OC)CO,387.15
4768,Cc1cc(ccc1Br)NC(=O)C,376.15
5685,c1cc2c(cc1N)cn[nH]2,448.15
3245,COc1cc(cc(c1OC)OC)N,385.15
4281,c1cc(ccc1CBr)S(=O)(=O)Cl,347.15
7199,CCCCCCCCCCC(=O)OCC,258.15
16207,CCC(=O)c1cc2N(CCCN(C)C)c3ccccc3Sc2cc1,342.65
4533,C=CC(=O)N1CCOCC1,265.15
21506,NC(=O)C(C)(C)n2nnc1ccccc12,460.15
11037,O=C1CCC2(C)C(CCC3C4CCC(O)(CCc5ccccc5)C4(C)CCC32)C1,450.15
8611,C(CNCCNCCN)N,238.15
17158,BrCCCCCCCCCCCCCCC,292.15
9231,[P+]1([O-])(Oc2ccccc2C2C1(C(=O)OCC)C1c3ccccc3O[P+]([O-])(OCC)C21C(=O)OCC)OCC,491.15
7530,COC(=O)c1ccc(c(c1)Br)O,382.15
14530,O=C1C=C(C)C(=O)C(C)=C1,343.15
7040,CCOC(=O)c1coc(n1)N,399.15
11541,O=C(OCCc1ccc(cc1)CCOC(=O)C)C,338.15
14649,[O-][N+](=O)CCC(=O)O,337.15
12487,O=C(OC1C2OCC(O2)C(OC(=O)C)C1OC(=O)C)C,383.15
3661,c1c(c(c(c(c1F)F)Br)F)C(=O)O,396.15
14770,O=C1c3ccccc3Oc2ccccc12,448.15
160,c1c(cn[nH]1)C(=O)O,555.15
5426,CCCCc1ccc(cc1)C(=O)O,380.15
12240,O=[N+]([O-])c1cc([N+](=O)[O-])cc(c1)C(=O)NCCc1[nH0]cccc1,393.15
20591,Clc2ccc(C(CCC)Cn1cncn1)c(Cl)c2,331.65
2379,c1cc(ncc1I)Cl,370.15
13559,COc1cc(O)ccc1OC,356.15
11149,O=C(OC1CC(C)CCC1C(C)C)C(c1ccccc1)C(=O)c1ccccc1,388.15
682,c1ccc2c(c1)CC=C2CCC3=CCc4c3cccc4,396.15
111,Cn1cncc1C=O,328.15
5652,COc1cc2c(cc1OC)C(=O)CC2,392.15
21533,ClCCN(CCCl)c1ccc(cc1)CC(=O)Oc5cc6CCC4C(CCC3(C)C4CCC3OC(=O)Cc2ccc(cc2)N(CCCl)CCCl)c6cc5,325.65
5816,c1cc(c(nc1)F)c2ccc(cn2)Cl,373.15
150,c1c(cc(cc1[N+](=O)[O-])I)[N+](=O)[O-],374.15
7324,c1ccc2c(c1)CCN2,252.15
19721,O=C(C(C)C)c1ccccc1,271.85
5625,Cc1ccc(cc1)c2[nH]nnn2,524.15
9254,O=[N+]([O-])c1ccc(NN=CC=2CCCCC=2C#Cc2ccccc2)c([N+](=O)[O-])c1,472.15
3411,c1c(cnc(c1Cl)F)Cl,315.15
16287,O=C(NN)c1ccc(Br)cc1,439.15
13102,CC(C)(Cl)Cl,239.15
3977,c1c(c(c(c(c1Br)O)Br)C=O)Br,394.15
9303,Clc1ccccc1C=N[nH0]1c(S)[nH0][nH0]c1CC[nH0]1c2ccccc2[nH0]c1C,523.15
12622,Clc1ccc(C[nH0]2[nH0]c(c3ccccc23)C(=O)O)c(Cl)c1,480.15
7393,Cc1ccnc2c1cccc2,283.15
13619,CCCCCCc1ccccc1,212.15
19468,OS(=O)(=O)c1ccc(NN)cc1,559.15
15080,c1ccc2ccc3cccc4ccc1c2c34,423.15
15835,O=C(O)CCC(=O)O[C@@H]4CC[C@@]3(C)[C@@H]5C(=O)C=C1[C@@](C)(CC[C@]2(C)CC[C@](C)(C[C@@H]12)C(=O)O)[C@]5(C)CC[C@@H]3C4(C)C,565.65
19869,c1ccccc1[SiH](c2ccccc2)c3ccccc3,315.54999999999995
4315,CS(=O)(=O)c1ccc(cc1)CC(=O)O,409.15
11253,Brc1cccc2cc(ccc12)CN,385.15
14316,FC(F)(F)C(=O)C(F)(F)F,144.14999999999998
9189,O=C1N(c2ccccc2)c2ccccc2C(O)=C1C(=NCCc1[nH0]cccc1)C,493.15
2661,B(c1ccc(c(c1)F)c2ccccc2)(O)O,519.15
5702,c1cc(sc1)c2cc([nH]n2)N,374.15
21064,O=C2CC(CC(=O)c1cc(C)cc(C)c1O)CC(=O)N2,474.15
7020,CCOC(=O)C1SCCCS1,293.15
17691,FC(F)(F)c1cc(Br)ccc1,274.15
8827,CC(COc1ccccc1)NC(C)C(O)c2ccc(O)cc2,376.15
3788,c1cc(c(cc1C=O)Cl)F,300.15
9278,O=[N+]([O-])c1cc(ccc1C=NNc1ccccc1)C=NNc1ccccc1,458.15
13954,CC(C)c1ccc(Br)cc1,251.15
10089,O=[N+]([O-])c1oc(cc1)C(=O)NN,444.15
6259,COc1cccc2c1CC(CC2)C(=O)O,415.15
13019,CC(=O)CC(C)=O,250.15
7599,Cc1cc(ccc1I)C(=O)OC,334.15
12227,O=C(O)C1(C(=O)O)C2CCCCCCC21,490.15
23358,O=Cc1ccc(C)cc1,267.15
5942,COc1cc(cc(c1O)I)C=O,456.15
21173,O=C(O)CCC(C)C2CCC3C4CCC1CCCCC1(C)C4CCC23C,436.65
18462,O=C2CC4OCC=C7CN5CC[C@]36c1ccccc1N2C3[C@H]4[C@H]7C[C@H]56,560.15
20933,CC(C)CS(=O)(=O)CC(C)C,290.15
13775,COC(=O)c1ccc(cc1)C(C)=O,368.15
7334,CC(C)COC(=O)C=C,212.15
22172,Fc1c(cc(F)c(F)c1F)C(=O)N(NC(=O)c2ccccc2)C(C)(C)C,431.65
15184,OC(C(=O)OCC#CCN(CC)CC)(c1ccccc1)C2CCCCC2,402.65
6220,COCc1cc(=O)oc2c1ccc(c2)O,400.15
16723,CN1CCN(CC1)C2=Nc4ccccc4Cc3ccccc23,410.15
12814,Clc1ccccc1C(O)(CCN(C)C)c1ccccc1,393.15
23302,O=C3N(C(=O)CCC3N2C(=O)c1ccccc1C2=O)C,432.15
3651,COc1ccc(cc1OCc2ccccc2)C=O,335.15
7411,C(=CC(=O)O)C(=O)O,407.15
3684,c1cc(c(cc1/C=C/C(=O)O)Br)F,467.15
17703,Fc1ccc(N)cc1,272.35
17567,IC(I)(I)I,444.15
2481,c1cc(c(nc1)Cl)C(=O)Cl,313.15
15645,Fc1ccc(cc1)C(=O)CCCN2CCC(O)(CC2)c3ccc(Cl)cc3,424.65
10943,O=[N+]([O-])c1ccccc1C(C#N)=C(OC)C,341.15
6903,COC(=O)c1ccccc1C(=O)OC,278.15
13976,O=S(=O)(OCC)c1ccc(C)cc1,307.15
19828,Cc1c(F)c(F)c(C(=O)O)c(F)c1F,447.15
7532,COC(=O)c1cc(cc(c1)Br)O,406.15
10562,Clc1ccc(cc1)C(O)C1C(=O)N(N=C1C(F)(F)F)c1ccccc1,441.15
15705,Oc2c(Sc1cc(Cl)cc(Cl)c1O)cc(Cl)cc2Cl,461.15
1602,c1cc(c(cc1Cl)CO)Cl,351.15
15306,Nc1scc(n1)/C(=NOCC(=O)O)C(=O)N[C@@H]3C(=O)N2C(=C(C=C)CS[C@@H]23)C(=O)O,494.65
11476,BrCC(=O)c1cc(cc(c1)C(=O)CBr)C(=O)CBr,384.15
16719,O=S(=O)(Nc1nc(nc(CC)n1)CC)c2ccc(N)cc2,460.15
16792,O=P(O)(c1ccccc1)c2ccccc2,467.15
13608,Clc1cccc(Cl)c1N,313.15
11575,O=C(O[nH0]1c2ccc(OC(=O)C)cc2c(OC(=O)C)c1c1ccccc1)C,468.15
12507,P(CCCP(c1ccccc1)c1ccccc1)(c1ccccc1)c1ccccc1,333.15
22865,O=C2[C@]1(CC[C@H]3[C@H]([C@@H]1CC2)CC[C@H]4[C@]3(C)CC[C@H](O)[C@H]4O)C,494.15
7121,CCOC(=O)c1cnn(c1N)c2ccccc2,373.15
21446,OB(O)c1ccccc1C,439.65
14149,O=C(C)Oc1cccc(I)c1,311.15
10870,O=C1Cc2c1c(OC)ccc2OC,378.15
10915,O=[N+]([O-])c1ccc(cc1)C1OC(=O)c2ccccc2C1,457.15
20994,O=C(Nc2ccccc2c1ccc(Cl)cc1)c3cccnc3Cl,416.45
7068,CCOC(=O)c1cccc(c1)N,302.15
18377,OC(OCC(COC(O)C(Cl)(Cl)Cl)(COC(O)C(Cl)(Cl)Cl)COC(O)C(Cl)(Cl)Cl)C(Cl)(Cl)Cl,326.15
20603,Cn1ncc(C(=O)OCC)c1S(=O)(=O)NC(=O)Nc2nc(OC)cc(OC)n2,454.65
10711,N#CC=1c2ccccc2CC=1C,343.15
17232,CC(=O)N1CCCCC1,259.75
13300,O=Cc1ccccc1C#N,381.15
15551,Oc1ccccc1CC=C,267.15
84,CCCCCCCCCCCCCCCCC=C,289.15
15017,CC(CC)=NO,243.65
3851,c1cc(cc(c1)Cl)CS(=O)(=O)Cl,344.15
9733,O=C(C=COC(=O)c1ccccc1)CCc1ccccc1,373.15
14395,O=C(O)CCCCCCCCCCCO,359.65
11072,o1c2CCC(C)(c3cc(oc3c2c2cc(C)ccc12)C)c1ccccc1,392.15
3607,COc1ccc(cc1N)C(=O)Nc2ccccc2,428.15
18717,OC1C(O)C(O)COC1(O)CO,407.65
6153,COc1ccc2c(c1)cccn2,292.15
21283,Fc1c(C(=O)O)c(F)c(F)cc1F,424.15
1320,Cc1cc2ccccc2cc1C,378.15
16934,O=C(CCCCCCC)OCCCCCC,242.55
16134,CC(=O)OCC(=O)C54N=C(C)OC5CC3C2CCC1=CC(=O)C=CC1(C)C2C(O)CC34C,529.15
5380,Cc1ccc(cc1[N+](=O)[O-])C(=O)N,439.15
5817,c1cc(c(cc1Cl)C(=O)N)F,409.15
9163,O=C(Nc1ccc(N=Nc2ccc([N+]([O-])=Nc3ccc(NC(=O)C)cc3)cc2)cc1)C,590.15
14403,C=C(Cl)F,104.14999999999998
6115,B(c1ccc(nc1)Cl)(O)O,429.15
16368,CC1CCOS(=O)O1,278.15
14811,Nc1ccc(cc1)c2ccc(N)cc2,401.15
1143,CC(C)(CCC(=O)O)C(=O)O,357.15
551,CC(C)(C)c1cccc(c1)C(C)(C)C,283.15
20521,CC(C)C(CC)CCC(C)C1CCC2C3CC=C4CC(O)CCC4(C)C3CCC12C,413.15
17827,NCCCCCCNCCCCCCN,306.15
22891,O=C(\C=C\c2ccc1c(cccc1)c2)\C=C\c2ccc1c(cccc1)c2,516.65
15333,OCC(=O)[C@]45OC(C)(C)O[C@@H]5C[C@@H]3[C@]4(C)C[C@H](O)[C@H]2[C@H]3C[C@H](F)C1=CC(=O)C=C[C@@]12C,518.15
13587,O=[N+]([O-])c1ccc(Cl)cc1,357.15
149,c1cc(cc(c1)I)[N+](=O)[O-],310.15
3069,CCCCCCCCCCCC(=O)C,303.15
94,CCCCc1ccc(cc1)C#Cc2ccc(cc2)OCC,327.15
7625,CC(=O)OC,175.14999999999998
15211,O=C3C=C4C(=C)C[C@@H]1[C@H](CC[C@]2(C)C(=O)CC[C@@H]12)[C@@]4(C)C=C3,428.28
9808,O=C(OCC)C(C=Cc1cccc(c1)C=CC(C(=O)OCC)C(=O)OCC)C(=O)OCC,374.15
914,CC1(C2(CCC1(OC2=O)C(=O)O)C)C,473.15
11832,S1CN(C[nH0]2c1[nH0][nH0]c2c1ccc([N+](=O)[O-])cc1)c1ccccc1[N+](=O)[O-],457.15
21090,COc1ccc(cc1)C(C)C(=O)O,372.15
12302,O=C(OC1CCC2(C)C(CCC3C4CCC(C(C)CCC(=O)OC)C4(C)C(OC(=O)C)CC32)C1)C,389.15
16981,O=C1SC(=NN1CSP(=S)(OC)OC)OC,312.15
1496,c1cc(c(cc1F)F)C(C(=O)O)O,396.15
22410,Fc1ccccc1OC,234.15
8395,C(CCCCC(=O)Cl)CCCC(=O)Cl,268.15
10316,O=C1N(CCOCC(=O)O)C(=O)c2ccccc21,401.15
4885,c1cc(c(cc1C(=O)O)C(F)(F)F)Cl,437.15
18262,O=[N+]([O-])c1cc(Cl)cc(c1O)[N+]([O-])=O,354.15
11974,Clc1ccc(OCC(=O)Nc2ccc3[nH0]c(sc3c2)SCCCCCC)c(Cl)c1,378.15
11051,S1C(=CC(=Nc2ccc(N(C)C)cc2)C=C1c1ccccc1)c1ccccc1,438.15
7873,CC(=O)NCCN,320.15
11995,O=[N+]([O-])c1ccc(C=Cc2ccc(O)c(OC)c2)c([N+](=O)[O-])c1,464.15
10520,s1cccc1C(=O)C=1SC(=NC(=O)c2ccccc2)N(N=1)c1ccccc1[N+](=O)[O-],512.15
13238,Nc1ccc(Cl)cc1,343.15
13914,O=C(C)Oc1cc(ccc1)C(=O)OC,302.15
12936,CCCC(N)=O,389.15
4901,c1cc(c(cc1/C=C/C(=O)O)F)Cl,516.15
11074,Clc1ccc2oc3CCC(C)(c4cc(oc4c3c2c1)C)c1ccccc1,401.15
21829,O=C(C(C)=NO)c1ccccc1,387.15
12850,O=C(O)c1ccccc1,395.15
7284,CCCCCC(=O)N,374.15
5568,CC(C)(C)c1ccc(cc1)C(=O)CCCCl,321.15
1967,c1ccc(cc1)c2csc(n2)N,423.15
18429,C[C@H](C)[C@H](N)C(=O)O,588.15
9942,OC1CCC2(C)C3CCC4(C)CCCCC4(C)C3CCC12C,440.15
23372,C1=CC=C(C=C1)C2=CC=C(C=C2)Cl,351.15
1634,c1cc(ncc1I)I,428.15
8710,CC(=O)OC=C,173.14999999999998
7402,C[C@@H]1CC[C@H]([C@@H](C1)O)C(C)C,317.15
14774,CC3c1ccccc1c2ccccc23,319.65
22351,ClC=C(Cl)Cl,188.45
22651,[O-][N+](=O)c2c1cnn(c1ccc2)[C@@H]3O[C@@H]([C@@H](O)C3)CO,413.0
622,CC(C)c1cc(cc(c1)C(C)C)C(C)C,266.15
6246,C(CCCC(=O)O)CCCN,468.15
926,c1ccc(c(c1)c2[nH]c3ccccc3n2)N,487.15
11097,Brc1ccccc1C(c1oc(C)cc1)c1oc(C)cc1,330.15
13435,N#CCc1cccc(c1)C#N,360.15
18470,C1CN1p2(np(np(n2)(N3CC3)N4CC4)(N5CC5)N6CC6)N7CC7,420.65
8822,CC(C)Cc1ccc(cc1)C(C)C(O)=O,348.15
18027,Clc1ccccn1,226.65
1332,CC1(O[C@H]([C@@H](O1)CO)CO)C,320.15
5149,c1ccc(cc1)C(=O)c2ccc(cc2)F,320.15
22659,O=C2N(c1ccccc1)C(=O)[C@@]3(Cl)C(=C[C@@]23Cl)c4ccccc4,425.0
2688,c1c(cnc(c1[N+](=O)[O-])O)[N+](=O)[O-],451.15
1714,Cc1cc(nc(c1C#N)Cl)Cl,383.15
16118,CCP(CC)CC,185.15
2059,c1ccc2c(c1)nc(s2)CC#N,374.15
11860,S1c2[nH0][nH0]c([nH0]2NC1c1ccccc1O)c1ccc([N+](=O)[O-])cc1,468.15
19365,O=C(NC)c1cccnc1,376.65
3855,CCC(=O)c1cccc(c1)Cl,319.15
19114,Clc2cc(Cl)ccc2Oc1ccc(OC(C)C(=O)OC)cc1,313.15
8122,c1ccc(cc1)N2C(=O)C=CC2=O,362.15
7518,CC(C)(C)c1cc(cc(c1O)C(C)(C)C)C(=O)OC,438.15
15381,O=C(O)CC[C@@H](C)[C@H]4CC[C@@H]1[C@]4(C)CC[C@@H]2[C@@]3(C)CC[C@@H](O)C[C@H]3C[C@H](O)[C@@H]12,476.15
7580,COC(=O)c1c(c(cs1)Br)O,353.15
22280,O=C(OC)NN=Cc2c[n+]([O-])c1ccccc1[n+]2[O-],513.15
16696,Clc1cccc2cccc(Cl)c12,362.15
7845,CN(C)C=O,212.15
22327,CC54CCC2C(CCc3cc(OC1CCCC1)ccc23)C5CC(O)C4O,372.15
2818,COc1cc(ccc1C#N)[N+](=O)[O-],452.15
11038,O=C(OC1CCC2(C)C(CCC3C4CCC(O)(CCc5ccccc5)C4(C)CCC32)C1)C,411.15
950,c1cscc1C2CNCCN2,371.15
5362,Cc1c(sc(n1)c2ccccn2)C(=O)O,499.15
11342,O(C)C=1N=C2C=C(NC)CC=C2C=1,438.15
17670,FC(F)(F)c1ccc(N)cc1,311.15
20290,O=C(O)C(C)(C)S,320.15
17477,O=C1C=CC(=O)N1,367.15
16185,ClP(Cl)(Cl)=O,274.4
6385,COc1ccc(cc1)C(C(=O)c2ccc(cc2)OC)O,385.15
1639,B(c1cc(ccc1OC)OC)(O)O,366.15
5200,Cc1cc(cc(c1O)C)C(=O)O,497.15
9948,O=C(C)C1CCC2(C)C3CCC4(C)C(CCC4O)C3CCC2(C)C1,425.15
11132,O=C1ON(C=C1c1ccccc1)c1ccccc1,448.15
6451,c1ccc(cc1)C(=O)C(c2ccccc2)(c3ccccc3)c4ccccc4,455.15
8477,C[SiH](C)O[Si](O[SiH](C)C)(O[SiH](C)C)O[SiH](C)C,213.15
12593,ClCc1c(C)c(C)c(C)c(C)c1C,355.15
20887,CC(C)(C)C(=O)CC,228.15
14695,Oc1cc(C)c(Cl)cc1C(C)C,332.15
13366,O=C(N)c1ccccc1N,381.15
13574,CC(C)C1CCC(C)CC1O,318.15
7316,c1ccc2c(c1)c(c[nH]2)CCC(=O)O,407.15
1965,Cc1csc(c1C(=O)N)N,447.15
21886,OCC(=O)[C@@]54OC(C)(C)O[C@@H]5CC3C2CCC1=CC(=O)C=CC1(C)[C@@]2(F)C(O)CC34C,566.15
20431,CC(C)(C)C(=O)CCl,260.15
20483,ClC(Cl)=C/C2C(C(=O)OCc1c(F)c(F)cc(F)c1F)C2(C)C,305.15
2025,COc1ccc(c(n1)N)[N+](=O)[O-],444.15
20922,Cl[Si](Cl)(OCC)OCC,143.14999999999998
4963,c1cc(ccc1C(=O)CC#N)Cl,403.15
4127,c1c(cc(cc1N)[N+](=O)[O-])C(F)(F)F,352.15
20954,Brc2c(c1c(Br)c(Br)cc(Br)c1Br)c(Br)c(Br)cc2Br,498.15
7681,Cc1ccc(cc1)S(=O)(=O)OC,299.15
2928,Cc1nc2cc3ccccc3cc2o1,360.15
12981,C=C(C)C(C)CC,139.14999999999998
1790,c1c(cc(c(c1I)O)I)[N+](=O)[O-],426.15
6954,c1ccc(cc1)OC(=O)c2ccc(cc2)C(=O)Oc3ccccc3,470.15
9618,Clc1ccc(cc1)c1[nH0]c(sc1)C(C#N)=Cc1sccc1,444.15
16069,Clc1cc(Br)cc(Cl)c1,356.15
18402,FC(F)(F)C(Cl)(F)F,173.74999999999997
7026,CCOC(=O)c1c(nc(s1)c2cccc(c2)N)C,357.15
18399,OC(O)(C(=O)O)C(O)(O)C(O)=O,387.65
6707,C1CCC(CC1)N,255.15
10153,O=[N+]([O-])c1cccc(c1)C1NC(=O)NC(C)=C1C(=O)OCC,501.15
1593,CC(=O)c1cc(ccc1Cl)Cl,285.15
4383,C(C(=O)O)C(C(F)(F)F)(C(F)(F)F)O,360.15
7527,C/C(=C/C(=O)OC)/N,356.15
700,C(CCO)CC(CO)O,253.15
17539,CC=1C(=O)C=CC(=O)C=1C,328.15
20044,Nc2nccc1ccccc12,377.15
21621,O=C(O)CCCCCCCC=CC=CC=CCCCC,344.65
4029,c1cc(cc(c1)I)C(=O)Cl,297.15
764,C(=C(Cl)Cl)(C(F)(F)F)Cl,159.14999999999998
11770,OC1CCC2(C)C(CCC3C4CCC(O)(CCc5ccccc5)C4(C)CCC32)C1,425.15
19288,BrC(Br)(Br)CBr,273.15
4342,c1cc(ccc1N=C=O)OC(F)(F)F,244.15
758,B(c1cc(cc(c1)c2ccccc2)c3ccccc3)(O)O,567.15
21312,O=C(O)CC1(C)CCC3(O1)C(C)=CCC2C(C)(C)CCCC23C,373.65
15692,Nc3cccc1c3CN(C)CC1c2ccccc2,453.15
22004,CCN(CC)C(=O)COC(=O)c1ccccc1,345.65
22067,O=C(OCC)Nc1ccc2nn(nc2c1)C3CCCC3,394.65
38,Cc1c2ccccc2ccn1,283.15
3613,Cc1ccncc1N,377.15
5274,CC(C)Cc1ccc(cc1)C(C)C(=O)O,350.15
13770,O=C(OCCCC)c1ccccc1,261.15
7203,CCOC(=O)C1c2ccccc2Oc3c1cccc3,340.15
2894,Cc1ccc(s1)c2ccccc2,321.15
5046,CN(C)c1ccc(cc1)C(=O)c2ccccc2,362.15
14525,Brc1cc(cc(Br)c1N)[N+]([O-])=O,480.15
17851,NCCN1CCNCC1,254.15
21547,C/C(C)=N/N(C)P(=O)(N1CC1)N2CC2,365.65
10545,FC(F)(F)C=1[nH0]2[nH0]c(N)c(N=Nc3ccc(OC)cc3)c2N=C(C)C=1,432.15
15301,Clc1cccc(c1Cl)c2nnc(N)nc2N,490.15
23330,Cc1cc(c(C)n1c1ccc(cc1)F)C(=NCC(=N)O)O,467.15
18926,OC(=O)C(N)CSCC(O)=O,479.15
7572,CC(=O)c1ccc(cc1)C(=O)OC,359.15
6301,c1cc2cccc3c2c(c1)CC3,367.15
2807,C1CSC(=S)N1,378.15
18806,NC1CCCCCCC1,225.15
17699,CCCCCCF,170.14999999999998
11180,S=C(OCC1(C)CCC(C)C1(C)C)Nc1ccccc1,374.15
8972,NS(=O)(=O)c1ccc(cc1)N2CCCCS2(=O)=O,453.15
9757,O=C1C(=CC(C)(C=C2C(=O)C3(C)CCC2C3(C)C)C(=O)OCC)C2CCC1(C)C2(C)C,391.15
22354,C=CCOCC=C,267.15
15572,CC=1CCCC(C)(C)C=1/C=CC(C)=CC=CC(/C)=CCO,336.65
252,CC(C)CCl,142.14999999999998
17712,ClC=C(/F)F,134.64999999999998
5082,B(c1ccc(cc1C(F)(F)F)F)(O)O,458.15
511,C[Si](C)(C)C#Cc1ccc(cc1)C#C[Si](C)(C)C,393.15
18161,OC(=O)c1cc(ccc1O)[N+]([O-])=O,502.65
10697,ClC1c2ccccc2C1=O,340.15
13577,Oc1cc(C)c(Cl)c(C)c1,388.15
3333,COc1ccc(cc1OC)C#N,340.15
21216,FC(F)(C(F)(F)C(F)(F)F)C(F)(F)C(F)(F)C(F)(F)C(F)(F)C(F)(F)C(F)(F)F,257.15
9525,[nH0]1[nH0]c([nH0]c(c1)c1[nH0]c([nH0][nH0]c1)N(C)C)N(C)C,497.15
15890,NC2=Nc1c(ncn1COCCO)C(=O)N2,538.15
9545,O=C1NC(=O)C(=NNc2ccccc2C)C(=O)N1,538.15
21133,OC1C(O)C(CO)SC(O)C1O,408.65
750,C(CCCCCCBr)CCCCCBr,313.15
11480,O=C(C=Nc1ccccc1)c1ccc(cc1)C(=O)C=Nc1ccccc1,428.15
12189,O=[N+]([O-])c1ccc(cc1)C1NC(=O)NC(C)=C1C(=O)OCC,481.15
2348,Cc1ccc(c(c1)Cl)N,280.15
6074,Cc1ccc2cc(ccc2n1)Br,376.15
17873,Nc1cc(ccc1)N2C=CC=CC2=O,456.15
22735,Clc1nc(SC)nc(Cl)c1c2ccccc2,387.0
19396,C=Cc1ccc(C=C)cc1,304.15
13848,COc1cc(ccc1OC)[N+]([O-])=O,370.15
12776,Clc1cc(c(OC)cc1N)C(=O)NCCN(CC)CC,420.15
6940,CCCC(CCC)(C(=O)O)C(=O)O,428.15
17017,[O-][N+](=O)c1cccc2ccc(C)nc12,413.15
9300,O=C(N)NN=C(C)c1ccc(C)cc1,477.15
14720,O=[N+]([O-])c1ccc(COC(Cl)=O)cc1,306.15
9383,O=C(O)CC(C)CCC(=NO)C(C)C,460.15
15723,Nc1nc(C)ncc1CO,471.15
2390,c1cc(c(cc1[N+](=O)[O-])C(F)(F)F)Cl,295.15
20465,OC(Cn1cncn1)(CCc2ccc(Cl)cc2)C(C)(C)C,375.55
9109,S(C)C=1[nH0]2[nH0]c(N)c(N=Nc3cccc(c3)C(F)(F)F)c2N=C(N)C=1C#N,567.15
17989,ClCCOCOCCCl,241.15
20373,CCCCCCC(=O)CCCCC,283.15
5297,Cc1cc(ccc1N)OC,287.15
10669,O=[N+]([O-])c1ccc2OC3(N(Cc4ccccc4)c4ccccc4C3(C)C)C=Cc2c1,432.15
15044,COP(=S)(OC)SCC(=O)NC,324.65
662,C(CCl)Cl,238.15
8882,Clc4ccc(C(Cn1ccnc1)OCc2csc3c(Cl)cccc23)c(Cl)c4,419.15
6817,CCOC(=O)C(C(=O)OCC)NC(=O)C,371.15
19072,Clc1cc2Oc3c(Cl)c(Cl)c(Cl)c(Cl)c3Oc2cc1Cl,546.15
3467,c1c(cc(cc1O)O)C=O,433.15
18113,Nc2ccc(Cc1ccc(N)c(Cl)c1)cc2Cl,383.15
19570,FC(F)(C(F)(F)C(F)(F)I)C(F)(F)F,205.15
15494,Cc1c(C)c(/C=CC(C)=CC=CC(/C)=CC(=O)O)c(C)cc1OC,502.15
5468,c1ccc(cc1)C(=O)c2ccc(cc2)[N+](=O)[O-],410.15
3781,c1cc(c(cc1N)Cl)OC(F)(F)F,303.15
10722,O=C(CC1(O)Cc2ccccc21)c1ccccc1,356.15
429,C(CCCC#N)CCC#N,270.15
7680,Cc1ccc(cc1)C(=O)OC,307.15
15028,O=C(N[N+]([O-])=O)c1ccccc1,416.15
14771,c1ccc2Oc3ccccc3Cc2c1,374.15
9845,Brc1ccc(NN=C2C(=O)NC(=O)NC2=O)cc1,568.15
4881,c1cc(c(cc1C#N)OC(F)(F)F)Cl,310.15
19023,O=C(O)CCCCCCC#C,292.15
5143,c1cc(ccc1C(=O)N)F,429.15
13297,N#CCc1ccc(C)cc1,291.15
13169,CC(C)C(C)(C)Cl,263.15
1226,c1cc(c(c(c1F)CO)F)F,319.15
12111,O=[N+]([O-])c1ccc(cc1)c1oc(cc1)C=C1C(=O)OC(OC1=O)(C)C,494.15
10953,O=C(OC)C1Nc2ccccc2C1(C)C,442.15
9659,FC(F)(F)c1[nH0][nH0]2c([nH0]1)NC(C(C#N)=C2N)c1occc1,533.15
903,C(COCC(=O)O)N,451.15
7588,CN(C)c1ccc(cc1)C(=O)OC,373.15
8323,Cc1ccc(cc1)C,285.15
22235,Clc1cc(Cl)ccc1C(/OP(=O)(OC)OC)=CCl,342.65
2493,c1cc[n+](c(c1)Cl)[O-],342.15
85,CCCCCCCCCCCCCCCCCCO,331.15
18480,OC(=O)c1c(Cl)cc(Cl)cc1Cl,435.15
2991,COC(=O)c1ccc(c(c1)[N+](=O)[O-])C(=O)O,407.15
15049,O=C1CCCCCCCCCCCCCCCO1,306.65
21373,OCC=C/CO,277.15
3079,c1cc(cc(c1)c2[nH]nnn2)CO,482.15
21031,CC4(C)CCC5(C)CCC3(C)C(=CCC2C3(C)CCC1C2(C)CCC(O)C1(C)C)C5C4,470.15
6389,c1ccc(c(c1)C(=O)O)N,420.15
22365,CC(=O)OCCBr,259.35
3016,CC(C(=O)O)Oc1ccccc1,391.15
21227,CC(C)(O)C1CCC(C)C=2CCC(C)C=2C1,364.15
18478,COc1c(cc(cc1OC)C(=O)OCCCN(C)CCN(C)CCCOC(=O)c2cc(OC)c(OC)c(OC)c2)OC,349.15
20816,Nc1cc(C)cc2cccnc12,346.15
4988,CCC(=O)c1ccc(cc1)Cl,308.15
1653,CC(=CC=C(C)C(=O)O)C(=O)O,494.15
16201,[N-]=[N+]=N,193.15
1532,B(c1ccc(cc1C)C)(O)O,479.15
9144,S=C(Nc1ccc(OC)cc1)c1cc(c(O)c(c1)C(C)(C)C)C(C)(C)C,402.15
18737,N/C(N)=N/c1nc(CSCCC(/N)=N/S(N)(=O)=O)cs1,436.65
14040,Clc1cc(Cl)c(Cl)cc1Cl,413.15
343,c1ccc(cc1)COc2ccc(cc2)I,335.15
20553,Oc1ccc(C)cc1C(=O)OC,272.15
8191,c1ccc2c(c1)CC(=O)N2,399.15
19654,O=C1NC(=O)NC(=O)C1(CC(Br)=C)CC=C,441.65
17023,N#CC(C#N)=C(/N)CC#N,444.65
1982,c1c(cnc(c1I)N)Cl,370.15
19824,Fc1c(c(c(F)c(F)c1F)C(=O)O)C(=O)O,436.15
3685,CCC(=O)c1ccc(c(c1)Br)F,335.15
8359,c1ccc2c(c1)cncn2,320.15
10347,Oc1ccc2CC3(CCC(CC3)c3ccc(cc3)C(C)(C)C)Cc2c1,404.15
6926,CCCCCCCCCCNCCCCCCCCCC,310.15
23110,O=C1NC(=O)NC(=O)C1,521.15
22939,C1=CC=C2C(=C1)C=CC3=CC4=C(C=CC5=CC=CC=C54)C=C32,539.15
11866,S1c2[nH0][nH0]c([nH0]2NC1c1ccccc1O)c1cccc([N+](=O)[O-])c1,483.15
753,C(CCCCCS)CCCCS,290.15
18958,C#N,259.75
4063,CC(=C=C)C,159.14999999999998
7983,C[C@@H](C(=O)O)N(C)C(=O)OC(C)(C)C,363.15
15131,CO[SiH](OC)OC,158.14999999999998
21264,C=CC(=O)OC1CC2CCC1(C)C2(C)C,370.15
23061,Clc2ccc(\C(=C(/Cl)Cl)c1ccc(Cl)cc1)cc2,362.15
18688,OC(C(C)N1CCC(CC1)Cc2ccccc2)c3ccc(O)cc3,387.15
11574,O=[N+]([O-])c1ccccc1C(O)C(O)c1ccccc1,373.15
15978,COc1nc(NCC)nc(NC(C)CC)n1,360.15
4244,CC(=O)Nc1ccc(cc1)c2csc(n2)N,523.15
2438,C(C(=O)N)Cl,391.15
10734,O(C)c1ccc2c(CC2C#N)c1C,353.15
2069,c1ccc(cc1)CC2CCCCC2=O,302.15
15677,O=C1NC(=O)NC(=O)C1(CC)c2ccccc2,447.15
5224,c1ccc(cc1)C(=O)c2ccc(cc2)O,407.15
2175,c1cc(c(cc1[N+](=O)[O-])C(F)(F)F)Br,316.15
5083,c1cc(c(cc1F)C(F)(F)F)S(=O)(=O)N,440.15
4105,CC(CC(=O)O)CC(=O)O,359.15
9014,O=C1C2=C(C(=O)C(O)=C1C(C)C)C1(C)CCCC(C)(C)C1CC2O,447.15
3550,c1ccc(cc1)c2c3cc(ccc3c4ccc(cc4n2)N)N,470.15
4353,c1cc(ccc1C(=O)NN)C(F)(F)F,392.15
18419,C1CC1,145.74999999999997
23101,O=C(N)CC(N)C(=O)O,507.65
22429,OC=1c4ccccc4OC(=O)C=1C(C)C2=C(O)c3ccccc3OC2=O,451.15
21579,Oc1ccc(cc1OC)C=CC=O,357.15
14700,Fc1ccc(O)cc1,318.65
6402,c1ccc2c(c1)ccc3c2C(=O)c4ccccc4C3=O,443.15
1354,C[Si]1(O[Si](O[Si](O[Si](O1)(C)C=C)(C)C=C)(C)C=C)C=C,230.15
7457,COC(=O)c1cc(ccc1O)O,360.15
9755,O=C1C(=CC(C=C2C(=O)C3(C)CCC2C3(C)C)(CCCC)C(=O)OCC)C2CCC1(C)C2(C)C,448.15
7744,c1ccc2c(c1)C(=O)N(C2=O)CCO,401.15
17110,CC1=CC(C)=CC(=O)O1,324.65
16444,CC(c1ccc(Cl)cc1)c2ccc(Cl)cc2,329.15
1099,CC(C)C(C(C)(C)CO)O,325.15
22751,O=C(Nc1ccccc1C(=O)OC)CCC(=O)O,398.0
1083,C(=O)(C(F)(F)F)N,346.15
3604,c1cc(c(cc1C(=O)NN)N)O,524.15
12898,C#CCCCC,141.14999999999998
10376,S=C1N=C(N=C2SC(=NN21)C(F)(F)F)c1ccccc1,495.15
12081,Brc1ccccc1c1oc(cc1)C=C(C#N)C(=O)OCC,397.15
991,c1cc2cccc(c2c(c1)SCC(=O)O)Cl,429.15
1887,C=CCc1ccccc1O,267.15
16142,NC(=O)C1CCN(CC1)CCCN2c4ccccc4Sc3ccc(cc23)S(C)(=O)=O,443.65
9296,ON=Cc1ccc2ccccc2c1,442.15
19165,Brc2cc(c1cc(Br)c(Br)cc1Br)c(Br)cc2Br,345.15
6443,c1cc2c(cc1C(=O)O)no[n+]2[O-],401.15
13236,Nc1cc(Cl)ccc1,263.15
12209,O=C1CCC2(C)C(C1)CC(OC(=O)C)C1C3CCC(C(C)CCC(=O)OC)C3(C)C(=O)CC12,439.15
9532,O=C1C(=C2Nc3ccccc3C=C2)C(=O)C(=C1C(=O)OC)C(=O)OC,636.15
14544,CN(C)c2ccc(/N=N/c1ccccc1C(=O)O)cc2,453.65
19707,CCN(CC)c1ccccc1C,213.15
21004,O=CC(O)C(O)C(O)C(O)COC1OC(CO)C(O)C(O)C1O,357.15
5489,c1cc(ccc1[N+](=O)[O-])OC(=O)CCl,367.15
13463,O=C(N)c1ccc(C#N)cc1,497.15
17785,c1c3ccccc3nc2ccccc12,381.15
8138,CC(=O)NC(C)(C)C,370.15
14542,O=C(N)OCC(C)(COC(=O)N)CCC,378.15
19864,c1cc(ccc1)C2OCCCO2,314.15
15410,N[C@@H](CCCNC(N)=O)C(=O)O,487.15
7575,COC(=O)c1ccc(c(c1)O)N,393.15
4051,CC(=O)c1cccc(c1)OC,266.15
5007,CCCCCCCc1ccc(cc1)c2ccc(cc2)C#N,304.15
13597,SCc1ccc(Cl)cc1,292.15
19831,Nc1ccc(N=O)cc1,446.65
7789,c1ccc2c(c1)C(=O)N(C2=O)CBr,420.15
22177,Fc1c(c(F)c(F)c(F)c1F)C(=O)N(NC(=O)c2ccccc2)C(C)(C)C,473.65
8726,CC(=O)Nc1ccc(cc1)S(=O)(=O)c2ccc(NC(C)=O)cc2,562.15
19805,Clc1cccc2ncccc12,318.15
4750,c1c(cc(c(c1O)Br)O)C(=O)O,543.15
813,CC(c1ccc(cc1)c2ccccc2)O,370.15
9975,O=[N+]([O-])c1ccc(Nc2ccc(C)cc2)c(N)c1,433.15
7883,CC(=O)NNc1ccccc1,403.15
22157,CCCCCCN(CCCCCC)C(=O)COC(=O)c1ccccc1,435.65
8432,c1cc(ccc1C(=O)Cl)C(=O)Cl,354.15
20896,Cc1c(F)c(F)c(C)c(F)c1F,309.15
18203,Clc1ccccc1NC(=O)CC(C)=O,378.15
22726,Clc3ccccc3P(c1ccccc1)c2ccccc2,378.5
4468,COc1cc(c(cc1OC)[N+](=O)[O-])C(=O)O,467.15
3107,c1cc(c(cc1CCC(=O)O)F)F,324.15
7925,c1ccc(cc1)COC(=O)C[C@@H](C(=O)O)NC(=O)OCc2ccccc2,379.15
2006,c1cc(c(cc1[N+](=O)[O-])C#N)N,482.15
9331,Sc1[nH0][nH0]c([nH0]1N=Cc1ccccc1)C(F)(F)F,506.15
22857,Clc1ccc(c(Cl)c1)[C@@H](O)[C@H]3C(=O)c2c(cccc2)CC3,445.15
15903,O=[N+]([O-])c2ccc(/C=N/N1CC(=O)NC1=O)o2,536.15
8171,c1ccc(cc1)[Si]2(O[Si](O[Si](O[Si](O2)(c3ccccc3)c4ccccc4)(c5ccccc5)c6ccccc6)(c7ccccc7)c8ccccc8)c9ccccc9,474.15
17574,O=C(O)CCCCCCCCCCCC(=O)O,384.15
5964,Cc1ccc2c(c1)[nH]c(=S)o2,497.15
12723,O=C(c1ccccc1)c1ccc(C)cc1,323.15
16687,Clc1ccc2cc(Cl)ccc2c1,413.65
18369,ClCC1(CCl)COC1,291.85
4385,C(CC(F)(F)F)C(=O)O,304.15
19795,CC(=O)CCCCCCCCCCCCCCCCC,330.15
6670,COc1cc(ccc1O)/C=C/CO,349.15
12938,CCOCCC,146.14999999999998
15462,FC(F)(F)c1cc2NCNS(=O)(=O)c2cc1S(N)(=O)=O,545.65
21381,O=C(O)CCC(/C)=CCc1c(O)c2C(=O)OCc2c(C)c1OC,414.15
9041,O1C(=N)C(C#N)=Cc2ccccc12,473.15
19089,O=[N+]([O-])c1ccc(O)cc1C=O,440.15
11592,O=[N+]([O-])c1ccc(c(NC(=O)c2ccccc2)c1)C(=O)O,525.15
14006,CCCC(c1ccccc1)c2ccccc2,248.15
20082,O=C(Cl)c1cc(F)ccc1,243.15
5272,c1cnccc1I,371.15
18101,Nc2ccc(Cc1ccc(N)cc1)cc2,365.65
20201,Cc1cc2ccc(C)c(C)c2cc1,287.15
2574,CCc1ccccc1C,256.15
6500,c1cc(cc(c1)[N+](=O)[O-])/C=C/[N+](=O)[O-],399.15
10440,O=[N+]([O-])c1cccc(NN=C(C(=O)C)C(=O)C)c1,457.15
5861,c1cc2c(cc1Cl)c(cs2)CC(=O)O,427.15
12110,O=C1N(N=C(c2ccccc2)c2ccccc12)CC(=O)OCC,497.15
12267,c1ccc(cc1)C1=Cc2ccccc2C1,440.15
12868,C#CC(C)C,183.15
18127,CC1=CCC(=CC1)C(C)C,263.15
16989,CC(Oc1ccccc1)C(=O)O,390.65
17205,N#N=CC(=O)OCC,251.15
4,C1CCC(=CC1)CCN,218.15
14898,CC(O)C(=O)OCC,247.15
20100,COC(OC)(OC)OC,268.15
1865,CC(=O)c1ccc(s1)Br,368.15
4089,Cc1cc([nH]n1)c2ccccc2,399.15
17351,CF,131.34999999999997
9585,Clc1ccc2OC=C(C=C3SC(=S)N(CC)C3=O)C(=O)c2c1,505.15
15448,CC1=CN(C(=O)NC1=O)[C@H]2C[C@H](N=[N+]=[N-])[C@@H](CO)O2,382.15
15490,Clc1ccc(cc1)C(CN)CC(=O)O,480.15
23309,C1=CC=C2C=CC=CC2=C1,355.15
12019,S=C1SC(=Cc2ccccc2O)C(=O)N1CN1CCOCC1,439.15
19247,OC(=O)c2ccccc2c1ccc(cc1)C(F)(F)F,443.15
11398,O=C(OCC)Nc1cc(NC(=O)OCC)c(cc1CC(=O)OCC)CC(=O)OCC,413.15
22497,ClCC(O)CCl,269.15
20055,OCCC1CCNCC1,405.65
1064,c1ccc(c(c1)C#N)C(F)(F)F,291.15
17621,O=C(NC(C)=O)c1ccccc1O,421.15
11751,O=C(OC)CCC(C)C1CCC2C3C=CC4CCCCC4(C)C3CCC21C,333.15
13972,BrC(C)CBr,218.15
9152,BrC1=C(O)C2CCC(C)(C1=O)C2(C)C,461.15
7333,CC(C)COC(=O)C,174.14999999999998
6106,Cc1cc2c(cc1Cl)c(=O)cco2,444.15
332,CC(C)(C)OC(=O)N1CCC(=O)C1,309.15
3989,c1cc(c(cc1C(=O)O)O)I,500.15
12584,Clc1ccc(cc1)c1[nH0][nH0]2C=Cc3ccccc3c2[nH0]1,511.15
3692,COc1ccc(cc1Br)C(=O)O,493.15
6866,CC(CNCC(C)O)O,315.15
7462,CC(=O)NC(=C)C(=O)OC,323.15
9276,O=C(N)NN=C(C)C(=O)C(C)Cc1ccccc1,385.15
19351,Clc1cc(Cl)c(Cl)c(Cl)c1c2ccc(Cl)cc2Cl,346.15
7814,Cc1ccccc1NCCNc2ccccc2C,345.15
23272,O=C(O)CCCCCCC/C=C/C/C=C/CCCCC,264.65
18260,OS(=O)(=O)c1ccc(cc1[N+]([O-])=O)[N+]([O-])=O,381.15
15765,CC(C)(C)OC(=O)N[C@@H](c1ccccc1)[C@@H](O)C(=O)O[C@H]3C[C@@]4(O)[C@@H](OC(=O)c2ccccc2)[C@H]5[C@](C)(C(=O)[C@H](O)C(=C3C)C4(C)C)[C@@H](O)C[C@H]6OC[C@@]56OC(C)=O,505.15
6734,CN(C)c1cccc2c1cccc2S(=O)(=O)Cl,345.15
12134,S1CC(=N[nH0]2c1[nH0][nH0]c2c1cc(OC)c(OC)c(OC)c1)c1ccccc1,470.15
18592,O=S(F)(=O)Cc1ccccc1,366.15
14652,COc1ccc(O)cc1C(C)(C)C,321.15
14474,OCCOCCOCCOCCO,267.15
19305,Cl[SiH2]Cl,151.14999999999998
4467,COc1cc(c2c(=O)cc(oc2c1)c3ccc(cc3)O)O,562.15
10755,O=[N+]([O-])c1ccccc1COC(=O)NC(Cc1ccccc1)C(=O)O,414.15
5169,c1cc(c(cc1F)C#N)C#N,374.15
7726,C(=O)/C(=C(C(=O)O)/Br)/Br,396.15
7945,CC(C)(C)OC(=O)N[C@@H](CI)C(=O)OCc1ccccc1,354.15
5631,c1cc(c(cc1OC(F)(F)F)C(=O)O)O,405.15
15610,O=C1NC(=O)NC(=O)C1(CCCC)CC,401.65
7414,C(C(=O)N)C(=O)N,442.15
8678,C(C(CO)(CO)N)O,445.15
8056,CCCCCCS(=O)(=O)CC#N,315.15
10256,O=C(O)CCCOc1ccccc1NC(=O)c1ccc2CC3(CCC(CC3)c3ccc(cc3)C(C)(C)C)Cc2c1,420.15
1683,Cc1cc(c(c(c1)CO)O)CO,396.15
23203,Oc1cc3c(cc1)[C@H]2CC[C@@]4([C@@H](O)[C@H](O)C[C@H]4[C@@H]2CC3)C,554.15
16004,O=C(Cn1ccnc1[N+]([O-])=O)NCc2ccccc2,462.15
15798,N#CC=2C[C@]4(C)[C@H]5CC[C@]1(C)[C@@H](O)CC[C@H]1[C@@H]5CC[C@]43O[C@@H]3C=2O,537.15
578,c1cc(cc(c1)Cl)Cl,248.15
12547,BrC(Br)c1ccc(cc1)C(Br)Br,441.15
14118,CC(O)CCCCCCCCCCCCCC,320.15
15672,CN(C)CCOC(c1ccccc1)c2ccccc2,441.15
22892,OC1=C(C=CC=C1)C(\C=C\C2=CC=CC=C2)=O,360.9
13416,CCCC(C)CCCCC,174.14999999999998
5723,COc1cc(cc(c1OC)OC)Br,352.15
20226,C[Si](C)(Oc1ccccc1)Oc2ccccc2,250.15
21431,CC(C)(C)C(=O)/C=C/c1ccccc1,316.15
7250,COc1ccc(cc1C(=O)NCCc2ccc(cc2)S(=O)(=O)NC(=O)NC3CCCCC3)Cl,446.15
676,c1ccc(cc1)NCCNc2ccccc2,339.15
7538,COC(=O)c1c(c2ccccc2s1)Cl,354.15
23292,CCc1cccc(c1N(C(C)COC)C(=O)CCl)C,298.15
14777,CC(C)C=3CC[C@H]1C(=CC[C@H]2[C@@](C)(CCC[C@]12C)C(=O)O)C=3,446.15
782,CS(=O)(=O)n1ccnc1,362.15
10957,N#Cc1c(C)c(C)c(C#N)c2ccccc12,536.15
18007,O=COCCC,180.25
183,C1CCN(CC1)C=O,242.15
3166,c1ccc(cc1)S(=O)(=O)CCC#N,368.15
4061,COc1cccc(c1)CC(=O)O,343.15
2297,c1cc(c(nc1)Cl)C#N,380.15
20501,CC(C)OC(=O)C1(CC1)S(=O)(=O)c2ccc(Cl)cc2,362.95
9128,OC1CCCCC=Cc2ccccc21,370.15
11805,O=C1OCCOC(=O)c2ccccc2C(=O)OCCOC(=O)c2ccccc21,465.15
2836,COc1ccccc1C(=O)NN,353.15
15984,COCC(C)OCC(C)OC(C)CO,195.35
9578,s1c2ccccc2[nH0]c1C(Oc1ccccc1)=Cc1ccc(OC)cc1,424.15
20659,COc1cccc(n1)N(C)C(=S)Oc2cc(ccc2)C(C)(C)C,359.15
9272,O=C(N)NN=C1CC2(CC2C1C)C(C)C,447.15
1955,Cc1cc(nc(n1)N)OC,434.15
15556,O=C(NCCCl)N(CCCl)N=O,304.15
9620,Clc1ccc(cc1)c1[nH0]c(sc1)C(C#N)=Cc1ccc(F)cc1,457.15
7289,c1ccc(cc1)[Si](c2ccccc2)(c3ccccc3)[Si](c4ccccc4)(c5ccccc5)c6ccccc6,642.15
21638,CN3C1CCC3C(C(=O)OC)[C@H](C1)OC(=O)c2ccccc2,371.15
7120,CCOC(=O)c1cnn(c1N)C,373.15
13498,Oc1ccc(CCCC)cc1,295.15
533,CC(C)(C)OC(=O)N1CCCNCCN(CCCN(CC1)C(=O)OC(C)(C)C)C(=O)OC(C)(C)C,324.15
18832,O=C(O)C=2N3C(=O)C(NC(=O)Cc1cccs1)C3SCC=2COC(C)=O,433.4
20621,CN(C(=O)NC(C)(C)c1ccccc1)c2ccccc2,345.15
16277,[O-][N+](=O)c2ccc(/N=N/c1ccc(cc1C)N(CCC#N)CCO)cc2,429.15
22232,Cc1ccc(cc1)OP(=O)(Oc2cc(C)ccc2)Oc3ccccc3C,240.15
21038,O=C(c1ccccc1O)N2CCOCC2,448.15
2742,c1ccc2c(c1)OCC(O2)CO,362.15
6141,COc1ccc2c(c1)C(=O)CC2,376.15
3761,c1cc(c(c(c1C(F)(F)F)C(=O)O)F)Cl,370.15
18253,Cc1ccccc1CN,243.15
4734,Cc1cc(ccc1OC)Br,341.15
7443,COCC(=O)O,281.15
12968,ClC=C/Cl,193.15
21626,CC=CC=CC=CC=O,329.95
19455,Cc1nc2N=C3SC(CCO)=C(C)N3Cc2cn1,501.95
9384,O=[N+]([O-])c1ccc2[nH0](c3ccc(C)cc3)c([nH0]c2c1)C=Cc1ccc(NC(=O)C)cc1,523.15
9876,O=[N+]([O-])c1ccc(C=Cc2cccc3ccccc32)c([N+](=O)[O-])c1,501.15
8045,CCCCCCCOC(=O)c1ccc(cc1)O,321.15
5760,COc1ccc(cc1C#N)Br,364.15
18407,ClCC(F)(F)F,167.64999999999998
8522,c1ccc(c(c1)C(=O)S)O,440.15
3992,COc1ccc(cc1O)CO,409.15
19926,O=C(c1cc(Br)ccc1)c2ccccc2,354.15
17853,CCCCCCCCCCCC(=O)OCc1ccccc1,281.65
14046,O=[N+]([O-])c1ccc(CBr)cc1,372.15
23463,C[C@]12CC[C@H]3[C@H]([C@@H]1CC[C@@H]2OC(=O)CCC4=CC=CC=C4)CCC5=CC(=O)CC[C@]35C,389.65
1566,c1cc(c(cc1C(F)(F)F)S(=O)(=O)N)C(F)(F)F,420.15
18487,O=C(OC)C5(O)CC3(CCCN2CCc4c1ccccc1n5c4C23)CC,504.65
17841,CC(C)(C)CC(C)(C)S,199.15
4514,CC(=O)Nc1ccc(cc1)O,443.15
21804,Clc2c(NCCOc1ccc(CCOCC)c(C)c1C)ncnc2CC,343.15
22310,O=C(O)CCCCCCCCC=C,297.65
18647,COc1c3occc3cc2C=CC(=O)Oc12,421.15
14611,O=NN2CCCC2c1cnccc1,320.15
13310,OCc1ccc(C#N)cc1,315.15
1544,c1cc(c(cc1[N+](=O)[O-])[N+](=O)[O-])C=O,340.15
15691,NC12CC3CC(C1)CC(C2)C3,453.15
16317,[O-][N+](=O)c1ccc2c3ccc(cc3Cc2c1)[N+]([O-])=O,607.15
12626,S1c2ccccc2N(c2cc(NC(=O)OCC)ccc12)C(=O)CCN1CCOCC1,429.15
5667,c1cc(cc(c1)C(F)(F)F)c2[nH]nnn2,430.15
3177,c1cc(cc(c1)C(F)(F)F)C(=O)N,397.15
1281,COc1ccc(c(c1CBr)F)F,320.15
8284,c1cc2c(cc1C#N)OCO2,366.15
6175,c1cc(cc2c1cc[nH]2)[N+](=O)[O-],416.15
2471,Cc1ccc(cc1)S(=O)(=O)CCCl,352.15
5587,CCC(C)(C)c1ccc(cc1)O,362.15
18472,O=C(O)CCc2cc(I)c(Oc1cc(I)c(O)cc1)c(I)c2,473.15
6373,CC(=C)c1ccccc1,250.15
23159,C1(CCCCC1)O,299.08
11105,O=C(OCCOc1ccc(cc1)C=CC(=O)c1ccccc1)C=Cc1ccc(OC)cc1,415.15
6320,CC(=O)Cl,161.14999999999998
16162,Cn2nnc1ccccc12,337.65
23029,FC(F)(F)c1ccc(C=O)cc1,274.65
17812,O=Nc2ccc(Nc1ccccc1)cc2,416.15
3599,Cc1c(c(no1)N)Br,347.15
14321,O=S(=O)(NS(=O)(=O)C(F)(F)F)C(F)(F)F,324.65
17892,O=C(c1ccc(cc1O)OC)c2ccc(OC)cc2O,412.65
10243,ClC=1C(=O)C(C#N)=C(C#N)C(=O)C=1NCCc1ccccc1,539.15
4294,Cc1c(c(=O)n(n1C)c2ccccc2)N(C)C,380.15
9236,s1cc([nH0]c1C(=NNc1ccccc1[N+](=O)[O-])C#N)c1ccccc1,484.15
16856,c1ccccc1C(N2CCOCC2)(c3ccccc3)c4ccccc4,448.15
22847,Clc2ccc1OP(=S)(Oc3c(Sc1c2)cc(Cl)cc3)Oc4ccc(cc4C)C,422.15
16518,Cc1ccc(O)cc1N,430.95
8863,O=C1NN(C(=O)C1c2ccccc2)c3ccccc3,506.15
22189,OC3C(C)=CC4C(=O)OC1CC(OC2(C1)CCC(C)C(CC)O2)CC=C(C)CC(C)C=CC=C5COC3C45O,486.65
4039,C1CC(=O)N(C1=O)OC(=O)CCN2C(=O)C=CC2=O,442.15
22585,ClC(Cl)(Cl)C(O)OCC,329.65
3914,CC(=O)c1ccc(c(c1)F)O,401.15
22107,O=C(c1cc(F)ccc1)N(NC(=O)c2ccccc2)C(C)(C)C,449.65
11325,O=C1C(=C2OC(C2=O)C2C(=O)C3(C)CCC2C3(C)C)C2CCC1(C)C2(C)C,469.15
20775,CCOc1ccc(cc1)/N=N/c2ccc(OCC)cc2,435.15
11124,O=C(Oc1ccccc1)C1=CC2(C)CCC1C2(C)C,337.15
2344,COc1ccc(c(c1)Cl)CBr,330.15
3076,C=Cc1ccccn1,223.15
21013,CCOc1ccc(I)cc1,302.15
5605,c1cc(sc1)CCCCC(=O)O,314.15
12882,C1CCCO1,165.14999999999998
6323,C=CC=O,186.15
22708,n2cccc3cccc(NCCc1ccccc1)c23,330.75
19002,O=C2CCC1C3CCC4CC(O)CCC4(C)C3CCC12C,458.15
16068,CCCCCCCCCCCCCCCCCC1CCCCC1,311.15
7895,c1ccc2cc(ccc2c1)C#N,338.15
15773,O=C(O)[C@@H](N)Cc2cc(I)c(Oc1cc(I)c(O)cc1)c(I)c2,509.65
10069,O=C1CCC2(C)C3CCC4(C)C(CCC4C(C)CCCC(C)C)C3CC(OC(=O)C)C2(O)C1,434.15
18432,CCS(=O)CC,287.15
17804,c3cc4c2ccc1cccc5c1c2c(cc4cc3)c6ccccc56,506.65
7528,COC(=O)c1c(nccn1)N,444.15
7200,CCCCC(=O)OCC,182.15
17776,C1COCCOCCOCCO1,289.15
16119,CC(C)(S)C(NC(=O)C)C(=O)O,456.15
22291,CN(C)C5CC(C)OC(OC3C(C)C(=O)C(C)C(=O)OC(CC)C4(C)OC(=O)N(CCCCn1cc(nc1)c2cccnc2)C4C(C)C(=O)C(C)CC3(C)OC)C5O,460.65
21393,COc1ccccc1NC(N)=S,429.15
157,CC1(C(=O)NC(=O)N1CO)C,378.15
14323,OC(c1ccccc1)(c2ccccc2)C(O)(c3ccccc3)c4ccccc4,444.15
8380,C1C(=O)NC(=S)S1,442.15
3577,c1[nH]nc(n1)N,424.15
6209,CCN(CC)c1ccc2c(cc(=O)oc2c1)C,347.15
5856,CC(=O)Nc1cc(c(cc1[N+](=O)[O-])F)Cl,384.15
22989,Clc1c(cc(Cl)c(Cl)c1Cl)c2ccccc2,364.15
14746,O=C(O)[C@@H]1CCC(=O)N1,434.65
6114,c1cc(nc(c1)Cl)C(=O)O,467.15
20812,CCOc1ccc(cc1)C(N)=O,482.15
8143,CCCCCCCCCCCCCCCCCCCCCCCCCCCCCCCCCCCCCCCC,354.15
23277,O=C(O)C(O)c1ccccc1,407.15
14028,OC(=O)Cc2ccccc2c1ccccc1,389.15
4066,CCC(C)C=C,119.14999999999998
15237,C[C@@H](CC)C(=O)O[C@H]3C[C@@H](C)C=C2C=C[C@H](C)[C@H](CC[C@@H]1C[C@@H](O)CC(=O)O1)[C@H]23,447.65
3013,c1ccc(cc1)OCCBr,306.15
21462,O=C(OC)C(=COC)/C4CC1N(CCC12c3ccccc3NC2=O)CC4CC,489.15
15277,O=C4CC1(CCCC1)CC(=O)N4CCCCN2CCN(CC2)c3ncccn3,475.15
19905,OC(=O)CCc1ccco1,331.15
17238,O=[N+]([O-])c1cc(ccc1O)C(=O)O,503.15
2569,CCCCC(CC)CN,197.15
21208,CC(C)(S)CCCCCC,230.0
12893,CC(Cl)=O,161.14999999999998
5630,c1cc2c(cc1OC(F)(F)F)C(=O)C(=O)N2,444.15
22000,O=C(COC(=O)c1ccccc1)N2CCCC2,331.15
15687,CN1CCN(CC1)C(=O)OC4c2nccnc2C(=O)N4c3ccc(Cl)cn3,451.15
7245,CC(=CCC/C(=C/CO)/C)C,258.15
12469,S(CC(Cc1ccccc1)C(=O)NCC(=O)OCc1ccccc1)C(=O)C,362.15
17583,C1CCO1,176.14999999999998
19779,O=C(CCCCCC)OC(=O)CCCCCC,260.75
7881,CC(=O)N[C@@H](Cc1ccc(cc1)O)C(=O)O,426.15
16805,Fc1ccc(cc1)C(=O)CCCN2CCN(CC2)c3ccccn3,347.15
9366,ClC(=Cc1ccccc1)c1cccc2ccccc21,390.15
13316,BrC(C)=CC,158.14999999999998
7696,CC(=O)C=C,266.15
8865,CCC1(CC)C(=O)CCNC1=O,375.15
14921,Clc1c(Cl)c(Cl)c(Cl)c(Cl)c1Cl,501.15
9539,O=C(C=Cc1oc(cc1)c1ccccc1OC)c1ccc(OC)c(OC)c1,418.15
8898,Nc2c1C(O)CCCc1nc3ccccc23,518.15
22813,Clc1ccc(cc1)C3C5=C(N(C2=C3C(=O)CC(C)(C)C2)CCN4CCN(C(=O)C)CC4)CC(C)(C)CC5=O,486.0
2820,COc1cc(ccc1O)C=C,300.15
5834,Cc1cc(c(cc1Cl)S(=O)(=O)N)OC,443.15
21383,S=C(Nc1ccc(C)cc1)Nc2ccc(C)cc2,456.15
20370,ClCC1CC1,182.25
2791,COc1ccc2c(c1)nc([nH]2)S,530.15
388,C(CCCCCC(=O)O)CCCCCN,459.15
21401,NC(=S)Nc2cccc1ccccc12,471.15
23435,COC1=NC(=NC(=C1)NS(=O)(=O)C2=CC=C(C=C2)N)OC,477.65
18754,Oc3cc4CCC2C(CCC1(C)C2CC(O)C1O)c4cc3,555.15
16328,CCOc2cccc1ccccc12,278.65
1326,c1ccc(cc1)c2c(nccn2)c3ccccc3,394.15
6897,COC(=O)/C=CC(=O)OC,254.15
9648,FC(F)(F)c1cccc(NN=C2C(=O)N(N=C2C(F)(F)F)c2ccccc2)c1,433.15
21637,O=C1CCCCCCCC=CCCCCCCC1,305.65
5894,c1c(c(nc(n1)Cl)Cl)F,311.15
14789,O=C1c3ccccc3Cc2ccccc12,429.65
22324,Cc1cc(Br)cc(O)c1,329.65
1650,Cc1ccc(n1c2ccccc2)C,323.15
10887,O=C1Cc2cc(C)ccc21,326.15
5248,COc1ccc(cc1[N+](=O)[O-])I,370.15
8971,O=CC(=CC1=CCC2C3C1(CC2)CC1C(C)(CC3)C(CC1)C(=O)NC(C)(C)C)O,530.15
11395,Nc1ccc(N=Nc2ccc(N=Nc3ccc(N)cc3)cc2)cc1,520.15
435,C(CCS)CCS,201.15
13110,CC(C)C(CC)CC,158.14999999999998
20532,CCC(=O)CCCCCCCCCCCCC,316.15
7430,Cc1cc(c(c(c1)C)S(=O)(=O)Cl)C,328.15
6541,c1cc(ccc1F)S(=O)(=O)c2ccc(cc2)F,372.15
19876,C=COCCCCCCCCCCCCCCCC,289.15
6641,CCCCCCCCCCCCCCCCCC(=O)O[C@H]1CC[C@@]2([C@H]3CC[C@]4([C@H]([C@@H]3CC=C2C1)CC[C@@H]4[C@H](C)CCCC(C)C)C)C,353.15
21350,CC=CC=CC,194.15
2562,CCc1ccc2c(c1)C(=O)c3ccccc3C2=O,382.15
20230,Cc1cc(N)cc(C)n1,465.65
18285,Brc1cc2c3ccccc3oc2cc1,383.15
9642,FC(F)(F)c1cccc(NN=C(C(=O)C)C(=O)C(F)(F)F)c1,359.15
20046,CCC(=O)CCCCCCCCCC,304.15
10819,O=C(OC)C=1CC=2CC=3CC(=C(CC=3CC=2CC=1C(=O)OC)C(=O)OC)C(=O)OC,534.15
21337,CC(C)(C)CC(=O)OCC(=O)C54OC(C)(C)OC5CC3C2CCC1=CC(=O)C=CC1(C)C2(F)C(O)CC34C,568.15
7321,c1cc2c(cc[nH]2)cc1C(=O)O,483.15
11472,O=[N+]([O-])c1cc([N+](=O)[O-])c(cc1C(=O)OCC)C(=O)OCC,397.15
10261,OC1CCC2(C)C(CCC34OC42CCC2(C)C(CCC23C)C(C)CCCC(C)C)C1C,435.15
8723,CCCC(=O)Nc1ccc(OCC(O)CNC(C)C)c(c1)C(C)=O,392.15
20883,C1CCCSS1,305.65
22376,O=Cc1ccc2OCOc2c1,310.15
20937,C=C(C)C(CC)CC,160.24999999999997
6113,c1c(c(cc2c1OCO2)Cl)CCl,337.15
15953,CCN(CC)c1nc(C)cc(OP(=S)(OC)OC)n1,288.15
20199,O=C1CCCCCC1=O,233.15
8383,Cc1ccc(cc1)S(=O)(=O)N=S(=O)(C)C,441.15
15362,CC=3CS[C@H]2N(C(=O)[C@H]2NC(=O)[C@H](N)c1ccccc1)C=3C(=O)O,599.95
16778,O=P(Oc1ccccc1)(NC)NC,375.15
19773,CCCCCCCOC(=O)CCCCCC,240.15
10110,O=C1CC2CC(CCC2(C)C2CC(C(=O)O)C3(C)C(CCC3C(C)CCC(=O)O)C12)C(=O)O,481.15
5028,CC(=O)c1ccc(cc1)C2CCCCC2,341.15
13010,CC(C)CCCC,155.14999999999998
20033,OC(C(C)C)(c1cncnc1)c2ccc(OC(F)(F)F)cc2,368.15
20586,CC(C)(SC(=O)N1CCCCC1)c2ccccc2,312.15
18185,N#CC2CC1C=CC2C1,286.15
19373,CC(C)C(C)(C(C)C)C(=O)NC,333.15
5541,c1ccc(cc1)c2csnn2,351.15
19896,CC(C)(C)C(C)(C)Cl,409.15
16292,CCC(N)CO,271.15
19026,[O-][N+](=O)c2ccc3c1ccc(cc1C(=O)c3c2)[N+]([O-])=O,566.65
16893,C=C1CCCCC1,166.45
19586,O=C1NC(=O)C=NN1,547.65
18465,CNc1ccc(O)cc1,408.15
7327,c1ccc(cc1)I,242.15
17835,Nc1cccc(N)n1,394.65
2996,Cc1ccccc1[N+](=O)[O-],269.15
22267,[O-][N+](=O)OCC1OC(OCCC)C(O[N+]([O-])=O)C(O[N+]([O-])=O)C1O[N+]([O-])=O,472.15
15127,CCOP(=O)(OCC)OCC,217.15
23389,O=C1NC(=O)NC(=O)C1(c2ccccc2)CC,447.15
7981,CC(C)[C@@H](C(=O)O)NC(=O)OC(C)(C)C,352.15
5734,c1cc(c(nc1)Cl)c2ccc(cn2)Br,405.15
22858,O1c4c(c2c(O[Si](O[Si]1(C)C)(C)C)ccc3c2cccc3)c5c(cc4)cccc5,446.15
8509,c1cc(sc1)C=NO,407.15
22282,CC2(C)CCC=C(C)C2/C=CC(C)=CC=CC(/C)=CC=CC=C(/C)C=CC=C(/C)C=CC1=C(C)CCCC1(C)C,460.65
10408,O=C1Oc2ccccc2C(N)=C1CN1CCCCC1,463.15
12163,S1c2ccccc2N2C1=C(C#N)C(c1ccccc1)C(C#N)=C2N,478.15
20318,OC2C(O)C(O)C1COC2O1,456.15
23086,CC(=O)NC1=CC=CC=C1,387.15
1352,Cc1cc(c(cc1C)O)C,345.15
3902,c1cc(c(nc1)O)F,432.15
19924,CCCCN1CCOCC1,216.05
7061,CCOC(=O)c1ccc(c(c1)O)O,407.15
16036,Cc1cnc(C)cn1,288.15
5805,c1ccc(cc1)n2c(nnn2)Cl,396.15
16515,o1c5ccccc5nc1c2ccc(s2)c3nc4ccccc4o3,492.15
19428,O=S(=O)(c1ccc(N)cc1)c2ccc(NCC(=O)O)cc2,467.15
4554,c1cc(c(cc1N)Cl)O,425.15
7810,Cc1ccc(cc1)S(=O)(=O)N(CCCl)CCCl,319.15
6556,c1(c(c(c(c(c1Br)Br)Br)Br)Br)Oc2c(c(c(c(c2Br)Br)Br)Br)Br,579.15
13501,CC(C)(C)c1cc(O)ccc1,314.15
11661,FC(F)(F)C(F)(F)C(F)(F)C(F)(F)C(F)(F)C(F)(F)C(F)(F)C(F)(F)C(=O)N(C)C1CCCCC1,330.15
3371,c1c(cc(cc1C(F)(F)F)C(F)(F)F)C(=O)N,435.15
19340,Oc1ccc(cc1OC)CC,266.15
4367,c1cc(ccc1C(F)(F)F)NN,335.15
9038,S1C2=NC=C(C(=N)N2N=C1C(F)(F)F)C(=O)OCC,471.15
13138,CCSCCCC,178.14999999999998
21705,ClC2C(=NOC(=O)NC)C1CC2CC1C#N,416.65
6831,CCOC(=O)/C=C/C(=O)OCC,273.15
7517,COC(=O)c1cc(cc(c1)[N+](=O)[O-])[N+](=O)[O-],383.15
19592,Nc1cccc2cccc(N)c12,339.65
14994,CN(C)c1ccc(N=O)cc1,359.15
19640,Nc1ccc2ncsc2c1,360.15
15440,COc2nccnc2NS(=O)(=O)c1ccc(N)cc1,442.65
18147,Cc1cc(C)cc(c1)C(C)(C)C,255.15
5761,COc1ccc(cc1/C=C/[N+](=O)[O-])Br,394.15
548,C1CSCSC1,327.15
20913,CC(CC1CCCCC1)CC2CCCCC2,273.75
17656,C=C=C,136.95
19007,Nc3ncnc2c3ncn2C1OC(CO)C(O)C1O,530.4
22855,Clc3ccc(NC(=S)NC(=O)c2ccc(c1ccccc1)cc2)cc3,438.15
3944,Cc1ccc(c(c1)F)[N+](=O)[O-],326.15
11668,FC(F)(F)C(C(=O)Nc1ccc(C)c(C)c1)C(F)(F)F,462.15
4308,CNc1ccc(cc1)C(=O)O,432.15
11107,O=C(Oc1ccc(cc1)C=CC(=O)c1ccccc1)C=Cc1ccc(OC)cc1,431.15
5869,c1cc(ncc1Cl)C(=O)O,442.15
22343,OCCOCCO,262.75
20099,O=C(O)C#CCCCCCC,265.15
12759,Fc1ccc(cc1)C(=O)CCCN1CCC2(N(CNC2=O)c2ccccc2)CC1,463.15
14826,[O+]#[C-],68.14999999999998
11817,O=C(O)C1CCCCC1C(=O)OCCO,363.15
448,c1ccc(cc1)P(CCCCCP(c2ccccc2)c3ccccc3)c4ccccc4,320.15
14194,O=C(C)Oc1ccc(cc1)CC#N,323.15
14361,Fc1cc(F)cc(c1)[N+](=O)[O-],290.15
10193,O=C1C=C(NCc2cc[nH0]cc2)C(=O)c2ccccc12,439.15
7535,COc1ccc(cc1Cl)C(=O)OC,368.15
20328,CC(O)C1CC1,241.05
7365,CC(C)OC=O,180.15
9233,O=C(N)NN=C(C)C1=CCC2(C)C(CCC3C=4CCC(C)(C)C=4CCC32)C1,512.15
1127,c1cc(c2c(c1)OC(O2)(F)F)C(=O)O,477.15
21284,Nc1cc(C)ncn1,470.15
4407,c1cc(ccc1C(=O)C(=O)c2ccc(cc2)F)F,394.15
1799,COc1cccc(c1C=O)OC,370.15
16439,O=C(O)C(CCCC)C(=O)N(Nc1ccccc1)c2ccccc2,389.15
9976,O=C1C2Cc3ccccc3CC2C(=O)C2Cc3ccccc3CC12,499.15
2387,c1cc(c(cc1[N+](=O)[O-])C(=O)N)Cl,452.15
14737,Clc2cc(Cl)ccc2Oc1ccc(Cl)cc1O,330.15
10883,O=C1Cc2c1c(C)c(C)cc2C,346.15
5648,c1cc(c(c(c1O)C(=O)O)F)F,456.15
21892,Oc3ccccc3c1nc2ccccc2o1,396.65
6066,c1ccc(cc1)CNc2c-3ncnc3nc[nH]2,504.15
3512,Cc1c(c(on1)C)S(=O)(=O)Cl,312.15
7000,c1cc(ccc1C[C@H](C(=O)O)N)O,585.15
17049,O=C(CCCC(=O)OCC)OCC,249.05
13628,Clc1cc(Cl)c(O)cc1,316.15
7816,CC(=O)NNC(=O)C,413.15
17454,COc1ccc(Cl)cc1Cl,301.65
8131,CCCOC(=O)C,181.15
5758,COc1ccc(cc1C=O)Br,389.15
4288,c1cc(ccc1CCl)N=C=O,306.15
6695,C1CCC(CC1)C(=O)O,304.15
12645,FC(F)(F)c1ccc(cc1)C1OCC(=O)NC1,389.15
19820,O=C(CCCCCCCCCCC)OC(=O)CCCCCCCCCCC,314.95
20610,CC(C)Cc1c(c(nc(C(F)F)c1C(=O)OC)C(F)(F)F)C2=NCCS2,351.15
16120,[O-][N+](=O)c1ccc(cc1)Oc2ccc(cc2[N+]([O-])=O)C(F)(F)F,367.15
7802,Cc1ccc(cc1)S(=O)(=O)NCC(=O)O,421.15
18393,Cl[Si](c1ccccc1)(c2ccccc2)c3ccccc3,364.65
3260,Cc1cc(cc(c1C)C)O,379.15
10842,O=C1N2C(C)=CC=CC2(C)Cc2ccccc12,450.15
8273,C(CCC(=O)O)CCC(=O)O,377.15
18815,Clc1ccc(OC(C)(C)C(=O)O)cc1,391.65
14102,Brc1cccc(Br)c1,266.15
2840,C/C=C(/C(=O)O)OC,331.15
11233,O=C(O)C(C)CCC(C(=O)O)C(C)C,377.15
2615,c1cc(ncc1O)F,425.15
8369,c1cc2cc(ccc2nc1)C(=O)O,568.15
8421,Cc1cc(nc(n1)NS(=O)(=O)c2ccc(cc2)N)C,473.15
3560,CC(=O)c1cc(sc1Cl)Cl,311.15
16761,CC1CCCS1,172.45
14514,Nc1ccc(cc1OC)OC,306.65
4081,Cc1cc(ccc1[N+](=O)[O-])OC,322.15
1511,CC(=O)c1ccc(cc1OC)OC,313.15
23117,CCOC(=O)C1=CC=C(C=C1)N,363.15
5858,Cc1cc(c(cc1Cl)N)[N+](=O)[O-],434.15
5281,CC(C)c1ccc(cc1)C(=O)O,392.15
16200,CC(=C)C1CCC(C)CC1O,351.15
20006,O=C(O)C23OC1COC(C)(C)OC1C3OC(C)(C)O2,347.15
7215,COc1cc(ccc1O)CC=C,263.15
16611,Clc1cccnc1Cl,339.15
22357,Cc1cc(O)cc(C)c1,336.75
13270,CC(CCCC)C(C)O,159.14999999999998
473,CC(C)c1ccc(cc1)C(C)C,256.15
7021,CCOC(=O)c1c2ccccc2[nH]n1,406.15
1846,c1cc(ncc1Cl)N(S(=O)(=O)C(F)(F)F)S(=O)(=O)C(F)(F)F,319.15
17212,NC(=O)OCc1ccccc1,361.15
16246,CC(CC)OC(C)CC,173.14999999999998
9015,N1=NC(C)=CC1C,381.15
8948,CC2Nc1cc(Cl)c(cc1C(=O)N2c3ccccc3C)S(N)(=O)=O,525.15
9861,O=C1OC(=NC1=Cc1cccc2ccccc21)C,517.15
18669,NC(C(=O)O)c1ccccc1,563.15
5825,CC(=O)c1cc(cc(c1O)[N+](=O)[O-])Cl,407.15
12656,[S+2]([O-])([O-])(NC(=O)NC1CCCCC1)c1ccc(cc1)C(=O)C,461.15
1851,CC(=O)Nc1ncc(s1)Cl,483.15
7157,CCOC(=O)CC#N,250.15
22103,Cc2ccccc2C(=O)N(NC(=O)c1ccccc1)C(C)(C)C,487.65
1681,CC1=CC(=O)CC(C1=O)(C)C,293.15
1452,c1c(cc(c(c1[N+](=O)[O-])N)Cl)Cl,374.15
21029,OC(CC=O)C(O)C(O)CO,419.65
13080,C/C(C)=C(/C)C(C)C,160.14999999999998
14829,ClCC(=O)O,336.15
21569,O=C(/C=C/C(=O)OCCCC)OCCCC,188.15
11018,O=C1NC(C)=C(C(=O)N)C(N1)c1ccccc1,534.15
17657,CCCCCCC(=O)CCCCCC,306.15
23274,CC1=C(C(C[C@@H](C1)O)(C)C)/C=C/C(=C/C=C/C(=C/C=C/C=C(\C)/C=C/C=C(\C)/C=C/[C@H]2C(=C[C@@H](CC2(C)C)O)C)/C)/C,469.15
10019,O=C1C(C)C2CC(OC(=O)C)C3C1(C2OC(=O)C)C1OC(OC(=O)C)C32C(OC(=O)C)CCC(C)(C)C2C1,538.15
299,c1ccc(c(c1)[N+](=O)[O-])Br,315.15
1107,c1ccnc(c1)c2cccc(n2)c3ccccn3,364.15
850,c1cc(ccc1C(F)(F)F)SCC(=O)O,389.15
9162,O=C(Nc1ccc(N=Nc2ccc([N+]([O-])=Nc3ccc(NC(=O)c4ccccc4)cc3)cc2)cc1)c1ccccc1,601.15
12322,S=C(N1CCOCC1)c1ccccc1OC,359.15
12560,O(C)c1cc2cc([nH0]c(Cc3ccccc3)c2cc1OC)CC,351.15
2246,CCC(=O)C,186.15
21088,O=C3C=CC2C(C)CCC1C(=C)C(=O)OC1C23C,419.15
6383,c1cc(cnc1)C2CCCCN2,282.15
6086,c1cc(nc(c1)Br)C=O,354.15
14305,CC(=O)C=P(c1ccccc1)(c2ccccc2)c3ccccc3,477.15
9400,Clc1ccccc1NN=C(C#N)c1[nH0]c2ccccc2[nH0]1C,467.15
8,CC#C[Si](C)(C)C,204.15
15869,O=C1C(C)CNC(=O)C1(CC)CC,348.65
5367,CN1c2ccccc2OCC1=O,332.15
20676,C=C(C)C5(O)C4C(=O)OC5C(O)C3(C)C4(O)C1OC1C23CO2,498.15
4040,c1[nH]nc(n1)S,494.15
18797,O=C(O)CCC(C)C2CCC1C3CCC4CC(O)CCC4(C)C3CC(O)C12C,450.15
7791,c1ccc2c(c1)C(=O)N(C2=O)CCl,406.15
16803,Cc1nc(N)nc(OC)n1,532.65
15818,CC(=O)OCC(=O)[C@]45OC(C)(C)O[C@@H]5C[C@@H]3[C@]4(C)C[C@H](O)[C@@]2(F)[C@H]3C[C@H](F)C1=CC(=O)C=C[C@@]12C,582.15
16858,COc3ccc2c1CN5CCCC5Cc1c4cc(OC)c(OC)cc4c2c3OC,493.15
21523,O=[N+]([O-])c1ccccc1C(=O)NN,397.15
17494,OCC(O)COc1ccccc1,340.65
22452,OC(=O)c1c(O)cccc1Br,442.95
5101,Cc1cc(ccc1CC(=O)O)F,371.15
21000,CC(C)CCCN,178.74999999999997
3097,c1ccc(c(c1)CCC(=O)O)O,360.15
12971,ClC=CCl,223.15
11822,S1CN(C[nH0]2c1[nH0][nH0]c2c1c[nH0]ccc1)c1ccccc1,487.15
21836,N#CCCC(C)(C)/C=N/OC(=O)NC,396.15
13984,OC(=O)c1ccc(cc1Cl)[N+]([O-])=O,412.15
23261,CC(C)C1=NC=C(N1C)[N+](=O)[O-],334.15
13477,Cc1cc(C)c(C)c(C)c1C,327.15
12386,O=C(C)CC(=O)c1ccc2ccccc2c1,351.15
22770,O=C3CCc4cccc5Oc2ccc1ccccc1c2[C@]3(OC)c45,427.5
3657,c1ccc(cc1)COc2cccc(c2)N=C=S,323.15
10628,FC(F)(F)C=1[nH0]2[nH0]c(N)c(N=Nc3cccc(C)c3)c2N=C(C)C=1,482.15
12976,CCCC=CCC,136.14999999999998
16840,O=C(CCCCCCCCCCCC(=O)OC)OC,309.15
19441,O=C(c1ccccc1Cl)c2ccc(Cl)cc2,340.15
10908,O=C1OC(Cc2ccccc12)C(=O)OC,363.15
15076,NCCCN,261.15
13227,CC(Cl)C(C)Cl,193.15
8981,CC(CN(C)C)CN2c1ccccc1CCc3ccccc23,318.15
18684,Ic1cc(I)c(N)c(I)c1CC(CC)C(=O)O,428.35
5973,Cc1c(nc(s1)c2cccnc2)c3ccccc3,353.15
19790,N#CSCCSC#N,363.15
18694,Oc1ccc(CC(C)N)cc1,398.65
5632,c1cc2c(cc[nH]2)cc1C(F)(F)F,342.15
12689,Clc1ccc(S)c(N)c1,371.15
16906,O=C(c1ccc(N)cc1)c2ccccc2,395.65
17037,CC(=O)Oc2cccc1ccccc12,317.65
14951,O=C(O)C(O)CC(=O)O,403.15
5786,c1cc2cnccc2c(c1)Br,355.15
16960,Cc1ccc(cc1)P(c2ccc(C)cc2)c3ccc(C)cc3,422.15
15650,OC(=O)Cc2ccc(C(=O)c1ccc(C)cc1)n2C,429.15
12961,CC1=CCCC1C,155.14999999999998
11176,O=C(N(c1ccccc1)C(=O)C1(C)CCC(C)C1(C)C)C1(C)CCC(C)C1(C)C,485.15
18735,O=C(c1ccc(Cl)cc1)c2ccc(OC(C)(C)C(=O)OC(C)C)cc2,353.65
12286,O=C1N2N(C(=O)c3ccccc13)C1C=CC2C1,504.15
3087,B(c1cccc(c1)/C=C/C(=O)O)(O)O,491.15
11896,S1c2[nH0][nH0]c([nH0]2NC1c1ccccc1)c1c[nH0]ccc1,493.15
2478,C(C(=O)NCO)Cl,373.15
5431,CCCCCCCCCCOc1ccc(cc1)C(=O)O,370.15
12550,O=C(O)C1NC(C)C2=NC3=CCC=CC3=C2C1,517.15
22529,ClC(=O)OC(Cl)(Cl)Cl,216.15
20679,Fc1cccc(F)c1O,312.65
11178,N(CC1(C)CCC(C)C1(C)C)c1ccccc1,332.15
13797,Clc1cccc(Cl)c1Cl,328.15
8455,c1(c(c(c(c(c1Br)Br)O)Br)Br)O,517.15
13206,OCc1cc(N)ccc1,368.15
15832,O[C@@H]1[C@H](O[C@@H](CO)[C@H](O)[C@H]1O)O[C@@]2(CO)O[C@@H](CO)[C@H](O)[C@H]2O,458.65
831,c1ccc(c(c1)N2CCCCC2)[N+](=O)[O-],350.15
9995,O=C1OC2c3ccccc3CCC2CC1,412.15
19931,O=CCCCCC=O,265.15
12083,O=C(C)CCc1oc2ccccc2c1c1oc(C)cc1,327.15
6180,COc1cc(c(cc1OC)[N+](=O)[O-])C=O,406.15
23299,Clc2ccc(/C=N/c1ccccc1)cc2,336.2
1928,c1cc(c(nc1)N)[N+](=O)[O-],439.15
1370,c1c(cc(c(c1Cl)N=C=S)Cl)Cl,347.15
3090,Cc1c(c(no1)c2ccccc2Cl)C(=O)Cl,315.15
14950,Oc1ccc(C[C@H](N)C(=O)O)cc1,568.15
14679,Oc2cc(O)ccc2N=Nc1ccc(cc1)[N+]([O-])=O,473.15
11520,OC(C)CCc1ccc2CCC(Nc2c1)C,352.15
10505,Clc1ccc(Cl)c(N2C(=O)C3ON=C(C(=O)c4ccc(C)cc4)C3C2=O)c1,464.15
14930,OC(C(=O)O)(c1ccccc1)c2ccccc2,424.65
15267,CC(C)(C)C#CC=CCN(C)Cc2cccc1ccccc12,469.65
1916,c1cc(c(nc1)N)Cl,334.15
21379,ClC(=C(Cl)c1ccccc1)c2ccccc2,416.65
16481,OC(=O)c1cnc(N)cc1,585.15
18937,O,273.15
10337,O=C1Nc2ccccc2C=NC2CCCCC2N=Cc2ccccc2NC1=O,497.15
11103,Oc1ccccc1C(c1oc(C)cc1)c1oc(C)cc1,338.15
14362,OCC(=O)CO,348.15
8689,c1ccc(c(=O)cc1)O,326.15
11047,Oc1ccc(C)cc1C(O)c1ccccc1,376.15
3619,c1c(cnc(c1N)Cl)Br,404.15
7425,Cc1cc(c(c(c1)C)C=O)C,287.15
5987,Cc1cc(cnc1)C(=O)N,440.15
21477,NC(=S)OCC,314.15
8917,NC(CN(Cc1ccccc1)c2ccccc2)=NO,380.15
20179,COc2ccccc2C(=O)c1ccccc1,314.15
7180,CCCCCCCCC(=O)OCC,229.15
1976,Cc1cc(ncc1Br)N,423.15
2309,B(c1ccc(cc1Cl)C(F)(F)F)(O)O,384.15
3549,CC(C)(C)c1ccc2c(c1)-c3cc(ccc3C2)C(C)(C)C,354.15
1766,c1cc(c(c(c1[N+](=O)[O-])F)C#N)F,326.15
7150,CCCC(=O)CC(=O)OCC,229.15
12956,CCCC#CCC,142.14999999999998
4907,Cc1cc(ccc1Cl)C(=O)O,487.15
17974,O=C(CCCCCCCCCCCCCCCCC)OC,312.25
5164,CS(=O)(=O)c1ccc(cc1)F,352.15
16331,OC(=O)CC1CCCCC1,306.15
10709,O=C(OC)C1CC(c2ccccc21)c1ccccc1,364.15
4638,CN1CCN(CC1)c2ncc(c(n2)OCc3ccccc3)Br,336.15
11285,O(C)c1ccc(cc1)C12C(=C(c3ccccc3)c3ccccc3)C3CC1C2(C)C3(C)C,397.15
8237,c1ccc(cc1)C(=NO)c2ccccn2,428.15
15059,O=C(O)CCCCCCCCCCCCCC,325.15
1655,Cc1cc(c(o1)C)C(=O)Cl,293.15
2861,CC=C(C)C,139.14999999999998
8801,CCOC(=O)C1=C(C)NC(=C(C1c2cccc(Cl)c2Cl)C(=O)OC)C,418.15
11306,O=C1C(CC(=O)N)C2CCC1(C)C2(C)C,374.15
3322,c1ccc2c(c1)c(=O)c(c(o2)c3ccc(cc3)O)O,559.15
19383,O=C2OS(=O)(=O)c1ccccc12,402.65
5903,Cc1ccc(cc1C#N)F,316.15
3861,Cc1ccncc1C#N,316.15
8063,c1cc(cnc1)C(=O)NN,435.15
4812,CCN(CC)c1ccc(cc1)Br,307.15
2126,c1cc(ccc1C(=O)CBr)Cl,369.15
21915,Oc1ccccc1C=NO,330.15
13784,COC(=O)c1cccc(c1)C(N)=O,421.15
2088,c1cc(c(c(c1)Cl)Br)Cl,334.15
981,c1cc(c(cc1C(F)(F)F)N)N2CCOCC2,400.15
15331,CC(C)C6NC(=O)C(NC(=O)c1ccc(C)c2OC3=C(C)C(=O)C(N)=C(C3=Nc12)C(=O)NC5C(=O)NC(C(=O)N4CCCC4C(=O)N(C)CC(=O)N(C)C(C(C)C)C(=O)OC5C)C(C)C)C(C)OC(=O)C(C(C)C)N(C)C(=O)CN(C)C(=O)C7CCCN7C6=O,515.4
9973,O=C(OC1(CCC2(C)C(CCC3C4CCCC4(C)CCC32)C1)C(=O)C)C,438.15
11919,O=C1N(N(C)c2cc(N3CCCC3)cc(c21)c1ccc(OC)cc1)c1ccccc1,490.15
5267,c1cc(ccc1N=C=O)I,318.15
800,CCCCCc1ccc(cc1)C#Cc2ccc(cc2)OC,320.15
11526,[nH0]1c(C)ccc2cc3[nH0]c(C)ccc3cc12,511.15
10444,O=C1CC(C)(C)CC(=O)C1=NNc1ccc(O)cc1,479.15
15615,FC(F)(F)c1cc(ccc1)Nc2ccccc2C(=O)O,406.65
3290,c1cc(c(cc1CCl)Cl)Cl,270.15
23044,O=C(O)c1ccc(F)cc1,458.15
22226,COc1cc(cc(OC)c1OC)C2c4cc5OCOc5c(O)c4CC3OC(=O)C23,509.15
23362,C1=CC(=C(C=C1Cl)C2=CC(=C(C=C2Cl)Cl)Cl)Cl,350.15
1516,COc1ccc(c(c1)OC)S(=O)(=O)N,441.15
8530,CCCCNC(=O)NS(=O)(=O)c1ccc(cc1)C,402.15
16123,OCc1c(Cl)cccc1Cl,371.15
14543,[O-]S(=O)(=O)CCN1CC[NH+](CC1)CCO,509.15
14644,N#CCCO,227.15
20403,O=C(CCCCCCCCCCCCCCC)c1ccccc1,332.15
10665,O=C(Oc1cc(C)ccc1C1(Oc2cc(C)ccc2C(C)(C)C1)C)c1ccccc1,422.15
22806,Clc1nc(nc(n1)NC2CC(NC(C)(C)C2)(C)C)NC(C)(C)CC(C)(C)C,474.0
2432,c1cc(c(c(c1)Cl)C(=O)O)[N+](=O)[O-],437.15
6856,C(CNCCN)N,233.15
9822,O=[N+]([O-])c1cc([N+](=O)[O-])c(cc1C=Cc1ccccc1)C=Cc1ccccc1,466.15
20441,O1CCOCCOCCOCCOc2ccccc12,352.15
11450,O=C(Nc1ccccc1C#Cc1ccccc1)C,392.15
22509,Nc1cccnc1,337.65
16491,N#CCCN1CCCCC1,266.35
6584,CC[N+](CC)(CC)S(=O)(=O)[N-]C(=O)OC,350.15
3217,CC(C)(CC(=O)O)CC(=O)OC(=O)CC(C)(C)CC(=O)O,397.15
7666,COC(=O)CC(=O)N,312.15
18523,O=C3C=C4CCC1C(CCC2(C)OC(=O)CCC12)C4(C)C=C3,491.65
22790,O=C(N(C)C)[C@H](c1ccccc1)[C@H](O)c2ccccc2,449.5
16343,COc4cc5CCN[C@H](CC=1C[C@H]2c3cc(OC)c(OC)cc3CCN2CC=1CC)c5cc4OC,368.15
18707,CC(C)c1ccc(C)c2ccc(C)c2c1,304.65
796,c1cc(sc1)C=CC(=O)c2ccc(cc2)[N+](=O)[O-],442.15
14059,Ic1ccc(N)cc1,336.15
20750,O=C(O)C1Cc2ccccc2CC1,370.85
9451,s1c2ccccc2[nH0]c1C(=NNc1cccc(c1)C(=O)O)C#N,473.15
14213,CC(=O)OCC(=O)[C@@]4(O)CC[C@@H]3[C@]4(C)C[C@H](O)[C@H]2[C@H]3CCC1=CC(=O)C=C[C@@]12C,511.15
11952,[P+]([O-])(c1ccccc1)(c1ccccc1)C1C=2CCc3ccccc3C=2OC=2c3ccccc3CCC=21,488.15
5309,COc1ccc(cc1C(F)(F)F)CBr,350.15
12097,O=C(N)C(C#N)=Cc1ccc(OC)cc1,594.15
3101,Cc1ccccc1OCC(CO)O,343.15
22473,COc1cc(CC=C)c(OC)c2OCOc12,302.65
8276,CC1CCC2CC1C2(C)C,220.15
14935,IC(I)I,394.65
6693,C1CCC(CC1)CCCC(=O)O,304.15
26,c1cc(ccc1[N+](=O)[O-])OC(F)(F)F,288.15
12395,O=C1CC2CC(O)CCC2(C)C2CCC3(C)C(=O)CCC3C12,473.15
12822,O=C1NC(=O)C(CC=C)(CC(C)C)C(=O)N1,411.15
3099,COc1ccccc1CCC(=O)O,360.15
12551,Brc1ccc(O)cc1C,337.15
18109,Clc1cc(NC(=O)OCC#CCCl)ccc1,348.15
18460,ClC2=C(Cl)C3(Cl)C1CC(Cl)C(Cl)C1C2(Cl)C3(Cl)Cl,379.15
12566,O=[N+]([O-])c1oc(cc1)C(=O)OCC,374.15
5700,COc1ccc(cn1)N,303.15
16551,O=C(OCC)C(SP(=S)(OC)OC)c1ccccc1,290.65
16613,CCCC(CCCCCCCCCCCCCCCC)c1ccccc1,304.54999999999995
21823,O=S2(=O)CC(C)N(/N=C/c1ccc(o1)[N+]([O-])=O)CC2,454.15
9345,O=C(O)C(=NNc1cccc(NN=C(CC)C(=O)O)c1)CC,463.15
7596,CC1CC(=CC(=O)C1C(=O)OC)O,396.15
18334,[O-][N+](=O)c3cccc2c3C(=O)c1cccc(c1C2=O)[N+]([O-])=O,658.15
13820,CCCCCCCCCCC(=C)C,242.15
23239,ClC1/C=C\C2C3(Cl)C(\Cl)=C(\Cl)C(Cl)(C12)C3(Cl)Cl,368.15
12179,OCCCC(C)C1CCC2C3CCC4CCCCC4(C)C3CCC21C,403.15
5118,B(c1ccc(c(c1)C=O)F)(O)O,513.15
2231,CC(=C)Br,186.15
20572,C=CCOC2=NS(=O)(=O)c1ccccc12,411.65
9419,O=C(C=Cc1occc1)c1ccc(O)cc1,436.15
1590,c1c(cc(c(c1C(=O)O)Cl)[N+](=O)[O-])Cl,493.15
12362,O=[N+]([O-])c1ccc(OC2OC(COC(=O)C)C(OC(=O)C)C(OC(=O)C)C2OC(=O)C)cc1,450.15
6472,c1ccc(cc1)CO,258.15
10236,O=C1C=C(NCc2ccc(N(C)C)cc2)C(=O)c2ccccc12,439.15
16038,O=C(CCC(=O)O)OOC(=O)CCC(=O)O,400.15
14926,NCCCCCCN,312.15
1592,CC(=O)CC(=O)Nc1cc(ccc1Cl)Cl,368.15
8637,CC(=O)O[Si](C)(C)C,241.15
1082,C(C(Cl)(Cl)Cl)OC(=O)Cl,274.15
22052,CS(=O)(=O)Nc1ccc2nn(nc2c1)C3CCCC3,399.65
3221,C(CSSCCC(=O)O)C(=O)O,431.15
7852,CN(C)c1ccc(cc1)N,309.15
17088,CCC1(CC)COC(=O)NC1=O,370.65
12416,O=C1NC(C)=C(C(=O)OCC)C(N1)c1ccccc1,453.15
3546,c1ccc(cc1)c2c(c(=O)c3cc(ccc3o2)O)O,506.15
17038,Fc1c(F)c(F)c(F)c(F)c1NN,348.15
6867,CC(C)OC(=O)/N=N/C(=O)OC(C)C,277.15
6512,C1=CC2C3C(C1C4C2C(=O)OC4=O)C(=O)OC3=O,633.15
11191,OC1C(NCC(O)(C)CC)C2CCC1(C)C2(C)C,392.15
2713,COc1cc(cc(c1O)C=O)I,402.15
14337,Fc1ccc(F)c(F)c1F,231.15
12570,O=[N+]([O-])c1ccccc1NC(=O)c1ccccc1,369.15
16413,CNc3ccc(O)c2C(=O)c1c(ccc(O)c1C(=O)c23)NC,490.15
15788,Cc3cnc(NC(=O)C2=C(O)c1ccccc1S(=O)(=O)N2C)s3,527.15
11811,O=CC(C)(C)C(c1ccccc1)C(C(=O)O)C(=O)O,426.15
1904,Cc1cc(c(c(c1)C(=O)O)N)C,465.15
5725,Cc1cc(cn(c1=O)C)Br,379.15
8260,c1ccc(cc1)S(=O)(=O)CC#N,385.15
17608,c1cc2Nc3ccccc3CCc2cc1,379.65
434,C1[C@@H]2[C@H]([C@@H]([C@H]([C@H](O1)O2)O)O)O,455.15
4856,c1cc(c(cc1Cl)F)/C=C/C(=O)O,488.15
23005,FC1=C(C=CC=C1)[C@H]3C(NC2=CC=CC=C2C3)=O,464.15
8986,CCC(C)C(CC)C(N)=O,387.15
2834,COc1ccccc1C(=O)N,402.15
2203,c1ccc(c(c1)S(=O)(=O)N)Br,465.15
3445,COc1c(cc(cc1F)C=O)F,312.15
10735,ClC1Cc2c1c(OC)c(C)c(C)c2OC,386.15
21985,CC2=NOC(=O)C2=NNc1ccccc1Cl,441.15
6962,c1ccc(cc1)N(c2ccccc2)C(=O)Cl,357.15
15608,CC(C)CC2CN3CCc1cc(OC)c(OC)cc1C3CC2=O,401.15
7506,Cc1c(c(c(c(c1Br)O)Br)O)C(=O)OC,383.15
4280,B(c1ccc(cc1)CBr)(O)O,421.15
3767,B(c1ccnc(c1Cl)F)(O)O,401.15
21023,OCC(=O)C2CCC1C3CCC4=CC(=O)CCC4(C)C3CCC12C,414.65
20032,O=C(N(CCOc1c(Cl)cc(Cl)cc1Cl)CCC)n2ccnc2,321.15
18884,ClC4(Cl)[C@@]2(Cl)C(/Cl)=C(/Cl)[C@]4(Cl)[C@@H]3[C@@H]\1C[C@@H](/C=C/1)[C@H]23,377.15
8753,CC(C)NCC(O)COc1ccc(CC(N)=O)cc1,419.15
11502,Brc1ccc([N+](=O)[O-])c2c(cccc12)C=NNc1ccc([N+](=O)[O-])cc1,478.15
18239,Clc1ccc2ccccc2c1,334.15
20183,C[Si](C)(O[Si](C)(C)C=C)C=C,173.45
16297,N#CC(Br)c1ccccc1,302.15
9326,S=C1N(N=C(N1N=Cc1ccc2OCOc2c1)C(F)(F)F)CN1CCCCC1,395.15
12978,CC=C/C(C)(C)C,138.14999999999998
5378,Cc1ccc(cc1[N+](=O)[O-])N,350.15
12535,O=Cc1ccc(O)c(O)c1O,440.15
14808,CC=2CCC[C@](C)(C)C=2/C=CC(C)=CC=CC(C)=CC=CC=C(/C)C=CC=C(/C)C=CC1=C(C)CCC[C@@]1(C)C,451.15
7240,B(c1ccoc1)(O)O,415.15
22848,O=C1CCCC[C@H]1P(=S)(c2ccccc2)c3ccccc3,423.15
932,c1ccc(cc1)N2CCN(C2c3ccco3)c4ccccc4,403.15
8382,c1ccc(cc1)c2c3ccccc3c(c4c2c(c5ccccc5c4c6ccccc6)c7ccccc7)c8ccccc8,606.15
13991,O=S(c1ccccc1)c2ccccc2,343.15
3484,COc1cc(cc(c1)OC)C(=O)O,457.15
18795,O=C2CCC3C4CCC1(CC)C(C=CC1(O)C#C)C4CCC3=C2,471.05
12274,S=C(N1CCCCC1)c1ccc2OCOc2c1,386.15
1368,c1c(cc(c(c1Cl)C#N)Cl)Cl,354.15
7590,COC(=O)c1ccc(cc1)C#C,366.15
4204,Cc1cccc(c1)C(C)(C)C,232.15
1547,c1cc(c(cc1[N+](=O)[O-])[N+](=O)[O-])CBr,324.15
16742,CC(C)(C)c1cc(C)cc(C)c1O,295.45
13599,O=C(CC(=O)OCC)OCC,223.15
9926,S=C(NC)NCO,361.15
12387,O=C(O)c1cccc2CCCCc21,422.15
17178,CCCCC(N)=O,379.15
12578,O=C(Oc1ccccc1)CCC(=O)Oc1ccccc1,361.15
7479,COC(=O)c1cc(sc1)C=O,388.15
8545,CCC/C=C/C(=O)O,306.15
12594,[O-][nH0+]1o[nH0]c2ccccc12,342.15
13209,ClCC=CCCl,275.15
8825,CCCCC2=NC1(CCCC1)C(=O)N2Cc3ccc(cc3)c4ccccc4c5nnn[nH]5,453.15
1935,C1CCc2c(c(c(s2)N)C#N)C1,416.15
4899,c1cc(c(cc1C#N)F)Cl,353.15
17639,CCN(CC)CCNc1ccc(C)c2Sc3ccccc3C(=O)c12,337.65
3991,COc1ccc(cc1O)C(=O)O,526.15
3447,COc1c(cc(cc1F)C#N)F,359.15
10598,O=C1N(C(=O)C2C(=NOC12)C(=O)c1c([nH0]([nH0]c1C(=O)OCC)c1ccc(C)cc1)C)c1ccccc1C,473.15
1185,c1c(c(c(s1)Br)Br)Br,317.15
19447,Oc2ccccc2C(=O)Oc1ccc(cc1)C(C)(C)C,335.15
8970,CCCc3ccc(OCC(=O)N1CCN(CC1)C(=O)COc2ccc(CCC)cc2OC)c(OC)c3,401.15
3021,c1ccc(cc1)c2[nH]c3ccccc3n2,570.15
9368,ClCCN(CN1C(=S)SC(=Cc2ccccc2O)C1=O)CCCl,506.15
10201,O=C1C=2CNN(C)C=2N=CC1=C(O)OCC,412.15
16570,O=[N+]([O-])c1ccc(Cl)cc1C(=O)O,412.15
6211,CCOc1cccc2c1oc(c2)C(=O)O,471.15
4595,c1cc(ccc1C#N)N,358.15
12518,Brc1c(C)c(C)c(C)c(C)c1C,438.15
11297,O=[N+]([O-])c1ccccc1CC(=O)c1ccccc1[N+](=O)[O-],439.15
12842,O=C(O)C(C)c1ccc2cc(OC)ccc2c1,425.15
16047,O=C1C=C(CC(C)(C)C1)OC(=O)N(C)C,318.65
14035,CC(O)CCCCCCCCCCCC,307.15
9123,S1C(=N)N(N=C1C(=O)C)c1ccccc1[N+](=O)[O-],459.15
22713,S=C1SC=C(N1O[C@H](C(=O)OC)C)C,343.0
5142,c1cc(ccc1C=O)F,263.15
4993,Cc1ccc(cc1)Cl,281.15
21286,CC5CC1CCC(O1)C(C)C(=O)OC(C)CC2OC(CC2)C(C)C(=O)OC(C)CC3CCC(O3)C(C)C(=O)OC(C)CC4CCC(O4)C(C)C(=O)O5,420.65
2291,c1cc(c(c(c1F)C(=O)O)Cl)F,400.15
1216,Cc1cc(c(c(c1C)CCl)C)C,343.15
11218,O=C(O)C1CCC(OC1(C)C)(C)C(O)(c1ccc(C)cc1)c1ccc(C)cc1,425.15
3603,c1cncc(c1Cl)N,334.15
19980,O=C(N)c1ccc(F)cc1,428.65
15285,COc1cc2C(=O)C(Cc2cc1OC)CC4CCN(Cc3ccccc3)CC4,479.87
19043,[O-][N+](=O)c1cc(cc([N+]([O-])=O)c1NC(C)CC)C(C)(C)C,333.15
18979,O=C(NCC(=O)O)c1ccccc1,464.65
1659,Cc1ccc(c(c1)C(=O)O)C,407.15
15756,Clc1cccc(Cl)c1CC(=O)NC(=N)N,499.15
842,c1cc(oc1)C(=O)N2CCNCC2,341.15
2977,c1ccc(c(c1)CO)[N+](=O)[O-],345.15
7408,[C@@H]([C@H](C(=O)O)O)(C(=O)O)O,442.15
16624,Oc1ccc(cc1OC)CCO,314.15
2091,c1cc(c(cc1F)Br)F,242.15
15933,O=C(O)[C@@H](C)c1ccc2cc(ccc2c1)OC,427.45
6367,C([C@H]([C@@H]([C@@H]([C@@H](C=O)O)O)O)O)O,407.15
3063,c1ccc2c(c1)CCC(=O)C2,291.15
17408,Oc2c3ccc(O)c(O)c3cc1ccccc12,481.15
9191,O=C1N(c2ccccc2)c2ccccc2C=2Nc3ccccc3N=C(C)C=21,571.15
791,c1cnccc1N2CCNCC2,412.15
23456,CN1c2ccc(cc2C(=NC(C1=O)O)c3ccccc3)Cl,393.15
2633,c1cc(c(c(c1)F)C#N)O,429.15
3297,c1cc(c(cc1CC#N)Cl)Cl,313.15
7155,CCOC(=O)/C=C/c1ccccc1,280.15
5521,CCCCCc1ccc(cc1)O,297.15
6004,c1cc2c(cc[nH]2)cc1[N+](=O)[O-],414.15
9902,O=C(C=Cc1oc(cc1)c1ccccc1)c1occc1,373.15
4100,Cc1cccc(c1O)O,338.15
7926,c1ccc(cc1)COC(=O)N[C@@H](CCC(=O)O)C(=O)O,392.15
16416,CCCCCCCCCCCCCCCCCCOP2OCC1(COP(OC1)OCCCCCCCCCCCCCCCCCC)CO2,314.65
11313,O=C(OC)c1ccc(N2N=N2)cc1,313.15
10621,Clc1ccc(cc1)C(=O)C1=NOC2C(=O)N(C(=O)C12)c1ccc(F)cc1,424.15
14,c1ccc(cc1)N2CCC(=O)N2,395.15
4778,COc1ccc(c(c1)[N+](=O)[O-])Br,304.15
2792,COc1ccc2c(c1)nc(s2)S,469.15
9681,O=[N+]([O-])c1ccc(cc1)C=C1CC(C)CC(=Cc2ccc([N+](=O)[O-])cc2)C1=O,466.15
19883,O=C(c1ccccc1O)c2ccccc2O,332.65
10052,O=C(OCC)C(C)(C)C1=CCC2(C)C(CCC3C4CCC(OCc5ccccc5)C4(C)CCC32)C1,411.15
5922,c1cc2c(c(c1)O)C(=O)C=CC2=O,435.15
23454,CC\1=C(C2=C(/C1=C\C3=CC=C(C=C3)[S+](C)[O-])C=CC(=C2)F)CC(=O)O,456.65
11557,N(=Nc1ccccc1NNc1ccccc1)c1ccccc1,372.15
20311,FC(Cl)(C(Cl)(F)C(F)(F)F)C(F)(F)F,205.15
14483,OCCSCCO,263.15
16218,C[C@H]1CCCC[C@H]1O,280.15
21619,O=C(O)C=CC=CCCCCC,322.65
98,CC(=O)Oc1cccc2c1cccc2,318.15
2606,c1cc(c(cc1[N+](=O)[O-])F)O,392.15
13257,CC(=O)CCCCCC,252.15
16864,Oc2ccc(Cl)cc2C(=O)Nc1ccccc1,484.15
22434,Clc1cc(Cl)ccc1OC(C)C(=O)OCCCCCC(C)C,236.15
7038,CCOC(=O)c1c(csc1N)c2ccccc2,365.15
19722,O=C(c1cc(N)ccc1)c2cccc(N)c2,446.65
5,CC(C)(C)OC(=O)N1CCC(CC1)OCC(=O)NC,368.15
9844,S=C1NC(=O)C(=NNc2cccc([N+](=O)[O-])c2)C(=O)N1,603.15
19212,Clc1ccc2c(c1)oc3c2c(Cl)cc(Cl)c3Cl,463.15
5012,CCCc1ccc(cc1)c2ccc(cc2)C#N,338.15
15889,FC(F)(F)c2cc3N(CCCN1CCN(C)CC1)c4ccccc4Sc3cc2,298.15
5413,CSc1ccc(cc1C(F)(F)F)N,330.15
8803,CS(=O)(=O)c1ccc(cc1)C(O)C(CF)NC(=O)C(Cl)Cl,426.15
461,c1ccc(cc1)C#CC#Cc2ccccc2,360.15
14750,COc1ccc2nc(N)sc2c1,439.15
11551,O=C(Nc1ccc(cc1)c1ccc2[nH0][nH0]([nH0]c2c1)c1ccccc1)C,446.15
17725,Fc1ccc(Cl)cc1,246.35
19704,O=C(OCC)N(c1ccccc1)c2ccccc2,345.15
15559,CC(Cc1ccccc1)NCCC(c2ccccc2)c3ccccc3,309.65
1938,COc1cc(c(cc1OC)N)C#N,372.15
11079,O=[N+]([O-])c1cc(O)c(cc1OC)C(c1oc(C)cc1)c1oc(C)cc1,377.15
9117,s1cccc1C(=O)C=1SC(=N)N(N=1)c1ccccc1,407.15
21341,O=C(O)CCCCCCCC=CCCCCCCCC,286.52
4870,Cc1cc(ccc1C(=O)O)Cl,445.15
9665,N#CC(=NNc1cc(C)ccc1C)c1[nH0]c2ccccc2[nH0]1C,533.15
22454,O=C1CC[C@@]6(O)[C@H]3Cc5ccc(O)c4OC1[C@]6(CCN3CC2CC2)c45,442.15
7975,CC(C)(C)OC(=O)N[C@@H](Cc1ccccc1)C(=O)O,360.15
17136,O=C(OCC)c1cccc(c1)C(=O)OCC,284.65
16451,Nc1c(Cl)c(Cl)cc(Cl)c1Cl,380.15
20680,CCCCCCCCCCCCCCCCCCCc1ccccc1,313.15
7704,C(P(=O)(O)O)P(=O)(O)O,476.15
18847,Fc1ccc(cc1)C(=O)CCCN2CCC(O)(CC2)c3ccc(Br)cc3,428.15
11142,BrC1(Br)C(=O)C2CCC(C)(C1=O)C2(C)C,428.15
5069,B(c1ccc(cc1)CC)(O)O,425.15
7222,c1ccc(c(c1)C(=O)O)Nc2cccc(c2)C(F)(F)F,407.15
11764,O=COC1CCC2(C)C(CCC3C4CC=C(C#Cc5ccccc5)C4(C)CCC32)C1,453.15
20548,CC(=O)c1cc2c(cc1C)C(C)(C)C(C)CC2(C)C,327.65
13722,Cc1c(cccc1Cl)[N+]([O-])=O,309.15
20746,Clc1cccc(c1)O[Si]23OCCN(CCO2)CCO3,518.15
18112,COc2cccc(Nc1ccccc1)c2,346.15
20661,CC(CCCCC)OC(=O)COc1ccc(Cl)c2cccnc12,342.54999999999995
5465,c1cc2c(cc1[N+](=O)[O-])OCCOCCOCCOCCO2,367.15
7511,COC(=O)c1cc(cc(c1)Br)Br,336.15
7664,COC(=O)c1ccno1,322.15
10001,O=C(OC1CCCCC(OC(=O)Nc2ccccc2)C1)Nc1ccccc1,443.15
568,COc1cccc(c1)OC,221.15
12695,c1ccc2c(c1)cccc2c1cccc2ccccc21,427.15
16897,Oc1cc(cc(O)c1O)C(=O)OCCCCCCCCCCCC,369.65
11742,O=C(NC=1CCCCC=1C)C,363.15
14675,CC(O)(C#CC(C)(O)CCC)CCC,341.65
7181,CCCCCCCC(=O)OCC,226.15
14627,O=C1C(=CC(=CC1=O)C(C)(C)C)C(C)(C)C,386.65
8046,CCCCCCCc1ccccc1,225.15
16319,O=C(CCc1ccccc1)CCc2ccccc2,286.65
19635,O=C(Oc1ccccc1OC)c2ccccc2,330.65
2333,c1cc(c(cc1F)Cl)CBr,310.15
22852,[O-]c1ccc(cc1C[NH2+]CCN(C)C)[N+]([O-])=O,431.65
9081,O=C1N(C)c2ccccc2C(O)=C1C1=NNC(=O)C1=Cc1[nH0]cccc1,565.15
22377,CC(C)c1cccc(C(C)C)c1N,228.15
2525,c1ccc(c(c1)C2CCCCC2)C(=O)O,377.15
20767,CC2(C)C1CCC2(C)C(=O)C1Cl,379.15
14108,Clc1ccc(Br)cc1C(=O)O,427.15
20911,O=C(OC)c1ccc2ccccc2c1,350.15
6489,CCC(=O)OCc1ccccc1,495.15
17463,[O-][N+](=O)c1c2ccccc2ccc1O,377.15
4454,Cc1nc(c(n1C)Cl)Cl,327.15
9857,S=C1NC(=O)C(=NNc2ccc(OC)cc2)C(=O)N1,519.15
22801,Clc1ccc(cc1)[C@@H]3O[C@H](c2ccc(Cl)cc2)[C@H](C(=O)[C@H]3C)C,463.5
16997,c1ccc(cc1)C2=NCCN2,369.65
11256,Brc1cccc2cc(ccc12)C=O,351.15
13724,O=[N+]([O-])c1cc(CCl)ccc1,320.15
6733,CN(C)c1cccc2c1cccc2S(=O)(=O)N,493.15
11143,O=C1C=CC2CCC1(C)C2(C)C,447.15
3892,CCC(CC)(CC)O,260.15
2613,B(c1cc(ccc1F)C=O)(O)O,443.15
9238,S1C(=NN=Cc2occc2)N(N=C1C(=O)c1ccc(C)cc1)c1ccccc1,387.15
20899,CC1CCCC1CC,167.14999999999998
6935,CCCCCSCCCCC,222.15
1575,Cc1cc(cnc1Br)Br,318.15
20256,Oc1ccc(Cl)cc1C(=O)OC,323.15
7988,CC(C)(C)OC(=O)N(C)CC(=O)O,364.15
13219,CC[C@@H]1CCC[C@@H]1CC,155.14999999999998
1583,c1cc(ncc1Br)Br,367.15
18552,OCC(c1ccccc1)C(=O)OC2CC3N(C)C(C2)C4OC34,332.15
1520,COc1ccc(c(c1)OC)C(=O)Cl,332.15
1617,COc1cc(c(cc1F)C=O)F,372.15
17523,O=C(C)Oc2ccccc2C(=O)Oc1ccccc1C(=O)O,432.15
22758,N(/c1ccccc1SC)=Cc2cc(cc(c2O)C(C)(C)C)C(C)(C)C,408.5
13522,COc1ccc(cc1)C(N)=O,438.15
9684,O=C(C)C=C(C)c1ccc(cc1)c1ccccc1,406.15
7621,COC(=O)c1ccc2cc(ccc2c1)Br,395.15
17944,O=C(OCCOCCCC)c1ccccc1C(=O)OCCOCCCC,218.15
5058,CCOc1ccc(cc1)C(=O)NN,399.15
10244,ClC=1C(=O)C(C#N)=C(C#N)C(=O)C=1NCc1ccccc1,506.15
2318,c1c(cc(c(c1Cl)N)Br)Br,373.15
405,C(CCCCO)CCCO,333.15
219,CCCCCCCCCCS,247.15
4123,CCCCCCCCCCCCCCCCc1ccsc1,301.15
19585,Nc1ccnc(N)c1,380.15
11482,ClC(Cl)C(=O)c1ccc(cc1)C(=O)C(Cl)(Cl)Cl,409.15
19792,OCCCCCCCCO,336.15
8756,CN1CCC(CC1)N(Cc2ccccc2)c3ccccc3,387.15
2037,c1ccc2c(c1)[nH]c(n2)N,503.15
7947,CC(C)(C)OC(=O)N[C@@H](Cc1ccc(cc1)Br)C(=O)O,392.15
1022,COC(=O)c1ccccc1N=C=O,320.15
7434,CC(=C)C=O,192.15
266,CCCBr,163.14999999999998
19984,NS(=O)(=O)c2cc1c(NC(NS1(=O)=O)C(Cl)(Cl)Cl)cc2Cl,574.65
8861,CN1CCC3=C(C1)C(c2ccccc2)c4ccccc34,364.15
3827,Cc1ccc(nn1)Cl,330.15
14281,CC1=CC[C@@H](CC1=O)C(C)=C,362.15
20307,C2OCC1(COCOC1)CO2,321.45
1351,Cc1cc(c(cc1C)C(=O)C)C,283.15
15718,CC[C@@H](CO)NC(=O)[C@@H]3C=C2c4cccc1c4c(cn1C)C[C@H]2N(C)C3,468.15
4665,Cc1c(c(n(n1)C)C)Br,308.15
1263,Cc1cccc(c1Cl)Cl,277.15
16083,O=C(CCCCCCCCCCCCCCCCCCC)OCC,323.15
3584,c1c(c(c(c(c1F)F)C(=O)O)F)N,451.15
5524,CCCc1ccc(cc1)c2ccc(cc2)C(=O)O,499.15
7913,C[C@H](C(=O)O)NC(=O)OCc1ccccc1,358.15
7472,COC(=O)c1ccccc1OCc2ccccc2,320.15
4723,c1cc(c(cc1Br)F)CBr,308.15
10468,O=C1N(CCCCC1)c1ccccc1,330.15
19460,SCC(=O)Nc1ccc2ccccc2c1,384.65
18783,O=C1C=C(CO1)C3CCC4(O)C5CCC2CC(CCC2(C)C5CCC34C)OC8OC(C)C(OC7CC(O)C(OC6CC(O)C(O)C(C)O6)C(C)O7)C(O)C8,528.65
4762,COc1ccc(c(c1)F)Br,491.15
14988,O=P1(NCCCO1)N(CCCl)CCCl,316.15
23253,CC(C)CC1=CC=C(C=C1)C(C)C(=O)O,349.15
19367,O=C2C(=C2c1ccccc1)c3ccccc3,392.15
10543,Clc1ccccc1N=Nc1c2N=C(C)C=C([nH0]2[nH0]c1N)C(F)(F)F,512.15
3517,c1c(cc(c(c1[N+](=O)[O-])O)[N+](=O)[O-])CC(=O)O,440.15
15907,O=C2NS(=O)(=O)c1ccccc12,502.45
3833,c1cc(cc(c1)Cl)S(=O)(=O)N,419.15
14120,c1ccccc1C(c2ccccc2)c3ccccc3,367.15
4708,c1cnc(cc1Br)Cl,292.15
16933,O=C(CCCC(=O)OC)OC,230.65
3307,c1cc(c(cc1C(=O)N)F)F,406.15
6291,c1ccc2c(c1)-c3ccccc3C2CO,377.15
23305,O=C(Nc1ccc(cc1)\C=C\c2ccc(NC(=O)C)cc2)C,492.15
5440,CCCCCCc1ccc(cc1)c2ccccc2,303.15
9260,ON=C(C)C1CC2(C)CCC1C2(C)C,369.15
16763,ON=C1c3ccccc3CCc2ccccc12,442.65
12351,O=C1Cc2ccccc2C(=O)Cc2ccccc21,481.15
17198,CC(C)CC#N,172.14999999999998
10279,O=CNc1ccc(cc1C)c1ccc(NC=O)c(C)c1,541.15
8950,CCOC(=O)Nc4ccc3Sc1ccccc1N(C(=O)CCN2CCOCC2)c3c4,429.15
17427,OC(=O)c1c(C)cccc1O,446.15
17535,Cc1cc(C)c(O)c(C)c1,346.15
14945,O[C@@H]([C@H](O)C=O)[C@@H](O)[C@@H](O)CO,423.65
10432,Clc1ccc(c(Cl)c1)C(=O)c1ccc(OC)c(OC)c1,401.15
16869,Oc2ccc(Br)cc2C(=O)Nc1ccc(Br)cc1,514.65
5088,c1cc(c(cc1F)C(F)(F)F)/C=C/C(=O)O,455.15
12434,[nH0]1[nH0]([nH0]c2ccccc12)c1ccccc1,380.15
895,C1C[C@H]2C(=O)O[C@@H](N2C1)C(Cl)(Cl)Cl,383.15
20364,COc1cc(ccc1)C(=O)NN,367.15
1225,c1cc(c(c(c1F)C(=O)O)F)F,404.15
19031,CCC1Cc2ccccc2CC1,230.35
6408,B(c1ccccc1)(O)O,490.15
9870,O=C1NN=C(C)C1=NNc1ccccc1C(=O)O,512.15
4754,CC(=O)Nc1ccc(c(c1)Cl)Br,397.15
22718,O=C(c1ccc(I)cc1)C,358.0
6955,Cc1ccccc1P(c2ccccc2)c3ccccc3,345.15
6110,c1cc(ncc1C(=O)Cl)Cl,323.15
6761,C([C@H]([C@@H]([C@@H]([C@H](C=O)O)O)O)O)O,439.15
12885,CC(N)CC,168.14999999999998
10274,ClC1N2Oc3ccc[nH0]c3C2=C(C(=O)OC(C)CC)C(Cl)C1Cl,370.15
15817,O=C(Nc1c(I)c(c(I)cc1I)C(=O)O)CCCCC(=O)Nc2c(I)c(C(=O)O)c(I)cc2I,580.15
17900,[O-][N+](=O)c1cc(c(O)c(c1)[N+]([O-])=O)C2CCCCC2,380.15
4860,c1cc(c(cc1Cl)I)N,313.15
15929,OCC(O)COc1ccccc1OC,351.95
6266,C[Si](C)(C)C1c2ccccc2-c3c1cccc3,370.15
19861,N#Cc1c(C)cc(C)nc1O,559.15
3796,c1cc(c(cc1NN)Cl)F,347.15
3904,Cc1c(cccc1F)N,280.15
22604,CN(C)c1ccc(Cl)cc1,308.65
16342,O=[N+]([O-])c1c(C)cccc1O,310.15
9466,O=C(NCCc1ccc(OCc2ccccc2)c(OC)c1)C=Cc1ccc(OCc2ccccc2)c(OC)c1,437.15
10498,Clc1ccc(Cl)c(N2C(=O)C3ON=C(C(=O)c4c([nH0]([nH0]c4C(=O)OCC)c4ccc(C)cc4)C)C3C2=O)c1,499.15
22483,Cc1cc(C)c(N)cc1C,341.15
23366,C1=CC(=CC=C1C2=CC=C(C=C2)Cl)Cl,422.15
17422,O=[N+]([O-])c1cccc(C)c1N,369.15
16502,Clc1c(OCC(=O)O)cccc1Cl,447.15
14838,N#CN,317.15
7702,C(CC(=O)S)CC(=O)S,401.15
19560,O=C(C)Nc1ccccc1F,351.15
10132,O=C1C(=C)C2CC(OC(=O)C)C3C1(C2OC(=O)C)C(OC(=O)C)CC1C(C)(C)CCC(OC(=O)C)C31C,510.15
15900,O=C2CN(C(=O)NC(C)C)C(=O)N2c1cc(Cl)cc(Cl)c1,409.15
2788,Cc1csc(n1)S,361.15
6268,c1ccc(cc1)C#Cc2c3ccccc3c(c4c2cccc4)C#Cc5ccccc5,528.15
1180,c1ccc2c(c1)CNCCN2,371.15
12770,O=C(OC)Nc1[nH0]c2cc(OCCC)ccc2[nH]1,503.15
61,c1cc2ccc3ccc(c4c3c2c(c1)cc4)CCCC(=O)O,458.15
10008,S(C)C(SC)C1=C(C#N)C(c2ccccc2)C(C(=O)OC)C1(O)c1ccccc1,438.15
5422,CCCCc1ccc(cc1)C(=O)N,401.15
9932,O=C1C(=C)C23OC(OC3C11C(C(OC(=O)C)C2)C2(C)C(OC(=O)C)CCC(C)(C)C2CC1OC(=O)C)(C)C,532.15
1459,c1cc(c(cc1Cl)Cl)C(=O)N,465.15
11050,S1C(=Nc2ccc(N(C)C)cc2)C=C(C=C1c1ccccc1)c1ccccc1,421.15
5358,Cc1c(snn1)C(=O)O,458.15
23349,O=C1N=C(N(C(C)=O)C2=CC=CC=C2)S/C1=C\C3=C(C)N(C(C)=C3)C4=CC=C(C)C=C4,530.15
13287,CC(C)(O)CCCCC,223.15
12802,Fc1cc(ccc1c1ccccc1)C(C)C(=O)O,383.15
21881,Cc1cccc(I)c1O,288.65
7336,CC(C)COC(=O)C(C)C,192.15
452,c1cc(ccc1CC(=O)O)CC(=O)O,527.15
11177,S=C(Nc1ccccc1)N(C)CC(=O)C1(C)CCC(C)C1(C)C,420.15
16229,O=C2Oc1c4C5CCOC5Oc4cc(OC)c1C=3CCOC(=O)C2=3,511.65
1395,Cc1cc(c(c(c1)C)C#N)C,326.15
23018,C1=CC(=CC(=C1)[N+](=O)[O-])C(=O)O,414.15
3889,CCOc1cccc(c1)O,303.15
19390,Clc1ccc(cc1)OC(C)(C)C(=O)OCc2cccnc2,321.65
596,CC(=O)c1cccc(c1)C(=O)C,309.15
5620,c1cc(ccc1c2[nH]nnn2)F,483.15
12257,O=C(OCC)c1ccc[nH0]c1c1[nH0]cccc1C(=O)OCC,363.15
23315,O=C(OC)\C1=C(\N/C(=C(/C(=O)OC)C1c2ccccc2[N+]([O-])=O)C)C,446.15
18209,BrCC(Br)c1ccccc1,348.15
5639,c1ccc(cc1)C2(C(=O)NC(=O)N2)c3ccccc3,569.15
4849,Cc1cc(cc(c1O)C)Cl,355.15
3299,CCC(=O)c1ccc(c(c1)Cl)Cl,318.15
15537,O=C(O)C=2N3C(=O)[C@@H](NC(=O)Cc1cccs1)[C@H]3SCC=2COC(C)=O,433.4
10741,O=C(O)C1Cc2cc(OC)c(cc21)C(C)C,359.15
16787,Cc1cc2ccccc2nc1C,341.65
3032,c1ccc(cc1)c2ccccc2O,329.15
22667,O=C5C1=CC(=O)CC[C@@]1([C@@H]4[C@H]([C@H]3[C@]([C@@]2(OCCO2)CC3)(C)CC4)C5)C,435.0
2094,c1ccc(cc1)C(c2ccccc2)(c3ccccc3)n4ccnc4Br,478.15
23320,C1C(=O)NC(=O)N1/N=C/C2=CC=C(O2)[N+](=O)[O-],541.15
13616,Nc1cc(Cl)c(Cl)cc1,345.15
16591,CC(C)c1ccccc1C(=O)O,337.15
3856,c1csc(c1Cl)C(=O)O,459.15
4459,c1[nH]c(c(n1)C#N)C#N,448.15
6601,CC1(C2CCC1(C(=O)C2=O)C)C,473.15
13099,C[C@@H]1CCCC[C@@H]1C,223.15
22733,O[C@H]1C[C@](O)(OC[C@H]1O)CO,384.5
1829,CCc1cc(c(c(c1)C(C)(C)C)O)C(C)(C)C,316.15
20627,O=C(OCC)C1CC(=O)/C(C(=O)C1)=C(/O)C2CC2,309.15
12441,O=C(OCC1OC(OC2C(OC(OC(=O)C)C(OC(=O)C)C2OC(=O)C)COC(=O)C)C(OC(=O)C)C(OC(=O)C)C1OC(=O)C)C,411.15
12800,[P+]([O-])(O)(O)Oc1ccccc1C(=O)O,441.15
5838,B(c1cc(ccc1OC)Cl)(O)O,411.15
1484,COc1c(ccc(c1F)C(=O)O)F,467.15
6088,Cn1c(=O)cc(n(c1=O)C)Cl,383.15
6911,COC(=O)c1ccc(cc1)C(=O)OC,415.15
11323,O=C1C(=CNc2ccc(OC)cc2)C2CCC1(C)C2(C)C,444.15
18495,CN(C)CC(C)CN1c3ccccc3Sc2ccccc12,341.15
22634,N#CSc2ccccc2/N=N/c1ccc(cc1)C,372.0
3647,c1ccc(cc1)C(=O)CCC(=O)O,390.15
4929,c1cc(ccc1C(=O)c2ccc(cc2)Cl)O,453.15
16332,N#CSc1ccccc1,252.15
16976,CC(=O)OCOC(=O)C2N3C(=O)C(NC(=O)Cc1ccccc1)C3SC2(C)C,380.15
7344,CC(C)C(=O)c1ccccc1,274.15
3831,c1cc(cc(c1)Cl)C(=O)N,408.15
16135,Brc1cc(Br)c(Br)c(Br)c1O,386.65
11603,BrC(Br)c1ccc2C(=O)c3c(Cl)c(Cl)c(Cl)c(Cl)c3C(=O)c2c1[N+](=O)[O-],520.15
22645,O=C(OC)[C@@H]4[C@]3(O[C@](Sc1ccccc1)(c2c3c(Cl)nc(Cl)c2)C4)c5ccc(OC)cc5,391.0
9616,FC(F)(F)C1=NN(CO)C(=O)C1=NNc1ccc(OC)cc1,416.15
6690,C1CCCC(CC1)CC(=O)O,288.15
7055,CCOC(=O)CCC(=O)c1ccc(cc1)OC,324.15
11845,S1c2[nH0][nH0]c([nH0]2NC1c1occc1)c1ccc(OCCCC)cc1,400.15
13274,CC(CC)CCCCO,169.14999999999998
8660,c1ccc(cc1)C(c2ccccc2)(c3ccccc3)N=C=S,408.15
27,CCCCCCc1ccc(cc1)C#Cc2ccc(cc2)C,315.15
9807,O=[N+]([O-])c1ccc(cc1C=CC(=O)OC)C=CC(=O)OC,473.15
4147,c1ccc(cc1)C(=O)/C=C/c2cccc(c2)[N+](=O)[O-],419.15
805,c1cc(ccc1n2c(nnn2)S)O,443.15
19161,Clc1cc2c(cc1Cl)oc3c2c(Cl)c(Cl)cc3Cl,510.15
17031,CSc1nc(NCC)nc(NC(C)C)n1,361.15
22707,O=C3[C@]2(ON(c1ccccc1)[C@H](C=C2)C(C3)(C)C)C,330.0
9335,O=[N+]([O-])c1ccc(NN=C(Cc2ccccc2)C(=NNc2ccc([N+](=O)[O-])cc2)Cc2ccccc2)cc1,549.15
13977,CCCCCCCCCCCCCO,307.15
21317,COc6cc7CCN(C)C(Cc5cc(OC)c(OC)cc5Oc2cc3CC1c4c(CCN1C)cc(OC)c(OC)c4c3cc2OC)c7cc6OC,433.65
22859,O=C(O[C@]51C=C[C@]4(C[C@]1(Cl)C#N)[C@H]3[C@@H](c2ccc(OC)cc2CC3)CC[C@@]45C)C,456.65
12157,BrC=1C(=O)c2ccccc2C=1c1ccccc1,384.15
11412,O(C)c1ccc(N=C(Nc2ccc(OC)cc2)CNc2ccc(OC)cc2)cc1,432.15
10968,O=C1OC(O)c2c1c(OC)ccc2OC,465.15
985,CC(C)(C)c1ccc(cc1)CCO,306.15
19387,CCCCCC(=O)Cc3cc(O)cc2Oc1c(cc(O)c(C(=O)O)c1CCCCC)OC(=O)c23,478.15
6583,c1ccc(cc1)C(c2ccccc2)(c3ccccc3)Br,427.15
19754,O=S(=O)(Cc1ccccc1)Cc2ccccc2,425.15
925,C(COCCO)N,262.15
13205,OCc1ccccc1N,356.15
1003,CCN(CC)CCO,203.15
20401,O=C3C=C(Nc1ccccc1)C(=O)c2ccccc23,466.15
8035,c1ccc(cc1)C[C@@H](C(=O)O)NC(=O)OCC2c3ccccc3-c4c2cccc4,456.15
9640,Clc1ccccc1C=C(C#N)c1sc2ccccc2[nH0]1,412.15
13349,CC2(C)C1CCC(=C)C2C1,212.15
18970,O=C(O)C1CCCN1,478.15
13011,C=COCCCC,181.15
14145,C(COc1ccccc1)OCCOc2ccccc2,339.15
5349,COc1ccc(cc1)CC(=O)O,360.15
11925,Clc1ccc(cc1)c1cc(SC)cc2N(N(c3ccccc3)C(=O)c21)C,440.15
10346,OCCN(C[nH0]1[nH0]c(C)cc1C)C[nH0]1[nH0]c(C)cc1C,356.15
19035,Clc1ccc(cc1Cl)c2cc(Cl)ccc2Cl,379.15
17180,O=C(CCCCC)OCCC,204.45
2798,c1ccc2c(c1)nc(s2)S,453.15
16010,O=C2c1ccccc1C(=O)c3c2c(N)ccc3N,541.15
21905,CC[Si](F)(F)F,168.14999999999998
15439,OCc1cc(ccc1O)C(O)CNC(C)(C)C,430.65
22453,C=C1C(/CC(O)CC1O)=CC=C2/CCCC3(C)C(CCC23)C(C)CCCC(C)(C)O,388.15
5595,c1cc(c(c(c1)Cl)Cl)c2[nH]nnn2,454.15
9639,s1c2ccccc2[nH0]c1C(=Cc1ccc(F)cc1)C(=O)N,452.15
2324,c1cc(c(cc1F)Cl)[N+](=O)[O-],308.15
8645,B(CCCC)(CCCC)CCCC,239.15
14111,CCCCCC(c1ccccc1)c2ccccc2,261.15
19138,Clc1cc(Cl)c(Cl)nc1OCC(=O)O,422.15
5441,CCCCCCc1ccc(cc1)c2ccc(cc2)C(=O)O,496.15
19631,Oc2cccc1CCCCc12,343.15
17616,O=C1C(CC(C)C)=NC=C(C(C)CC)N1O,371.15
13530,O=C(C)Oc1ccccc1O,330.15
7182,CCCCCCCC/C=CCCCCCCCC(=O)OCC,241.15
11222,O=C(O)C1CCC(OC1(C)C)(C)C(O)(c1ccccc1)c1ccccc1,436.15
5341,COc1ccc(cc1)/C=C/C(=O)c2ccccc2,348.15
3730,c1cc(cc(c1)Br)O,303.15
17355,CCCCCF,153.14999999999998
17603,C1CCC2CCCCC12,220.15
14999,CN(C)C(=O)CC,228.15
11175,O=C(OCC1(C)CCC(C)C1(C)C)c1ccc(N)cc1,347.15
10276,ClC1N2Oc3ccc[nH0]c3C2=C(C(=O)OCC)C(Cl)C1Cl,378.15
22257,Cc2ccccc2C(C)=NNc1nc(C)cc(C)n1,448.65
8885,Cc2ccnc(NS(=O)(=O)c1ccc(N)cc1)n2,507.15
14224,O[C@@H]([C@H](C)NC)c1ccccc1,309.15
4502,c1cc(ccc1OC2CCNCC2)OC(F)(F)F,345.15
3980,c1cc(c(nc1)I)O,466.15
12377,OC1CCC2(C)C(=CCC3C4CCCC4(C)CCC32)C1,409.15
2163,c1cc(c(cc1F)/C=C/C(=O)O)Br,463.15
10120,O=C(OC1CCC2(C)C(C1)C(O)C(O)C1C3CCC(C(C)CCC(=O)OC)C3(C)C(OC(=O)C)CC12)C,449.15
2896,Cc1cccc(c1C(=O)O)[N+](=O)[O-],428.15
6627,c1ccc(cc1)P(c2ccccc2)Cl,288.15
23048,O=C(O)c1ccc(I)cc1,543.15
14264,CCCCCCCCCCCCCCCCCC(=O)O[C@@H]3[C@H](C[C@@H](C)O[C@H]3O[C@@H]2[C@@H](C)[C@H](O[C@H]1C[C@@](C)(OC)[C@@H](O)[C@H](C)O1)[C@@H](C)C(=O)O[C@H](CC)[C@@](C)(O)[C@H](O)[C@@H](C)C(=O)[C@H](C)C[C@@]2(C)O)N(C)C,375.15
22424,CC(=O)Oc2c1ccccc1c(OC(C)=O)c(OC)c2OC,411.15
17617,O=[N+]([O-])c1cc(cc([N+]([O-])=O)c1N)[N+]([O-])=O,466.65
17379,OCc1ccncc1,326.15
1992,c1cc(ncc1C#N)N,435.15
20843,Clc1c(C)cc(C)c(Cl)c1O,360.65
3195,C(C(=O)O)(C(F)(F)F)O,342.15
18396,CCN(CC)CCC1(c2ccccc2OC1=O)c3ccccc3,316.54999999999995
8115,c1ccc(cc1)Nc2ccccc2C(=O)O,460.15
16469,OC(C)(C)C(C)c1ccccc1,319.15
12451,N1=NC(C)=C(C)C1C,411.15
464,C1C(=O)OCC(=O)O1,355.15
12953,Nc1ccccc1,267.15
4369,c1cc(ccc1C#N)S(=O)(=O)C(F)(F)F,363.15
20207,Brc1ccsc1Br,255.65
4237,CN(C)c1ccc(cc1)N=Nc2ccccn2,382.15
9239,Clc1ccc(cc1)C(=O)C=1SC(=NN=Cc2ccc(F)cc2)N(N=1)c1ccccc1,424.15
20499,CC(C)OC(=O)C1(CC1)S(=O)(=O)c2ccc(C)cc2,338.65
14298,OC(Cn1cncn1)(c2ccccc2F)c3ccc(F)cc3,403.15
12630,O=C([nH0]1cc(C)c2ccccc12)C,338.15
23291,N(N)C,193.15
23122,C1=CC=C(C=C1)C2=CC=CC=C2,342.15
13792,Clc1cc(Cl)c(Cl)cc1,290.15
794,c1cc(ccc1N2CCNCC2)[N+](=O)[O-],404.15
22794,O=C(O)CCC(=O)O[C@H]4CC[C@]3(C(=CC[C@H]2[C@H]1[C@]([C@@H](C(=O)C)CC1)(C)CC[C@@H]23)C4)C,453.0
6886,COC(=O)CCCCC(=O)OC,281.15
14981,O=C(C)Nc1ccc(cc1)[N+]([O-])=O,488.15
15085,Oc1cccc2cccnc12,349.15
11679,FC(F)(F)C(C(=O)N(Cc1ccccc1)Cc1ccccc1)C(F)(F)F,349.15
6661,C1C2C=CC1C3C2C(=O)OC3=O,439.15
10653,Cc1ccc2c(c1)c1CCCCc1c1CCCCc21,366.15
14864,O=S(=O)(OC)OC,241.15
18738,NC(=O)c1ccccc1OCCCCCC,344.15
11513,O=C(Oc1ccc2c(NC(=O)c3ccccc3)cccc2c1)c1ccccc1,496.15
3042,Cc1cccc[n+]1[O-],321.15
1043,c1ccc(cc1)S(=O)(=O)c2cccs2,396.15
11497,[O-][N+](=Nc1ccccc1)c1ccc(N=Nc2ccccc2)c(C)c1,376.15
23489,O=C(Cc1ccccc1)N(Cc2ccco2)C(c4cc5ccccc5c3ccccc34)C(=O)NCCCC,458.15
22469,Oc1ccc(cc1OC)C=CC,263.15
11806,O=C(OC1CCCc2c(C)ccc(C)c21)C,325.15
7386,c1cc2c3c(c1)CCCN3CCC2,308.15
12221,O=C1C(C)C2CCC1(C)C2(C)C,311.15
1844,CSC(=C(C#N)C#N)SC,355.15
4278,CC(C)(C)OC(=O)Nc1ccncc1,422.15
3835,c1cc(cc(c1)Cl)C(=O)NN,431.15
3460,c1c(cc(cc1F)F)O,326.15
18526,COP(=S)(OC)Oc1ccc(cc1)Sc2ccc(cc2)OP(=S)(OC)OC,303.4
10199,O=C1C=CN=C2N(NC(N)=C21)C,491.15
5025,c1cc(ccc1C#N)N=C=S,393.15
9593,Clc1cccc(Cl)c1C=C(C#N)c1scc([nH0]1)c1ccccc1,369.15
7331,CC(C)CO,165.14999999999998
5271,c1cc(ccc1NN)I,374.15
275,CCCCCCCCCCCCBr,263.15
15431,O=C(N)c1cc(ccc1O)C(O)CNC(C)CCc2ccccc2,468.65
2692,COc1cccc(c1O)C(=O)O,425.15
6322,c1ccc2c(c1)cc3ccccc3n2,382.15
15071,O=C(c1ccccc1)c2cccs2,330.15
15148,C=COC(=O)C(CCCC)CC,183.15
11449,NC(c1ccccc1)=C(N)c1ccccc1,381.15
3075,C=Cc1ccc2ccccc2c1,338.15
16030,O=C(O)CSCC(=O)O,402.15
7899,c1ccc2cc(ccc2c1)C(=S)N,424.15
19633,O=C1Cc2ccccc2CC1,291.15
13476,O=C(C)c1ccc(C=O)cc1,306.15
23236,C(=O)C(=O)O,371.15
14778,c1cc2cccc3C=Cc(c1)c23,364.15
8746,CNCC(O)c1cccc(NS(C)(=O)=O)c1,432.15
21444,CS(C)(C)I,490.65
1886,C=CCc1c(c(cc(c1O)C(=O)c2ccccc2)C(=O)c3ccccc3)O,434.15
8537,COc1ccc(c(c1OC)OC)/C=C/C(=O)O,447.15
6829,CCC(C(=O)OCC)C(=O)OCC,273.15
11655,FC(F)(F)C(F)(F)C(F)(F)C(F)(F)C(F)(F)C(F)(F)C(F)(F)C(F)(F)C(=O)Nc1ccccc1[N+](=O)[O-],367.15
9536,SC(=NN)C(N)=NN,423.15
17511,Cc1cc(nc(Cl)n1)N(C)C,360.15
4176,c1ccc(cc1)Oc2cccc(c2)CC(=O)O,362.15
2236,c1cnc(nc1)Br,328.15
2853,CC(=C)C#C,160.14999999999998
7453,COC(=O)c1c(cc(cc1O)O)O,450.15
20414,O=S(=O)(CCl)c1ccccc1,327.15
16688,O=C2c1ccccc1N(C)C2=O,404.65
9023,Sc1[nH0][nH0]c([nH0]1N=Cc1ccccc1O)C(F)(F)F,429.15
12365,O=[N+]([O-])c1ccc(NN=C(c2ccccc2)c2ccccc2)cc1,429.15
22517,Oc2ccc(Nc1ccccc1)cc2,346.15
2453,c1ccc(c(c1)C#N)Cl,318.15
4314,CS(=O)(=O)c1ccc(cc1)O,366.15
22178,[O-][N+](=O)c1ccc(cc1)S(=O)(=O)Nc2ccc3nn(nc3c2)C4CCCC4,467.15
8076,CNc1ccccc1,216.15
8552,c1cc(cc(c1)Br)/C=C/C(=O)O,453.15
17565,O=C3C=CC2(CCC12C=CC(=O)O1)O3,431.15
8481,CC(=C(C)C)C,198.15
17533,Oc1ccc(C(C)=O)c(O)c1O,446.15
21512,CC1(C)CC(CC(C)(C)N1)N(CCCCCCNC2CC(C)(C)NC(C)(C)C2)c3ncnc(NC(C)(C)CC(C)(C)C)n3,411.15
16102,Oc1ccc(Cl)cc1OC,289.65
8585,c1ccc(cc1)CN(Cc2ccccc2)Cc3ccccc3,366.15
20,CCCCCCC=C,171.14999999999998
11433,O=C(OC(c1ccccc1)C(=O)c1ccc2CCc3cccc1c32)c1ccccc1,429.15
22461,O=C(C)c1ccccc1O,278.15
14648,O=[N+]([O-])c1c(C)cccc1C(=O)O,494.15
5386,Cc1ccc(cc1[N+](=O)[O-])O,352.15
21564,O=C3C=CC4C2Cc1ccc(OC)c(O)c1C4(CCN2C)C3,424.65
7723,Cc1cccc(c1)C(=O)Cl,250.15
15807,OC(=O)c1cc(N)ccc1O,556.15
11588,O=C(Nc1ccccc1CCc1ccccc1)c1ccccc1,439.15
13909,CC(=O)c1ccc(cc1)C(=O)OCC,328.15
5278,CC(C)c1ccc(cc1)N,210.15
17128,c1cccc(c1c2ccccc2)c4ccccc4c3ccccc3,391.65
5133,c1cc(c(cc1N)[N+](=O)[O-])F,369.15
3055,CCC(C)c1ccccc1O,283.15
863,CC(C)(C)OC(=O)N[C@@H](Cc1ccccc1)CC(=O)O,377.15
871,CC(C)(C)OC(=O)N1CCC[C@H](C1)O,320.15
13690,COc1cc(cc(OC)c1)OC,326.15
1508,c1cnc2c(n1)c(=O)[nH]c(=O)[nH]2,621.15
18139,OS(=O)(=O)c1ccc(Cl)cc1,340.15
17223,O=C(Nc1ccccc1)CC,378.65
12053,Clc1[nH0]c(N)[nH0]c(CC)c1C,412.15
11548,Brc1ccc(NN=C(Cc2ccccc2)C(O)Cc2ccccc2)cc1,412.15
18622,O=C2CCC3C4CCC1(C)C(CCC1(O)C#C)C4CCC3=C2,476.65
10056,O=C(OC1CCC2(C)C(CCC3C4CCC(O)(CC)C4(C)CCC32)C1)C,438.15
4124,CCCCCCSc1nc[nH]n1,340.15
23133,CN1C=NC2=C1C(=O)N(C(=O)N2C)C,509.15
2466,c1ccc(c(c1)C[C@H](C(=O)O)N)Cl,485.15
4216,CC(=O)c1ccc(cc1)N2CCNCC2,369.15
17571,CCCCCCCCCCCCCCCCCCCCCCCCCCCC(=O)O,364.05
8877,CC(C)NCC(O)COc1cccc2ccccc12,435.15
7103,CCOC(=O)/C=C/c1ccc(c(c1)OC)O,330.15
5375,Cc1ccc(cc1C(F)(F)F)C(=O)O,450.15
19336,CC(C)(C)/N=C=O,358.65
5613,COc1cccc(c1)c2[nH]nnn2,430.15
14845,O=C1CCCCC1,241.15
8866,BrCCC(=O)N1CCN(CC1)C(=O)CCBr,379.15
1711,C1=C(C(=O)C(=CC1=NCl)Br)Br,353.15
22021,O=C(COC(=O)c1ccccc1)N2CCCCC2,361.15
13710,c1ccccc1Oc2ccccc2,301.15
912,C[C@@]12CC[C@@](C1(C)C)(OC2=O)C(=O)Cl,339.15
4789,c1cc(ccc1C(=O)N)Br,465.15
12107,O=[N+]([O-])c1ccc2oc(C=CC(=O)C)c(c2c1)c1oc(C)cc1,451.15
18731,FC(F)(F)COc2cc(C(=O)NCC1CCCCN1)c(OCC(F)(F)F)cc2,419.15
2899,Cc1ccc2cccc(c2n1)[N+](=O)[O-],411.15
4035,C(CI)C(=O)O,355.15
22111,CC(=O)Oc2c1cc(C)ccc1c(OC(C)=O)c(OC)c2OC,343.65
16918,CCCCNc1ccccc1,258.75
10368,Clc1ccccc1C1SCC(=O)N1NC(=O)CC[nH0]1c2ccccc2[nH0]c1C,523.15
4257,CN1CCN(CC1)c2ccc(cc2)N,365.15
19953,CC=1NC(C)=C(CC=1C(=O)OCC)C(=O)OCC,453.65
20809,O=C(O)C(CC)c1ccc(cc1)N2Cc3ccccc3C2=O,456.15
18652,COc1c(cc(cc1OC)CCN)OC,308.65
11997,Brc1ccc(cc1)C=C1N=C(OC1=O)c1ccccc1,466.15
1254,c1cc(c(c(c1)Cl)Cl)C#N,336.15
18000,O=C(CCCCCCC)OC,233.15
12315,Brc1c(OC)c(C)c(C)c(OC)c1C,345.15
10907,O=C1OC(C#N)(Cc2ccccc12)c1ccccc1C,395.15
2122,c1c(cc(c(c1F)S(=O)(=O)N)Br)F,399.15
2673,c1cc(oc1)C=O,235.15
17349,[C-]#[N+]C,228.15
6118,c1cc(ncc1C(=O)O)C#N,465.15
9708,Fc1ccc(cc1)C(=O)C=C(C)c1ccc(F)cc1,324.15
19291,O=[N+]([O-])Nc1ccccc1,320.45
3611,B(c1ccc(c(c1)N)C)(O)O,523.15
20071,O=[N+]([O-])c1ccc(Cl)cc1N,400.95
12050,O=C1Oc2ccccc2C(NCC)=C1,423.15
7066,CCOC(=O)/C=C(/C(F)(F)F)N,298.15
337,CC(C)(C)OC(=O)N1CC(C1)C#N,343.15
22300,OC=3C(=O)CCC2C4CCC1(C)C(CCC1O)C4CCC2=3,462.15
7890,c1ccc2c(ccc(c2c1)C#N)C#N,483.15
17410,Cc2cc(C)cc1ccccc12,267.15
4004,c1cc(cc(c1)O)C=O,377.15
18987,Oc1ccc(cc1)OC2OC(CO)C(O)C(O)C2O,472.65
23421,Oc2cc(\C=C\c1ccc(O)cc1)cc(O)c2,527.15
19775,CC(C)C[N+]([O-])=O,196.3
8915,O=C3CCC(C1CCN(CC1)Cc2ccccc2)(C(=O)N3)c4ccccc4,429.15
11370,Clc1cc(c(Cl)cc1C(Cl)Cl)C(Cl)Cl,345.15
7771,COc1ccc(cc1)c2ccc(cc2)S(=O)(=O)NCC(=O)O,459.15
7017,CCOC=C(C#N)C(=O)OCC,323.15
14564,CCc2ccc3C(=O)c1ccccc1C(=O)c3c2,382.15
7261,Cc1c2c(ccn1)c3ccc(cc3[nH]2)OC,537.15
19822,NCCCCCCCN,302.04999999999995
10676,[nH0]1[nH0]c([nH0]2[nH]c(cc12)c1ccccc1)CC,462.15
21149,CC5(C)CC3C(C)(CC=C2C4(C)CCC1C(C)(CCC(O)C1(C)C)C4CCC23C)CC5,556.65
1841,Cc1ccc2ccc(cc2c1)C,370.15
33,c1ccc2c(c1)cccc2C=O,275.15
14528,Ic1cc(cc(I)c1O)[N+]([O-])=O,430.15
11187,BrC(c1ccccc1)C(Br)C1CCC(C)(C(=O)O)C1(C)C,434.15
1076,C[Si](C)(C)C#Cc1ccccn1,315.15
8503,C(C(=O)O)(O)SC(C(=O)OC(=O)C(O)SC(C(=O)O)O)O,371.15
5399,Cc1ccc(cc1)CCl,278.15
16000,ClCC(=O)N(COCCCC)c1c(cccc1CC)CC,270.35
14952,O=C(O)CC(=O)O,409.15
18645,O=C2CCC3(C)C4CCC1(C)C(CCC1(C)O)C4CCC3=C2,436.15
13872,Nc1ccc(Br)c(C)c1,352.15
5158,c1ccc2c(c1)c(ccc2F)C#N,363.15
8271,c1ccc(c(c1)C#N)C#N,413.15
21421,O=CC=Cc1ccco1,327.15
20479,Clc2cc(ccc2NS(=O)(=O)c1cc(c(Cl)cc1)C(F)(F)F)[N+]([O-])=O,443.15
20076,Cc1ccc(cc1)C(=O)CCCC,271.15
5886,CCc1c[nH]c(=O)[nH]c1=O,582.15
12988,C=C(C)CC(C)C,149.14999999999998
5270,c1cc(ccc1CC#N)I,326.15
1745,c1cc(c(c(c1)Cl)CO)Cl,370.15
19015,CCC(=O)C(=O)O,306.15
20592,FC(F)(F)c2cc(Cl)ccc2N=C(/COCCC)n1ccnc1,336.65
5280,CC(C)c1ccc(cc1)S(=O)(=O)N,378.15
12553,s1[nH0]c(NCC)c2ccccc12,351.15
14467,ClC(Cl)(Cl)C(O)O,330.15
1024,CNc1ccccn1,288.15
4718,c1cc(c(cc1Br)F)S(=O)(=O)Cl,338.15
14677,Oc2ccc(C[C@@H](C)[C@@H](C)Cc1ccc(O)c(O)c1)cc2O,453.15
18923,OC1C(OC(CO)C(O)C1O)OC2(CO)OC(CO)C(O)C2O,458.65
16359,Clc1cc(Cl)cc(Br)c1O,341.15
8632,CC(C)(C)C(=O)Cl,216.15
14840,IC#N,419.15
22022,O=C(OCC)C(CCC)n1nc2ccccc2n1,309.65
12065,Clc1ccc2oc(CCC(=O)C)c(c2c1)c1oc(C)cc1,348.15
3743,CCCC(=O)c1cc2ccccc2oc1=O,367.15
7471,COC(=O)c1ccnc(c1)N,420.15
20511,O=S(=O)(c1ccc(Br)cc1)C2(CCCCC2)C(=O)OC,384.65
22049,OCCN(CCO)C(=O)COC(=O)c1ccccc1,354.15
22109,O=C(OCC)CNC(=O)C2=CN(CC)c1nc(C)ccc1C2=O,471.65
20910,Nc1ccc(cc1O)C(=O)O,486.15
6813,CCOC(=O)c1c(c(sc1N)C(=O)OCC)C,388.15
11576,Brc1cc(Br)c(NC(=O)C)c(c1)C(=O)c1ccccc1,429.15
6821,CCOC(=O)C(C(=O)OCC)NC(=O)c1ccccc1,336.15
7440,CS(=O)(=O)OS(=O)(=O)C,340.15
16404,Oc1ccc(cc1Cl)C(=O)O,444.15
17261,N#Cc1ccc2ccccc2c1,339.15
21281,CCC(C)c1ccc(cc1)C(C)C(=O)O,349.15
16547,O=C(Oc1ccccc1C(C)C)NC,367.15
2357,c1cc(c(cc1[N+](=O)[O-])Cl)N=C=O,334.15
4664,c1cc(c(cc1Br)F)F,269.15
16945,CN(C)S(=O)(=O)N(SC(Cl)(Cl)F)c1ccccc1,379.15
8376,c1cc(cc(c1)OCC2CO2)OCC3CO3,307.15
16477,O=C4c2c(c(N)c1C(=O)c3ccccc3C(=O)c1c2N)C(=O)N4CCCC,483.15
5707,c1nc(c(c(n1)Cl)N)Cl,418.15
15025,[O-][N+](C)=O,244.15
11961,O=C1OC(=CC1=Cc1oc(cc1)c1ccccc1)CC(C)C,349.15
7176,CCSC,167.14999999999998
22706,Clc1nc2ccccc2c(c1)C,330.0
20250,Fc2c(c1c(F)c(F)cc(F)c1F)c(F)c(F)cc2F,358.15
2124,c1c(cc(c(c1[N+](=O)[O-])N)Br)[N+](=O)[O-],425.15
12623,Clc1ccc(cc1)C(=O)NCCc1ccc(OC(C)(C)C(=O)O)cc1,459.15
5659,c1cc2c(cc(c(c2nc1)O)Br)Br,474.15
3976,COc1ccc2c(c1)c(=O)c(c(o2)c3cc(c(cc3OC)OC)OC)O,475.15
732,c1ccc2c(c1)CCNC2,243.15
5196,c1cc(c(cc1C(=O)O)C(F)(F)F)O,419.15
3763,c1cc(c(c(c1)Cl)F)C(=O)O,450.15
79,CCCCCCCCCCCCCC#C,283.15
4561,c1cc(c(cc1C#N)C(F)(F)F)N,335.15
2331,c1cc(c(cc1F)Cl)C#N,337.15
4506,CC(=O)c1ccc(c(c1)Br)NC(=O)C,413.15
333,CC(C)(C)OC(=O)N1CCCC(=O)C1,311.15
10810,OC1(OC(Cc2ccccc21)c1ccc(OC)cc1)C,375.15
13445,CC(C)(C)C(O)C(C)(C)C,323.15
13940,O=C(C)c2ccccc2c1ccccc1,329.15
22768,O=C(Nc1ccccc1)c2ccccc2[N+]([O-])=O,427.0
17893,O=C(c1ccc(cc1O)OC)c2ccccc2O,341.15
9075,Clc1cccc(NN=C2C(=O)NN=C2C=2C(=O)N(C)c3ccccc3C=2O)c1,495.15
14123,BrC(C)CCCCCCCCCC,177.14999999999998
16067,COc1ccc(cc1Cl)NC(=O)N(C)C,399.65
21734,O=C(OCc2cc(Cc1ccccc1)oc2)C4C(C=C3/CCSC3=O)C4(C)C,304.15
6834,CCOC(=O)/C=CC(=O)OCC,262.15
12965,CC#CC(C)CC,165.14999999999998
18220,O=C(O)c1cc2ccccc2cc1O,495.65
6177,c1cc2c(cc1[N+](=O)[O-])C(=O)OC2,416.15
6247,c1cc2cccnc2c(c1)N,338.15
12870,C=CC(C)C,105.14999999999998
12747,BrC(CC)(CC)C(=O)NC(=O)NC(=O)C,382.15
4289,c1cc(ccc1C(=O)O)S(=O)(=O)Cl,503.15
11804,O(CC#C)Cc1cc(COCC#C)c(cc1COCC#C)COCC#C,339.15
5400,Cc1ccc(cc1)CN,285.15
214,c1cc(ccc1[N+](=O)[O-])OC(F)F,307.15
19768,O=C(CCCCCCC)OC(=O)CCCCCCC,272.15
20285,BrCCCCCCCBr,314.85
4801,c1cc(ccc1CS)Br,300.15
12545,Brc1c(C)c(C)cc(C)c1C,329.15
3154,c1cc(cc(c1)OC(F)F)C(=O)O,378.15
106,CN1CCCC1,183.15
15633,O=C(Oc1ccccc1C(=O)O)c2ccccc2O,420.15
23403,O=C\1\C=C/[C@]4(/C(=C/1)CC[C@@H]2[C@@H]4[C@@H](O)C[C@@]3([C@@](O)(C(=O)CO)CC[C@@H]23)C)C,513.15
3404,c1c(cncc1Br)Br,385.15
7716,c1cc(cc(c1)N)N,336.15
14909,NC=O,275.15
11734,O=C(OCCC)C1=C(NC(C)=C(C(=O)OCCC)C1c1ccccc1)C,392.15
16263,COc2ccccc2/N=N/c1ccccc1,314.15
6525,c1ccc(cc1)C(=O)Nc2ccccc2SSc3ccccc3NC(=O)c4ccccc4,415.15
17566,FC(F)(C(F)(F)C(F)(F)I)C(F)(F)C(F)(F)C(F)(F)C(F)(F)C(F)(F)F,293.95
6387,c1ccc2cc3ccccc3cc2c1,489.15
16354,O=C3c1c5ccccc5ccc1c2cc4ccccc4cc23,487.15
16225,N#CC(C)(C)C#N,304.65
16383,BrCCCCCC(=O)O,308.15
1528,Cc1cc(c(c(c1)[N+](=O)[O-])N)C,340.15
22795,ClC(=O)c1cc2c(onc2cc1)c3ccc(Cl)cc3,453.5
965,CC(C)(C(=O)O)Oc1ccc(cc1)Cl,393.15
17470,CC(C)CCSCCC(C)C,198.55
12196,O=C1Oc2cc(C)cc(C)c2C1,378.15
9854,S=C1NC(=O)C(=NNc2ccccc2C)C(=O)N1,515.15
455,C1CS(=O)(=O)CCO1,405.15
10309,[P+]([O-])(OC)(NC(CCC(=O)OCC)C(=O)OCC)C(NC(=O)CCCCN1C(=O)c2ccccc2C1=O)C,354.15
7053,CCOC(=O)c1ccccc1[N+](=O)[O-],301.15
17619,OC(C(O)CN)C(O)C(O)CO,400.15
16537,Nc4ccc2c1ccccc1c3cccc4c23,389.15
20407,O=[N+]([O-])c1c(ccc(C)c1O)C(=O)O,459.15
9286,O=C(N)NN=C(C)CCc1ccc2CCC(Nc2c1)C,401.15
12261,O=C1N2c3ccccc3N(C)C2=C(C#N)c2[nH0]cccc12,566.15
17034,Cc3cccc2ccc1ccccc1c23,326.65
16485,Brc1cscc1Br,277.65
14966,[O-][N+](=O)OC,165.14999999999998
20961,ClCC(=O)N(COC(C)C)c1c(C)cccc1CC,294.75
13301,O=C(OC)CC(=O)OC,211.15
18646,OCC(=O)C4(O)CCC3C2CC(C)C1=CC(=O)C=CC1(C)C2C(O)CC34C,505.65
10212,Fc1cc(NC(=O)C)ccc1[N+](=O)[O-],449.15
11229,Clc1cc(Cl)c([N+](=O)[O-])c(c1)C=O,364.15
13713,Oc1cc(ccc1)c2ccccc2,351.15
18392,CCC1(CC)C(=O)NCCC1=O,377.15
19366,C1NCCCNCCNCCCNC1,458.15
3646,c1ccc(cc1)C(=O)c2cccc(c2)C(=O)O,437.15
13583,O=[N+]([O-])c1cc(Cl)ccc1,316.15
20831,Clc2ncc(CN1CCS/C1=NC#N)cc2,409.15
173,CCCCCCCCCCCCCCCCS(=O)(=O)Cl,330.15
22171,FC(F)(F)c2ccccc2C(=O)N(NC(=O)c1ccccc1)C(C)(C)C,445.65
14982,CC(=O)Nc1ccc2c3ccccc3Cc2c1,467.15
8527,Cc1ccc(c(c1)O)C(C)C,324.15
8511,c1cc(sc1)C(=O)O,401.15
11611,O=[N+]([O-])c1cc([N+](=O)[O-])c(cc1C(=O)C(=O)OCC)C(=O)C(=O)OCC,391.15
1526,COc1ccnc(n1)OC,290.15
8591,C(#N)C(Cl)(Cl)Cl,229.15
20380,O=C(OCC)C(C(=O)OCC)=C(/C(=O)OCC)C(=O)OCC,331.15
749,C(CCCCCCN)CCCCCN,343.15
611,C1CNCCC1CCCC2CCNCC2,339.15
8052,CCCCCCOC(=O)C=C,228.15
17664,OC(=O)c1ccc(F)cc1,458.15
10463,O=C(O)C(C)(C)C(CC)C1CCc2cc(O)ccc2C1,436.15
17114,O=C(NC1CCCCC1)NS(=O)(=O)c2ccc(C)cc2,448.15
13458,CC(O)(C#C)c1ccccc1,321.15
9806,O=C(OCC)C=Cc1cccc(c1)C=CC(=O)OCC,327.15
5175,B(c1ccc(c(c1)C(F)(F)F)C=O)(O)O,474.15
21420,Nc1ccc(/C=C/C(=O)O)cc1,394.65
9387,O=C1C(=CNC(=O)N)C2CCC1(C)C2(C)C,470.15
14417,O=C1c2ccccc2NC1=O,473.15
7836,CN(C)c1ccc(cc1)C2CNCCN2,401.15
2030,CC(=O)Nc1ccccc1N,408.15
20299,Cc1ncccn1,269.15
13162,Cc1cccc(CC)c1,177.14999999999998
17333,NC(=O)OC,327.15
4052,COc1cccc(c1)C(=O)N,406.15
348,c1ccc(cc1)CN2CCC(CC2)(C#N)O,370.15
21639,Oc1cc(C=C/C(=O)O)ccc1,484.65
9294,O=[N+]([O-])c1ccccc1NN=C(C(=O)OCC)C(=O)C,347.15
18772,O=C3CC4CCC2C(CCC1(C)C2CCC1O)C4(C)CC3C,424.15
21718,CC(C)=CC=CC(C)=CC,252.55
16775,C=Cc1scnc1C,258.15
3736,c1cc(c[n+](c1)[O-])Br,308.15
10305,Clc1c2OC(Oc2c(Cl)c(Cl)c1Cl)c1ccccc1,388.15
18963,O=CC(O)CO,418.15
16784,O=C(CCCCCCCCCCCCCCCC)OC,303.15
1562,c1ccc(cc1)c2ccc(cc2)c3cnc(o3)c4ccc(cc4)c5ccccc5,512.15
20998,CC2(OC(=O)N(Nc1ccccc1)C2=O)c4ccc(Oc3ccccc3)cc4,414.15
5623,c1cc(ccc1CCCCC(=O)O)O,391.15
20941,CC(Cl)(Cl)CCC,401.65
11647,FC(F)(F)C(F)(F)C(F)(F)C(F)(F)C(F)(F)C(F)(F)C(F)(F)C(F)(F)C(=O)Nc1ccc(OCC)cc1,408.15
22723,O=[N+]([O-])c2ccc(c1cc(ccc1C)C)cc2,371.5
2755,Cn1ccnc1I,354.15
3212,CC(C)(C)C#C,195.15
7401,C([C@@H]([C@H]([C@H](C=O)O)O)O)O,383.15
21261,CC(=O)C2(O)CCC1C3CC(C)C4=CC(=O)CCC4(C)C3CCC12C,487.65
22127,O=C(N(NC(=O)c1ccccc1)C(C)(C)C)c2cccc(C#N)c2,446.65
19394,Cc2ccc(SSc1ccc(C)cc1)cc2,320.65
22401,Fc1cccc(N)c1,268.15
4721,c1cc(c(cc1Br)F)C(=O)Cl,298.15
8835,CCc1c(C)[nH]c2ccc(cc12)N(C)C,373.15
17646,Fc1ccc(cc1)C(c2ccc(F)cc2)C(Cl)(Cl)Cl,317.65
5965,Cc1ccc(o1)C(=O)Cl,302.15
8254,c1ccc(cc1)C(=O)C(=O)O,338.15
20555,CCCCCS(=O)(=O)O,289.04999999999995
13882,OC(=O)c1ccc(Cl)cc1OC,419.15
14160,Clc1ccc(Cl)c(I)c1,294.15
4096,Cc1c2ccccc2sc1C(=O)O,516.15
6459,c1ccc2c(c1)nco2,303.15
19825,O=C1OC(=O)c2c1c(F)c(F)c(F)c2F,368.15
1565,Cc1cc(c(cc1CCl)C)CCl,405.15
12056,O=C(Nc1ccccc1CC)c1cccc2ccccc21,448.15
7711,C[Si](Cl)(Cl)Cl,195.15
15614,CCN(CC)C(=O)C2CN3CCc1cc(OC)c(OC)cc1C3CC2OC(C)=O,404.15
9555,O=[N+]([O-])c1ccc(cc1)c1oc(cc1)C=C1C=C(OC1=O)CC(C)C,436.15
18408,BrC(Cl)(Cl)CBr,247.15
12799,O=C(O)C(C)(C)CCCOc1cc(C)ccc1C,334.15
15828,CN(C)[C@H]3C[C@@H](C)O[C@@H](O[C@@H]2[C@@H](C)[C@H](O[C@@H]1C[C@](C)(OC)[C@H](O)[C@@H](C)O1)[C@@H](C)C(=O)O[C@H](CC)[C@@](C)(O)[C@H](O)[C@@H](C)C(=O)[C@H](C)C[C@@]2(C)OC)[C@@H]3O,491.65
12166,O=C1CC2CCCCC2(C)C2CC(=O)C3(C)C(CCC3C(C)CCC(=O)O)C12,449.15
21859,O=C(Oc1cc(C)ccc1C(C)C)NCCC(C)C,330.15
18996,[C-]#[O+],68.14999999999998
18612,O=C(c1ccc(cc1O)OC)c2ccccc2,338.65
7276,Cc1c(c(c(c(c1C)C)C)C)C,438.15
12409,O=C(O)CC(O)(c1ccccc1)c1ccccc1,483.15
22843,Brc1c(O)c2ncccc2cc1,412.65
15801,CN1CCN(CC1)c2cc3N(CC)C=C(C(=O)O)C(=O)c3cc2F,544.15
10148,S(C)C(N(C)C)=C(C#N)C(=O)OCC,365.15
18656,CC(=O)C2(OC(C)=O)CCC1C3C=C(C)C4=CC(=O)CCC4(C)C3CCC12C,487.15
17671,FC(F)(F)c1cccc(c1)C(=O)O,378.65
9723,O=C(OC(=O)C(C)=CC=Cc1ccccc1)C(C)=CC=Cc1ccccc1,386.15
19261,O=NN(C)c1ccc(cc1)N=O,374.15
19928,Fc2c(Sc1c(F)c(F)c(F)c(F)c1F)c(F)c(F)c(F)c2F,360.15
9613,s1cc([nH0]c1C(=NNc1cccc([N+](=O)[O-])c1)C#N)c1ccccc1,489.15
7463,COC(=O)c1cc(cc(c1N)Br)Br,361.15
20660,O=S(=O)(c1ccccc1)C2(CC2)C(=O)OC,347.65
4422,CC1(CN(NC1=O)c2ccccc2)C,443.15
13142,ClC(Cl)Cl,210.15
2679,c1ccc2c(c1)NC(=O)CO2,447.15
17395,Clc1nc(nc(n1)N(CC)CC)N(CC)CC,300.15
19794,CCCCCCCSCCCCCCC,343.15
20974,COc1nc(nc(OC)c1)Oc5cccc(Oc2nc(cc(OC)n2)OC)c5C(=O)ON=C(/c3ccccc3)c4ccccc4,402.15
11119,O=C(Nc1ccc(C)cc1)CC(C)c1ccc(C)cc1,378.15
20755,O=CC(O)C(O)CO,402.15
1521,COc1ccc(c(c1)OC)CO,310.15
10804,O=C(Oc1cc(cc2ccccc12)c1ccccc1)C,333.15
10923,OC1(C#Cc2ccccc2)Cc2ccccc21,372.15
5030,B(c1ccc(cc1)C2CCCCC2)(O)O,493.15
5011,CCCCCc1ccc(cc1)c2ccc(cc2)c3ccc(cc3)C#N,402.15
13638,Cc1c(C)c(C)c(C)c(C)c1C,437.15
3591,Cc1c(cccc1N)C(=O)O,460.15
18448,CC(C)(N)C(=O)O,608.15
3905,Cc1c(cccc1F)CC#N,320.15
2446,c1ccc(c(c1)C(=O)N)Cl,415.15
7720,Cc1cccc(c1)C(=O)NN,369.15
22643,O1C[C@@H](OC1(C)C)[C@@H](C#C)N(O)Cc2ccccc2,388.0
12463,P(CC1OC(OC1CP(c1ccccc1)c1ccccc1)(C)C)(c1ccccc1)c1ccccc1,360.15
13950,O=C(N)c1ccc(cc1)c2ccccc2,496.15
13626,O=C(C)c1cccc(c1)C(C)=O,309.15
9416,O=C(Oc1ccc(cc1)C=CC(=O)c1ccccc1)c1cc(OC)c(OC)c(OC)c1,368.15
7092,CCOC(=O)Cc1ccc(cc1)N,320.15
11552,Nc1ccc(cc1)c1ccc2[nH0][nH0]([nH0]c2c1)c1ccccc1,416.15
2056,c1c(sc(n1)N)C#N,458.15
23028,O[C@H]4CC[C@@]3([C@H]2CC[C@@]1(C(=CC[C@H]1[C@@H]2CC(C3=C4)=O)C(C)=O)C)C,442.15
2304,c1cc(cc(c1)[N+](=O)[O-])NC(=O)CCl,387.15
20846,O=C1CC(C)CC1(C)C,232.55
4553,c1cc(c(cc1N)Cl)C#N,391.15
15136,O(P(Oc1ccccc1)Oc2ccccc2)c3ccccc3,296.15
10500,Fc1ccc(N2C(=O)C3ON=C(C(=O)c4c([nH0]([nH0]c4C(=O)OCC)c4ccc(C)cc4)C)C3C2=O)cc1,484.15
15497,N=C(N)N1Cc2ccccc2CC1,552.15
8387,c1ccc(c(c1)C(=O)N)O,413.15
14521,O=S1(=O)CC=CC1,337.65
22832,O(c1c(OC)cccc1OC)[C@@H](CO)[C@H](O)c2cc(OC)c(OC)c(OC)c2,378.15
13462,O=C(N)c1cccc(C#N)c1,496.15
5346,COc1ccc(cc1)OCC(=O)O,384.15
641,c1ccc(c(c1)CC#N)CC#N,332.15
9091,Brc1ccc(NC=C2C(=O)NN=C2C=2C(=O)N(C)c3ccccc3C=2O)cc1,566.15
5361,B(C=CCC(C)C)(O)O,374.15
4427,Cc1ccc(cc1)C(=O)C(=O)c2ccc(cc2)C,376.15
21779,CCCCCCCCC=CCCCCCCCCN,298.15
1896,COc1cc(c(c(c1OC)OC)N)C(=O)O,412.15
22097,CC(C)COC(=O)Nc1ccc2nn(nc2c1)C3CCCC3,394.15
12527,O=C(Nc1ccc(cc1)CCCC)C,378.15
4429,Cc1ccc(cc1)c2ccc(cc2)C,393.15
13601,ClC(Cl)c1ccccc1,257.15
17700,N#CCC(=O)O,339.15
3774,Cc1c(cccc1Cl)C(=O)O,437.15
12524,O=C1OCc2ccccc2C1,356.15
216,CCCCCCCCC#C,229.15
23289,COC(=O)C1=CC=C(C=C1)N,387.15
5291,COc1ccc(c2c1cccc2)C#N,375.15
4221,c1cnccc1N2CCCC2,329.15
18021,CC(C)NCCO,401.65
21006,OC3C(O)C(O)C(CO)OC3OC2C(O)C(CO)OC2(OC1OC(CO)C(O)C(O)C1O)CO,426.15
1615,CCOc1ccc(c(c1)NC(=O)c2ccccc2)OCC,361.15
15238,NC(=O)c1ncn(n1)[C@@H]2O[C@H](CO)[C@@H](O)[C@H]2O,448.15
3973,CCCCCCCCCCCCCC(=O)CC,316.15
5860,c1cc2c(ccc(c2nc1)O)Cl,396.15
11740,O=C1c2ccc(C)cc2C(=O)c2cc(C)ccc12,436.15
10448,S=C1NC(=O)C(=Cc2oc(cc2)c2ccccc2OC)C(=O)N1,508.15
9790,O=C1OC(=NC1=Cc1cccc(c1)C=C1N=C(OC1=O)c1ccccc1)c1ccccc1,520.15
22012,NS(=O)(=O)c1cc2cc(CNCCF)sc2o1,476.15
17865,O=C(Oc1cccc(O)c1)c2ccccc2,407.15
1803,COc1ccc2cc(ccc2c1)OC,426.15
21190,CC(C)(C)CCCC(C)C,168.14999999999998
22288,CC(=O)OC2(C#C)CCC1C3CCC4=CC(/CCC4C3CCC12CC)=NO,489.15
14053,CCCCCCCCCCCCCl,264.15
21438,CNC(=S)NC,335.15
13679,OC(=O)c1cccc(c1)C(=O)O,615.15
19613,CCCOCOCCC,175.84999999999997
16573,Cc1cc2ccc3cc4ccccc4cc3c2cc1,429.65
12210,O=C(O)C(=O)Cc1ccc(OC)cc1,467.15
9924,O=C(O)C=C(C)C=CC=C(C)C=Cc1c(C)cc(OC)c(C)c1C,501.15
19551,Fc1ccc(F)cc1[N+](=O)[O-],261.45
8135,CCCc1ccccc1,173.14999999999998
772,C1CCC(CC1)(C(=O)O)C(F)(F)F,343.15
23266,CC(C1=CC(=CC=C1)C(=O)C2=CC=CC=C2)C(=O)O,366.15
3597,c1c(c(n[nH]1)N)Br,409.15
394,CN1c2ccccc2Sc3c1cccc3,375.15
15767,OC(CCCN)(P(O)(=O)O)P(=O)(O)O,507.15
3427,c1c(cc(cc1Cl)Cl)C#N,339.15
4402,c1cc(ccc1C(c2ccc(cc2)Cl)O)Cl,365.15
4948,COc1ccc(cc1)Cl,255.15
5125,Cc1cc(ccc1F)N,307.15
10354,Brc1ccc(cc1)C1C=2C(=O)Oc3ccccc3C=2OC=2NC(=O)C(OCC)C(=O)C=21,469.15
20252,NCc1ccc(Br)cc1,293.15
19951,Clc1ccc(cc1)C3C(=O)c2ccccc2C3=O,418.65
17165,ICCCCCI,282.15
22986,Clc2c(NS(=O)(=O)c1ccccc1)cccc2Cl,387.15
12235,O=[N+]([O-])c1cc([N+](=O)[O-])cc(c1)C(=O)OCCC(C)C,334.15
5717,c1cncc2c1[nH]cn2,445.15
2029,c1cc2c(cc1[N+](=O)[O-])sc(n2)N,521.15
18692,CN3C1CCC3CC(C1)OC(=O)C(CO)c2ccccc2,391.65
23312,OCC(c1ccc2c(c1)ccc(OC)c2)C,360.15
2057,c1ccc(cc1)Nc2nc(nc(n2)N3CCOCC3)N4CCOCC4,446.15
13786,O=C(C)Nc1ccccc1C(=O)O,457.15
23016,CC1=CC(=CC=C1)C(=O)O,383.15
15453,OCC(O)CNC(=O)c1c(I)c(N(CC(O)CO)C(C)=O)c(I)c(c1I)C(=O)NCC(O)CO,450.15
7562,COC(=O)c1cc(ccn1)CO,348.15
22953,Oc2ccc(/N=N/c1ccccc1C(O)=O)cc2,479.15
11842,ClCCN(CN1C(=S)SC(=Cc2ccc(N(CCCl)CCCl)cc2)C1=O)CCCl,379.15
23152,O=C(O)/C=C/C,345.15
21081,Oc1ccc(cc1Cl)C2CCCCC2,313.65
22854,O=P(OCC)(OCC)C(c1cc(c(O)c(c1)C(C)(C)C)C(C)(C)C)(P(=O)(OCC)OCC)P(=O)(OCC)OCC,437.65
494,c1cc(c(cc1Br)[N+](=O)[O-])Br,357.15
15245,OC(CC[N+](CC)(CC)CC)(c1ccccc1)C2CCCCC2,454.65
2816,COc1cc(ccc1S(=O)(=O)Cl)[N+](=O)[O-],370.15
8938,CCCCC(C)CC(O)C=CC1C(O)CC(=O)C1CCCCC=CC(O)=O,370.15
20399,Nc1cc(C)nc2ccccc12,442.15
14817,BrC=C,134.14999999999998
15308,NC(O)=C3/C(=O)[C@@]2(O)C(=O)C4=C(O)c1c(c(Cl)ccc1O)[C@@H](O)[C@H]4C[C@H]2[C@@H](C3=O)N(C)C,494.65
4098,Cc1c2ccccc2oc1C(=O)O,469.15
7501,COC(=O)CC1C(=O)Nc2ccccc2S1,416.15
23357,O(c1ccccc1OC\C=C)CC(O)CNC(C)C,385.0
9646,FC(F)(F)C1=NNC(=O)C1=NNc1[nH][nH0]c(c1)c1ccccc1,545.15
14874,CC(C)(C)[SiH](Cl)C(C)(C)C,312.15
23187,ClC5(Cl)[C@]3(Cl)C(\Cl)=C(\Cl)[C@@]5(Cl)[C@H]4[C@H]1C[C@H]([C@@H]2O[C@H]12)[C@@H]34,448.15
17284,Oc1ccc(C(=O)O)c(O)c1O,494.15
2288,c1c(cnc(c1[N+](=O)[O-])Cl)[N+](=O)[O-],336.15
20516,CC(C)C(C)CCC(C)C2CCC1C3=CCC4CC(O)CCC4(C)C3CCC12C,419.15
1408,c1cc(c(cc1C(F)(F)F)C(F)(F)F)C(=O)O,382.15
17956,ClCCOP(=O)(OCCCl)OCCCl,218.15
17445,NNCc1ccccc1,299.15
8153,CCOC(=O)CNC(c1ccccc1)(c2ccccc2)c3ccccc3,387.15
16373,Clc2ccc(/N=N/c1ccccc1)cc2,361.15
8204,c1(c(c(c(c(c1Cl)Cl)Cl)Cl)Cl)N,505.15
15858,CC(C)N(CCC(c1ccccn1)(c2ccccc2)C(N)=O)C(C)C,367.95
18870,C(c1ccccc1)N(CC2=NCCN2)c3ccccc3,393.15
14177,BrC(C)C(Br)CBr,254.15
14776,C=Cn3c1ccccc1c2ccccc23,336.15
18869,OC(=O)C1=CC(C=CC1=O)=C(/c2ccc(O)c(c2)C(=O)O)c3ccc(O)c(c3)C(=O)O,573.15
3678,c1cncc(c1C#N)Br,366.15
5681,c1cc(ccc1n2c(c(cn2)C#N)N)Cl,444.15
14742,O=[N+]([O-])c1ccc(C)cc1C(=O)O,408.15
7962,CC(C)[C@H](C(=O)O)NC(=O)OC(C)(C)C,351.15
13592,CCCCCCC(O)CCC,262.15
7854,CN(C)C(=O)CCC(=O)O,358.15
14614,CN(C)c1cccc(O)c1,356.15
1399,Cc1cc(c(c(c1)C)O)C,345.15
15853,CN1CCC(CC1)=C2c4ccccc4C=Cc3ccccc23,385.95
16475,Clc2cc(ccc2/N=N/c1ccc(cc1)N(CC)CCO)[N+]([O-])=O,406.15
11400,O=C1N(c2cc3N(C(=O)Cc3cc2C1)C(=O)C)C(=O)C,568.15
506,CC(=O)Oc1ccc(cc1)OC(=O)C,394.15
18497,OC(CCN1CCCCC1)(c2ccccc2)C3CCCCC3,387.15
21597,Oc1ccc(cc1O)C=3Oc2cc(cc(O)c2C(=O)C=3O)OC,568.15
12440,OC(CCCc1ccccc1)c1ccccc1,320.15
18044,N#CCC(N)=O,394.65
10043,O=C1CC2(C)C(=CC=C3C(OC(=O)C)=C(CC=C)C(=O)C(O)=C32)C(C)=C1C,366.15
23113,C1=CC=C(C=C1)C(=O)C(=O)C2=CC=CC=C2,368.15
8108,CCCCCCCCCCCCCCCCCCCCCCCCC,326.15
2473,c1cc(c(cc1O)Cl)O,375.15
6349,CC(=C)C(=O)OCC=C,208.15
4592,c1ccc(cc1)C(=O)Nc2ccc(cc2)N,402.15
20324,C/C(C)=NN=C(/C)C,260.65
1922,Cc1cc(c(nc1)N)I,361.15
23344,Cc1cc(C=O)c(C)n1c1ccccn1,335.65
10049,OC1CCC2(C)C(=CCC3C2CCC2(C)CCCC32O)C1,475.15
9666,Clc1cccc(Cl)c1C=C(C#N)c1[nH0]c2ccccc2[nH0]1C,459.15
7161,CCCCCCC(=O)OCC,207.15
15763,N[C@H](CCP(C)(=O)O)C(=O)O,503.15
7897,c1ccc2cc(ccc2c1)S(=O)(=O)N,492.15
12073,O=[N+]([O-])C=Cc1ccc(N(C)C)cc1,461.15
6260,COc1c2c(ccc(=O)o2)cc3c1occ3,421.15
8142,CC(C)(C)NC=O,289.15
4589,CC(=O)c1ccc(cc1)N,379.15
11852,S1c2[nH0][nH0]c([nH0]2NC1c1ccc([N+](=O)[O-])cc1)c1ccc(OCC)cc1,371.15
14601,OCCc1ccccc1,246.15
15294,CNCCC=C1c3ccccc3CCc2ccccc12,487.15
8966,CCCN(CCC)C(=O)C(CCC(O)=O)NC(=O)c1ccccc1,415.15
20450,O=C(O)CCOc2cccc1ccccc12,419.65
11048,Oc1ccc(C)cc1C(O)Cc1ccccc1,356.15
4130,CC(=O)Nc1cccc(c1)[N+](=O)[O-],425.15
13885,COc1c(cccc1Cl)[N+]([O-])=O,331.15
19966,O=C(NC(C)C(=O)O)c1ccccc1,438.65
1217,Cc1c(nc(c(n1)C)C)C,358.15
6827,CCOCC,157.14999999999998
961,c1ccc(c(c1)C(=O)c2ccc(c(c2)[N+](=O)[O-])Cl)C(=O)O,473.15
22762,Clc1c(ccc(c1)N2C(=O)C=CC2=O)C,413.25
9232,S=C1N(N=C(N1N=Cc1sccc1)C(F)(F)F)CN1CCN(CC1)CN1N=C(N(N=Cc2sccc2)C1=S)C(F)(F)F,460.15
2391,c1cc(c(cc1[N+](=O)[O-])C(=O)Cl)Cl,332.15
279,CC(C)(C)c1ccc(cc1)Br,289.15
1954,COc1nc(nc(n1)SC)N,474.15
6321,CC(=O)CC(OC)OC,190.15
6055,c1cc2c(cc1N)scn2,361.15
1740,c1cc(c(c(c1)Cl)S(=O)(=O)Cl)Cl,326.15
22812,O=C(OC)[C@@]57C=C[C@H]6c2c(c(c1ccccc1)c4c(c2c3ccccc3)cccc4)[C@@H]5[C@]67C(=O)OC,483.0
14801,c1cccc5c1cc4c2c5cccc2c3ccccc34,437.15
8649,CCCCCCCCN(CCCCCCCC)CCCCCCCC,234.15
10753,O=[N+]([O-])c1cccc([N+](=O)[O-])c1COC(=O)OCc1c([N+](=O)[O-])cccc1[N+](=O)[O-],476.15
5962,Cc1ccc2c(c1)cn[nH]2,384.15
16703,O=C(CCCCCCC(=O)OCC)OCC,279.04999999999995
15354,O=P(O)(O)CO[C@H](C)Cn2cnc1c(N)ncnc12,551.15
1345,c1c(c(cc(c1F)F)F)C(=O)O,371.15
63,CCCS,160.14999999999998
17133,CC1NC(C)SC(C)S1,319.15
11893,S1c2[nH0][nH0]c([nH0]2NC1c1ccc([N+](=O)[O-])cc1)c1c[nH0]ccc1,519.15
3029,c1ccc(cc1)c2[nH]ccn2,421.15
10714,O=C(OC)C=1Cc2ccccc2C=1C,339.15
23013,OCCC(OC)C,188.15
3192,C(C(=O)O)(C(F)(F)F)C(F)(F)F,325.15
10852,O=C1Cc2c1c(C)c1c(c2C(=O)OC)C(C)C1=O,423.15
14221,Cl[C@H]1[C@H](Cl)[C@@H](Cl)[C@H](Cl)[C@H](Cl)[C@H]1Cl,432.15
1454,c1cc(ccc1C(=O)CCl)Cl,374.15
14238,NNc1ccc(cc1[N+]([O-])=O)[N+]([O-])=O,474.15
9492,O=[N+]([O-])c1ccccc1C=CNC(=O)C,423.15
2598,COc1ccc(c(c1)F)C=O,318.15
18580,CC(C)(C)C(=O)OCOC(=O)C2N3C(=O)C(/N=C/N1CCCCCC1)C3SC2(C)C,392.15
8824,O=C(NC1CCN(CC1)CCc2c[nH]c3ccccc23)c4ccccc4,481.15
1817,Cc1cccc(c1C#N)C,363.15
10977,O=C(NN)c1c[nH0+]([O-])ccc1C,499.15
8253,CCCCC1C(=O)N(N(C1=O)c2ccccc2)c3ccccc3,380.15
18072,Clc1ccc(OCC(O)CO)cc1,351.15
8097,CCCCCCCCCCCCCCCCCC[Si](Cl)(Cl)Cl,293.15
3098,COc1ccccc1OCC(CO)O,354.15
21377,CNC(=O)Oc1cc2c(cc1)N(C)[C@@H]3N(C)CC[C@]23C,378.65
3446,COc1c(cc(cc1F)C(=O)O)F,438.15
11913,S(C)C(SC)=C(C#N)C(=O)OCC,327.15
9584,O=C1C(=COc2ccccc21)C=C1C(=O)c2ccccc2C1=C1C(=O)c2ccccc2C1=O,524.15
18236,Oc1cccc(c1)N(CC)CC,351.15
6822,CCOC(=O)C(=Cc1ccccc1)C(=O)OCC,303.15
633,c1ccc(cc1)CN2CN(CN(C2)Cc3ccccc3)Cc4ccccc4,323.15
11189,O=C(O)C1(C)CCC(CCc2ccccc2)C1(C)C,391.15
10115,O=C(OC)CCC(C)C1CCC2C3C(O)C(O)C4CCCCC4(C)C3CCC21C,378.15
6961,c1ccc(cc1)Nc2ccccc2,327.15
22014,NS(=O)(=O)c1ccc(SCCCCO)c(F)c1,377.15
7080,CCOC(=O)/C=C/c1cccc(c1)[N+](=O)[O-],348.15
3132,CC(C)n1cc(c2c1cccc2)c3ccc(cc3)F,370.15
18491,COc3ccccc3N2CCN(CCCNC1=CC(=O)N(C)C(=O)N1C)CC2,430.15
2940,c1ccc2cc(ccc2c1)C=O,334.15
20271,O=Cc1ccnc2ccccc12,324.15
1032,CSc1ccccc1C#N,309.15
21598,COc1cc(OC)c(cc1OC)/C=CC,335.65
6804,C1CCC(CC1)C(C2CCCCC2)O,334.15
21279,CC(SCCSP(=O)(OC)OC)C(=O)NC,316.15
11043,Oc1ccccc1C(O)c1ccc(C)cc1,378.15
20489,CS(=O)(=O)Nc1cc(c(Cl)cc1Cl)N2N=C(C)N(C2=O)C(F)F,395.15
679,Cc1ccc(cc1)CCc2ccc(cc2)C,354.15
21232,CC2(O)CCC1C3CC=C4CC(O)CCC4(C)C3CCC12C,479.15
4169,c1ccc(cc1)OCC(CO)O,331.15
17167,C1=CCC=CC1,223.95
8599,C(CO)N(CCO)CCO,293.15
13533,O=C(O)COc1ccccc1,373.15
12523,O1COc2cc(C#N)ccc12,367.15
21757,Oc1ccccc1C=CC,267.15
4122,CCC(C)CC(=O)O,231.15
9815,O=[N+]([O-])c1ccccc1C=C([N+](=O)[O-])c1ccccc1,380.15
9787,O=[N+]([O-])C=Cc1cccc(c1)C=C[N+](=O)[O-],477.15
23213,CCOC(=O)C1=CC=C(C=C1)O,389.15
9745,O=[N+]([O-])c1ccccc1C=C1c2ccccc2NC1=O,355.15
8140,CC(C)(C)/[N+](=C/c1ccccc1)/[O-],346.15
170,CCCCCCCCCCCCCCC=C,277.15
2882,Cc1nc(cs1)c2ccccc2,327.15
3205,c1cc(cc(c1)N)Cc2cccc(c2)N,355.15
20699,Cc1ccc(cc1)C(O)c2ccccc2,325.15
11535,ICCc1ccc(cc1)CCI,384.15
13582,O=[N+]([O-])c1ccccc1Cl,307.15
16177,CC2(C)C1CCC2(C)C(=O)C1=O,472.15
1033,CSc1ccc2ccccc2c1,336.15
18967,O=C1CCc2ccccc2O1,298.15
17181,OC(=O)CCC(C)CC(=O)O,374.15
1385,CC(C)c1cc(c(c(c1)C(C)C)S(=O)(=O)Cl)C(C)C,369.15
1295,c1cc(c(c(c1)O)O)C=O,381.15
8875,CC(C)C1(CC(Br)=C)C(=O)NC(=O)NC1=O,450.15
11335,O=C(Nc1cccc(N=[N+]([O-])c2cccc(NC(=O)C)c2)c1)C,527.15
20404,C=C(C)CCC=C(/C)C,203.15
14329,O=C=Nc1ccc(cc1)Cc2ccc(N=C=O)cc2,310.35
19001,OC1C(O)COC(O)C1O,431.15
17527,Oc2c3ccccc3cc1ccccc12,425.15
17291,Brc1cc(Br)c(Br)c(Br)c1Br,433.65
13504,CC(C)(C)c1ccc(O)cc1,373.15
7360,CC(=C)OC(=O)C,180.15
8871,O=C1CN(CC2N1CCc3ccccc23)C(=O)C4CCCCC4,409.15
15640,COc3cc4CC[C@@H]2[C@H](CC[C@@]1(C)[C@H]2CC[C@@]1(O)C#C)c4cc3,423.65
1497,CC(=O)N(C)c1ccc(cc1F)F,357.15
15659,O=C1CCc2cc(ccc2N1)OCCCCc4nnnn4C3CCCCC3,433.15
8992,Cc1cc(cc(C)c1CC2=NCCN2)C(C)(C)C,404.15
747,C(CCCCCCO)CCCCCO,356.15
19809,O=C(Oc1ccccc1)CCCCCCCCCCCCCCCCC,325.15
5981,Cc1c(nc[nH]1)C=O,441.15
16166,Nc1ccc(cc1)C(=O)OCCCCC,325.15
2206,c1ccc2c(c1)[nH]c(n2)Br,471.15
3056,c1ccc2c(c1)C(=O)OS2(=O)=O,393.15
15538,O=S(C)(=O)Nc1ccc(cc1)C(O)CNC(C)C,479.9
15280,FC(F)(F)c1cc(ccc1)Nc2ncccc2C(=O)O,476.15
590,COC(CBr)(CBr)OC,339.15
14956,C,91.14999999999998
7508,COC(=O)c1cc(cc(c1O)Br)Br,424.15
20631,Clc1c(O)c(Cl)c(O)c(Cl)c1O,409.15
19034,O=C4c1c(Br)c(Br)c(Br)c(Br)c1C(=O)N4CCN3C(=O)c2c(Br)c(Br)c(Br)c(Br)c2C3=O,718.15
1491,c1cc(c(cc1F)F)C(=O)N,434.15
6569,c1ccc(cc1)Br,242.15
15220,CC(=O)CC(C=1C(=O)c2ccccc2OC=1O)c3ccccc3,434.15
14412,O=C(O)C2=CN(CC)c1nc(C)ccc1C2=O,502.65
16556,CCCCCCCCCCCCCCCN,310.45
7089,CCOC(=O)c1ccc(c(c1)[N+](=O)[O-])NC(=O)C,369.15
5265,c1cc(ccc1O)I,366.15
13340,O=Cc1ccc(C=O)cc1,388.15
9154,O=C(O)C(C)=C(C)c1cccc(C)c1,436.15
3136,c1cc(ccc1CCC#N)O,329.15
9262,ON=C(CC)C1CC2(C)CCC1C2(C)C,366.15
8722,C([C@H]([C@@H]([C@H](CO)O)O)O)O,367.15
16454,Ic1cccs1,233.15
7556,Cc1c2ccccc2sc1C(=O)OC,377.15
15668,O=C1N=C(C=CN1CC)NS(=O)(=O)c2ccc(N)cc2,439.65
8379,CC1=C(C(CCC1)(C)C)/C=C/C(=C/C=C/C(=C/C(=O)O)/C)/C,454.15
3325,CCC(=O)c1ccc(c(c1)O)O,419.15
5803,c1c(cc(c(c1F)Br)Br)Cl,311.15
22788,O=C(Nc1ccc(cc1)c2ccccc2)N,447.0
13625,COC(=O)c1ccc(cc1)C=C,309.15
4316,CS(=O)(=O)Nc1ccc(cc1)C#N,467.15
4674,c1ccc(cc1)C(CCBr)(C#N)c2ccccc2,341.15
23487,CC(C)(C)NC(=O)C(N(C)C(=O)CCCc4ccc3ccc2cccc1ccc4c3c12)c5ccc(C)cc5,414.15
8968,OC(C1=CC(C=C1)=C(c2ccccn2)c3ccccn3)(c4ccccn4)c5ccccn5,420.15
9982,[Si](OC(C)CC=1Oc2c3ccccc3c3OC4CC(=O)OC4c3c2C(=O)C=1)(C)(C)C(C)(C)C,461.15
16308,ClC(Cl)C(=O)N(CCOCC)Cc1ccc(CN(CCOCC)C(=O)C(Cl)Cl)cc1,413.15
4682,c1c(c(cc(c1S(=O)(=O)Cl)F)Br)F,308.15
21950,CCC=2SSC(=O)C=2c1ccccc1,355.15
3360,CCC(=O)C(=O)CC,263.15
17801,c3cc2ccc1ccccc1c2c4ccccc34,341.15
7202,CCOC=C,158.14999999999998
4764,c1cc(c(cc1C(=O)O)F)Br,485.15
19860,Cc1cccc(C)c1N(C)C,237.15
21254,O=C(O)CCCCC#CCC,287.15
19910,O=C(CCC)c1ccc(Cl)cc1,292.65
19295,FC(F)(F)c1cc(ccc1Cl)[N+]([O-])=O,295.15
824,c1ccc(c(c1)C(F)(F)F)n2ccnc2,325.15
23229,o1c(ccc1)CN,203.15
17335,C=C=C(C)C,159.54999999999998
11587,O=C(N1c2ccccc2CC1c1ccccc1)C,402.15
1612,c1c(c(sc1Cl)Cl)C(=O)O,421.15
20799,CN(C)C(C)C(=O)NC=2C(=O)N(c1ccccc1)N(C)C=2C,454.15
18226,Nc1ccc(cc1)c2nc3ccc(C)cc3s2,467.95
21671,CCC(=O)/C=C/c1ccccc1,311.65
11000,C=1C=Cc2ccc3C=CC=Cc4ccc(C=1)c2Cc43,403.15
1451,Cc1cc(nc(n1)Cl)Cl,319.15
4876,c1cc(c(cc1Cl)[N+](=O)[O-])N,389.15
1513,COc1ccc(c(c1)OC)C=O,342.15
2675,c1cc(oc1)C(=O)O,403.15
23446,O=S(=O)(Nc1ncccc1)c2ccc(N)cc2,465.15
9717,O=[N+]([O-])c1ccccc1C=C1C(=O)C2CCC(C)(C1=O)C2(C)C,414.15
6608,B1Oc2ccccc2O1,285.15
5089,c1cc(c(cc1F)C(F)(F)F)O,325.15
20045,Brc2cncc1ccccc12,314.65
22363,S=P(Oc1ccc(cc1)[N+]([O-])=O)(OCC)OCC,279.25
8713,C(=C/OC(=O)[O-])OC(=O)O,294.15
14574,O=[N+]([O-])c1cc(cc(C(=O)O)c1O)[N+]([O-])=O,443.65
2256,Cc1ccnc(n1)SCC(=O)O,465.15
1744,c1cc(c(c(c1)Cl)C(=O)Cl)Cl,290.15
19251,O=C(O)C(CC)Oc1ccccc1,371.15
4862,Cc1cc(c(cc1Cl)C(C)C)O,333.15
14961,Clc1nc(C(=O)OC)c(N)nc1N,485.65
811,CC(C)(C)C(=O)CS(=O)(=O)c1ccc(cc1)Cl,370.15
868,CC1=CC[C@@H](CC1)C(=C)C,199.15
11773,OC1(C#Cc2ccccc2)CCC2C3CCC4CCCCC4(C)C3CCC21C,376.15
17777,C1SCSCS1,493.15
9734,N(Nc1ccccc1)=C(C)C1=Cc2ccccc2C1,498.15
20718,O=C(C)NC(CC(=O)O)C(=O)O,411.65
20658,Clc3ccc(/N=C(SCc1ccc(Cl)cc1)Cn2cncn2)c(Cl)c3,363.15
3280,c1cc(c(cc1C(=O)N)Cl)Cl,414.15
21245,Cc1ccc2CC(C)CCc2c1,293.15
15395,O=C4CC[C@H]3C(CC[C@@H]2[C@@H]3CC[C@@]1(CC)[C@H]2CC[C@@]1(O)C#C)=C4,513.15
8785,Cc1ccccc1N2CCN(CC2)CCc3nnc4CCCCn34,431.15
15094,FS(=O)(=O)O,185.85
8596,[SiH](Cl)(Cl)Cl,146.14999999999998
13643,CC(C)(O)CCc1ccccc1,305.15
22750,Oc1c(cc(cc1OC)C)C=Cc2ccc(O)c(OC)c2,397.5
15603,O=C(c1ccc(cc1)C(C)C(=O)O)c2cccs2,397.45
3504,Cc1cc(cc(c1)C=O)C,282.15
3524,c1c(cc(c(c1C(=O)O)O)[N+](=O)[O-])[N+](=O)[O-],444.15
19847,CC(=O)c2ccc1ccccc1c2O,374.15
9210,O=C(Nc1ccc(C)cc1)c1ccccc1,429.15
15191,C[N+](C)(C)CCSP(=O)(OCC)OCC,411.15
5420,CCCCc1ccc(cc1)N,259.15
6724,C1CC=CC1,138.14999999999998
19084,O=C1C(=NN=C(C)N1N)c2ccccc2,440.05
5079,CCc1ccc(cc1)C,211.15
21228,Brc1cc2ncccc2cc1,307.15
2558,CCC1=NCCO1,211.15
22476,O=C(C)Cc1ccccc1,258.15
10036,O=C1C(C)C2CC(O)C3C1(C2O)C(O)CC1C(C)(C)CCC(O)C31CO,551.15
10597,O=C1N(N)C(N)=C(C#N)C(c2cccc(O)c2)=C1C#N,597.15
13396,Oc1ccc(C=O)cc1O,426.15
18164,CC(C)(C)c2cc(Sc1cc(c(O)cc1C)C(C)(C)C)c(C)cc2O,435.15
22907,[N+](=O)([O-])C1=CC=C(C=C1)\C(C(=O)O)=C/C2=CC=CC=C2,500.65
14331,ClC1C(Cl)C(Cl)C(Cl)C(Cl)C1Cl,386.15
14055,Cc1ccc(I)cc1,316.15
13698,Nc1ccc(cc1)c2ccccc2,327.15
8520,c1cscc1C(=O)O,412.15
14674,Clc2nc(Nc1ccccc1Cl)nc(Cl)n2,432.65
11153,O=C(OC1CC(C)CCC1C(C)C)CC#N,357.15
7319,c1cc2c(cc[nH]2)cc1C#N,379.15
19644,COC1CC1,154.14999999999998
5294,B(c1ccc(cc1C(F)(F)F)OC)(O)O,443.15
4473,Cc1cc(c(cc1C)[N+](=O)[O-])N,414.15
16501,O=[N+]([O-])c1cc(ccc1O)C=O,414.15
14234,CC(C)(O)[C@](O)([C@H](C)OC)C(=O)OCC1=CCN2CC[C@H](OC(=O)C(/C)=CC)[C@@H]12,370.15
10772,O1CCOC11c2ccccc2CCc2ccccc2C21OCCO2,384.15
18816,OC(CCN(C)C)(c1ccccc1Cl)c2ccccc2,393.15
9935,O=C1CC2C(=C)C(=O)C3(C1C14C(=O)OC3CC4C(C)(C)CCC1=O)C2O,523.15
23108,O=C(O)\C=C(/C)C,342.65
13015,CC(=O)C(=O)CC,221.15
2016,c1cc(c(c(c1)Cl)C(=O)O)N,424.15
19324,CC(C)C(Cl)=O,183.15
21788,CCCCCC(=NO)C(C)=O,332.15
3605,c1cncc(c1I)N,334.15
10879,O=C1Cc2cc(OC)ccc21,325.15
15544,CN2CCCC2c1cnccc1,194.15
9452,s1c2ccccc2[nH0]c1C(=NNc1cccc(F)c1)C#N,469.15
4604,c1cc(c(cc1N)C#N)C#N,454.15
6147,COc1ccc2c(c1)CCC(=O)C2,308.15
23235,C(=O)C=O,288.15
15834,O=C(O)[C@@H]3[C@@H](O)C[C@@]2(O)C[C@@H](O)C[C@H]4O[C@@H]4C=CC(=O)O[C@H](C)CC=CC=CC=CC=C[C@H](OC1O[C@H](C)[C@@H](O)[C@H](N)[C@@H]1O)C[C@@H]3O2,563.15
19179,Clc2cc(ccc2Oc1cc(C(=O)O)c(cc1)[N+]([O-])=O)C(F)(F)F,423.15
17012,O=C(CCC(=O)OCCC)OCCC,267.25
131,Cn1ccccc1=O,304.15
23374,C1=CC=C(C(=C1)C2=CC=C(C=C2)Cl)Cl,317.15
4643,c1ccc(cc1)COc2ccc(cc2)C(=O)O,462.15
12319,s1cc([nH0]c1C)C(=O)OCC,330.15
497,COc1cc(c(cc1Br)OC)Br,419.15
10528,s1cccc1C(=O)C1=NOC2C(=O)N(C(=O)C12)c1ccc(C)cc1,433.15
19661,O=C(NCCCC)c1ccc(Cl)cc1O,364.65
4826,c1c(csc1C=O)Br,319.15
6174,c1cc(=O)oc2c1cc(cc2)[N+](=O)[O-],461.15
19573,OC(=O)c1c(F)cccc1Cl,433.15
17683,FC(F)(F)c1ccccc1C(=O)O,384.15
15159,FC(F)(F)c1cccc(CC(C)NCC)c1,383.15
17060,Cc1cc(C)cc(C)c1S(=O)(Cl)=O,329.15
19620,O=C(O)c4ccccc4C1c3ccc(O)cc3Oc2cc(O)ccc12,399.15
16651,CC(C)NC(=O)C=C,337.15
9395,O=C(N)NN=C(CC)CCCc1ccccc1,422.15
6324,C=CC(=O)N,357.15
10393,S=C1Sc2[nH0][nH0]c([nH0]2N1)C(F)(F)F,433.15
9771,O=[N+]([O-])c1cc(ccc1C=CC(=O)OC)C=CC(=O)OC,439.15
10252,S(C1(C#N)CC1(SC(C)(C)C)C#N)C(C)(C)C,377.15
14280,COc1ccc2C[C@H]4N(C)CC[C@@]35[C@@H](Oc1c23)[C@@H](O)C=C[C@@H]45,428.15
19469,OB(O)c1ccccc1,492.15
19580,FC(=O)c1ccccc1,245.15
17648,O=C(O)C1(C)CCCC2(C)C3CCC(C)(C=C)C=C3CCC12,491.65
12233,O=C(OC1C(OC(C)C(OC(=O)C)C1OC(=O)C)OCc1ccccc1)C,385.15
16668,O=C(C)c1cc(Br)ccc1,280.65
15219,O=C(O)C1C(O)CC(=O)CC(O)C(O)CCC(O)CC(O)CC(O)CC(=O)OC(C)C(C)C(O)C(C)C=CC=CCCC=CC=CC=CC=CC(CC1O)OC2O[C@H](C)[C@@H](O)[C@H](N)[C@@H]2O,433.15
17407,CC(C)c1ccccc1C(C)C,216.15
11148,O=C(OC1CC(C)CCC1C(C)C)C(C(=O)c1ccccc1)C(=O)c1ccccc1,412.15
15244,O[C@@]1(CCCC[C@@H]1CN(C)C)c2cc(OC)ccc2,453.65
7541,COc1ccc(cc1C#N)C(=O)OC,395.15
763,COC(C(F)F)(F)F,166.14999999999998
15299,CN(C)Cc1c2cc3CN4C(=O)C=5COC(=O)[C@](O)(CC)C=5C=C4c3nc2ccc1O,488.65
5924,Cc1ccc(cn1)O,442.15
15759,N[C@@H](CN1C=CC(=O)C(O)=C1)C(=O)O,501.15
21186,O=C(C)OC1CC(C)CCC1C(=C)C,358.15
5066,CCc1ccc(c(c1)OC)O,288.15
6840,CCOC(=O)c1ccccc1C(=O)OCC,209.15
7594,COc1cc(ccc1O)/C=C/C(=O)OC,337.15
13876,COc1ccc(Br)cc1,283.15
2769,c1ccc(c(c1)CBr)I,329.15
22720,O=C(OC)c2ccc(OS(=O)(=O)c1ccc(cc1)C)cc2,363.5
1953,c1c(nc(nc1O)N)C(F)(F)F,563.15
16553,O=CN1CCCCC1,242.35
20338,Nc1cc(Cl)c(Cl)cc1N,433.65
18878,CC(=O)Oc2c(C)c(C)c1OC(C)(CCc1c2C)CCCC(C)CCCC(C)CCCC(C)C,245.65
11385,N(=Nc1ccc(cc1)c1ccc(NNc2ccccc2)cc1)c1ccccc1,446.15
8507,c1cc(sc1C(=O)O)C(=O)O,631.15
15766,O=C1N[C@@H]2[C@H](CCCCC(=O)O)SC[C@@H]2N1,505.15
4120,Cc1ccsc1C(=O)N,397.15
17016,S(Sc1ccccc1)c2ccccc2,335.15
10646,O=C(Nc1ccc(cc1)CCCCCCCC)c1ccc(cc1)CC,382.15
14612,CC1=C(C)C(=O)N2C(=O)C(C)=C(CBr)N12,425.15
9086,O=C1N(C)c2ccccc2C(O)=C1C1=NNC(=O)C1=CNC=1C(=O)N(N(C)C=1C)c1ccccc1,448.15
23401,C1CN(CCC1N2C3=CC=CC=C3NC2=O)CCCC(C4=CC=C(C=C4)F)C5=CC=C(C=C5)F,489.15
4908,Cc1cc(ccc1Cl)O,339.15
9573,O=C1OC=2C(=Cc3ccccc3)CCCC=2C(c2ccccc2)C1(C)C,429.15
605,C1CC(CC(C1)O)O,303.15
15,c1ccc(cc1)N2CCCC2=O,339.15
13661,ClCC(Cl)(Cl)Cl,203.15
6412,c1ccc(cc1)S(=O)(=O)NN,376.15
22289,Clc1ccc(cc1)C2CCC(CC2)C=4C(=O)c3ccccc3C(=O)C=4O,490.65
16250,Clc2cc(ccc2/N=N/c1ccc(cc1)N(CCC#N)CCO)[N+]([O-])=O,430.15
5766,c1cc(ncc1Br)[N+](=O)[O-],422.15
3049,CCC(=O)c1ccc[nH]1,323.15
7728,Cc1cccc(c1)C,226.15
3952,c1cc(cc(c1)F)C(=O)N,404.15
309,c1ccc(c(c1)Cl)Br,260.15
9675,Brc1ccc(NN=C2C(=O)NN=C2C(F)(F)F)cc1,485.15
9445,O=C(Cc1ccccc1)C(=NNc1ccccc1)Cc1ccccc1,410.15
12181,O(C)c1ccccc1c1ccccc1OC,429.15
1149,c1ccc(cc1)C(c2ccccc2)C(=O)N,439.15
18561,CNC(=O)OCc1cccc(COC(=O)NC)n1,409.65
2517,c1cc(ncc1F)C#N,316.15
13008,CC(C)(C)CCC,149.14999999999998
17052,CC(C)(C)C(=O)C(=O)O,363.65
2128,c1cc(c(cc1Cl)Br)O,306.15
702,c1ccc(cc1)C(CC(=O)c2ccccc2)C(=O)c3ccccc3,401.15
18320,OC(=O)c1cccc(C)c1O,438.65
4866,Cc1cc(cc(c1N)[N+](=O)[O-])Cl,395.15
3674,c1cc(c(nc1)[N+](=O)[O-])Br,377.15
3842,c1cc(cc(c1)Cl)C(F)(F)F,217.15
11776,O=C(OC1CCC2(C)C(CCC3C4CCC5(OCCO5)C4(C)CCC32)C1)C,426.15
19497,O=C(O)c2ccc3C(=O)c1ccccc1C(=O)c3c2,564.15
1111,COc1ccc(cc1)C(CN)c2ccc(cc2)OC,321.15
14433,CNC(=O)Oc2cccc1ccccc12,415.15
22682,O=C3C=CC(c1ccccc1)(c2ccccc2)C[C@@H]3[C@@H](O)C(c4ccccc4)c5ccccc5,457.0
12086,O=C1OC(OC(=O)C1=Cc1oc(cc1)c1ccc(C)cc1)(C)C,439.15
14682,O=C(O)CCCc1ccc(cc1)N(CCCl)CCCl,337.15
637,C1=CC=C/C=CC=C1,268.15
8440,CC(C)(C)OC(=O)NN,312.15
2406,Cc1ccc(c(c1Cl)CO)F,342.15
13995,N#Cc1ccc(cc1)c2ccc(cc2)C#N,510.15
10803,O=C(C)c1c(O)c2ccccc2cc1c1ccccc1,328.15
6746,CCCCCCCCCC(=O)Cl,238.15
8888,O=S1(=O)CCN(CN1)CN2CCS(=O)(=O)NC2,427.15
9814,O=C(C=[N+]([O-])c1ccc(N(C)C)cc1)c1ccc(cc1)C(=O)C=[N+]([O-])c1ccc(N(C)C)cc1,406.15
13103,CC1(C)CCCCC1,240.15
16026,BrC(F)(F)C(Br)(F)F,162.74999999999997
9981,O=C1CCC2(C)C(CCC3C4CCC(O)(C#C)C4(C)CCC32)C1,494.15
2228,c1ccc(c(c1)CC(=O)O)Br,379.15
20434,OC(=O)c1cc(Cl)c(cc1Cl)C(=O)O,579.15
15590,Clc1cc(OCC#CI)c(Cl)cc1Cl,386.65
13958,O=C(C)c1ccc(Br)cc1,324.15
5612,c1cc(cc(c1)F)c2[nH]nnn2,416.15
22278,Cl[C@@H]1[C@H](Cl)[C@@H](Cl)[C@@H](Cl)[C@H](Cl)[C@H]1Cl,432.65
5455,CC(=O)Nc1ccc(cc1)[N+](=O)[O-],489.15
7879,CC(=O)N[C@@H](Cc1ccccc1)C(=O)O,441.15
7686,CN(C)c1ccc(cc1)/N=N/c2ccccc2C(=O)O,454.15
70,c1ccc(cc1)C2(CCCC2)C(=O)O,433.15
7878,CC(C)C[C@@H](C(=O)O)NC(=O)C,451.15
5768,c1c(cc(c(c1C=O)O)OC(F)(F)F)Br,319.15
1178,B(c1cc(c(c(c1F)F)F)F)(O)O,526.15
21018,CC(C)C3=CCC1C(CCC2C(C)(CCCC12C)C(=O)O)=C3,423.15
16680,O=C(C)Nc2ccccc2c1ccccc1,394.15
20904,C1CCCCC1C(C2CCCCC2)C3CCCCC3,321.15
10083,O=C(OC1COC(C#N)C(OC(=O)C)C1OC(=O)C)C,407.15
20293,Clc1cncc(Cl)n1,329.65
2010,CCCS(=O)(=O)c1ccc2c(c1)nc([nH]2)N,494.15
10877,O=C1Cc2cc(OC)c(C)cc21,361.15
18234,c1cc(ccc1)N2CN(CN(C2)c3ccccc3)c4ccccc4,417.15
17120,Oc1cc(ccc1OC)C(=O)O,524.65
10190,Nc1[nH0]c[nH0]c2[nH0]([nH0]cc21)Cc1ccc(C)cc1,495.15
17253,Clc1ccccc1OCC(=O)O,421.65
1902,c1c(cnc(c1Cl)N)Cl,355.15
10281,O=C1CCC2(CC1C(=O)O)Cc1cc(OC)ccc1C2=O,393.15
22170,FC(F)(F)c1cccc(c1)C(=O)N(NC(=O)c2ccccc2)C(C)(C)C,476.65
20392,O=C(CCCCCCCCCCCCCCCCC)OCCCCC,303.15
3759,c1cc(c(nc1)C#N)Cl,357.15
13432,OCc1ccccc1Cl,343.15
6047,CC(=O)c1ccc2c(c1)OCCO2,356.15
23445,C1=CC(=CC=C1N)S(=O)(=O)N,439.35
2957,c1cc(c(cc1C(F)(F)F)[N+](=O)[O-])CO,337.15
20630,O=C1NC(=O)C(F)=CN1C(=O)NC,499.65
16426,Cc4c2c(ccc1ccccc12)c3ccccc3c4C,402.45
22908,C1(=CC=CC=C1)\C(C(=O)O)=C/C2=C(C=CC=C2)[N+](=O)[O-],471.65
18633,COP(=O)(OC)OC(Br)C(Cl)(Br)Cl,300.15
6907,COC(=O)CCC(=O)OC,292.15
9751,O=[N+]([O-])c1ccc(cc1)C(=Cc1ccccc1[N+](=O)[O-])C(=O)O,457.15
14954,C=C(C)C(=O)O,289.15
12239,FC(F)(F)C1=NC2=NC(C)=CC(=O)N2N1,488.15
7078,CCOC(=O)c1ccc(c(c1)C)[N+](=O)[O-],327.15
9114,s1cccc1C(=O)C=1SC(=N)N(N=1)c1cccc(c1)C(F)(F)F,458.15
944,c1ccnc(c1)c2cccs2,336.15
15046,FC(F)(C(F)(F)C(F)(F)F)C(F)(F)C(F)(F)C(F)(F)C(F)(F)C(F)(F)F,248.15
12184,[nH0]1cc2ccccc2cc1c1ccccc1,376.15
8890,C=CCC2(C1CCCC=C1)C(=O)NC(=S)NC2=O,421.15
17254,O=NN(C)c1ccccc1,287.85
17360,Cc1cncc(C)c1,266.54999999999995
22101,O=C(NP(=O)(N1CC1)N2CC2)NC3CC(C)(C)N(O)C3(C)C,450.15
13077,CCC/C=CCCC,154.14999999999998
8062,c1cc(cnc1)C(=O)O,511.15
16435,Oc1cccc2sccc12,352.95
17184,Brc1cccnc1,245.85
9674,Fc1cccc(NN=C2C(=O)NN=C2C)c1,492.15
8559,C1[C@@H](CC[C@H](C1)O)N,385.15
13286,CC(C)CC(C)(C)CO,203.15
17361,CC1CCCC(C)C1,197.55
9396,Nc1ccccc1C=Cc1cc(C=Cc2ccccc2)c(N)cc1N,419.15
21813,O=C(Nc1ccc2nn(C)nc2c1)c3ccccc3,438.65
1152,c1cc(oc1)C(=O)C(=O)c2ccco2,437.15
16922,CC1(C)CC(=O)NC(=O)C1,418.15
4313,CS(=O)(=O)c1ccc(cc1)C(=O)O,546.15
6274,c1ccc2c(c1)-c3ccccc3C(=O)C2=O,483.15
21610,CCC=CCC(=O)O,285.15
9352,O=C1OC(NC1=CC(C)C)c1ccccc1,360.15
18463,N=C(N)NC(=N)N,409.15
22258,FC(F)(F)c1ccc(cc1)COc2ccc(cc2)C4Cc3ccccc3C(C4)C5=C(O)c6ccccc6OC5=O,440.35
10204,Clc1cc([N+](=O)[O-])ccc1c1ccc([N+](=O)[O-])cc1,418.15
6787,c1ccc(cc1)COC(=O)c2ccccc2C(=O)OCc3ccccc3,314.15
2474,c1cnc([nH]1)Cl,439.15
6765,CC(=O)CC(C)(C)NC(=O)C=C,328.15
2945,c1ccc2cc(ccc2c1)OCC(=O)O,429.15
9285,[nH0]1c(C)c([nH0]c2c1ccc1ccccc12)C(=NNc1ccccc1)C,482.15
3188,CCC(=O)c1cccc(c1)C(F)(F)F,292.15
13795,COc1cc(ccc1C(C)=O)OC,314.15
19204,CC(C)(C)/N=C2SCN(c1ccccc1)C(=O)N2C(C)C,378.15
17098,Clc1ccccc1Br,260.85
19075,Clc1ccc2Oc3c(Cl)c(Cl)c(Cl)c(Cl)c3Oc2c1,468.15
184,c1cc(ccc1[N+](=O)[O-])F,296.15
10074,O=C1CC2C(C3CCC(C(C)CCC(=O)O)C13C)C(O)CC1CC3(OCCO3)CCC12C,492.15
16974,[O-][n+]1cccc(C)c1,312.15
21843,N#C/C(=NOCC1OCCO1)c2ccccc2,350.85
11941,O=C1NC(=O)C(=Cc2oc(cc2)c2ccccc2)C(=O)N1,543.15
16180,Br[B@](Br)Br,227.15
14604,CCCOCCO,198.15
21174,Oc1ccc2CC5NCCC43C5C=CC(O)C4Oc1c23,546.15
18142,O=S(Cl)(=O)c1ccc(Br)cc1,349.15
19853,FC(F)(F)c1ccc(cc1)C(=O)c2ccccc2,388.15
18569,Clc1ccc(NC(=O)CC)cc1Cl,365.15
8784,Clc1ccccc1C(c2ccccc2)(c3ccccc3)n4ccnc4,420.15
22524,N#CCc1ccc2ccccc2c1,356.15
15568,O=C(N1CCN(C)CC1)N(CC)CC,321.15
6018,c1cc(sc1)C(=O)CCCC(=O)O,369.15
1028,CS(=O)(=O)c1cccs1,321.15
15243,FC(F)(F)c2ccc(OC(CCNC)c1ccccc1)cc2,453.65
8463,CCO[Si](OCC)(OCC)OCC,188.15
3925,COc1ccc(cc1F)C(=O)O,484.15
5777,c1c[nH]c2c1cc(cn2)Br,452.15
12506,O=C(OCC)C=1C=NNC=1N,376.15
8730,CC(=O)Nc1ccc(O)cc1,442.15
5562,C1CNCCC1CO,332.15
15578,O=C3C(CCCC)C(=O)N(c1ccccc1)N3c2ccccc2,378.15
1360,c1c(cc(c(c1Br)N)Br)Br,393.15
5950,Cc1nc2cc(ccc2s1)OC,309.15
9143,S=C(NC1CCCCC1)c1cc(c(O)c(c1)C(C)(C)C)C(C)(C)C,491.15
21773,CCCCCCCCC=CCCCCCCCCCCCCO,308.15
4905,Cc1cc(ccc1Cl)N,357.15
6656,C(/C=CCO)O,280.15
2341,c1cc(c(cc1I)Cl)N,343.15
17292,Cc1c(c(C)cc(C)c1[N+](=O)[O-])[N+]([O-])=O,358.45
13369,Cc1ccc(cc1)C(O)=O,455.15
12405,O=C(O)c1cc(OC)c(OC)c(OCc2ccccc2)c1,451.15
10502,O=[N+]([O-])c1ccc(cc1)C(=O)C1=NOC2C(=O)N(C(=O)C12)c1ccc(O)cc1,486.15
528,c1ccc2c(c1)OCC(O2)C(=S)N,447.15
2369,CC1(CC(=O)C(C(=O)C1)Cl)C,436.15
8287,c1ccc(cc1)c2ccc(cc2)c3ccc(cc3)c4ccccc4,590.15
13491,BrC(CC)CC,147.14999999999998
2631,c1cc(c(c(c1)F)C#N)C(F)(F)F,300.15
15066,c2cc3ccc1ccccc1c3cc2,373.15
13047,Cc1ccc(N)cc1,317.15
22142,O=C(C)Oc1ccccc1C(=O)OCC(=O)N(C)CC(=O)OCC,320.65
12552,O=C1NC(=O)C(C=C)(C(=O)N1)C(C)CCC,363.15
17560,CC12C=CC(CC1)(OO2)C(C)C,276.45
303,c1ccc(c(c1)Br)I,283.15
4162,CCCC1=NNC(=O)C1,481.15
21664,C/C(=CC)c1ccccc1,249.65
15135,O=P(Oc1ccccc1)(Oc2ccccc2)Oc3ccccc3,323.65
4536,CC(C)(C)OC(=O)N1CCC(CC1)N,319.15
4597,c1cc(ccc1CO)N,334.15
12542,O=C1NC(=O)C(=Cc2ccc(N(C)C)cc2)C(=O)N1,518.15
1487,Cc1c(ccc(c1F)C(=O)Cl)F,310.15
465,C1COC(C(O1)O)O,374.15
13049,C1=CCCC=CCC1,204.15
9389,O=C(OC1CC(C)CCC1C(C)C)C(CC)C(=O)C=Cc1ccccc1,408.15
21828,O=C(/C=N/O)c1ccccc1,402.15
4209,c1cc(ccc1n2cncn2)O,528.15
14100,O=Cc1ccc(I)cc1,351.15
20180,C[Si]1(O[Si](C)(O[Si](C)(O[Si](C)(O1)C=C)C=C)C=C)C=C,229.65
5123,COc1cc(ccc1F)C#N,382.15
16412,O=C(Oc1c(I)cc(cc1I)C#N)CCCCCCC,332.65
18976,CC(=O)NC(CS)C(O)=O,382.65
11617,Clc1cc(c([N+](=O)[O-])cc1[N+](=O)[O-])C(C(=O)C)C(=O)c1ccccc1,404.15
21622,O=C(O)CCCCCCCC=CCC=CCC=CCC,256.65
12907,C=CC(C)CC,120.14999999999998
15247,CN(C)CCCC2(OCc1cc(ccc12)C#N)c3ccc(F)cc3,455.65
10723,O=C(OC1=CC(c2ccccc21)c1ccccc1)C,329.15
20174,CCCCCCCNCCCCCCC,304.65
12810,O=C1OC(CC)C(O)(C)C(O)C(C)C(=O)C(C)CC(O)(C)C(OC2OC(C)CC(N(C)C)C2O)C(C)C(OC2OC(C)C(O)C(OC)(C)C2)C1C,408.15
11075,o1c2CCC(C)(c3cc(oc3c2c2ccccc12)C)c1ccccc1,408.15
14752,Sc1nc(CCC)cc(O)n1,493.15
2320,COc1nc(nc(n1)Cl)OC,350.15
17821,CCOB(OCC)OCC,188.35
2019,c1cc(nc(c1)Cl)N,344.15
12430,O=Cc1cccc2C(=O)OCCc12,413.15
567,CCCn1c(cc2c1n(c(=O)n(c2=O)C)C)C(=O)O,412.15
16809,CCCCc2cccc1ccccc12,253.35
3510,B(c1c(noc1C)C)(O)O,380.15
23064,Clc2ccc(c1ccc(Cl)cc1)cc2,422.15
4486,c1c(c(cc(c1O)Cl)Cl)O,388.15
1945,Cc1cc(nc(n1)N)Cl,457.15
22818,O=C(N5C(=O)[C@]1(O[C@]2(OC(=N[C@@H]12)c3ccccc3)c4ccccc4)c6ccccc56)C,492.0
14747,Cc2cc3c1c(cc(cc1O)CCCCC)OC(C)(C)c3cc2,349.65
7487,COc1cc(c(c(c1OC)OC)[N+](=O)[O-])C(=O)OC,341.15
13933,CCC(c1ccccc1)c2ccccc2,287.15
19759,O=C(Oc1ccccc1)CCC(=O)Oc2ccccc2,394.15
5807,c1cc2c(cc1Cl)nc(o2)O,464.15
2570,CCc1[nH]ccn1,355.15
8914,CCCCNCC(O)c1ccc(O)cc1,397.15
11712,O=C1NC(C)=C(C(=O)OC(C)C)C(N1)c1occc1,478.15
12859,O=COC,173.14999999999998
11843,S=C1SC(=Cc2ccc(O)c(OC)c2)C(=O)N1CNc1cccc([N+](=O)[O-])c1,488.15
6263,c1ccc(cc1)CCCCCCCC(=O)O,301.15
12692,c1ccc2Cc3ccccc3Cc2c1,381.15
2306,c1cc(c(nc1)Cl)[N+](=O)[O-],374.15
20383,CN(C)C(=O)CCCC,222.15
23089,O=C2/N=C(\Nc1n(cnc12)COCCO)N,530.15
20830,C=CC(=O)Oc1c(Br)cc(Cl)c2cccnc12,373.65
7762,c1ccc2c(c1)C(=O)N(C2=O)CC#CCCl,391.15
3283,c1cc(c(cc1C(=O)O)Cl)Cl,480.15
20319,CC3(C)C1CC2C(C1)C23C,340.65
1138,CC(C)(OC)OC,226.15
13155,N#Cc1ccc(N)cc1,357.15
14850,Fc1c(c(F)c(F)c(F)c1F)c2c(F)c(F)c(F)c(F)c2F,340.15
10873,O=C1Cc2cc(C)cc(OC)c21,366.15
8302,c1ccc(cc1)c2ccc(cc2)c3ccccc3,487.15
16985,O=P(OCC)(/N=C1SCCS1)OCC,314.15
7803,CCN(CC)[Si](C)(C)C,263.15
7514,COc1cc(cc(c1O)OC)C(=O)OC,379.15
16059,Clc2cc(OP(=S)(OC)c1ccccc1)c(Cl)cc2Br,343.54999999999995
18886,O=C(N)c1ccc(cc1Cl)[N+]([O-])=O,445.15
12858,CC(N)=O,353.15
158,c1ccc2c(c1)ccnc2O,487.15
10644,O=C(Nc1ccc(OCCCCCCCC)cc1)c1ccc(C)cc1,414.15
20246,CN(C)[Si](C)(N(C)C)N(C)C,262.15
12138,O=C(O)C=Cc1occc1,406.15
22966,O=C(O)C(CC)CCCC,214.15
2060,c1ccc2c(c1)nc(s2)CO,371.15
881,c1ccc(cc1)/C=C(/C#N)c2ccc(cc2)Cl,389.15
20168,O=[N+]([O-])c2ccccc2c1ccccc1[N+]([O-])=O,399.15
17439,O=C(O)CCCCCCCCCCCCCCCCCCCCCCC,357.35
4959,c1ccc(cc1)C(=O)c2ccc(cc2)Cl,349.15
7050,CCOC(=O)c1cc(n(c1C)c2ccccc2)c3ccccc3,370.15
4883,CC(=O)c1ccc(c(c1)C(F)(F)F)Cl,335.15
20325,O=C(OCC)C(C(C(=O)OCC)C(=O)OCC)C(=O)OCC,350.15
11608,Clc1cc(NCC(=O)OCC)c([N+](=O)[O-])cc1[N+](=O)[O-],419.15
6762,C([C@H]([C@H]([C@@H]([C@H](C=O)O)O)O)O)O,424.15
6615,c1ccc(cc1)Cl,228.15
11808,O=C(O)CC(c1ccccc1)C(C)(C)C(=O)OC,384.15
4802,c1ccc(cc1)c2ccc(cc2)Br,363.15
16043,O=C(CCCCCCCCC(=O)OCC(CC)CCCC)OCC(CCCC)CC,225.15
6299,C=Cc1c2ccccc2cc3c1cccc3,337.15
15894,OCC(=O)[C@H]2CC[C@H]3[C@@H]4CCC1=CC(=O)CC[C@]1(C)[C@H]4CC[C@]23C,414.65
16714,Clc1nc(C(=O)NC(=N)N)c(N)nc1N,514.15
6505,CC(=O)N[C@@H]1[C@H]([C@@H]([C@H](O[C@H]1OC(=O)C)COC(=O)C)OC(=O)C)OC(=O)C,460.15
8600,CCO[SiH](OCC)OCC,103.14999999999998
13829,Cc2ccccc2Cc1ccccc1,280.15
11862,S1c2[nH0][nH0]c([nH0]2NC1c1ccc([N+](=O)[O-])cc1)c1ccc([N+](=O)[O-])cc1,502.15
7749,C1CCC(CC1)NCCCN,255.15
2058,c1ccc2c(c1)[nH]c(n2)CC#N,482.15
19073,Clc1ccc2Oc3ccccc3Oc2c1,361.15
17084,[O-][N+](=O)c1cc2OCOc2cc1C=O,366.65
8850,COc2ccc1cc(ccc1c2)C(C)C(O)=O,425.15
19568,CC(F)(F)CCl,216.95
7075,CCOC(=O)c1cc(n[nH]1)C,355.15
20640,CC(C)(C)c1cc(c(C)cc1O)C(C)CC(c2cc(c(O)cc2C)C(C)(C)C)c3cc(c(O)cc3C)C(C)(C)C,459.65
17878,CC(C)c2oc1cc3OC(=O)C=Cc3cc1c2OC,358.15
6339,CCCSc1ccc2c(c1)nc([nH]2)NC(=O)OC,482.15
18362,CN(C)C(Cl)=O,240.15
5821,c1cc(c(cc1Cl)C#N)F,341.15
8619,C(F)(F)(F)S(=O)(=O)OS(=O)(=O)C(F)(F)F,193.15
4716,c1cc(c(cc1Br)F)C(=O)N,425.15
2215,C(CBr)O,193.15
6994,C([C@H]([C@H]([C@H](C=O)O)O)O)O,357.15
9839,O=C(N)NN=C(C)C(=O)Nc1ccccc1,510.15
1482,c1cc(c(cc1F)F)[N+](=O)[O-],283.15
10527,s1cccc1C(=O)C1=NOC2C(=O)N(C(=O)C12)c1ccc(cc1)C(=O)O,482.15
16804,N#CCCOCCC#N,246.85
17916,Oc2ccc(Cl)cc2Cc1ccccc1,321.65
6632,c1ccc(cc1)[Si](c2ccccc2)(c3ccccc3)Cl,367.15
10949,O=C(C)C1=Nc2ccccc2C1(C)C(=O)OC,376.15
5444,CCCCCCc1ccc(cc1O)O,339.15
11643,FC(F)(F)C(F)(F)C(F)(F)C(F)(F)C(F)(F)C(F)(F)C(F)(F)C(F)(F)C(=O)Nc1cc(ccc1OC)c1ccccc1,391.15
14007,CCCCCCCCCCC1CCCC1,251.15
18562,COc1ccc(cc1)CC(N)C(=O)NC4C(CO)OC(n3cnc2c3ncnc2N(C)C)C4O,449.4
15415,O[C@H](C(=O)O)c1ccccc1,392.15
8561,COc1cc(ccc1O)/C=C/C(=O)O,446.15
2548,CCOc1ccccc1/C=C/C(=O)O,408.15
642,CC1(O[C@@H]2[C@H]([C@H](O[C@@H]2O1)[C@@H](CO)O)O)C,433.15
18508,O=C(O)C(NS(=O)(=O)CCCC)Cc1ccc(cc1)OCCCCC2CCNCC2,497.15
23053,O=S(=O)(Nc1ccc(cc1)[N+]([O-])=O)c2ccccc2,411.35
3469,c1c(cc(cc1O)O)C#N,461.15
11403,O=C(Nc1cccc2ccccc12)C(CC)C1CCC(OC)CC1,436.15
142,CCCCCCI,198.15
2398,c1cc(nc(c1)Cl)C(F)(F)F,302.15
4064,CC(C)CCO,156.14999999999998
4781,c1cc(ccc1c2ccc(cc2)Br)O,439.15
1858,CC(=O)c1ccccc1OC(=O)C,363.15
14766,O=C3c1ccccc1c2ccccc23,356.15
6579,Cc1c(cc(c(c1Br)O)C(C)C)C2(c3ccccc3S(=O)(=O)O2)c4cc(c(c(c4C)Br)O)C(C)C,474.15
3723,c1cc(cc(c1)Br)C(=O)O,428.15
16182,S(SN1CCCCC1)N2CCCCC2,337.35
3355,Cc1ccc(cc1C)OCC(=O)O,436.15
521,Cc1c(cccc1)/C=C/c2ccc(cc2)/C=C/c3c(cccc3)C,455.15
7859,CCCCNC(=O)NCCCC,345.15
4030,c1cc(cc(c1)I)CBr,323.15
20502,CC(C)(C)OC(=O)C1(CC1)S(=O)(=O)c2ccc(Cl)cc2,383.65
22821,O=C(O)c3cccc1c3nnn1Cc2ccccc2,494.0
13457,O=C(C)c1ccc(C=C)cc1,310.15
23191,O=C(OC)\C=C\C(=O)OC,376.65
12753,S(CCN(CC)CC)C(=O)N(c1ccccc1)c1ccccc1,321.15
21321,c1ccc(cc1)c2ncoc2c3ccccc3,317.15
9249,O=[N+]([O-])c1ccc(NN=CC(C)=CC=CC)c([N+](=O)[O-])c1,472.15
22293,CC3(C)CC(O)CC4(C)OC34/C=CC(C)=CC=CC(/C)=CC=CC=C(/C)C=CC=C(/C)C=CC12OC2(C)CC(O)CC1(C)C,481.15
18208,OC(CO)c1ccccc1,340.65
15073,C=CC,88.14999999999998
17959,Nc1ccc(cc1)S(=O)(=O)NC(=O)/C=C(C)C,457.65
872,c1ccc(cc1)S(=O)(=O)CC(=O)O,385.15
9630,s1c(N=Nc2ccc(F)cc2)c([nH0]c1C(C#N)=Cc1ccc(N(C)C)cc1)C,422.15
19054,O=C(C)Nc1ccc(cc1)C#N,480.15
6658,C1C=CC[C@@H]([C@@H]1C(=O)O)C(=O)O,441.15
14968,CSc1ccccc1,258.15
4231,c1ccc(c(c1)NC(=S)NN)Cl,411.15
23226,Fc2cc(ccc2c1ccccc1)C(C(=O)O)C,384.15
306,c1cc(c(cc1I)F)Br,309.15
11644,FC(F)(F)C(F)(F)C(F)(F)C(F)(F)C(F)(F)C(F)(F)C(F)(F)C(F)(F)C(=O)Nc1ccc(C)c(C)c1,384.15
12366,OC1CCC2(C)C(CCC3C4CCC(C4(C)CCC32)C2(OCCO2)C)C1,447.15
23458,CCNC1=NC(=NC(=N1)SC)NC(C)(C)C,378.15
15185,Clc2cccc(Cl)c2NC1=NCCN1,403.15
12514,O(C)c1ccc2cc(OC)ccc2c1,423.15
12863,C=CCC=C,125.14999999999998
5181,c1cc2c(c(c1)O)nn[nH]2,495.15
20895,CC(C)(C(=O)O)C(C)(C)C(=O)O,473.15
15778,Oc3cc4CC=C1[C@H](CC[C@]2(C)C(=O)CC[C@@H]12)c4cc3,512.15
1924,Cc1cc(cnc1N)[N+](=O)[O-],533.15
20487,CC(C)(C)c1ccc(cc1)CCOc3ncnc2ccccc23,351.65
12230,O=C(NNc1ccccc1)C1CCCCC1,437.15
21832,C(=N/C(/N=C/c1ccco1)c2ccco2)c3ccco3,390.15
20270,OC(C(=O)OC)c1ccccc1,331.15
6208,c1cc2cc[nH]c2c(c1)Cl,331.15
9543,O=[N+]([O-])c1ccc(O)c(c1)C=C1N=C(OC1=O)c1ccccc1,505.15
13207,C=CC(Cl)CCl,212.15
5161,c1cc(ccc1OCC(=O)NN)F,398.15
11818,S1CN(C[nH0]2c1[nH0][nH0]c2c1ccccc1OC)c1ccccc1C,513.15
9058,O=C1N(C)c2ccccc2C(O)=C1C1=NNC(=O)C1=Cc1ccc(N(C)C)cc1,535.15
5819,c1cc(c(cc1Cl)S(=O)(=O)Cl)F,316.15
11290,O=C(NCCc1ccc(CCNC(=O)c2ccccc2)c(N)c1)c1ccccc1,483.15
4301,B(c1ccc(cc1)SCC)(O)O,378.15
18214,OCCOc1ccc2ccccc2c1,349.85
10641,O=C(Nc1ccc(OCCCCCCCC)cc1)c1ccc(OC)cc1,426.15
14734,FC(F)(F)S(=O)c1c(N)n(nc1C#N)c2c(Cl)cc(cc2Cl)C(F)(F)F,472.15
5936,Cc1ccc(cc1N)I,321.15
12343,O=C1CCCc2[nH0](C)ccc21,358.15
260,CCCCS,157.14999999999998
17393,Cc1ccc2cc(C)ccc2c1,385.15
16874,CN1CCC(C1)CN2c4ccccc4Sc3ccccc23,360.65
14384,[O-][N+](=O)c1cccc2cccc([N+]([O-])=O)c12,444.65
19996,O=C(O)CCC(=O)OC(C)c1oc2ccc(cc2c1C)C3=CC(=O)OC3,417.15
1091,S=C(N)C(C)(C)C,388.15
15461,NS(=O)(=O)c1cc(ccc1Cl)C3(O)NC(=O)c2ccccc23,514.15
6931,CCCCCCCCCCCCCCCCCCSSCCCCCCCCCCCCCCCCCC,335.15
4649,c1ccc(cc1)COc2ccc(cc2)O,393.15
16776,O=C3c1ccccc1C(=O)c2c3ccc(N)c2N,563.15
19344,Oc2ccc3CC1C(C)C(C)(CCN1C)c3c2,417.15
13531,O=C(C)Oc1ccc(O)cc1,335.15
7142,CCOC(=O)C=C,202.15
9025,ON=C(c1ccccc1)c1ccc(O)cc1,351.15
16259,O=C(CCCCC)OCCCCCC,218.15
14985,CN(C)c2ccc(/N=N/c1ccccc1)c(C)c2,341.15
9444,O(CCc1ccccc1)C(C)=C(C#N)c1ccccc1,391.15
19173,Clc3cc2c(oc1c2cc(Cl)c(Cl)c1Cl)c(Cl)c3Cl,512.65
20566,CC(=O)OCC(=O)C3CCC2C1CCC4CC(O)CCC4(C)C1C(=O)CC23C,449.15
17090,CCc1cc(C)cc(O)c1,324.75
9090,O=C1N(C)c2ccccc2C(O)=C1C1=NNC(=O)C1=CNc1[nH0]cccc1,508.15
532,c1cc(ccc1CO)CO,392.15
2417,c1cc(c(c(c1)Cl)O)F,336.15
4041,Cn1cnnc1S,441.15
4676,B(c1ccc(c(c1F)F)Br)(O)O,498.15
2921,Cc1cc(ccc1O)O,402.15
21513,Oc1ccc(cc1O)[N+]([O-])=O,448.15
2249,CC#CC,241.15
5479,c1cc2c(cc[nH]2)c(c1)[N+](=O)[O-],478.15
13101,C[C@H]1CC[C@H](C)CC1,236.15
13655,O=[N+]([O-])c1cc(ccc1)C(C)=O,351.15
21338,O=C1C=CC(=CO1)C2C(OC(C)=O)C6OC63C4CCC5(O)CC(O)CCC5(C)C4CCC23C,533.65
9457,S=C1SC(=Cc2ccc(OC)cc2)C(=O)N1CN1CCOCC1,406.15
1718,Cc1c(ccc(c1Cl)[N+](=O)[O-])Cl,327.15
14583,CC1CN1,208.15
2459,c1ccc(c(c1)C(=O)CC#N)Cl,329.15
6793,C(Br)Br,220.15
10547,FC(F)(F)C=1[nH0]2[nH0]c(N)c(N=Nc3ccccc3)c2N=C(C)C=1,475.15
8621,c1cc2c(cc1C(=O)Cl)C(=O)OC2=O,341.15
19892,Cc1cc(cc(C)c1O)C(C)(C)C,355.54999999999995
15580,O=C(O)CCCCCC(=O)O,379.15
16944,O=C3c1ccccc1C(=O)C(Cl)=C3Nc2ccccc2,488.15
759,C[SiH](C)O[SiH](C)C,195.15
22663,Fc1ccc(cc1)/C(c2ccc(F)cc2)=CC=4C(=O)N(c3ccccc3)C(=O)C=4N(C)C,430.0
14405,FC(F)(F)c1ccccc1Cl,265.75
3338,COc1ccc(cc1OC)c2cc(=O)c3ccccc3o2,428.15
13862,OCc1ccc(cc1)c2ccccc2,319.15
21313,Clc1cc(Cl)nc2ccccc12,340.65
6060,c1cc2cc(ccc2nc1)N,390.15
20796,[O-][N+](=O)C(COC(C)=O)C(OC(C)=O)c1ccccc1,343.15
6621,c1ccc2c(c1)cccc2P(c3cccc4c3cccc4)Cl,429.15
16747,Fc1c(C#N)c(F)c(F)c(C#N)c1F,471.15
19974,CCN1CCN(CC1)c2cc3N(C=C(C(=O)O)C(=O)c3cc2F)C4CC4,493.15
7470,COC(=O)c1cc(ccc1N)F,296.15
3691,COc1ccc(cc1Br)C=O,324.15
5767,c1ccc(cc1)c2ccc(cn2)Br,347.15
4395,c1cc(ccc1N)S(=O)(=O)c2ccc(cc2)N,450.15
6205,c1cc(cc2c1cc[n+](c2)[O-])Br,453.15
2903,Cc1ccccc1C(c2ccccc2)O,367.15
1839,c1cc(cc2c1ccc(c2)O)O,459.15
23334,Cc1ccc(C)n1c1ccc(cc1)C(F)(F)F,344.65
21125,O=[N+]([O-])c1cc(C)cc(Cl)c1,334.15
21775,CC=C(/Cl)C(=O)O,372.95
17983,CN(C)CCCCCCCCCCCC,258.15
6758,c1ccc(cc1)C(C(=O)c2ccccc2)Cl,340.15
3339,COc1ccc(cc1OC)C[C@@H](C(=O)O)N,529.15
15486,O=C(NCC(=O)O)c1ccc(N)cc1,472.65
18864,CCC1(C)CC(=O)NC(=O)C1,399.65
620,COc1cc(cc(c1)OC)OC,325.15
1656,Cc1c(nc(s1)C)c2ccccc2,301.15
2628,c1cc(c(cc1[N+](=O)[O-])C#N)F,344.15
19718,Clc1cccc2cccnc12,253.15
20776,N#CC2CC1CCC2C1,317.15
19875,CC(=O)OCCCCCCCCCCCCCCCCCC,307.65
10903,O=C1OC(Cc2cc(C)ccc12)(C(=O)OC)C(=O)OC,408.15
1999,c1cc(ncc1I)N,401.15
22213,O[C@@H]1C(O)C(O)[C@@H](O)[C@@H](O)[C@@H]1O,498.15
18699,CN3C1CCC3CC(C1)OC(=O)C(O)c2ccccc2,372.65
3881,CCOc1cc(ccc1O)C=O,350.15
15324,Clc1nc(C(=O)N=C(/N)N)c(N)nc1N,513.15
4215,c1cc(ccc1n2ccnc2)O,479.15
17585,O=C(O)CC(C)CCC=C(/C)C,530.15
11923,S(C)c1cc2N(N(c3ccccc3)C(=O)c2c2c3ccccc3CCc12)C,454.15
7224,c1ccc-2c(c1)Cc3c2cccc3C(=O)O,520.15
1723,c1c(cc(c(c1Cl)NN)Cl)C(F)(F)F,332.15
5747,c1cc(oc1C=O)Br,357.15
6104,c1c2c(cc(c1Cl)F)nc[nH]2,422.15
20946,CCC(C1CCCCC1)C2CCCCC2,249.65
8814,COC1=CC(=O)CC(C)C13Oc2c(Cl)c(OC)cc(OC)c2C3=O,492.15
2407,Cc1ccc(c(c1Cl)CBr)F,309.15
17498,CCN(CCCl)CCCl,239.15
3465,COc1ccc(cc1O)c2cc(=O)c3c(o2)cc(c(c3O)OC)OC,464.15
14667,OC(=O)c2cc(ccc2C(=O)OC(=O)c1ccc(cc1C(=O)O)C(=O)O)C(=O)O,438.15
10897,O=C1OC(Cc2c(C)c(C)c(C)c(C)c12)(C(=O)OC)C(=O)OC,439.15
10363,Clc1ccc(NC(=O)NNC(=O)OCC)cc1Cl,480.15
23185,c1ccc(c(c1)CC(=O)O)Nc2c(cccc2Cl)Cl,430.15
12042,O=C1c2ccc(OC)cc2C1=O,375.15
21517,O=C(O)C(C)(C)n2nnc1ccccc12,454.65
443,c1cc2c(c(c1)Cl)C(=O)c3cccc(c3C2=O)Cl,520.15
15506,Fc2cc(ccc2c1ccccc1)C(C)C(=O)O,383.65
972,CCCC1COC(OC1)c2ccc(cc2)C#N,331.15
376,CC(=O)N1CCc2c1c(cc(c2)Br)[N+](=O)[O-],470.15
15468,FC(F)(F)C1=CN(C(=O)NC1=O)[C@H]2C[C@H](O)[C@@H](CO)O2,460.65
825,c1cc(c(cc1N2CCNCC2)Cl)Cl,336.15
704,c1c(c(cc(c1F)F)F)[N+](=O)[O-],262.15
13548,CCCCCCC1CCCC1,200.15
18759,OC2CCC1C3CCC4CC5SC5CC4(C)C3CCC12C,400.15
2655,c1ccc(c(c1)C(=O)NN)F,346.15
9592,s1cc([nH0]c1C(C#N)=Cc1occc1)c1ccc(OC)cc1,389.15
20823,CN(C)C(C)CN2c3ccccc3N=C1NC=CC=C1C2=O,395.15
17024,Nc1ccc(cc1)S(=O)(=O)Nc3cc(C)nn3c2ccccc2,468.15
16411,CC1Cc2ccccc2CC1,230.05
10529,s1cccc1C(=O)C1=NOC2C(=O)N(C(=O)C12)c1ccccc1,447.15
17829,CC(=O)OCCCCCCCCC,247.15
3442,c1c(cc(c(c1F)O)F)C=O,396.15
16307,OC(CN1C=C(I)C(=O)C(I)=C1)CO,434.15
6820,CCOC(=O)C(=CN)C(=O)OCC,336.15
22870,O=C1N=C(SC1)N,523.15
13268,CC(CCC)C(O)CC,150.14999999999998
16911,Brc1ccc2c3ccccc3Cc2c1,386.65
2337,c1cc(c(cc1F)Cl)CC#N,341.15
8638,C[Si](C)(C)N=[N+]=[N-],178.14999999999998
4872,Cc1cc(ccc1O)Cl,320.15
3066,c1cc(sc1)CC(=O)O,336.15
14929,OO,233.15
19842,CC(C)c1ccncc1,218.25
15840,O=C1NC(=O)NC(=O)C1(CCC(C)C)CC,430.15
3909,c1ccc(cc1)C(=O)c2ccc(c(c2)F)C(F)(F)F,339.15
16116,Clc2cc(c1ccccc1)c(Cl)cc2Cl,349.45
2639,COc1cccc(c1C(=O)O)F,364.15
15724,O=S(=O)(Nc1nc(C)cc(C)n1)c2ccc(N)cc2,471.65
703,c1cc(c(cc1Cl)Cl)Cl,290.15
5172,C=Cc1ccc(cc1)F,237.15
1934,c1cnc(cc1C(F)(F)F)N,346.15
17183,Oc1ccncc1,422.95
4694,Cc1cc(cc(c1N=C=O)C)Br,334.15
18223,O=[N+]([O-])c1ccc(o1)C(OC(C)=O)OC(C)=O,364.15
5526,c1cc(sc1)C(=O)CCC(=O)O,392.15
15291,CC(C)(C)NC[C@H](O)COc2cccc1c2CCCC1=O,483.15
8031,CCC(C)[C@@H](C(=O)O)NC(=O)OCC1c2ccccc2-c3c1cccc3,420.15
2804,c1ccnc(c1)S,400.15
8272,c1ccc(c(c1)C(=O)Cl)C(=O)Cl,285.15
16272,CC(C)c2cccc1ccccc12,257.15
14095,CCCCCCCCCCCc1ccccc1,268.15
8653,c1ccc(cc1)OP(Oc2ccccc2)Oc3ccccc3,296.15
4661,c1ccc(cc1)c2ccc(cc2)C(=O)NN,467.15
8945,CCC1(C(=O)NC(=O)N(C)C1=O)c2ccccc2,449.15
11114,O=C(OC1CC(C)CCC1C(C)C)c1ccc2ccccc2c1,349.15
16584,OCCN(CCO)c1ccc(cc1)/N=N/c2ccccc2,407.15
20762,OC(C2CC1CCN2CC1CC)c4ccnc3ccccc34,541.65
20891,O=C(NC(=O)c1ccccc1)c2ccccc2,425.15
19388,Clc2ccc(C)c(Cl)c2Nc1ccccc1C(=O)OCOCC,346.65
4129,c1c(cc(cc1[N+](=O)[O-])O)C(F)(F)F,364.15
1049,B(c1ccccc1OC(F)(F)F)(O)O,392.15
8667,C(=O)(OC(Cl)(Cl)Cl)OC(Cl)(Cl)Cl,357.15
14465,ClC(Cl)(Cl)C(OC(C)=O)c1ccccc1,360.65
12480,O=C(O)C1NCC2=NC3=CCC=CC3=C2C1,569.15
18698,CCN(CC)CCNc1ccc(CO)c2Sc3ccccc3C(=O)c12,375.05
171,CCCCCCCCCCCCCCCCO,322.15
19229,Clc1ccc3c(c1)oc2c3cccc2Cl,457.15
16643,C=CC(Cl)(Cl)Cl,243.15
13729,O=[N+]([O-])c1ccc(CCl)cc1,346.15
10048,O=C1CC2(C)C(=CC=C3C(O)=C(CC=C)C(=O)C(O)=C32)C(C)=C1C,444.15
4617,c1ccc(cc1)C(=O)CCCC(=O)O,400.15
12788,O=C1N(Cc2ccc(cc2)c2ccccc2c2[nH0][nH0][nH0][nH]2)C(=NC21CCCC2)CCCC,453.15
908,CC1([C@@H]2CC[C@]13CS(=O)(=O)N=C3C2)C,500.15
15951,Clc1cc2Oc3ccccc3Oc2cc1Cl,436.15
19671,ClCc1ccc(Br)cc1,323.15
2293,c1cc(c(c(c1F)O)Cl)F,327.15
12631,Clc1ccc2N(CC(F)(F)F)C(=O)CN=C(c2c1)c1ccccc1,437.15
10033,O=C(OC1C=CC=CCC1OC(=O)Nc1ccccc1)Nc1ccccc1,408.15
7273,c1(c(c(c(c(c1F)F)F)F)F)F,278.15
5651,C1CNC(=O)NC1=O,552.15
757,c1ccc(cc1)C(=CC=C(c2ccccc2)c3ccccc3)c4ccccc4,471.15
12711,O=C(O)c1c(C)cc(C)cc1C,425.15
4121,Cc1ccsc1C(=O)O,420.15
16434,O=C1NC(=O)NC(=O)C1(CC)C3=CC2CCC(C2)C3,486.15
9393,BrC(=NNc1ccccc1)c1ccccc1,463.15
8303,Cc1ccc(cc1)C=O,267.15
21400,O=C1NC(=S)NC=C1C(=O)OCC,525.15
7229,c1ccc(cc1)C2=COC3(C2=O)c4ccccc4C(=O)O3,430.15
1701,CC(C)c1cc(c(c(c1)Br)N)Br,319.15
5879,Cc1ccc(cn1)C#N,358.15
22419,ON=C(/C(=N/O)c1ccco1)c2ccco2,440.15
15016,ONc1ccccc1,356.65
14304,Oc2ccc3ccccc3c2N=Nc1ccccn1,412.65
978,CC(c1ccc(cc1)O)C(=O)O,404.15
16024,OCC(=O)OC3CC(C)(C=C)C(O)C(C)C21CCC(=O)C1C3(C)C(C)CC2,443.65
17971,ClC(=O)CCCCCCCCCCCCCCC,285.15
1499,c1cc(c(cc1F)F)CC(=O)O,391.15
7730,ClCc1cccc(CCl)c1,308.15
7570,CO[C@@H]1[C@@H]([C@H]([C@H]2[C@H](O1)CO[C@H](O2)c3ccccc3)O)O,438.15
6194,c1ccc(cc1)C(=O)CCCCCCC(=O)O,354.15
19186,CC(=C)COC(=O)OCC(C)=C,474.45
8301,CC(CP(=O)(O)O)P(=O)(O)O,451.15
17978,O=C(CCCCCCCCCCCCCCC)OC,303.15
4960,c1cc(ccc1C(Cl)(Cl)Cl)Cl,279.15
12121,N#Cc1c2ccccc2[nH0](C)c1C,378.15
22792,O=C(OC)c2c(c3c(c(Sc1ccccc1)c2C(=O)OC)cc(Cl)nc3Cl)c4ccccc4,451.5
4364,c1cc(ccc1C(F)(F)F)N=C=S,314.15
21387,OC(=O)C(=C/c1ccccc1)c2ccccc2,445.65
11812,O=C(O)CC(c1ccccc1)C(C)(C)C(=O)O,444.15
13802,O=C(C)Oc1cc(ccc1)C(=O)O,406.15
12767,O=C(O)CCCc1ccccc1,321.15
13957,CCCCCCCCCCCCC=O,288.15
22237,Cc4cccc(C)c4NC(=O)CN3CCN(CCC(c1ccc(F)cc1)c2ccc(F)cc2)CC3,433.15
7699,CC1CCCC1,130.14999999999998
19283,O=C(C)Oc1ccccc1OC,304.65
12750,O=C(OCC(C)(COC(=O)N)C(C)CC)N,350.15
6639,CCCCCCCCC(=O)O[C@H]1CC[C@@]2([C@H]3CC[C@]4([C@H]([C@@H]3CC=C2C1)CC[C@@H]4[C@H](C)CCCC(C)C)C)C,350.15
14134,Ic1ccc(cc1)[N+](=O)[O-],446.15
16420,O=C(CCC(N)=O)C(=C)NC(C)=O,403.65
17265,O=C(O)c2ccccc2Cc1ccccc1,391.15
2416,c1cc(c(c(c1)Cl)/C=C/[N+](=O)[O-])F,336.15
23183,O=C(c1c2ccccc2nc(OCCCC)c1)NCCN(CC)CC,337.65
1614,CCOc1ccc(c(c1)N)OCC,358.15
16161,Clc1cc(NC(=O)N(C)OC)ccc1Br,369.15
9273,O=C(N)NN=CC(CCC(C)C(=O)O)C(C)C,425.15
8976,CN1CCC(CC1)N(Cc2cccs2)c3ccccc3,368.15
21332,Cc2cc3C(=O)CC1C(C)(CCCC1(C)C)c3cc2O,523.15
12774,Fc1ccc(cc1)C(=O)CCCN1CCC(O)(CC1)c1ccc(C)cc1,391.15
21587,Oc1cc2C=CC(=O)Oc2cc1O,549.15
2366,c1cc(c(cc1C(F)(F)F)CC(=O)O)Cl,386.15
20143,Cc1c(C)c(C)c(C)c(C)c1C(O)=O,483.65
9347,ON=C(CC(NO)c1ccccc1)c1ccccc1,414.15
15388,Oc1c(C=O)c(cnc1C)COP(=O)(O)O,478.15
4786,c1cc(ccc1N)Br,336.15
3996,COc1cccc2c1c(=O)c(c(o2)c3ccccc3)O,448.15
7074,CCOC(=O)c1cccc(c1)O,347.15
17742,Clc1ccc(cc1Cl)C(F)(F)F,260.65
7540,COC(=O)c1c(ccs1)Cl,311.15
3679,CC(=O)c1ccc(c(c1)Br)F,329.15
22364,FC1(F)C(F)(F)C(F)(F)C1(F)F,233.05
18201,Clc1cc(OCC(=O)OC(C)C)c(Cl)cc1Cl,318.15
14015,O=C(NC)c1ccc(cc1)c2ccccc2,359.15
11508,Brc1cccc2c(cccc12)C=O,378.15
17231,CC(C)c1cc(O)ccc1,299.15
20889,[O-][N+](=O)C(C)(C)[N+]([O-])=O,327.15
17528,CCN(C(C)=O)c1ccccc1,328.15
18183,c1cccc2sccc12,305.15
8408,CCCCCCCCCCCCCCCCCC(=O)NN,388.15
20284,O=C(O)c1cccc2cccc(Cl)c12,444.65
4970,c1ccc(cc1)/C=C/C(=O)c2ccc(cc2)Cl,372.15
20574,FC(F)(F)c1cc(ccc1)C(c2ccccc2)(c3ccccc3)n4cncn4,405.15
5531,c1ccc(cc1)Oc2ccc(cc2)C=O,298.15
12266,O=C1c2ccccc2C(=O)c2c(NC(=O)C)c(C)ccc12,406.15
20945,CC(C)(C1CCCCC1)C2CCCCC2,288.75
6101,c1cc(ncc1CC(=O)O)Cl,447.15
6395,C(CCCC(=O)O)CCCC(=O)O,375.15
16841,Oc1ccc2CCCc2c1,331.15
5608,c1cnoc1c2cc(cc(c2)F)F,350.15
19693,BrC(Br)(Br)Cl,328.15
8093,CCCCCCCCCCCCCCCCCCC,306.15
20101,O=C1NCCCN1,538.15
4878,c1cc(c(cc1Cl)[N+](=O)[O-])C(=O)O,417.15
3804,CC(=O)c1ccc(c(c1)Cl)OC,348.15
8771,CCCCNC(=O)NS(=O)(=O)c1ccc(N)cc1,417.15
18871,O=C(C)OC2C(Cc1ccc(OC)cc1)NCC2O,413.65
6486,c1ccc(cc1)COc2ccccc2,312.15
14081,BrC(C)CCCBr,239.15
16657,Clc1c(Cl)c(Cl)nc(Cl)c1Cl,398.65
7663,CN=C=S,305.15
22990,C1=CC=C(C=C1)C2=CC(=C(C(=C2Cl)Cl)Cl)Cl,364.15
19902,O=C1NC(=O)C(C)=NN1,484.15
17610,Oc2c3c(cc1cccc(O)c12)cc(C)cc3O,476.85
10489,o1[nH0]c2c(c([nH0][nH0]c2c2ccc(C)cc2)c2ccccc2)c1C,479.15
13637,O=[N+]([O-])c1ccc(CC#N)cc1,389.15
16275,Cc2cccc1cc3ccc4ccccc4c3cc12,391.15
7546,COC(=O)c1cccc(c1)O,344.15
14045,Cc1cc(ccc1Br)[N+]([O-])=O,351.15
14602,c1ccccc1C2CO2,236.15
8955,OC(=O)CCc2nc(c1ccccc1)c(o2)c3ccccc3,434.15
12829,Fc1ccc(cc1)C[nH0]1c2ccccc2[nH0]c1NC1CCN(CC1)CCc1ccc(OC)cc1,422.15
15495,NC(=O)C[C@H](N)C(=O)O,508.15
17940,Nc1cccc2ccc(O)cc12,479.15
8836,CC(=O)OC3(C(C)=O)C(=C)CC4C2C=C(C)C1=CC(=O)CCC1(C)C2CCC34C,497.15
15050,O=CC=O,288.15
12058,S=C(NCC(c1ccccc1)c1ccccc1)Nc1ccccc1,444.15
21437,CC(=O)NC(N)=S,438.15
2340,Cc1c(ccnc1Cl)I,380.15
9381,Clc1cc(Cl)c(NN=C(c2sc3ccccc3[nH0]2)C(=O)N)cc1Cl,510.15
2913,Cc1ccccc1CP(=O)(O)O,459.15
20268,CN(C(Cl)=O)c1ccccc1,361.65
7004,C1[C@@H]2C=C[C@H]1[C@@H]3[C@H]2C(=O)N(C3=O)O,441.15
18916,O[C@@H]1[C@@H](C(C)C)CC[C@@H](C)C1,352.65
16735,Clc1cc(OCC(=O)OCC)c(Cl)cc1Cl,337.15
21100,O=C1C=C2CCC3C4CCC(O)(C#C)C4(C)C=CC3=C2CC1,442.15
10590,FC(F)(F)c1[nH0][nH0]2c(N=C(C)C=C2c2ccccc2)[nH0]1,362.15
22467,O=CC1CC=CCC1,275.15
9394,Clc1cc(Cl)c(NN=C(C#N)c2sc3ccccc3[nH0]2)cc1Cl,487.15
17913,O=C1NCCN1,404.15
7207,C(COC(=O)[O-])OC(=O)O,309.15
12188,O=C(OC)c1ccc2cc(OC)ccc2c1,403.15
13761,O=C(OCC)c1ccccc1C#N,341.15
2477,Cc1cccc(c1Cl)C,237.15
8674,COc1cccc(c1)P(c2cccc(c2)OC)c3cccc(c3)OC,387.15
19490,O=C(O)C(Br)CCCCCCCCCC,305.15
21947,COC1=C(OC)C(=O)C(C)=C(C)C1=O,335.65
20209,CC(=O)C(C)(C)C(C)=O,292.15
4558,c1cc(c(cc1N)F)O,444.15
16671,Oc1ccc(cc1O)C(C)C,351.15
7904,c1ccc(cc1)CNC(=O)c2ccccc2,379.15
19834,FC(Cl)(F)C(Cl)(Cl)C(Cl)(F)F,230.25
20701,O=C(O)C(C)(O)CC,347.15
15455,CC(C)NCC(O)COc1ccc(cc1C(C)=O)NC(=O)CCC,394.15
21801,O=CC=CC=Cc1ccccc1,315.65
7039,CCOC(=O)c1cc(ccc1N)I,343.15
21763,Clc2cc(ccc2Oc1cc(C(COC)=NOCC(=O)OC)c(cc1)[N+]([O-])=O)C(F)(F)F,331.15
6021,c1ccc(cc1)CCCCC(=O)O,332.15
1126,c1ccc(c(c1)C(=O)c2ccccc2Cl)Cl,325.15
3939,c1cc(c(cc1N)F)[N+](=O)[O-],433.15
7308,c1ccc2c(c1)CCC2,222.15
23041,C1=CC(=CC=C1[N+](=O)[O-])Cl,356.65
6634,C[C@H](CCCC(C)C)[C@H]1CC[C@@H]2[C@@]1(CC[C@H]3[C@H]2CC=C4[C@@]3(CC[C@@H](C4)OC(=O)c5ccc(cc5Cl)Cl)C)C,399.15
21259,CC(=O)c1ccc(cc1)OC2OC(CO)C(O)C(O)C2O,468.65
20002,CCC(C(=O)NC(N)=O)c1ccccc1,435.15
21043,O=C1NC(=O)OC1(C)CC,319.15
1669,Cc1cc(=O)n2c([nH]1)cc(n2)C,526.15
22561,Oc1cc(ccc1)C(=O)OCC,347.15
11500,[O-][N+](=Nc1ccccc1)c1ccc(N=Nc2ccccc2)cc1,404.15
8176,c1ccc(c(c1)N)N,375.15
15904,CN1CCN(CC1)CCCN2c4ccccc4Sc3ccccc23,326.15
20369,BrC=C(Cl)Cl,184.65
16006,CCc1cccc(c1)C(C)=O,253.15
15940,O=S(=O)(Nc1ncccn1)c2ccc(N)cc2,525.65
3898,CCc1cccc(c1)C,177.14999999999998
20072,ClP1Oc2ccccc2O1,303.15
6744,CCCCCCCCCC(=O)O,304.15
7919,c1ccc(cc1)COC(=O)N[C@H](CO)C(=O)O,391.15
11491,N(=Nc1ccc(N=Nc2ccc(N=Nc3ccc(N=Nc4ccccc4)cc3)c(C)c2)cc1)c1ccccc1,482.15
6156,Cc1cccc(n1)CO,306.15
3312,c1cc(c(cc1C[C@@H](C(=O)O)N)F)F,506.15
479,c1cc(ccc1F)F,260.15
1596,c1cc(c(cc1Cl)C(=O)N)Cl,433.15
18304,Brc1c(CC)c(Br)c(Br)c(Br)c1Br,411.15
20336,Brc1ccc2ncccc2c1,297.15
21524,O=Cc2ccccc2OC1OC(CO)C(O)C(O)C1O,448.15
10679,OC1c2ccccc2C=C1C,360.15
10038,BrC1C(=O)C2C3CCC(C(C)CCC(=O)OC)C3(C)CCC2C2(C)CCCCC12,397.15
13398,OC(=O)c1ccc(O)cc1,490.15
8473,C1CCOCC1,224.15
14709,CC(C)C=2C(=O)N(c1ccccc1)N(C)C=2C,376.15
10379,S1c2[nH0][nH0]c([nH0]2NC1(C)c1ccc([N+](=O)[O-])cc1)C(F)(F)F,528.15
8839,C1(=O)C(CC)(CC(=C)C)C(=O)NC(=S)N1,433.15
14858,O=S(=O)(OCC)OCC,249.15
17319,O=[N+]([O-])c1c(c(C)ccc1[N+]([O-])=O)[N+]([O-])=O,385.15
11752,O=C1C(C)CC2C3CC=C4CC(OC(=O)C)CCC4(C)C3CCC12C,414.15
20308,FC2(F)C3(F)C(F)(F)C(F)(F)C(F)(F)C(F)(F)C3(F)C1(F)C(F)(F)C(F)(F)C(F)(F)C(F)(F)C1(F)C2(F)F,253.15
5715,c1cc(c2cccnc2c1)N,381.15
1786,c1cc(c(c(c1)F)CC(=O)O)F,374.15
11378,O=C(N(Nc1ccccc1)c1ccc(cc1)c1ccc(N=Nc2ccccc2)cc1)C,517.15
23242,C12C(C(C3C1O3)Cl)C4(C(=C(C2(C4(Cl)Cl)Cl)Cl)Cl)Cl,433.15
16071,[O-][N+](=O)c1ccc2CCNc2c1,341.15
17837,ICCC(=O)O,354.65
5718,c1ccc(cc1)C(=O)CCCCC(=O)O,350.15
13427,CC(C)(C)CCC(C)(C)C,260.15
9415,O=C(Oc1ccc(cc1)C=CC(=O)c1ccccc1)c1ccccc1OC,388.15
8040,C(=O)NC(=O)N,442.15
15026,O=Nc1ccccc1,338.15
883,C1CC1CCl,182.15
543,Cc1ccc(cc1)S(=O)(=O)OCCCOS(=O)(=O)c2ccc(cc2)C,364.15
20456,O=C1OC(=O)C2CCCCC12,305.15
8798,NC(N)=Nc1nc(CSCCC(N)=NS(N)(=O)=O)cs1,436.15
15746,O=C1CC[C@@]5(O)[C@H]2Cc4ccc(OC)c3O[C@@H]1[C@]5(CCN2C)c34,492.15
21231,C=CC(C)(O)CCC1C2(C)CCCC(C)(C)C2CCC1(C)O,370.15
14255,O=C(O)[C@H](CC)[C@H]1CC[C@H](C)[C@@H](O1)[C@@H](C)[C@H](O)[C@H](C)C(=O)[C@H](CC)[C@H]5O[C@]4(C=C[C@@H](O)[C@]2(CC[C@](C)(O2)[C@H]3CC[C@](O)(CC)[C@H](C)O3)O4)[C@H](C)C[C@@H]5C,386.15
12912,CC1CC1(C)C,135.14999999999998
4919,c1cc(c(cc1C(F)(F)F)[N+](=O)[O-])Cl,270.15
18757,CN(C)C3CC(C)OC(OC2C(C)C(OC1CC(C)(OC)C(O)C(C)O1)C(C)C(=O)OC(CC)C(C)(O)C(O)C(C)C(=O)C(C)CC2(C)O)C3O,464.15
22057,NS(=O)(=O)c2cc3cc(CN1CCOCC1)sc3o2,517.15
19431,Oc1ccc(cc1)C(c2ccccc2C(=O)O)c3ccc(O)cc3,503.65
22482,CN(C)c2ccc(Cc1ccc(cc1)N(C)C)cc2,364.65
1977,c1c(ncc(n1)Br)N,388.15
10795,O=C(OC1(C#N)Cc2ccccc21)c1ccccc1,385.15
16583,CC1CCCC1C,155.54999999999998
10336,O=C1c2ccccc2C(=O)C1=C1NC2C=CC=CC2(C)C=C1,476.15
4457,c1[nH]c(c(n1)Cl)Cl,454.15
12769,S1c2ccccc2N(CCCN2CCC(O)CC2)c2cc(C#N)ccc12,355.15
2160,c1cc(c(cc1F)C(=O)O)Br,428.15
7820,c1ccc(cc1)CN(Cc2ccccc2)O,396.15
990,c1cc(ncc1[N+](=O)[O-])OCCO,386.15
18379,O=C(O)CCS,291.15
21809,COc1cc(cc(OC)c1OC)C(=O)Nc2ccc3nn(nc3c2)C4CCCCC4,403.65
22635,O[C@H]1[C@@H](O)[C@H](O)CO[C@@H]1OC,376.0
5434,CCCCCCCc1ccc(cc1)C(=O)O,375.15
21107,CC(=O)C2(C)CCC1C3C=C(C)C4=CC(=O)CCC4(C)C3CCC12C,417.15
20763,OC(C(O)C(O)C(=O)O)C(O)C(O)CO,419.65
14307,COc1ccc(cc1)C(c2ccc(OC)cc2)C(Cl)(Cl)Cl,360.15
20175,[O-][N+](=O)c2ccc(Oc1ccccc1)c(c2)[N+]([O-])=O,344.15
510,C(CCO)CO,293.15
10129,OC1CC=2CC=CCC=2CC1O,394.15
17237,Oc1ccc(cc1OC)C(=O)OCC,317.15
8348,c1cncnc1,294.15
21768,O=C(OC)C1CC(=O)N(CCCCCCCCCCCC)C1,300.65
9243,FC(F)(F)C1=NN(c2ccccc2)C(=O)C1=NNc1[nH][nH0]c(c1)c1ccccc1,553.15
8194,ClCc1ccccc1CCl,328.15
839,C1CN(CCN1)CCO,234.15
18620,O=C2CCC3C4CCC1(CC)C(CCC1(O)C#C)C4CCC3=C2,513.15
20248,O=C1C=C(CC1)c2ccccc2,250.15
3957,c1ccc(cc1)C(=O)c2cccc(c2)F,323.15
4839,c1ccnc(c1)c2cc(cc(n2)c3ccccn3)Cl,423.15
4889,c1cc(c(cc1O)C(F)(F)F)Cl,317.15
20243,Clc1cc(Cl)nc(n1)c2ccccc2,370.05
762,C[SiH](C)O[Si](C)(C)O[SiH](C)C,206.15
23219,CN(C)C(=O)NC1=CC=CC=C1,405.15
19189,O=C(NC(=O)Nc1ccc(OC(F)(F)F)cc1)c2ccccc2Cl,468.15
4840,COc1cc(c(cc1Cl)OC)N,393.15
17745,O=C(C)Oc1cc(ccc1C(=O)O)C(F)(F)F,394.15
11519,O=C(C)CCc1ccc(cc1)CCC(NC(=O)c1ccccc1)C,395.15
7076,CCOC(=O)n1ccn(c1=S)C,397.15
1142,CCC(C)(C)C(=O)O,259.15
6189,c1c[nH]c2c1cc(cc2N)Br,378.15
19747,COC(=O)C(=C)CC(=O)OC,311.15
13083,CCC=CCCCC,163.14999999999998
12252,Oc1ccc2cc(N)ccc2c1,458.15
5461,c1cc(ccc1C=NO)[N+](=O)[O-],401.15
16398,C=C(C)CCC=C,144.34999999999997
5156,c1cc(ccc1/C=C/C(=O)O)F,482.15
1801,COc1cccc(c1C(=O)Cl)OC,338.15
4756,c1cc(c(cc1C(=O)O)Cl)Br,495.15
11295,O=C(Nc1ccccc1CCc1ccccc1NC(=O)C)C,523.15
12509,ClCc1cc(C)c(cc1C)CCl,405.15
12296,ClCC(=O)c1ccc(cc1)C(=O)CCl,426.15
14487,Oc1c(Cl)c(Cl)c(O)c(Cl)c1Cl,512.15
530,c1cc2c(cc1N)OCCO2,301.15
19144,O=[N+]([O-])c1cc(ccc1Cl)C(=O)c2ccccc2,378.15
22320,CC(=O)CC(C1=C(O)c2ccccc2OC1=O)c3ccco3,397.15
9827,S1c2[nH0][nH0]c([nH0]2N=C1C=Cc1ccccc1)COc1ccccc1,415.15
1919,c1c(cnc(c1F)N)C(F)(F)F,339.15
10945,N#C[nH0]1c2ccccc2c(C)c1C,370.15
124,Cn1c2ccc(cc2cn1)[N+](=O)[O-],433.15
21213,CC1(CCC(C)C1(C)C)C(=O)O,379.15
15937,n1ccnc2ncncc12,412.65
14757,Oc1ccc2c(c1)OC(=O)C=C2C,464.15
14415,Fc2cccc1ccccc12,260.15
1949,c1cnc(cc1C#N)N,423.15
22381,FC(F)(C(F)(F)C(F)(F)F)C(F)(F)F,144.04999999999998
14176,Ic1ccc(Br)cc1,364.15
18615,O=C1C=C(CO1)C3CCC4(O)C2CCC5(O)CC(CC(O)C5(CO)C2C(O)CC34C)OC6OC(C)C(O)C(O)C6O,473.15
20757,FC1(F)C(F)(F)C(F)(C(F)(C(F)(F)C1(F)F)C(F)(F)F)C(F)(F)F,217.15
15356,NS(=O)(=O)c1cc2C(CC(C)S(=O)(=O)c2s1)NCC,557.15
10604,s1cccc1c1[nH0]c2N=CC=C[nH0]2c1N=O,512.15
21614,O=C(O)C=CCCCCCCCCC,290.25
11429,O=C1c2ccccc2C(=O)c2c(N)c(ccc12)C=Cc1ccccc1,487.15
20545,OC(CCCCCCCC)C(O)CCCCCCCC(=O)O,363.15
10571,Clc1ccc(cc1)C1c2c(OC(N)=C1C#N)[nH0]([nH0]c2C(F)(F)F)c1ccccc1,494.15
17086,FC1(F)C(Cl)=C(Cl)C(F)(F)C1(F)F,167.34999999999997
23163,C1(CCCC1)=O,221.25
21541,NS(=O)(=O)c1ccc(SCCO)cc1,384.65
6341,CC(=O)OCC=C,279.15
11068,Brc1cc2c3c(oc2c(Br)c1)CCC(C)(c1cc(oc31)C)c1ccc(OC)cc1,438.15
18143,CC(C)(C)C1CCC(O)CC1,339.15
847,c1cc(c(cc1F)F)N2CCNCC2,348.15
13987,O=[N+]([O-])c1c(cccc1Cl)C(=O)O,510.15
17521,O=C(NNc1ccccc1)c2ccccc2,441.15
7894,c1ccc2c(c1)cccc2S(=O)(=O)Cl,341.15
14133,Brc1cccc(Br)c1N,353.15
1903,c1c(cnc(c1F)N)F,330.15
16358,CN(C)CCCNc1c3ccccc3nc2cccc(c12)[N+]([O-])=O,407.65
18422,C#CC,170.45
6679,C(C#N)C(=O)N,393.15
15205,Oc1ccc(cc1)c3sc2cc(O)ccc2c3C(=O)c5ccc(OCCN4CCCCC4)cc5,418.15
17729,FCc1ccccc1,238.15
1183,c1ccc(cc1)COC[C@@H]2[C@H]([C@@H]([C@H]([C@H](O2)O)OCc3ccccc3)OCc4ccccc4)OCc5ccccc5,424.15
11118,O=C(O)CC(C)c1ccc(cc1)C(=O)O,498.15
3060,CC(C)(C)c1ccc2c(c1)C(=O)c3ccccc3C2=O,372.15
3859,c1ccc(cc1)Oc2c(cccn2)C#N,381.15
21309,O=Cc1ccc(Br)o1,356.65
12596,O=C(Oc1ccc2ccccc2c1)c1ccccc1,378.15
288,c1ccc(cc1)OCCCBr,283.15
9293,Brc1cccc2c(cccc12)C=NNC(=O)N,531.15
9805,O=C(OC)C=Cc1cccc(c1)C=CC(=O)OC,405.15
582,CC1(C(=O)N(C(=O)N1Cl)Cl)C,405.15
4687,c1c(cc(c(c1F)N)F)Br,337.15
3270,Cc1ccc(c(c1)N)N,361.15
13189,Cc1ccc(O)c(C)c1,300.15
7035,CCOC(=O)c1c(nc(s1)N)C,447.15
22276,IC(I)C(=O)O,383.15
3879,CN(C)c1cccc(c1)O,355.15
13060,Nc1cccc(O)c1,398.15
2180,c1cc(nc(c1)Br)C(F)(F)F,323.15
23449,O=S(=O)(Nc1nc(nc(c1)C)C)c2ccc(N)cc2,516.15
14335,O=C(O[C@@H]9O[C@H](COC(=O)c2cc(O)c(O)c(OC(=O)c1cc(O)c(O)c(O)c1)c2)[C@@H](OC(=O)c4cc(O)c(O)c(OC(=O)c3cc(O)c(O)c(O)c3)c4)[C@H](OC(=O)c6cc(O)c(O)c(OC(=O)c5cc(O)c(O)c(O)c5)c6)[C@H]9OC(=O)c8cc(O)c(O)c(OC(=O)c7cc(O)c(O)c(O)c7)c8)c%11cc(O)c(O)c(OC(=O)c%10cc(O)c(O)c(O)c%10)c%11,483.15
10327,S(CC)C(SCC)=C1CCCC(C1=C(C#N)C#N)=C(SCC)SCC,374.15
7623,COc1ccc(cn1)C(=O)OC,324.15
18466,O=C(O)c1ccncc1,588.15
10613,s1cccc1C(=O)C=1SC2=NC(=O)c3ccccc3N2N=1,510.15
17430,O=C(O)C(O)CN,508.15
18267,CC(C)(C)c2cc(cc(Cc1cc(CC)cc(c1O)C(C)(C)C)c2O)CC,393.65
17362,BrCCC(=O)O,335.65
15115,BrC(Br)(Br)C(=O)O,404.65
18318,O=C2C=CN(C)c1ccccc12,425.15
10155,Clc1ccc(NC(=O)C)c([N+](=O)[O-])c1,371.15
18274,Nc1cccc(Cl)c1C,274.15
18149,FC(F)(F)c1cc(N)ccc1,278.65
6201,c1cc2c(cc1Br)SCC(=O)N2,485.15
21307,ClC=2c1ccccc1C(=O)C(=O)C=2Cl,457.15
16310,CC(C)COc1cc2ncc(c(O)c2cc1OCC(C)C)C(=O)OCC,562.65
7635,CO[C@@H]1[C@@H]([C@H]([C@H](CO1)O)O)O,443.15
18245,OCc1cc(C)cc(CO)c1O,402.15
19230,Nc1nc(ccc1NC(=O)OCC)NCc2ccc(F)cc2,388.65
16846,NC(=O)c1ccncc1,429.15
22714,Clc2cc(Cl)ccc2/C=C/C(=O)c1ccccc1,345.5
10399,O=C1Oc2ccccc2c2[nH0]c(N)c(cc12)C(=O)OCC,465.15
17628,C=CCc1cc2OCOc2c(OC)c1OC,302.65
185,c1ccc2c(c1)cccc2F,263.15
9055,ClC(=CC)C(=CC=C)C=C1C(=O)NN=C1C=1C(=O)N(C)c2ccccc2C=1O,533.15
13728,Clc1cc(C#N)cc(Cl)c1,337.15
21673,O=COCC=Cc1ccccc1,273.15
4062,COCCC#N,210.15
10857,O=C1Cc2c1c(C)c(c(C)c2C(=O)OC)C(=O)OC,390.15
18175,Nc1cc(Cl)ccc1C,299.15
12628,O=C(NC1CCN(CC1)CCc1c[nH]c2ccccc21)c1ccccc1,481.15
1415,Cc1ccc(cc1N)N,372.15
22387,ClC(=O)CCC(Cl)=O,293.15
11940,O=[N+]([O-])c1cccc(c1)c1oc(cc1)C=C(C(=O)C)C(=O)C,427.15
12793,OC1CCCc2[nH0]c3ccccc3c(N)c21,518.15
20834,CN2CCC(CCCC1CCN(C)CC1)CC2,286.85
13609,Clc1ccc(Cl)c(N)c1,323.15
13911,ClC(Cl)(Cl)c1ccccc1,265.15
12281,S(C)C1=NNC(N)=C1C(=O)N,449.15
6413,c1ccc(cc1)C(=O)NN,388.15
4327,CSc1ccc(cc1)S,286.15
8776,Nc2ncnc(Nc1ccc(Cl)cc1)n2,506.15
16550,OB(c1ccccc1)c2ccccc2,330.65
9049,O=C1N(C)c2ccccc2C(O)=C1C1=NNC(=O)C1=Cc1ccc(OC)cc1,523.15
16129,NC(=O)c1cc(OC)c(OCCCCCCCCCC)c(c1)OC,394.65
7670,COC(=O)c1cccnc1,315.15
21844,CC(SC)=NOC(=O)N(C)SN(Cc1ccccc1)CCC(=O)OCC,320.15
20148,NC(=O)c2cccc1ccccc12,478.95
9786,O=[N+]([O-])c1cc([N+](=O)[O-])c(cc1C=C1N=C(OC1=O)c1ccccc1)C=C1N=C(OC1=O)c1ccccc1,539.15
6630,C[Si](C)(C)Cl,215.15
7380,CC(C)CC(=O)N,409.15
14748,C1CCCc2nnnn2C1,330.65
13695,O=[N+]([O-])c1ccc(cc1)[N+]([O-])=O,446.15
2952,CCCCOCCO,194.15
16659,Brc2c1Oc3c(Oc1c(Br)c(Br)c2Br)c(Br)c(Br)c(Br)c3Br,649.15
15939,CC(C)(CC)C(=O)O[C@H]2C[C@@H](C)C=C3C=C[C@H](C)[C@H](CC[C@@H]1C[C@@H](O)CC(=O)O1)[C@@H]23,409.65
6805,c1ccc(cc1)P(C2CCCCC2)C3CCCCC3,333.15
9113,s1cccc1C(=O)C=1SC(=N)N(N=1)c1cc[nH0]cc1,404.15
12250,O=C1N(c2ccccc2)C(c2ccccc2)C1c1ccccc1,407.15
2205,c1ccc(c(c1)C(=O)NN)Br,426.15
20097,c1ccccc1NC2CCCCC2,289.15
16011,Cc1ccc(cc1)Nc5ccc(Nc2ccc(C)cc2)c4c5C(=O)c3ccccc3C4=O,491.15
23228,C(=C/C(=O)O)\C(=O)O,572.65
14411,O=C1C=CC(=O)N1CC,317.15
2456,c1ccc(c(c1)C(Cl)(Cl)Cl)Cl,303.15
8823,CC(C(O)c1ccc(O)cc1)N2CCC(CC2)Cc3ccccc3,387.15
10523,Clc1ccc(NNC=2C(=O)N=C3C=CC=CC3=NC=2C(F)(F)F)cc1,424.15
6096,Cc1ccc(c(c1F)O)Cl,321.15
21037,O=C(CCCCCC)OCCC,209.65
19784,CC(C)CCOC(=O)CCCCCCCCCCCCCCCCC,298.65
11090,O=[N+]([O-])c1ccccc1C(c1oc(C)cc1)c1oc(C)cc1,353.15
20203,O=C(C)Oc1ccccc1C(F)(F)F,374.15
7475,COC(=O)c1cnc(s1)Br,336.15
2552,CCOc1ccccc1O,299.15
6975,C([C@@H]([C@@H]([C@H](C=O)O)O)O)O,432.15
8651,CCCN(CCC)CCC,180.15
15684,O=C1NC(=O)N(C)C(=O)C1(CC)c2ccccc2,449.15
1665,Cc1ccc(c(c1)OCC(=O)O)C,388.15
18321,O=C1CCc2ccccc12,315.15
3837,c1ccc2c(c1)c(c(s2)C(=O)N)Cl,508.15
20981,Cc1cc(C)cc(c1)C(=O)N(NC(=O)c2ccccc2)C(C)(C)C,479.65
2582,c1cc(c(cc1C(F)(F)F)F)C(=O)N,414.15
802,COc1ccc(cc1)C2(CCCCC2)C#N,316.15
9179,O=[N+]([O-])c1ccccc1C(O)=C(c1ccccc1)C(=NO)c1ccccc1,437.15
13293,CC(C)(C)C(C)(O)CC,267.15
8916,CCOc1ccc(NC(=O)CC(C)O)cc1,433.15
13924,O=[N+]([O-])c1ccc(cc1)C(=O)OCC,331.15
16487,Clc1ccc(cc1Cl)N(C(=O)c2ccccc2)C(=O)N(C)C,392.15
10282,O=C1c2ccc(OC)cc2CC1(CCC(=O)O)CCC(=O)O,424.15
16289,O=C1NC(C)=C(Cl)C(=O)N1C(C)(C)C,449.15
7963,CCNC(=O)OC(C)(C)C,313.15
16452,CS(=O)(=O)OCCCNCCCOS(C)(=O)=O,388.65
20827,Clc1ccc(N)c(Cl)n1,392.15
1811,Cc1cc(cc(c1O)C)I,370.15
15013,Cc1ccc(cc1)S(=O)(=O)NCC,337.15
3527,CC(=O)c1cc(c(c(c1)C(C)(C)C)O)C(C)(C)C,420.15
9983,O=C1c2ccccc2[N+](=NO)C1c1ccccc1,442.15
13590,CCCCCOCCCCC,204.15
4295,CN(C)c1ccncc1,385.15
602,C1CC(=O)CC(=O)C1,376.15
16539,O=C(Oc1cc(C)c(C)c(C)c1)NC,372.6
22959,C1=CC=C(C(=C1)C(=O)O)Br,422.15
20164,O=C(CC(=C)C(=O)OCC)OCC,331.65
5040,CN(C)c1c(cc(cc1[N+](=O)[O-])C(=O)O)[N+](=O)[O-],522.15
10360,O(C)c1ccc2CC3(CCC(CC3)c3ccc(cc3)C(C)(C)C)Cc2c1,348.15
14702,Oc1cc(O)ccc1CCCCCC,338.15
3275,CC(=O)c1ccc(c(c1)Cl)Cl,347.15
10525,s1cccc1C(=O)C1=NOC2C(=O)N(C(=O)C12)c1cccc([N+](=O)[O-])c1,437.15
1760,Cc1c(cccc1Cl)Cl,275.15
22323,Oc1cc(Br)cc(Cl)c1,343.15
13442,CCCCC(O)CCCC,278.15
11137,BrC1=C(Br)C2CCC(C)(C1=O)C2(C)C,376.15
15445,NC1=NC(=O)N(C=C1)[C@H]2CC[C@@H](CO)O2,485.15
14963,O=C(O)C[C@H](N)C(=O)N[C@@H](Cc1ccccc1)C(=O)OC,522.15
15337,CCN(CC)CCCC(C)Nc1c3cc(OC)ccc3nc2cc(Cl)ccc12,522.15
19219,Oc1cc2c(cc1)nccc2C(O)C4CC3CCN4CC3C=C,475.15
13474,O=C(CCC)c1ccccc1,285.15
19663,n1cc(ccc1)c2cccnc2,341.15
43,c1ccc(c(c1)N2CCCC2)O,384.15
11942,O=C(c1ccc(cc1)c1ccccc1)c1ccc(OC)c(OC)c1,381.15
4969,C(CC(=O)Cl)CCl,224.15
23045,O=Cc1ccc(O)c(c1)C,392.15
13842,Clc1cc(/C=C/C(=O)O)ccc1,432.15
17163,O=C(CCCCCCCCCCCCCCC)OCC,297.15
18355,O=S(=O)(c1ccc(N)cc1)c2ccc(NCCO)cc2,404.15
13685,CCCCCCC1CCCCC1,230.15
18332,COc1c3ccoc3cc2OC(C)=CC(=O)c12,417.65
18337,O=C3OC(=O)c2cccc1cccc3c12,543.15
874,c1ccc(cc1)P(c2ccccc2)c3c(c(c(c(c3F)F)F)F)F,344.15
6877,COC(=O)c1ccc(c(c1)[N+](=O)[O-])C(=O)OC,347.15
20245,Clc1cc(Cl)nc(Cl)n1,295.65
22110,O=C(OC)C(C)NC(=O)C2=CN(CC)c1nc(C)ccc1C2=O,449.15
1626,c1cc(c(cc1F)O)F,311.15
14532,Cc1cccc(C)n1,267.15
12136,s1c(SCC)[nH0][nH0]c1NC(=O)C(C(F)(F)F)C(F)(F)F,432.15
19687,O=C(CCCCCCCCCCCCCCC)ON,295.15
2280,c1cc(c(nc1)Cl)C(F)(F)F,312.15
9563,O=C(C=Cc1oc(cc1)c1ccc(C)cc1)c1oc(C)cc1,416.15
13789,CC(Cl)C(Cl)(Cl)Cl,208.15
979,COc1ccc(cc1)C(=O)c2cccs2,346.15
18890,O=C(O)CCCCCNC(C)=O,377.65
3819,COc1c(cc(cc1Cl)CBr)F,311.15
22911,C1C2CC3CC1CC(C2)(C3)N,453.15
20200,Clc1ccc(cc1Cl)C(Cl)=O,298.15
15669,O=C1NC(=O)NC(=O)C1(CC)C(C)CC,439.65
1179,c1c(c(c(c(c1F)F)F)F)C(=O)O,359.15
1018,CC(=C)C(=O)OCCOC(=O)c1cc(cc(c1)N)N,364.15
2955,c1cc(c(cc1C(F)(F)F)[N+](=O)[O-])S(=O)(=O)Cl,316.15
14050,O=C(c1cc(Cl)ccc1)c2ccccc2,355.15
22432,NC(=O)SCC,382.15
17446,Clc2ccc(OCOc1ccc(Cl)cc1)cc2,343.65
18409,BrC(Br)(Br)CO,354.15
2400,COc1ccc(c(c1Cl)C#N)F,375.15
6945,c1ccc(cc1)OC(=NC#N)Oc2ccccc2,430.15
4646,c1ccc(cc1)COc2ccc(cc2)CO,359.15
100,c1ccc2c(c1)cccc2C(=O)O,434.15
17157,CCCCCCCCCCCCCCCCCCI,307.15
18342,Cc1c(onc1C)N(C(C)=O)S(=O)(=O)c2ccc(N)cc2,466.65
20166,O=C(O)CCCCCCCCCCCCCCCCCCC(=O)O,398.65
23080,CC(C)CC(C(=O)OC)NC(=O)COC(=O)CC1=CC=CC=CC1NC2=C(C=CC=CC2Cl)Cl,778.15
22594,Nc1ccc(NC)cc1,309.15
5425,CCCCc1ccc(cc1)S(=O)(=O)Cl,287.15
949,c1ccc2c(c1)[nH]c(n2)c3cccnc3,530.15
18865,CC(C)NCC(O)COc1cccc2cc(oc12)C(C)=O,388.15
11183,O=C1C(=CNc2ccc(cc2)C(=O)OCC)C2CCC1(C)C2(C)C,378.15
15526,NCC[C@H](O)C(=O)N[C@@H]3C[C@H](N)[C@@H](O[C@H]1O[C@H](CN)[C@@H](O)[C@H](O)[C@H]1O)[C@H](O)[C@H]3O[C@H]2O[C@H](CO)[C@@H](O)[C@H](N)[C@H]2O,476.65
5674,CC(=O)c1ccc(s1)C#N,351.15
12815,Clc1cc(c(OC)cc1N)C(=O)NC1CCN(CC1)Cc1ccccc1,467.15
14066,CCCCC(c1ccccc1)c2ccccc2,261.15
10259,CC(C)(C)C=C=C=C=CC(C)(C)C,408.15
11746,O=C1CCC2(C)C(CCC3C=4CCC(C)(C)C=4CCC32)C1,408.15
5604,Cc1ccccc1c2[nH]nnn2,426.15
18137,O=C(O)C1CCCCC1,304.65
11419,[nH0]1c(cc(C)c2cc3c([nH0]c(cc3C)c3ccccc3)cc12)c1ccccc1,558.15
18750,O=C(N)OC1(CCCCC1)C#C,369.15
321,CC(C)(C)OC(=O)N1CCNCC1,319.15
1334,c1cc(ccc1/C=C/C(=O)c2ccc(cc2O)O)O,459.15
19648,[O-][N+](=O)c1ccc(cc1)N2N=C(C)C(C2=O)[N+]([O-])=O,389.15
8217,c1(c(c(c(c(c1F)F)S)F)F)F,249.15
16222,O=C(CCCCCCC)NO,351.9
19499,CNc1ccccc1C(=O)O,453.65
15340,OCC(=O)[C@]45OC(C)(C)O[C@@H]5C[C@@H]3[C@]4(C)C[C@H](O)[C@H]2[C@H]3C[C@H](F)C1=CC(=O)CC[C@@]12C,524.15
7254,CCCCCCCCCCCCCCCC(=O)OCC(COC(=O)CCCCCCCCCCCCCCC)OC(=O)CCCCCCCCCCCCCCC,335.15
18605,O=C(CCCCCCCCCCCCCCC)NCCO,371.65
4359,c1cc(ccc1CO)C(F)(F)F,292.15
12092,O=C(C=CC(=O)c1ccccc1)c1ccccc1,384.15
22464,Cc1ccccc1OC,239.05
948,CC(C(=O)O)Oc1cccc(c1)Cl,388.15
11900,S1c2[nH0][nH0]c([nH0]2NC1c1ccc(OC)cc1)c1ccccc1,433.15
20980,O=C(c1ccccc1I)N(NC(=O)c2ccccc2)C(C)(C)C,461.65
21552,O=C(O)C35CCC(C)(C)CC5C4=CCC2C(C)(CCC1C2(C)CCC(O)C1(C)C=O)C4(C)CC3O,567.15
14767,O=C2c1ncccc1c3cccnc23,502.15
5228,c1cc(ccc1c2ccc(cc2)O)C(=O)O,567.15
14413,Fc1ccc(cc1[N+](=O)[O-])[N+]([O-])=O,300.15
15142,OCC(C(=O)O)c1ccccc1,391.15
16797,Brc1cc(cc(Br)c1O)C#N,463.15
20685,O=C(Oc1cccc(c1)NC(=O)OC(C)C)N(CC)c2ccccc2,382.65
10099,OC1CCC2(C)C(CCC3C4=CCCC4(C)CCC32)C1,403.15
4227,B(c1ccc(cc1)CCC(=O)O)(O)O,420.15
14480,OCCNCCO,301.15
23132,O=C(OCCCC)CCC,181.15000000000003
14200,[2H]C([2H])(C([2H])([2H])C([2H])([2H])[2H])C([2H])([2H])C([2H])([2H])C([2H])([2H])C([2H])([2H])C([2H])([2H])C([2H])([2H])C([2H])([2H])[2H],243.15
16253,[O-][N+](=O)c2cncn2CCN1CCOCC1,383.65
12849,OC1CCC2(C)C(=CCC3C4CCC(C(C)CCCC(C)C)C4(C)CCC32)C1,421.15
15983,FC(F)(F)c1nnc(s1)N(C)C(=O)NC,409.65
6393,CCCCCCCCCCCCCCCCCCCC(=O)O,348.15
10811,O=C(CC(C(=O)C)C(=O)c1ccccc1)c1ccccc1,363.15
5120,CC(=O)c1ccc(c(c1)OC)F,325.15
16677,NS(=O)(=O)c1cc2C(=O)N(Cc2cc1Cl)C3CCCCC3,540.15
10031,O=C1C(=C)C2(O)CC(OC(=O)C)C3C1(C2OC(=O)C)C(OC(=O)C)CC1C(C)(C)CCC(OC(=O)C)C31C,551.15
15213,NCC(=O)CCC(=O)O,430.15
5239,c1cc(ccc1CC(=O)N)O,447.15
8289,C#CCO,220.15
9656,FC(F)(F)C1=NN(c2ccccc2)C(=O)C1=NNc1cccc([N+](=O)[O-])c1,424.15
2504,c1ccc2c(c1)cc(c(n2)Cl)C=O,422.15
21132,O=C(C)Oc1c(cc(c(C)c1[N+]([O-])=O)[N+]([O-])=O)C(C)(C)C,359.65
10371,S(CC)c1[nH0][nH0]c([nH0]1c1ccccc1)CC[nH0]1c2ccccc2[nH0]c1C,383.15
11364,O=C(Cc1ccccc1)CC(N1CCCCC1)c1occc1,403.15
7391,CCCCCCCCCCCCCCCC(=O)OC[C@@H]([C@@H]1C(=C(C(=O)O1)O)O)O,387.15
8954,Cc1nccn1CC2CCc4c(C2=O)c3ccccc3n4C,504.15
15473,O=P1(NCCCl)OCCCN1CCCl,313.15
110,Cn1cc(c2c1cccc2)C=O,342.15
21130,COC(=O)c1ccc(o1)C(=O)OC,385.15
15593,COc1ccc(cc1)C(Cl)=C(/c2ccc(OC)cc2)c3ccc(OC)cc3,388.15
15865,O=C(O)C(C)c1ccc(cc1)N2Cc3ccccc3C2=O,485.65
10946,N#CC1(C)c2ccccc2N=C1C,346.15
14813,Fc1c(c(F)c(F)c(F)c1F)C(=O)c2c(F)c(F)c(F)c(F)c2F,366.15
20087,C1CCc2ccc3CCCc4ccc1c2c34,406.15
16323,c5cc6c3cc1ccccc1c4cc2ccccc2c(c34)c6cc5,505.15
4077,CC1=NNC(=O)C1,495.15
15813,CC(=O)[C@@]4(O)CC[C@@H]3[C@]4(C)C[C@H](O)[C@@]2(F)[C@H]3C[C@H](C)C1=CC(=O)C=C[C@@]12C,570.15
23382,C\1=C\N=N/N=N\N=C1,419.15
10917,O=C(OC1Cc2ccccc21)c1ccc(OC)cc1,397.15
6560,C[Si](C)(C)OS(=O)(=O)O[Si](C)(C)C,319.15
11976,Sc1sc([nH0][nH0]1)C,460.15
14617,CC(C)c1cc(c(C)cc1O)C3(OC(=O)c2ccccc23)c4cc(C(C)C)c(O)cc4C,523.15
18662,CNCCCC24CCC(c1ccccc12)c3ccccc34,366.15
8437,CC(C)(C)O,298.15
5063,CCOc1ccc(cc1)O,339.15
10470,O=[N+]([O-])c1cccc(c1)C1C=2C(=O)N(CCc3ccccc3)C(C)=CC=2OC(N)=C1C(=O)OC,489.15
16476,[O-][N+](=O)c2ccc(/N=N/c1cc(ccc1C)N(CCO)CCO)cc2,433.15
17960,CC(=O)Oc1ccc(cc1)C2(c3ccccc3NC2=O)c4ccc(OC(C)=O)cc4,515.15
13570,Brc1ccccc1,242.15
95,c1ccc2c(c1)cccc2CC#N,307.15
11853,S1c2[nH0][nH0]c([nH0]2NC1c1ccc(O)c(OC)c1)c1ccc(OCC)cc1,406.15
11895,S1c2[nH0][nH0]c([nH0]2NC1c1ccc(OC)cc1)c1c[nH0]ccc1,492.15
2611,c1cc(c(cc1C(F)(F)F)C(=O)O)F,375.15
10098,O=C(OCC1OC(OC(C(OC(=O)C)COC(=O)C)C(OC(=O)C)C(OC(=O)C)C#N)C(OC(=O)C)C(OC(=O)C)C1OC(=O)C)C,405.15
11010,O=C1C(C)C2CC3OCC45CCCC(C)(CO)C5CC5OC(OC2C15C34)(C)C,493.15
8411,C(CC(=O)O)C(=O)N,428.15
16072,O=C(NCCCN(C)C)SCC,393.65
23208,C(C)(=O)[C@H]1CC[C@H]([C@H]1NC(=O)OC(C)(C)C)C(=O)OCC,382.65
22945,CC(=O)[C@@]53O[C@@H]5C[C@H]2[C@@H]4CC\C1=C\C(=O)CC[C@]1(C)[C@H]4[C@H](O)C[C@@]23C,478.65
10925,OC12CCCC2c2ccccc21,339.15
13248,CC(C)CCC(C)(C)C,167.14999999999998
6170,Cc1cc(=O)[nH]c(=O)[nH]1,592.15
10649,O=C(Nc1ccc(cc1)CCCC)c1ccc(cc1)CC,390.15
16961,ClC2=C(Cl)C3(Cl)C1COS(=O)(=O)OCC1C2(Cl)C3(Cl)Cl,454.15
5703,Cc1c(noc1N)C,392.15
19609,OC1=CC=COC1=O,366.95
18012,CC(C)OC(=O)CCCCCCCCCCCCC,276.15
6457,c1ccc(cc1)C(Cl)(Cl)Cl,269.15
16073,Clc2cc1Oc3cc(Cl)c(Cl)c(Cl)c3Oc1c(Cl)c2Cl,516.15
15109,c1cccs1,235.15
16064,O=C1C(=NN=C(SC)N1N)C(C)(C)C,399.15
6742,C[Si]1(O[Si](O[Si](O[Si](O[Si](O1)(C)C)(C)C)(C)C)(C)C)C,229.15
23012,C1=CC(=CC(=C1)Br)C(=O)O,430.15
8851,CCC(CC)(CC=C)C(N)=O,348.15
21303,CC(C)CCCCCCOC(=O)c1ccccc1C(=O)OCCCCCCC(C)C,225.15
4791,c1cc(ccc1S(=O)(=O)N)Br,439.15
4200,CC(C)(C)C1=NN(C(=O)C1)C,422.15
21324,O=C4CC3CCC2C(CCC1(C)C2CCC1O)C3(C)C(C)C4,477.15
8085,CNC(=O)/C=CC(=O)O,429.15
319,Cc1cc(c(c(c1C)Br)C)C,333.15
9432,Brc1ccc2CC(=NNc3ccc([N+](=O)[O-])cc3[N+](=O)[O-])c2c1OC,583.15
14237,Clc1cc(Cl)ccc1OCC(=O)O,411.15
10567,Clc1ccc(c(Cl)c1)C1c2c(OC(N)=C1C#N)[nH0]([nH0]c2C(F)(F)F)c1ccccc1,483.15
16970,Clc1cc2nc(C)sc2cc1,342.15
14869,CCCCCCCCOC(=O)CCCCCCCCC(=O)OCCCCCCCC,206.15
5913,c1cc2c(cc[nH]2)cc1F,318.15
5614,Cc1cccc(c1)c2[nH]nnn2,418.15
14689,Nc1ccc(cc1)S(=O)(N)=O,438.15
5493,c1cc(ccc1N=C=S)[N+](=O)[O-],381.15
9408,Clc1ccc(cc1)c1[nH0]c(sc1)C(=NNc1cc(Cl)c(Cl)cc1Cl)C#N,450.15
17697,FC(F)(C(F)(F)C(=O)O)C(F)(F)F,255.65
330,CC(C)(C)OC(=O)N1CCC(CC1)O,336.15
9978,O=C1CCC2(C)C(C1)CC(=O)C1C3CCC(C(C)CCC(=O)OCC)C3(C)C(=O)CC12,496.15
9004,O=C(OCC)C1=C2C=C3C(=NC(C)=C3C(=O)OCC)C=C2N=C1C,615.15
10170,O=C1C=C(NCCNc2[nH0]c[nH0]c3[nH0]([nH0]cc32)C)C(=O)c2ccccc12,530.15
3116,c1cocc1/C=C/C(=O)O,426.15
16617,CCCCCCCCC(CCCCCCCCCCC)c1ccccc1,291.04999999999995
3331,COc1ccc(cc1OC)C(=O)NN,418.15
613,c1ccc2c(c1)OCO2,255.15
23319,O=P(O)(O)CN(CP(=O)(O)O)CP(=O)(O)O,473.15
7579,COc1cc(ccc1C(=O)OC)Br,306.15
722,C(C(CBr)Br)Br,290.15
14471,C[Si]1(C)O[Si](C)(C)O[Si](C)(C)O[Si](C)(C)O1,290.65
5806,c1cc(c(cc1Cl)O)Oc2ccc(cc2Cl)Cl,330.15
6158,Cc1cc(cc(=O)[nH]1)C(F)(F)F,403.15
18583,O=C1CCCN1CC(=O)N,425.15
18773,FC1=CN(C(=O)NC1=O)C2OC(C)C(O)C2O,463.15
11041,O=C(O)C1CCC2(C)C(=CCC3c4ccc(C)c(C)c4CCC32)C1,435.15
15809,OC(=O)c1c(c(c(c(c1C(=O)O)C(=O)O)C(=O)O)C(=O)O)C(=O)O,560.15
20436,CC(C)=C/C3C(C(=O)OCN2C(=O)C=1CCCCC=1C2=O)C3(C)C,342.15
10302,Clc1c2OC(Oc2c(Cl)c(Cl)c1Cl)c1cc(C)c(C)cc1C,461.15
12796,Brc1ccc2NC(=O)CN3CCOC3(c2c1)c1ccccc1F,458.15
21860,Clc1cccc2c1C(=O)C=CC2=O,436.15
14659,O=S(=O)(N(CCC)CCC)c1ccc(cc1)C(=O)O,468.15
17623,c3cccc4cccc(/N=N/c2cccc1ccccc12)c34,463.15
7496,COC(=O)c1cc(c(c(c1)O)O)O,474.15
2259,c1c(cc(c(c1Br)Cl)Br)F,359.15
3464,c1c(cc(c(c1C(=O)O)O)F)F,462.15
20464,O=C(O)C1CCCO1,294.15
6900,COC(=O)c1ccc2cc(ccc2c1)C(=O)OC,463.15
11562,O=[N+]([O-])c1cccc2cccc(C=O)c12,398.15
9925,O=C(O)CCCCC=C(c1c[nH0]ccc1)c1ccccc1,387.15
7874,CC(=O)NC(=O)CN,411.15
6125,c1cc2c(cc1F)C(=O)CCO2,388.15
14918,O=C(O)CCCCCCCCCCCCCCCC,333.15
1278,COc1ccc(c(c1C=O)F)F,332.15
22688,O=C(OC)N[C@@H]1[C@@H](O)[C@H](O)[C@H](O[C@H]1O)CO,469.0
12590,O=C(Nc1cccc(C)c1)c1ccccc1,398.15
13715,Clc1ccccc1CC(=O)O,368.15
16400,Oc1cccc(Cl)c1O,321.65
10216,O=[N+]([O-])c1cc([N+](=O)[O-])cc(c1)C(=O)NCc1ccc(C)cc1C,453.15
11210,O=C(O)C1CCC(OC1(C)C)(C)C(O)CCC,452.15
10884,O=C1Cc2c1cc(C)c(C)c2C,359.15
6057,c1cc(cc2c1cc[nH]2)N,346.15
18055,BrCC=C,154.14999999999998
16695,Clc1cccc2ccc(Cl)cc12,336.65
7018,CCOC(=O)c1cnn(c1C(F)(F)F)c2ccc(cc2)[N+](=O)[O-],381.15
5688,c1cc(ncc1N)N2CCOCC2,402.15
10184,O=[N+]([O-])c1ccccc1c1oc(cc1)C(=O)C,352.15
12344,NC=1N=NC2N=C(C)C=C(C)C2=1,553.15
51,CCCCCCCCCC=C,224.15
8500,c1ccc(cc1)C(=S)N,389.15
10856,O=C1Cc2c1c(C)c1c(CC1=O)c2C(=O)OC,441.15
92,CCCCCCn1c(=O)c2c(ncn2C)n(c1=O)C,354.15
8218,Cc1c(c(c(c(c1C)C)S(=O)(=O)Cl)C)C,353.15
9923,Nc1ccc(cc1)C=Cc1ccc(N)cc1,394.15
19150,Clc1cc3c(cc1Cl)oc2c3ccc(Cl)c2Cl,468.15
4329,CCCCCCCCCOc1ccc(cc1)C(=O)O,416.15
15099,c1cccc2cc3cc4ccccc4cc3cc12,623.15
18962,O=P(O)(O)OCC(O)CO,248.15
22375,NCC(OCC)OCC,195.15
10537,Clc1ccc(Cl)c(N2C(=O)C3ON=C(C(=O)c4ccc([N+](=O)[O-])cc4)C3C2=O)c1,489.15
11277,O=C(Nc1ccccc1CCNCCc1ccccc1NC(=O)C)C,383.15
10510,s1cccc1C1=Nc2[nH0]([nH0]c(c2)c2ccc(OC)cc2)C(=C1)C(F)(F)F,474.15
7444,COC(=O)Nc1cc(cc(c1)Cl)Cl,394.15
19969,O=C(Nc1ccccc1C)c2ccccc2,418.65
17054,Fc1ccc(cc1)C(=O)CCCN2CCC(CC2)(CNC(C)=O)c3ccccc3,371.65
8554,c1cc(cc(c1)F)/C=C/C(=O)O,440.15
21679,CN(C)CCOC(=O)/C=C1CCC3C(C1C)C(=O)CC2C3(C)CCC(O)C2(C)C,415.65
12679,O=C1C(C)(C)C(=O)C1(C)C,387.15
17134,Cc1ccc(C)s1,210.55
17943,O=C(c1ccccc1O)c2ccccc2,313.15
5340,COc1ccc(cc1)C(=O)/C=C/c2ccccc2,375.15
11659,FC(F)(F)C(F)(F)C(F)(F)C(F)(F)C(F)(F)C(F)(F)C(F)(F)C(F)(F)C(=O)Nc1cccc(C)c1,370.15
19004,Cc1cc2ncn(c2cc1C)C3OC(CO)C(O)C3O,471.65
15584,O=C(OCC)[C@H](CCc1ccccc1)N[C@@H](C)C(=O)N2[C@@H](C[C@@H]3CCC[C@H]23)C(=O)O,382.15
7822,C1CCC(CC1)NC(=O)NC2CCCCC2,505.15
14146,O=C(c1ccc(Br)cc1)c2ccccc2,355.15
9167,NN=C(c1ccccc1)C(=NN)c1cccc2ccccc21,491.15
7971,CC(C)(C)OC(=O)CC[C@@H](C(=O)O)NC(=O)OC(C)(C)C,384.15
14803,c1cc5ccccc5c4c1c2cccc3cccc4c23,439.15
10986,ClC(=O)C1CC(OC)C(OC)C(OC)C1,355.15
3869,c1cc(cnc1)C#N,323.15
12460,Fc1ccc(O)c([N+](=O)[O-])c1,346.15
21857,FC(F)(F)Oc1ccc(cc1)N(C(=O)OC)C(=O)N2N=C3c4ccc(Cl)cc4CC3(OC2)C(=O)OC,361.25
12784,O=C(c1ccccc1)c1cccc(c1)C(C)C(=O)O,367.15
20341,CC(=O)c1ccc(Br)s1,367.65
13717,Oc1ccc(cc1)c2ccccc2,440.15
2593,c1cnc(cc1O)F,421.15
16694,Clc1cc(Cl)c(O)c2ccccc12,380.65
9780,O=[N+]([O-])c1cc([N+](=O)[O-])c(cc1C=Cc1ccccc1NC(=O)C)C=Cc1ccccc1NC(=O)C,543.15
22443,Cl[C@H]1[C@@H](Cl)[C@@H](Cl)[C@H](Cl)[C@H](Cl)[C@@H]1Cl,385.65
12928,CC(C)CCC,119.14999999999998
4526,CC(=O)c1ccc(cc1)C#N,330.15
21333,OCC(O)C3(O)CCC2C4CCC1=CC(=O)CCC1(C)C4CCC23C,463.15
8484,CN(C)C(=O)N(C)C,272.15
20468,O=C(O)C2CC2C(=O)Nc1ccc(Cl)cc1Cl,468.65
11184,O=C1C(=CNc2ccccc2C(=O)O)C2CCC1(C)C2(C)C,385.15
6050,CC(=O)c1ccc2c(c1)NC(=O)CO2,469.15
8846,CC1C(OCCN1Cc3c(C)n(C)n(c2ccccc2)c3=O)c4ccccc4,422.15
8166,C[Si]1(O[Si](O[Si](O[Si](O1)(C)C)(C)C)(C)C)C,291.15
9703,O(C)c1ccc(Nc2[nH0]c(N)[nH0][nH0]c2c2ccccc2)cc1,566.15
22094,CC(C)COC(=O)n1c3ccccc3nc1c2cscn2,345.65
6676,CC(C)c1ccccc1,177.14999999999998
21346,C=1C=CC=CC=CC=1,268.45
16360,O=C2c1ccccc1C(=O)c3c2c(ccc3NCCO)NCCO,521.15
9705,Clc1ccc(Nc2[nH0]c(N)[nH0][nH0]c2c2ccccc2)cc1,570.15
10265,S=C1Oc2ccccc2N1CSCCCS,461.15
21907,OC=3c4ccccc4OC(=O)C=3CC1=C(O)c2ccccc2OC1=O,563.15
10788,OC1(C)Cc2ccccc21,351.15
7636,COC(=O)c1ccc(cc1)c2ccccc2,391.15
19958,O(c1ccccc1)[Si](Oc2ccccc2)(Oc3ccccc3)Oc4ccccc4,322.15
573,C1[C@@](OC[C@](O1)(CO)O)(CO)O,352.15
16105,CN(C)O,381.15
10564,FC(F)(F)C1(O)NC(O)(C(C(=O)OCC)C(c2ccccc2O)C1C(=O)OCC)C(F)(F)F,364.15
20427,CC(C)(CO)Cc1ccccc1,307.65
6993,C1[C@H]([C@H](C(C[C@@]1(C(=O)O)O)O)O)O,438.15
5396,Cc1ccc(cc1)C(=O)c2ccccc2,328.15
17204,O=[N+]([O-])OCC(O)CO[N+]([O-])=O,299.15
15139,CCCCC(COP(=O)(OCC(CC)CCCC)OCC(CC)CCCC)CC,203.15
5679,c1ccc(c(c1)n2c(c(cn2)C#N)N)Cl,411.15
68,c1ccc(cc1)N2c3ccccc3C(=O)C2=O,414.15
22439,Oc3ccc4C[C@H]1N(CC[C@@]2(CCCC[C@@]12O)c4c3)CC5CCC5,489.15
13785,O=C(C)Oc1ccc(cc1)C(N)=O,452.15
2999,CCCCCCCC(=O)C,258.15
4746,c1cc(c(cc1S(=O)(=O)N)C(F)(F)F)Br,460.15
16597,CCN(CC)C(=O)C(Cl)(Cl)Cl,300.15
8532,Cc1ccc(cc1N=C=O)N=C=O,294.15
14792,N#Cc2c3ccccc3cc1ccccc12,448.15
14793,O=C(O)c2c3ccccc3cc1ccccc12,486.15
5691,c1cc(ncc1N)Br,350.15
17126,[O-][N+](=O)C(OC(=O)c1ccccc1)[N+]([O-])=O,445.15
17001,Oc1nc2ccccc2s1,412.15
22910,C1(=CC=CC=C1)\C(C(=O)O)=C/C2=CC=C(C=C2)[N+](=O)[O-],488.65
18116,CC2CC(OC(=O)C(O)c1ccccc1)CC(C)(C)N2C,386.15
18833,O=C1NC(=O)C(F)=CN1C(=O)NCCCCCC,383.65
15661,OCC(O)Cn2cnc1c2C(=O)N(C)C(=O)N1C,434.65
18613,CC(C)(Cc1ccccc1)N(C)C(=O)CN(CCO)CC(=O)N(C)C(C)(C)Cc2ccccc2,377.15
4341,c1cc(ccc1O)OC(F)(F)F,291.15
3017,CC(C)(c1ccccc1)O,305.15
14381,BrCCCCCCCCBr,288.65
15891,O=C1NC(=O)NC(=O)C1(CC=C)CC=C,445.15
8014,CCCCCCCCCC,243.15
20754,OC(=O)C1CC(=O)OC1(C)C,447.65
4075,Cc1cccc(c1[N+](=O)[O-])OC,323.15
20705,OC(=O)c1ccc(S)cc1,441.65
9664,FC(F)(F)c1[nH0][nH0]2c([nH0]1)NC(C(C#N)=C2N)c1ccccc1OC,519.15
11540,O=C(OCCc1ccc(cc1)CCOC(=O)c1ccccc1)c1ccccc1,410.15
17855,CCN(CCO)CCO,223.15
10307,O=C(NCCC=1N=CNC=1)CCC1=NC=NC1,437.15
16215,CCc1cccc(C=C)c1,172.14999999999998
18086,O=C(C)OCC(CCCC)CC,193.15
23154,C1(CCC1)=O,221.15
12777,Oc1cc(O)cc(c1)C(O)CNC(C)C,373.15
3495,Cc1cc(cc(c1O)C)C#N,398.15
7143,CCOC(=O)c1ccccc1N,288.15
22277,Cl[C@H]1[C@H](Cl)[C@H](Cl)[C@H](Cl)[C@@H](Cl)[C@@H]1Cl,414.65
16710,O=C1CC(=O)OC(C)(C)O1,367.15
11427,O=[N+]([O-])c1ccccc1C#Cc1[nH0]cccc1,328.15
12591,O=C1OCc2ccc(OC)c(OC)c21,374.15
1485,COc1c(ccc(c1F)C#N)F,318.15
19925,OCCc1ccc2ccccc2n1,376.15
7652,COC=O,173.14999999999998
16675,Clc1ccc(N=C=S)cc1,319.15
13487,CC(C)(C)c1ccc(N)cc1,288.15
15624,O=C(O)CCC(C)=CCc1c(O)c2C(=O)OCc2c(C)c1OC,414.15
4267,c1cc(ccc1C(=O)N)OC2CCNCC2,501.15
10586,Clc1ccccc1C1c2c(OC(N)=C1C#N)[nH0]([nH0]c2C(F)(F)F)c1ccccc1,439.15
18308,O=C(OCCCCCC)c1ccccc1C(=O)OCCCCCC,215.15
675,c1c(cc(c(c1F)Br)Br)F,310.15
5134,c1cc(c(cc1C=O)[N+](=O)[O-])F,319.15
23,CCCCCCCCCN,272.15
22160,CC(C)(C)c1ccc(cc1)CSC(SCCCC)=N/c2cccnc2,305.15
15336,O=C(O)Cc1ccc2OCc3ccccc3C(=CCCN(C)C)c2c1,521.15
11052,O1C=2CCCCC=2C(=Cc2ccc(N(C)C)cc2)C=2CCCCC1=2,437.15
540,C1CSCCSCCNCCSCCSCCN1,403.15
15234,O=C(OC)C3=C(C)NC(C)=C(C(=O)OC(C)C)C3c1cccc2nonc12,442.15
3046,CC(C)S,142.14999999999998
2036,c1ccc(c(c1)C(=O)NN)N,396.15
3065,c1cc(sc1)CC(=O)N,420.15
16926,Oc1cnc(C)cc1,442.15
6109,c1cc(ncc1C(=O)N)Cl,488.15
17810,NCCCO,284.15
7098,CCOC(=O)c1cc(c(s1)SC)C#N,372.15
6375,c1ccc2c(c1)c(ccc2O)C3(c4ccccc4C(=O)O3)c5ccc(c6c5cccc6)O,512.15
7871,CC(=O)N[C@@H](CCSC)C(=O)O,388.15
7980,CC(C)(C)OC(=O)N[C@@H](Cc1ccc(cc1)O)C(=O)OC,380.15
23304,CN(C)c1ccc(cc1)C=Nc2ccccc2,369.15
6927,CCCCCCCCCCCCSCCCCCCCCCCCC,313.15
1041,CCCSc1c(cccn1)C(=O)N,420.15
14947,O=C(O)[C@@H](N)CCSC,557.15
22449,c1cccc2nsnc12,316.15
21250,OOC(=O)c1ccccc1,315.15
9605,Clc1ccc(cc1)c1[nH0]c(sc1)C(=NNc1ccccc1)C#N,452.15
114,Cn1ccnc1,267.15
6991,CC1(COC(=O)C1O)C,363.15
9390,O=[N+]([O-])c1ccc(NN=C(C#N)c2[nH0]c3ccccc3[nH0]2C)cc1,512.15
4250,c1cc(ccc1C(=O)CCCC(=O)O)F,416.15
7550,Cc1ccc(cc1OC)C(=O)OC,322.15
8422,NS(=O)(=O)N,365.15
13114,CC(C)CCC(C)C,182.15
19653,O=C1NC(=O)NC(=O)C1(CC=C)C(C)(C)CC,429.15
18851,CN2CCc1cc6OCOc6cc1C2C5OC(=O)c4c5ccc3OCOc34,467.15
3853,C(CCl)C#N,222.15
22193,O=P(O)c1ccccc1,357.15
5813,COc1cc(c(cc1N=C=O)Cl)OC,366.15
18006,C=COCCCl,203.15
22192,n2c3cc5nc(cc4ccc(cc1C=Cc(n1)cc2cc3)n4)C=C5,633.15
1758,c1cc([n+](c(c1)Cl)[O-])Cl,411.15
20127,Fc1cc(F)c(F)cc1[N+](=O)[O-],262.15
4310,B(c1ccc(cc1)S(=O)C)(O)O,443.15
7644,COC(=O)c1ccc(=O)oc1,343.15
10895,O=C(OC)c1cc2ccccc2c(O)c1C(=O)OC,378.15
3680,c1cc(c(cc1N)Br)F,308.15
13771,O=C(C)Oc1cc(ccc1)C(C)=O,317.15
21143,O=C5CCC2(CCC1C3C=CC4=CC(=O)CCC4(C)C3CCC12C)O5,423.15
3598,Cn1cc(c(n1)N)Br,371.15
17596,OC(=O)c1cc(cnc1)C(=O)O,597.15
1480,c1cnc(nc1Cl)Cl,333.15
7410,CC(C)[C@@H](C(=O)O)N,588.15
13447,Oc1ccc(Cl)c(O)c1,379.15
12310,O=C1Cc2cc(C)cc(C)c21,321.15
6278,c1ccc(cc1)C2(c3ccccc3-c4c2cccc4)Br,370.15
12606,OCCN1CCCCC1C(c1ccccc1)c1ccccc1,379.15
19320,ClC(Cl)C(=O)N1c2ccccc2OCC1C,380.75
9869,O=C(C=Cc1ccc(N(C)C)cc1)c1ccccc1,387.15
6319,CC(=O)Br,177.14999999999998
15878,CN(C)C[C@@H](C)[C@@](OC(=O)CC)(Cc1ccccc1)c2ccccc2,348.65
20649,N#Cc1cc2ccccc2nc1,382.15
13494,O=C(OCC)c1ccccc1,239.15
18079,BrCCc1ccccc1,207.45
13484,Nc1ccc(CCCC)cc1,259.15
12908,CCC1CCC1,130.14999999999998
10796,O=C(N(C)c1ccccc1)c1ccccc1CC(=O)c1ccccc1C,392.15
1780,c1cc(c(c(c1)F)CBr)F,324.15
13326,Cc1cc(C)ccc1CC,210.15
21701,CC=C(/C)Cl,254.15
3822,c1c(cc(cc1F)Cl)CC(=O)O,357.15
17403,Nc1cccc2cccnc12,343.15
20505,CC(C)OC(=O)C1(CC1)S(=O)(=O)c2ccc(cc2)[N+]([O-])=O,395.85
22326,Oc1ccccc1c2nnco2,384.65
9443,ClC(=Cc1cccc(c1)C=C(Cl)c1ccc(C#N)cc1[N+](=O)[O-])c1ccc(C#N)cc1[N+](=O)[O-],541.15
11244,Oc1[nH0]c([nH0][nH0]1c1ccccc1)C1CCCCC1,470.15
5837,COc1ccc(cc1C=O)Cl,350.15
16586,CC1=Cc2ccccc2OC1=O,364.15
17561,BrC(CC)(CC)C(N)=O,340.15
22055,O=C(c1csc(c1)S(=O)(N)=O)c2ccc(OC)cc2,447.15
21573,Oc1ccc(cc1O)C=3Oc2cc(O)cc(O)c2C(=O)C=3O,589.65
10247,O=C1N(c2[nH0]c3ccccc3[nH]2)C(=O)c2ccccc21,547.15
5044,CN(C)c1ccc(cc1)C(=O)NN,448.15
14775,Cc2c3ccccc3cc1ccccc12,351.15
3838,c1ccc2c(c1)c(c(s2)C(=O)O)Cl,539.15
21680,CCCC=CC(C)C,165.64999999999998
6351,C=CCc1ccccc1,223.15
13278,CC(CC)CC(O)CC,182.15
588,c1cc(cc(c1)Br)Br,266.15
19668,BrCCCOc1ccccc1,283.85
19361,O=C(O)C(Cc1ccccc1)Cc2ccccc2,363.15
19313,CC1CN(CC(C)O1)C2CCCCCCCCCCC2,344.15
13870,Cc1cc(Br)c(N)cc1,287.15
21675,O=C(Oc1ccccc1)/C=C/C(=O)Oc2ccccc2,346.15
7790,C(C(=O)O)NC(=O)CCl,375.15
14844,O=C1CCC(=O)CC1,351.15
607,C[Si](C)(C)C#Cc1cccc(c1)C#C[Si](C)(C)C,331.15
23033,O=C(O)Cc1ccc(N)cc1,473.15
16798,O=[N+]([O-])c1cc(cc(I)c1O)C#N,410.65
20279,CN(CCCCCCCC)CCCCCCCC,243.05
14064,O=C(OCC)c1ccccc1C(=O)OCC,270.15
2984,c1ccc(c(c1)[N+](=O)[O-])OCC(=O)O,431.15
3279,c1cc(c(cc1C=NO)Cl)Cl,395.15
9066,O=C1N(C)c2ccccc2C(O)=C1C1=NNC(=O)C1=NNc1[nH0]ccc[nH0]1,575.15
2815,COc1cc(ccc1N)[N+](=O)[O-],413.15
20233,C(c3c1ccccc1c(Cc2ccccc2)c4ccccc34)c5ccccc5,519.65
2649,c1ccc(c(c1)N)F,244.15
4923,c1cc(c(cc1N=C=O)[N+](=O)[O-])Cl,339.15
16621,Cc4cccc3cc1c(ccc2ccccc12)cc34,429.65
2347,Cc1ccnc(c1[N+](=O)[O-])Cl,326.15
18535,O=S(=O)(Nc1ccc(cc1)[N+]([O-])=O)c2ccc(NC(C)=O)cc2,513.15
16857,CC(C)CCCC(C)CCCC(C)CCCC1(C)CCc2cc(O)c(C)c(C)c2O1,270.15
11648,s1c(SCC)[nH0][nH0]c1NC(=O)C(F)(F)C(F)(F)C(F)(F)C(F)(F)C(F)(F)C(F)(F)C(F)(F)C(F)(F)F,404.15
14268,CC(=NO)C(/C)=NO,511.15
6635,C[C@H](CCCC(C)C)[C@H]1CC[C@@H]2[C@@]1(CC[C@H]3[C@H]2CC=C4[C@@]3(CC[C@@H](C4)OC(=O)C)C)C,386.15
8721,c1ccc2c(c1)C(c3ccccc3O2)O,397.15
6708,c1ccc(cc1)C2CCCCC2,279.15
1414,c1ccc2c(c1)c(nc(n2)N)N,529.15
17838,CCCC(Cl)=O,184.15
22867,O=C2[C@]1(CC[C@H]3[C@H]([C@@H]1CC2)CC[C@@H]4[C@]3(C)CC[C@@H](O)[C@@H]4O)C,506.15
8860,CCN(CC)CCSC(=O)N(c1ccccc1)c2ccccc2,321.15
6157,Cc1ccc(=O)[nH]n1,417.15
3033,c1ccc(cc1)C2CNCCN2,358.15
21308,Oc1ccc(CC(NC(C)=O)C(N)=O)cc1,497.15
3628,CC(=O)c1cccc(c1)N,369.15
18528,CC(C)(C)c1nnc(s1)N(C)C(=O)NC,436.0
5289,COc1ccc(c2c1cccc2)C=O,307.15
5556,c1ccc(cc1)c2ccc(cc2)O,439.15
1348,c1c(c(cc(c1F)F)F)CC(=O)O,396.15
11966,Clc1ccc(c(Cl)c1)C(=O)c1cc(OC)c(OC)cc1[N+](=O)[O-],387.15
8495,B(c1cccc2c1Sc3ccccc3S2)(O)O,420.15
7063,CCOC(=O)c1cc(c(c(c1)Cl)O)Cl,384.15
10460,O=C1OC=2c3ccc(OC)cc3CCC=2C(CCC)C1(C)C,402.15
9895,S=C(N)NN=C1c2ccccc2NC1=O,506.15
21327,OCC(=O)C3(O)CCC2C1CCC4CC(O)CCC4(C)C1C(=O)CC23C,463.15
12026,O=C1C=2CCCCC=2OC=2CCCCC=21,403.15
15714,Clc1cc2NC(=O)Oc2cc1,464.65
5896,CC(=O)c1cc(ccc1O)F,330.15
8562,COc1ccc(cc1)/C=C/C=O,331.15
15469,O=C(NCC(=O)O)[C@@H](NC(=O)CC[C@H](N)C(=O)O)CS,466.65
1618,COc1cc(c(cc1F)C#N)F,364.15
8471,C1CSCCC1=O,335.15
7045,CCOC(=O)c1coc(n1)Cl,371.15
2924,Cc1cc2ccccc2[nH]1,331.15
3206,c1cc(cc(c1)F)C(=O)c2cccc(c2)F,332.15
20717,O=C3N1CCCCC1C2CN4CCCCC4C3C2,384.15
4274,c1ccc(cc1)COC(=O)NC2CCC(CC2)O,436.15
19101,ClCC(=O)N(CCOC)c1c(C)cccc1C,319.15
23476,O=C\1\C=C5/[C@@](/C=C/1)(C)[C@]2(F)[C@H]([C@H]3[C@](C[C@@H]2O)([C@@]4(OC(O[C@@H]4C3)(C)C)C(=O)CO)C)CC5,566.15
10411,O=C1Oc2ccccc2C(NC)=C1,471.15
21817,CC=NNc1ccccc1,372.65
14099,O=Cc1cc(I)ccc1,331.15
1950,CCc1ccnc(c1)N,340.15
4829,c1ccc(cc1)/C=C/c2ccc(cc2)Br,412.15
10928,OC1(C)Cc2cc(C)cc(C)c21,331.15
17899,O=C(O)c4cc1ccccc1c(Cc2c3ccccc3cc(C(=O)O)c2O)c4O,588.15
13367,Cc1cccc(c1)C(O)=O,383.15
1068,c1ccc(c(c1)CBr)C(F)(F)F,302.15
3660,C(C(CBr)C(=O)O)Br,373.15
20446,CCCCCCCCCCCCCCCCCc1ccccc1,305.15
13850,O=[N+]([O-])c1cc(cc(N)c1)[N+]([O-])=O,434.15
2470,c1ccc(cc1)S(=O)(=O)CCCl,327.15
2274,c1cc(c(c(c1)C(F)(F)F)Cl)C(=O)O,407.15
11159,BrC(Cc1ccccc1)CC1(C(=O)C2(C)CCC1C2(C)C)C1(CC(Br)Cc2ccccc2)C(=O)C2(C)CCC1C2(C)C,488.15
1265,c1cc(c(c(c1C=O)F)F)O,415.15
20926,O=S(N)(=O)c1ccccc1[N+]([O-])=O,464.15
10958,Brc1c(Br)c(C)c(C)c(C)c1C,345.15
7864,c1ccc(cc1)NC(=S)Nc2ccccc2,425.15
2845,COc1c(cccn1)C(=O)O,422.15
3038,CCC(C(=O)O)P(=O)(O)O,398.15
21320,COc2ccccc2c1ccccc1OC,428.15
11698,O=C1NC(C)=C(C(=O)OC(C)(C)C)C(N1)c1ccc2OCOc2c1,483.15
17938,CC=1OC=CC(=O)C=1O,434.65
8774,CCN(CC)C(=O)Nc1ccc(OCC(O)CNC(C)(C)C)c(c1)C(C)=O,383.15
15824,Oc1ccc(cc1O)C=4Oc5cc(O)cc(O)c5C(=O)C=4O[C@H]3O[C@@H](CO[C@H]2O[C@@H](C)[C@H](O)[C@@H](O)[C@@H]2O)[C@H](O)[C@@H](O)[C@@H]3O,398.15
23166,C1(CC1)N,223.15
5032,CCN(CC)c1ccc(cc1)C(=O)C,321.15
21750,O=C(O)CCCCCCCC=CCCCCCCCCCC,296.15
347,c1ccc(cc1)CN2CCC(CC2)O,335.15
14687,Clc1cc(N)cc(Cl)c1O,441.65
2260,c1cc(c(c(c1)[N+](=O)[O-])Cl)[N+](=O)[O-],359.15
6277,c1ccc2c(c1)cc3ccccc3c2CO,436.15
13040,CC(Cl)CCC,136.14999999999998
7091,CCOC(=O)/C=C/c1ccc(cc1)N,346.15
18848,CC(C)C(Br)C(=O)NC(N)=O,427.15
9919,O=C1NC(=O)C(=NNc2ccccc2)C(=O)N1,583.15
5880,B(c1ccc(s1)C#N)(O)O,400.15
4952,c1cc(ccc1S(=O)(=O)N)Cl,419.15
8762,CC(C)(Oc2ccc(CCNC(=O)c1ccc(Cl)cc1)cc2)C(O)=O,459.15
1477,c1cc(c(cc1Cl)Cl)CC(=O)O,402.15
8372,c1cc2cccnc2c(c1)S(=O)(=O)Cl,402.15
13879,COS(=O)(=O)c1ccc(C)cc1,352.15
20381,CCCCCC(=O)CC(C)=O,255.15
19983,Oc1cc(O)cc(OC)c1,353.45
9029,OCC[nH0]1[nH0]cc2c1[nH0]c(O)[nH0]c2N,581.15
11019,O=CN1C(=O)NC(C)=C(C(=O)OC)C1c1ccccc1,509.15
7248,C(CC(=O)O)CC(=O)OC(=O)CCCC(=O)O,328.15
255,c1cc(c(cc1[N+](=O)[O-])[N+](=O)[O-])Cl,323.15
13804,COC(=O)c1cccc(c1)C(=O)O,439.15
7283,CCCCCC=O,217.15
12503,[N-]=[N+]=Nc1ccccc1c1ccccc1,322.15
4513,CC(=O)NCCCC(=O)O,403.15
18885,ClCC(=O)N(COC)c1c(cccc1CC)CC,313.15
10823,O=COC1OC(=O)c2ccccc21,355.15
107,Cn1cccc1,216.15
3717,c1cc(cc(c1)Br)C=NO,345.15
6702,C1CCC(CC1)N=C=O,193.15
416,CC1(C2CCC(O1)(CC2)C)C,274.15
6516,c1ccc(cc1)c2ccccc2C(=O)O,385.15
4825,CSc1ccc(cc1)Br,312.15
18718,OP(=O)(O)Oc1ccccc1C(=O)O,442.15
19038,Clc2cc(Cl)ccc2Oc1ccc([N+]([O-])=O)c(OC)c1,386.65
12648,s1c2cc([N+](=O)[O-])ccc2[nH0]c1N,521.15
22819,O=C(OC)C5=C(C(=O)OC)[C@H]4c1c(cc3c(c1c2ccccc2)cccc3)[C@@H]5C=C4,492.5
15513,COc1cc(ccc1OC)CCNCC(O)COc2cc(C)ccc2,410.65
13691,C1CCCCCCCCCCC1,334.15
8775,CN(C)CCC(O)(c1ccccc1)c2ccccc2Cl,393.15
20682,ClC(Cl)(Cl)OC(=O)OC(Cl)(Cl)Cl,352.15
4606,c1cncc(c1N)C=O,383.15
20352,CCCCCCCCOC(=O)CCCC,230.85
19070,Clc1c2oc3c(c2c(Cl)c(Cl)c1Cl)c(Cl)c(Cl)c(Cl)c3Cl,531.15
1900,c1c(cnc(c1Br)N)Br,377.15
7565,CS(=O)(=O)c1ccc(cc1)OC(F)(F)F,340.15
22420,[O-][N+](=O)c1c2ccccc2ccc1Cl,372.65
21296,O=C(O)C1=CCCc2ccccc12,398.15
21956,NS(=O)(=O)c1ccc(SCCCO)s1,336.15
14568,CCC1CO1,213.15
39,CC(C(=O)O)Oc1ccc(cc1Cl)Cl,387.15
17219,O=S(Cc1ccccc1)Cc2ccccc2,407.15
9707,Clc1ccc(Nc2[nH0]c(N)[nH0][nH0]c2c2ccccc2)c(Cl)c1,496.15
14253,CC(=O)Oc2c(C)c(C)c1O[C@@](C)(CCc1c2C)CCC[C@H](C)CCC[C@H](C)CCCC(C)C,301.15
15671,Clc3ccccc3C2=NC(O)C(=O)Nc1ccc(Cl)cc12,440.15
21888,O=C3O/C(C(=O)N3c2cc(OC1CCCC1)c(Cl)cc2F)=C(/C)C,377.15
13118,C[C@H]1CCCC[C@@H]1O,252.15
23373,Clc2ccc(Cl)cc2c1ccc(Cl)cc1,338.15
9309,N#CC(=CNc1ccccc1)c1ccccc1,429.15
2980,c1ccc(cc1)C(=O)/C=C/c2ccccc2[N+](=O)[O-],399.15
11629,Fc1ccc(NC(=O)C(C)(C(F)(F)F)C(F)(F)F)c(F)c1F,317.15
10760,[nH0]1c2c([nH0]c3ccccc13)c1c2cccc1C,408.15
13684,CCCCCCCC1CCCC1,220.15
20600,CCOc1cc(ccc1OCC)NC(=O)OC(C)C,373.45
3544,c1cc(c(c(c1F)C=O)O)F,348.15
2867,Cc1c(cccc1N)C(F)(F)F,312.15
16927,C1CCCCCCN1,302.15
17754,CCC(C)N1C(=O)C(Br)=C(C)NC1=O,431.15
10809,Oc1ccc(cc1)C=1OC(c2ccccc2)c2ccccc2C=1,394.15
4570,c1cncc(c1N)Cl,324.15
6454,c1ccc2c(c1)nc(s2)C=O,347.15
12162,O=[N+]([O-])c1ccc2[nH0](c3ccc(C)cc3)c([nH0]c2c1)C,425.15
1878,CC(=O)c1ccco1,302.15
20291,C1CCCCCS1,273.65
3897,CCN1C(=O)CSC1=S,311.15
20807,OC2CCCC2C1CCCC1,293.15
11857,S1c2[nH0][nH0]c([nH0]2NC1c1ccc(N(C)C)cc1)c1cccc([N+](=O)[O-])c1,471.15
11642,Brc1ccc(NC(=O)C(F)(F)C(F)(F)C(F)(F)C(F)(F)C(F)(F)C(F)(F)C(F)(F)C(F)(F)F)c(Br)c1,368.15
2729,Cc1cccc(n1)O,432.15
17970,BrCCCCCCCCCCCCCC,278.75
6850,COCCOCCOC,209.15
414,C(CCCCN)CCCN,325.15
7887,C=CCNC(=S)N,347.15
15241,O=C(OC)C1=C(C)NC(COCCN)=C(C1c2ccccc2Cl)C(=O)OCC,451.65
6386,COc1ccccc1,236.15
15120,ClC(Cl)(Cl)C=O,215.65
19370,Oc1c3occc3cc2C=CC(=O)Oc12,524.65
21297,CCCCCCc1ccc2CCCc2c1,239.15
5067,CCc1ccc(cc1)N,268.15
18629,O=C1C=C(CO1)C3CCC4(O)C5CCC2CC(CCC2(C)C5CCC34C)OC6OC(C)C(O)C(OC)C6O,494.15
6485,c1ccc(cc1)COC(=O)c2cccnc2,295.15
23249,CC1=C(C(=C(C(=C1C)C)C)C)C,440.15
6333,C(CCC(=O)N)CC(=O)N,499.15
15931,Clc1ccc(NC(=O)N(C)OC)cc1Cl,366.65
15165,CCCCC(=O)OCC(=O)[C@@]4(O)C[C@H](OC1CC(NC(=O)C(F)(F)F)C(O)C(C)O1)c5c(O)c3C(=O)c2c(OC)cccc2C(=O)c3c(O)c5C4,389.65
5932,COc1cc(cc(c1OC)OC)I,359.15
16769,Cc1ccc(cc1)S(=O)c2ccc(C)cc2,368.15
8065,CC(C)Nc1ccccc1,241.15
10919,O(CC=C)C1(C#Cc2ccccc2)Cc2ccccc21,323.15
16758,COc1cc(CC(=O)O)ccc1,345.15
22520,COc1ccc(C)c(c1)[N+]([O-])=O,290.15
1787,Cc1cc(nc(c1)O)O,470.15
12028,O=C1CC(C)(C)CC(=O)C1=NNc1ccccc1C,382.15
36,CN1CCCCC1,223.15
7767,c1ccc2c(c1)C(=O)N(C2=O)c3ccc(cc3)O,569.15
4187,c1ccc(cc1)CCC(=O)O,322.15
8867,CS(=O)(=O)OCCC(=O)N1CCN(CC1)C(=O)CCOS(C)(=O)=O,448.15
11825,S1CN(C[nH0]2c1[nH0][nH0]c2c1ccccc1)C(C)C,499.15
1555,Cc1ccnc(c1)C,213.15
17218,c1ccccc1Cc2cccnc2,307.15
7252,CC(=O)OCC(COC(=O)C)OC(=O)C,276.15
6398,c1ccc-2cccc2cc1,373.15
16145,CC(C)C(C)CCCC,157.14999999999998
18936,O=C(O)C(=O)O,374.65
12725,O=C(O)c1cc(OC)c(OC)c(OC)c1,445.15
19939,O=C1CCC(=O)N1C,344.15
3708,c1c(cncc1Br)F,299.15
14077,Brc1cc(/C=C/C(=O)O)ccc1,450.15
17890,O=C(c1ccc(O)cc1O)c2ccccc2,417.15
16039,O=C(OCCCCCCCCCCCC)CCSCCC(=O)OCCCCCCCCCCCC,314.15
5775,CC(=O)n1cc(c2c1ccc(c2Cl)Br)OC(=O)C,439.15
12862,C=C(C)C#N,237.15
17415,O=[N+]([O-])c1cccc([N+]([O-])=O)c1O,336.65
20940,CCC(OC)(OC)OC,331.15
7073,CCOC(=O)CC(C(F)(F)F)O,296.15
12012,Clc1ccc(cc1)C=C1SC(=S)N(CN2CCOCC2)C1=O,422.15
19567,CC(C)(F)F,168.34999999999997
23114,O=C(O)C(O)(c1ccccc1)c2ccccc2,424.15
10334,S(C)c1[nH0][nH0](c(N)c1C(=O)OCC)C(=O)N,428.15
20222,Brc2ccc(Sc1ccc(Br)cc1)cc2,388.15
1746,c1cc(c(c(c1)Cl)CBr)Cl,329.15
17259,c1cc3ccccc3cc1Cc2ccccc2,331.15
8879,CNC(NCCSCc1ccc(CN(C)C)o1)=CN(=O)=O,342.15
17367,Cc1cnc(C)cc1,257.15
11080,Brc1cc([N+](=O)[O-])c(O)c(c1)C(c1oc(C)cc1)c1oc(C)cc1,373.15
7260,Cc1ccc(cc-2c(ccc12)C)C(C)C,305.15
16957,N#CC#CC#N,293.65
22589,Nc1cc(N)c(N)cc1,370.45
4038,B(c1cccc(c1)C(C)C)(O)O,351.15
11597,O=[N+]([O-])c1ccc2c(N=C(c3ccccc3)C2=O)c1,458.15
3705,CCOc1cc(cc(c1O)Br)C=O,415.15
3955,c1cc(cc(c1)F)C(=O)O,396.15
22866,O=C1c3c(O)c(OC)c(O)cc3OC(=C1)c2ccc(OC)cc2,498.15
11567,O=[N+]([O-])c1ccc2c(ccc(OC)c2C=O)c1,447.15
3428,c1c(cc(cc1Cl)Cl)C(=O)Cl,299.15
16819,CN(C)CC(C)C(OC(=O)CC)(Cc1ccccc1)c2ccccc2,348.65
2507,Cc1ccccc1Cl,237.15
4681,c1c(c(cc(c1S(=O)(=O)N)F)Br)F,438.15
16768,O=C(c1cc(ccc1N)[N+]([O-])=O)c2ccccc2,436.15
8402,CCCCCCCCCCCCCCCCCC(=O)OC[C@H]([C@@H]1[C@@H]([C@H](CO1)O)O)O,328.15
10859,O=C1Cc2c1c(C)c1c(CC1=O)c2C,461.15
13563,C[C@]12CC[C@H](C[C@H]1O)C2(C)C,487.15
4747,c1c(cc(c(c1F)Br)F)N,373.15
14548,OC(CN)c1ccccc1,330.15
6711,C1CCC(=C(C#N)C(=O)O)CC1,381.15
5492,c1cc(ccc1N=C=O)[N+](=O)[O-],331.15
19639,Oc1cc(O)ccc1CCCCC,345.65
9862,O=[N+]([O-])c1ccc(C=Cc2ccc(cc2)C=Cc2ccc([N+](=O)[O-])cc2[N+](=O)[O-])c([N+](=O)[O-])c1,567.15
10512,s1cccc1C1=Nc2[nH0]([nH0]c(N)c2N=Nc2cccc([N+](=O)[O-])c2)C(=C1)C(F)(F)F,519.15
11687,O=C(OC)c1ccc(cc1)CC(C#N)(Cc1ccc(cc1)C(=O)OC)c1ccc(cc1)CC(C)C,388.15
11417,O=[N+]([O-])c1cc([N+](=O)[O-])c(cc1C=Nc1ccccc1)C=Nc1ccccc1,438.15
11199,O=C(NC1C(NC(=O)c2ccccc2)C2(C)CCC1C2(C)C)c1ccccc1,421.15
6048,CC(=O)c1ccc2c(c1)sc(=O)[nH]2,465.15
13174,C=Cc1ccc(O)cc1,346.15
1809,CC(C)CCCC(C)(C)O,263.15
19866,O=C(c1ccccc1)N2CCCCC2,322.15
7675,COC(=O)Oc1c(c(c(c(c1F)F)F)F)F,302.15
13499,COC(=O)c1ccc(C)cc1,310.15
10107,O=C1CCC2(C)C(CCC3C4CCC(C(C)CCC(=O)O)C4(C)C(O)CC32)C1,381.15
22620,O[C@H]4C21NC(=N)NC(O)C1C3OC4(O)OC(C2O)C3(O)CO,498.15
1715,c1c(c(nc(c1F)Cl)Cl)C#N,364.15
8994,Cc2cn(C1CC(N=[N+]=[N-])C(CO)O1)c(=O)[nH]c2=O,379.15
7614,COC(=O)c1cc(ccc1O)Cl,319.15
8676,c1cc(ccc1F)P(c2ccc(cc2)F)c3ccc(cc3)F,353.15
6436,c1ccc2c(c1)c(cs2)C(=O)O,448.15
13787,COC(=O)c1ccc(cc1)C(N)=O,479.15
17322,CC(C)N(N=O)C(C)C,321.15
5828,c1cc(c(cc1Cl)CO)O,359.15
10638,O=C(Nc1ccc(cc1)CCCCCCCCCC)c1ccc(C)cc1,387.15
14658,CN(C)c1ccc(cc1)C(=O)O,516.15
13696,Nc1cc(ccc1)c2ccccc2,306.15
19032,Brc2cc(Oc1ccc(Br)cc1Br)c(Br)cc2Br,268.15
7351,c1ccc(cc1)C(=O)/C=N/O,400.15
22196,O=P(Oc1ccccc1)Oc2ccccc2,285.15
21463,O=C(O)C(CCC=C(/C)C)=C4[C@@H](OC(C)=O)C[C@@]2(C)[C@H]4C[C@@H](O)C1[C@@]3(C)CC[C@@H](O)[C@@H](C)[C@@H]3CC[C@@]12C,465.65
17631,Oc3cccc2C(=O)c1cc(C)cc(O)c1C(=O)c23,469.15
1250,B(c1cccc(c1Cl)Cl)(O)O,511.15
6929,CCCCCCNCCCCCC,276.15
18098,Clc1ccc(NC(=O)CC(C)=O)cc1,405.65
6531,C(CSSCCO)O,298.15
17064,C=CCCc1ccccc1,203.15
7236,C(=O)NN,330.15
17607,ClCCN(CCCl)c1ccc2ccccc2c1,328.15
20822,CC2(O)C(=O)CC1CC2C1(C)C,311.65
8991,CC(C(O)=O)c1ccc(cc1)C2CCCC(C2)=NO,451.15
17723,FC(F)=O,161.95
4861,COc1ccc(cc1I)Cl,319.15
2303,Cc1c(nc2ccccc2n1)Cl,346.15
15204,CC=1NC(C)=C(C(C=1C(=O)OCC)c2cccc(Cl)c2Cl)C(=O)OC,418.15
6908,CSC,190.15
16302,CCOc1ccc(cc1OC)Cc3nc(C)cc2cc(OC)c(cc23)OC,397.65
20460,NCC1(C)CC(C)(C)CC(O)C1,318.65
8910,Nc1cccc(c1)n2ccccc2=O,456.15
8581,CC[Si](OC(=O)C)(OC(=O)C)OC(=O)C,281.15
22719,O=C(OC[C@H]1O[C@H](OC)[C@@H](O)[C@@H](OC(=O)C(C)(C)C)[C@@H]1O)C(C)(C)C,363.0
21540,[O-][N+](=O)c2ccc(Nc1ccc(N)cc1)c(c2)[N+]([O-])=O,461.15
8250,c1ccc(cc1)CC(=O)O,350.65
1257,c1cc(c(c(c1)Cl)Cl)OCC(=O)O,447.15
6680,C(C#N)C(=O)O,340.15
8930,CCN(CC)CCNc2ccc(CO)c3sc1ccccc1c(=O)c23,374.15
17719,ClC(F)(F)C(Cl)F,195.15
14943,NC(=O)CCCCCCCCCCC,372.15
21434,S=C(NCCO)C(=S)NCCO,366.5
2822,COc1ccc(cc1C=O)OC(F)(F)F,296.15
17464,O=C1N(CC(=C)C)C(N)=CC(=O)N1C,448.15
1973,Cc1c(c(ncc1Br)N)C,407.15
23174,O=C4\C=C2/[C@]([C@H]1CC[C@@]3([C@@H](C(=O)CO)CC[C@H]3[C@@H]1CC2)C)(C)CC4,415.15
23129,O=C(OCCCC)c1ccc(N)cc1,331.15
267,CCCCCBr,178.14999999999998
17164,C1CC=CCCC1,217.15
7545,COC(=O)c1ccc(c(c1)O)[N+](=O)[O-],364.15
2770,CCC(C)I,169.14999999999998
17246,Ic1ccccc1I,300.15
2329,c1cc(c(cc1F)Cl)S(=O)(=O)Cl,303.15
723,c1cc(c(c(c1[N+](=O)[O-])Cl)Cl)Cl,328.15
5935,COc1ccc(cc1N)I,359.15
16058,Clc1nc(NCC)nc(NC(C)(C)C#N)n1,441.15
11275,O=NN(CCc1ccccc1NC(=O)C)CCc1ccccc1NC(=O)C,445.15
9467,Clc1ccc(NN=C(C#N)c2scc([nH0]2)c2ccc(Cl)cc2)cc1,514.15
7991,c1ccc2c(c1)C(=O)N(C2=O)Br,479.15
15695,CC=1CCCC(C)(C)C=1/C=C/C(/C)=CC=CC(/C)=CC(=O)O,454.15
18114,Clc1cc(OC(C)C(=O)O)ccc1,386.15
1894,C1CSC(=N1)N,353.15
15295,O=C(N[C@@H](c1ccccc1)[C@@H](O)C(=O)O[C@H]3C[C@@]4(O)[C@@H](OC(=O)c2ccccc2)[C@H]5[C@](C)(C(=O)[C@H](OC(C)=O)C(=C3C)C4(C)C)[C@@H](O)C[C@H]6OC[C@@]56OC(C)=O)c7ccccc7,487.65
10456,O=C(O)CCC(c1ccc(OC)cc1)C(C)(C)C(=O)O,394.15
318,c1c(cc(c(c1Cl)Cl)Br)Cl,332.15
1536,Cc1ccc(c(c1)C)O,295.15
1471,c1cc(c(cc1Cl)Cl)O,315.15
16582,Clc1cncc(Cl)c1,339.15
13801,C(=C/c1ccccc1)c2ccccc2,397.15
1369,c1c(cc(c(c1Cl)O)Cl)Cl,339.15
740,c1ccc2c(c1)C=C(S2(=O)=O)COC(=O)Cl,350.15
19498,O=Nc1c(O)ccc(N=O)c1O,441.15
1188,c1cc(c(c(c1S(=O)(=O)Cl)Cl)Cl)Cl,336.15
10257,O=C(OC)c1ccc(cc1)C1(C)C=CC=CC=C1,334.15
14960,C/C(=NOC(=O)NC)SC,352.15
890,c1cc(ccc1SCC#N)Cl,353.15
13819,CCCCCCCC1CCCCC1,242.15
10719,OC1C=C(C)c2ccccc21,342.15
21182,OCC(=O)[C@@]4(O)[C@H](C)CC3C2CCC1=CC(=O)C=CC1(C)[C@@]2(F)C(O)CC34C,536.15
7383,c1cnoc1C(=O)O,416.15
3487,COc1cc(cc(c1)OC)CO,321.15
6044,CC(=O)NCCCCCC(=O)O,377.15
13196,Cc1cc(N)c(N)cc1,361.15
10951,N1=CC(C)(C)c2ccccc12,501.15
11125,N#CC(=CNNc1ccccc1)c1ccccc1,429.15
22139,O=C(c1c(F)cccc1F)N(NC(=O)c2ccccc2)C(C)(C)C,467.65
9945,O=C1CCC2C3CCC4(C)CC(O)(C#C)CCC4(C)C3CCC12C,511.15
1233,c1ccc2cc(c(cc2c1)N)N,468.15
13576,Cc1cc(O)c(Cl)cc1C,344.15
17240,O=C(Nc1c(C)cc(C)cc1C)CN(CC)CC,317.15
15446,Oc3cc4CC[C@@H]1[C@H](CC[C@]2(C)C(=O)CC[C@@H]12)c4cc3,528.4
17966,CCC(CCCC)CN3C(=O)C2C1CC(C=C1)C2C3=O,253.15
14974,NCCNCCN,238.15
18918,CC42NC(Cc1ccccc12)c3ccccc34,341.9
10172,Clc1ccc([nH0]2[nH0]cc(C=O)c2N)cc1,353.15
17684,FC(F)(F)C(Cl)C(F)(F)F,153.54999999999998
19527,c1ccc2Sc3ccccc3Cc2c1,401.65
19735,BrC(Br)(Br)c1ccc2ccccc2n1,401.15
20106,FC(F)(F)c1ccc(cc1)C(N)=O,458.15
11680,FC(F)(F)C(C(=O)NCCCCCCCCCC)C(F)(F)F,339.15
1291,c1ccc2c(c1)C(=O)OCCO2,303.15
15656,Clc1ccc(cc1)C(=O)n3c2ccc(cc2c(CC(=O)O)c3C)OC,431.15
16399,S=C=Nc1ccc(cc1)N=C=S,405.15
19000,NC(=O)CC(N)C(=O)O,507.65
14048,O=C(c1ccccc1Cl)c2ccccc2,319.15
13702,Cc1cc(Br)ccc1,233.15
17595,CC2CC(OC(=O)c1ccccc1)CC(C)(C)N2,343.65
11967,FC(F)(F)C(C(=O)NC=1C(=O)N(N(C)C=1C)c1ccccc1)C(F)(F)F,511.15
7862,c1ccc(cc1)N/C=N/c2ccccc2,411.15
17057,Cc2c1ccccc1c(C)c3ccccc23,456.15
16168,Clc2ccccc2c1ccccc1Cl,334.65
21926,OC2=C(Cc1c(OC)cc(O)c(C(=O)CCC)c1O)C(=O)C(=C(O)C2(C)C)C(=O)CCC,423.15
562,Cn1ccc(=O)n(c1=O)C,394.15
10208,ClC1=CC=CC=2C1=NC(c1ccccc1)C=2c1ccccc1,371.15
1031,CSc1ccccc1C(=O)O,440.15
5765,c1cc(c(cc1Br)C(F)(F)F)[N+](=O)[O-],307.15
20642,O=C2NN(c1ccccc1)C(=O)C2c3ccccc3,506.65
16899,Brc2c(Oc1c(Br)c(Br)c(Br)c(Br)c1Br)c(Br)c(Br)c(Br)c2Br,578.15
21674,CC(C)(O)C(O)(C(C)OC)C(=O)OCC1=CCN2CC[C@H](OC(=O)C(C)=[C@H]C)[C@@H]12,368.15
22236,Oc2ccc(C)cc2/N=N/c1ccc(NC(C)=O)cc1,468.15
7058,CCOC(=O)c1c(c(c([nH]1)C)C)C,399.15
10599,Brc1ccc(N2C(=O)C3ON=C(C(=O)c4c([nH0]([nH0]c4C(=O)OCC)c4ccc(C)cc4)C)C3C2=O)cc1,512.15
4377,c1cc2c(cc1CCc3ccc(cc3Br)CC2)Br,524.15
13311,Oc1cc(CC#N)ccc1,326.15
18980,Oc3cc4CCC2C(CCC1(C)C2CCC1O)c4cc3,494.65
23327,CCOC(=O)c1cc(C)n(c1C)c1ccc(cc1)F,337.65
6976,CC1C(=O)OC(C(=O)O1)C,397.15
20303,CC1CCSCC1,245.15
22444,O=C(O)CCc2c(C)c1cc5nc(cc4nc(cc3nc(cc2n1)C(CCC(=O)O)=C3C)c(C)c4C(C)O)C(C)=C5C(C)O,445.65
11102,O=[N+]([O-])c1ccc(O)c(c1)C(c1oc(C)cc1)c1oc(C)cc1,416.15
21971,NS(=O)(=O)c1cc2C(O)CCS(=O)c2s1,438.15
21060,Cc1cc2nccnc2cc1,491.65
5712,c1cc2cnccc2c(c1)N,402.15
11358,O=[N+]([O-])CC(Nc1ccccc1)c1cccc(c1)C(Nc1ccccc1)C[N+](=O)[O-],400.15
7640,COC(=O)N,328.15
1249,c1cc(c(c(c1)Cl)Cl)C(=O)N,440.15
21207,O=P(OCC)(OCC)N(C)C,281.45
19723,Cc1ccc(cc1)C(=O)c2ccc(C)cc2,369.65
11322,O=C1C(=CN(OC)c2ccccc2)C2CCC1(C)C2(C)C,349.15
21982,CCN(C)C(=O)COC(=O)c1ccccc1,293.15
2218,c1ccc2c(c1)CC(=C2)Br,309.15
14725,O=C4OC1(OC=C(C1=O)c2ccccc2)c3ccccc34,428.15
22397,ClC(Cl)(Cl)C(=O)C(Cl)(Cl)Cl,271.15
14127,OC(=O)c1cc(I)ccc1,460.15
17765,O=P(NC(=O)OCC)(N1CC1)N2CC2,362.15
19153,CC(O)CCCCCCCCCCCCCCC,327.15
20305,CC(c1ccccc1)(c2ccccc2)c3ccccc3,368.15
21112,Oc1ccc(cc1)CC2NCCc3cc(OC)c(O)cc23,493.15
19244,Clc3cccc1c3oc2c1c(Cl)cc(Cl)c2Cl,450.15
19813,NC(=O)CCCCCCCCCCCCC,377.15
19757,Cc1ccc(cc1)Nc2ccc(C)cc2,352.95
22423,O=C(O)C1=COC(=O)C1,437.15
6065,c1ccc(cc1)C(=O)CCCCCC(=O)O,358.15
11058,Brc1ccc(cc1)C=1OC(=CC([P+]([O-])(c2ccccc2)c2ccccc2)C=1)c1ccc(Br)cc1,467.15
17435,BrC(Br)(Br)Br,363.25
14223,ClC1=C(Cl)[C@]3(Cl)C(Cl)(Cl)[C@@]1(Cl)[C@H]2COS(=O)(=O)OC[C@H]23,454.15
16795,O=C2C(Cl)=C(N)C=NN2c1ccccc1,478.15
21706,C=CCC=CC,134.45
20018,O=C2C(Cl)=C(Cl)C=NN2c1ccccc1,435.15
6334,C(CCC(=O)O)CC(=O)O,426.15
4549,c1c(cc(nc1Cl)Cl)N,447.15
18013,CC(=O)OCC(C)C,174.34999999999997
7044,CCOC(=O)c1cc(nc(c1)Cl)C,339.15
9328,Sc1[nH0][nH0]c([nH0]1N=Cc1ccc([N+](=O)[O-])cc1)C(F)(F)F,466.15
15289,C[N+](C)(C)CCOC(=O)N,483.15
16214,CCc1ccccc1C=C,197.65
2354,c1cc(c(cc1[N+](=O)[O-])Cl)C(=O)O,415.15
17626,O=C(Oc1c(cc(cc1[N+]([O-])=O)[N+]([O-])=O)C(C)CC)C=C(/C)C,343.15
12009,O1C=2CCCCC=2C(=Cc2ccc(OC)cc2)C=2CCCCC1=2,397.15
13063,CCC=1CCCCC=1,163.14999999999998
19321,C[Si](C)(OCC)OCC,186.15
5327,COc1ccc(cc1)C(=O)NN,411.15
1434,c1c(c(c(c(c1[N+](=O)[O-])Cl)[N+](=O)[O-])Cl)C(F)(F)F,349.15
9877,ON=Cc1ccc(C)cc1,399.15
19050,CSc1ccc(OP(=S)(OCC)SCCC)cc1,258.15
264,c1cc2ccc3ccc(c4c3c2c(c1)cc4)Br,368.15
8324,c1cnccn1,326.15
21305,O=S(=O)(CC(=O)OC)c1ccc(Br)cc1,355.15
17962,CC(C)(S(=O)(=O)CC)S(=O)(=O)CC,398.95
14707,Oc1ccc(cc1OC)C(=O)O,484.65
20700,CC(C)(C)CC1(C)CO1,209.15
18492,Oc1ccc(CCN)cc1,437.65
6347,C=CCI,174.14999999999998
8584,C=CCN(CC=C)CC=C,203.15
3378,c1c(cc(cc1C(F)(F)F)C(F)(F)F)CCl,304.15
5731,COc1cc(cc(c1F)F)Br,308.15
13143,CC=C/c1ccccc1,211.15
10969,O=C1OC(O)c2cc(OC)cc(OC)c21,458.15
15387,CC(C)NCC(O)COc2cccc1ccccc12,436.65
8620,B(OC(C)C)(OC(C)C)OC(C)C,214.15
1437,CC(=O)c1cc(c(cc1Cl)Cl)F,308.15
11231,O=C(OC1CC(C)CCC1C(C)C)C(Cc1ccccc1)Cc1ccccc1,316.15
18672,CN1CC/C(CC1)=C3c4ccccc4CC(=O)c2sccc23,425.65
7960,CC(C)(C)OC(=O)N1CCC[C@@H]1CO,334.15
15667,O=C1NC(=O)N(C=C1)[C@@H]2O[C@@H](CO)[C@H](O)[C@H]2O,438.15
4692,Cc1cc(cc(c1N)C)Br,323.15
11636,FC(F)(F)C(F)(F)C(F)(F)C(F)(F)C(F)(F)C(F)(F)C(F)(F)C(F)(F)C(=O)N(c1ccccc1)c1ccccc1,365.15
11670,FC(F)(F)C(C(=O)Nc1ccc(OCC)cc1)C(F)(F)F,454.15
7441,CS(=O)(=O)Cl,240.15
6255,COc1ccc2ccc(=O)oc2c1O,449.15
23427,Oc1ccccc1C=Nc2ccccc2,324.15
22242,Brc1cc(cc(Br)c1O)C=NOc2ccc(cc2[N+]([O-])=O)[N+]([O-])=O,469.65
8594,C(=C(Cl)Cl)Cl,188.15
21485,O=C(NC(Cc1ccccc1)c2ccccc2)c3cccnc3,432.15
23036,O=C(O)c1ccc(Br)cc1,526.15
65,c1ccc(cc1)NNC(=O)N,445.15
18616,O=C(Nc1ccc(O)cc1)c2ccccc2O,452.15
18411,BrC(F)(F)F,101.14999999999998
19081,[O-][N+](=O)c1c(C)c(C)cc([N+]([O-])=O)c1NC(CC)CC,329.65
21134,CC(C)C(C)CCC(C)C2CCC1=C3CCC4CC(O)CCC4(C)C3CCC12C,404.15
6185,Cc1cc(=O)oc2c1ccc(c2O)O,516.15
22510,Nc1cc(Cl)c(Cl)cc1Cl,369.65
2865,CC1(CNCCO1)c2ccccc2,309.15
17864,Clc1cc(Cl)ccc1OCCOS(=O)(=O)O,443.15
15067,O=C2c3ccccc3c1ccccc1C2=O,483.15
5113,c1ccc(cc1)C(=O)c2ccc(c(c2)C(F)(F)F)F,319.15
4408,c1cc(ccc1C(=O)c2ccc(cc2)F)F,381.15
6025,CC(C)(C)c1ccc(c(c1)C(=O)O)OC,348.15
9883,S(c1ccccc1)c1ccc(N=C(NC(=O)OC)NC(=O)OC)c(NC(=O)COC)c1,402.15
15914,NC(=O)C1=C(O)[C@@H](N(C)C)[C@@H]2C[C@H]4C(=C(O)[C@]2(O)C1=O)C(=O)c3c(O)ccc(Cl)c3[C@@]4(C)O,441.65
6890,COC(=O)c1ccc(cc1)/C=Cc2ccc(cc2)C(=O)OC,386.15
11847,S1c2[nH0][nH0]c([nH0]2NC1CCC)c1ccc(OCC)cc1,363.15
7512,COC(=O)c1cc(cc(c1)Cl)Cl,332.15
1421,c1c(cc(c(c1[N+](=O)[O-])N)Br)Br,403.15
16113,Clc1cnc(Cl)cc1,333.65
22675,O=C(Nc1ccccc1)C=NO,448.0
21165,CCN(CC)CC(=O)OCC(=O)C4(O)CCC3C2CCC1=CC(=O)CCC1(C)C2C(O)CC34C,435.65
8000,CCCCOC(=O)C(=C)C,198.15
7102,CCOC(=O)c1ccc(cc1)F,299.15
4349,c1cc(ccc1C(=O)N)C(F)(F)F,457.15
1660,Cc1ccc2c(c1)nc(s2)C,313.15
73,C#CC(c1ccccc1)O,301.15
1843,c1cc2c(cc(nc2c(c1)C(F)(F)F)C(F)(F)F)O,405.15
770,C(C(F)(F)F)(OC(F)(F)F)(F)I,317.15
11228,O=C(Nc1ccc(C#Cc2ccc(NC(=O)c3ccccc3)cc2)cc1)c1ccccc1,605.15
19858,OOC1CCCCC1,253.15
1285,c1cc(c(c(c1)F)F)C(=O)O,435.15
9436,ClC(=Cc1cc(C=C(Cl)c2ccccc2)c([N+](=O)[O-])cc1[N+](=O)[O-])c1ccccc1,418.15
17191,Cc1cc(I)ccc1,245.95
12495,O=C(NO)CN,429.15
23230,OC(=O)c1ccco1,406.65
1941,COc1cc(nc(n1)N)OC,368.15
22144,CSc2ccccc2C(=O)N(NC(=O)c1ccccc1)C(C)(C)C,469.65
21496,COc1cc2c(cc1)nccc2[C@H](O)C4CC3CCN4CC3C=C,447.15
19947,O=S(=O)(O)CCCNC1CCCCC1,575.65
8265,c1ccc2cnncc2c1,364.15
3397,Cc1c(cc(cc1Br)O)Br,381.15
12783,N#Cc1ccc(cc1)C([nH0]1[nH0]c[nH0]c1)c1ccc(C#N)cc1,454.15
12384,[O-][nH0+]1ccc(C)c(C#N)c1,458.15
14272,CC(C)[C@@H](C)/C=C/[C@@H](C)[C@H]2CC[C@H]3C4=CC=C1C[C@@H](O)CC[C@]1(C)[C@H]4CC[C@]23C,433.15
11823,S1CN(C[nH0]2c1[nH0][nH0]c2c1c[nH0]ccc1)C(C)C,562.15
16636,CCOP(=S)(OCC)SCC(=O)NC(C)C,301.65
9679,O=C(C=Cc1oc(cc1)c1ccc(C)cc1)c1occc1,384.15
5064,CCOc1ccc(cc1)N=C=S,332.15
22956,C(C1=CC=CC=C1)N3C(C2=CC=CC=C2C3=O)CC(=C)C4=CC=CC=C4,343.65
17213,O=C(CCCCC)OC(COC(=O)CCCCC)COC(=O)CCCCC,213.15
4027,c1cc(cc(c1)I)C#N,313.15
10768,O=C(O)c1ccccc1CC(=O)c1ccccc1C,411.15
20582,Clc1cc(C)cc(Cl)c1OP(=S)(OC)OC,352.15
19863,c1cc(ccc1)C2CCNCC2,333.65
14666,Oc1ccc(cc1)C(CC)=C(/CC)c2ccc(O)cc2,443.65
5897,c1cc(c(cc1F)N)I,314.15
18275,Brc1cc2c(cc1)NC(=O)C2=O,522.65
3963,c1cc(cc(c1)F)CC(=O)O,319.15
3937,Cc1ccc(cc1F)CO,308.15
14093,Oc1c(OC)cc(cc1Br)C=O,437.15
13508,Cc1cccc(C)c1[N+](=O)[O-],289.15
1110,c1ccc2c(c1)ccc(n2)c3ccc4ccccc4n3,468.15
4414,c1cc(ccc1Cc2ccc(cc2)O)O,434.15
15629,Fc1ccc(cc1)C(=O)CCCN2CC=C(CC2)N3c4ccccc4NC3=O,418.9
9793,N(Nc1cccc(NN=C(Cc2ccccc2)c2ccccc2)c1)=C(Cc1ccccc1)c1ccccc1,437.15
22396,O=[N+]([O-])c1cc(cc(c1)[N+]([O-])=O)[N+]([O-])=O,394.65
13466,O=C(N)c1ccc(C=C)cc1,443.15
10017,O=C(OC1CCC2C3CCC4=CC(O)CCC4(C)C3CCC21C)C,369.15
3146,c1cc(cnc1)CN,252.15
1377,c1c(cc(c(c1F)C#N)F)F,330.15
19405,C[Si]1(C)N[Si](C)(C)N[Si](C)(C)N1,263.15
20263,O=[N+]([O-])c1cnc(N)cc1,460.15
7507,Cc1c(c(c(c(c1Br)OC)Br)OC)C(=O)OC,333.15
144,CCCCCCCI,225.15
10767,O(C)c1ccc(cc1)c1[nH0]cc2ccccc2c1,372.15
6192,c1cc2cc[nH]c2nc1,378.15
9990,O=C1CC2(C)CC(OC(=O)C)CCC2(C)C2CCC3(C)C(=O)CCC3C12,428.15
3514,Cc1cc(cc(c1)CC(=O)O)C,374.15
22709,O=C(OC)C=Cc1ccccc1SC(C)(C)C,332.5
7272,CC[Si](CC)(CC)O[Si](CC)(CC)CC,158.14999999999998
6071,c1cc(nc(c1)Br)c2cccnc2Cl,414.15
17146,Nc1cc(Cl)c(Cl)c(Cl)c1,372.15
22500,Clc1cc(Cl)c(Cl)c(Cl)c1Cl,359.15
14279,C=C(C)[C@@H]1CCC2=CC(=O)C[C@@H](C)[C@]2(C)C1,309.15
12462,O=C1c2ccccc2[N+]([O-])=C1c1[nH0]cccc1,455.15
1203,c1ccc(cc1)CO[C@H]2CO[C@@H]([C@@H]([C@H]2OCc3ccccc3)OCc4ccccc4)O,351.15
16810,O=S1(=O)CCCCO1,286.65
1830,Cc1cc(c(c(c1)C(C)(C)C)O)C(C)(C)C,344.15
9691,O=[N+]([O-])c1ccc(cc1)C=C(c1ccccc1C(=O)OC)C(=O)OC,394.15
4181,c1ccc(cc1)c2cc(=O)o[nH]2,425.15
14301,O=[N+]([O-])c1c(C)c(c(C)c(c1C(C)(C)C)[N+]([O-])=O)C(C)=O,408.65
9411,O=[N+]([O-])c1ccc(NN=C2Cc3c2cccc3C)c([N+](=O)[O-])c1,500.15
14477,COC(OC)(C(=O)c1ccccc1)c2ccccc2,339.15
5957,COc1ccc2c(c1)c(c[nH]2)C=O,454.15
18507,COc1ccc(cc1OC)C3=NN=C(C)C(CC)c2cc(OC)c(cc23)OC,429.65
10240,Clc1cccc(c1)CNC1=CC(=O)c2ccccc2C1=O,464.15
16296,O=C(CCCCCCCCCCCCCCCCCCCCCCCCC)OC,336.95
14425,CC(O)COC,176.14999999999998
21719,O=C2C=C(CC(/C=C/c1ccccc1)O2)OC,378.65
22941,C1=C(C=C(C=C1Br)Br)Br,395.15
1055,CC(=O)c1ccccc1C(F)(F)F,289.15
22105,O=C(c1ccccc1F)N(NC(=O)c2ccccc2)C(C)(C)C,456.65
594,C(CN)CN,261.15
20379,Oc1ccccc1C2CCCC2,307.65
1525,COc1ccc(c(c1)OC)CC(=O)O,383.15
13052,N#CCCCCC#N,275.15
5824,Cc1cc(cc(c1O)C=O)Cl,332.15
5154,c1ccc(cc1)c2ccc(cc2)F,347.15
14235,ClC2=C(Cl)[C@@]3(Cl)C1C=CC(Cl)C1[C@]2(Cl)C3(Cl)Cl,368.65
15414,O[C@@H]1[C@@H](O)[C@H](C)O[C@H](O)[C@H]1O,395.15
13294,CC(C)(CC)C(C)(C)O,272.15
14701,c1cc2cccc3Cc4cccc1c4c23,389.15
18968,O=C(O)CCCCCC1NC(=O)NC1C,430.15
19903,CC(=O)OC1CCCC1,286.65
18481,Clc1c(C(=O)O)c(Cl)ccc1Cl,397.65
761,CC1=Nc2ccc3ccccc3c2C1(C)C,390.15
7824,CCN(CC)c1ccc(cc1)N=O,355.15
21439,S=C1NCCN1,476.15
2970,B(c1ccccc1[N+](=O)[O-])(O)O,423.15
6999,[C@H]([C@@H](C(=O)O)O)(C(=O)O)O,441.15
81,CCCCCCC#C,213.15
7042,CCC(C(=O)OCC)Br,269.15
12745,O=C1C(=O)c2ccccc2c2ccccc12,479.15
8724,CCC(Br)(CC)C(=O)NC(=O)NC(C)=O,382.15
958,c1ccc2c(c1)cccc2c3nnc(o3)c4ccc(cc4)Br,421.15
8664,c1ccc(cc1)P(=S)(c2ccccc2)c3ccccc3,434.15
10482,Nc1[nH0][nH0]2c(N=C(C)C=C2C)c1N=Nc1c[nH0]ccc1,519.15
6609,c1cc(ccc1[C@H]([C@@H](CO)NC(=O)C(Cl)Cl)O)[N+](=O)[O-],424.15
12139,O=C1N(C)C(=O)c2c1c(C)ccc2C,443.15
6026,Cc1c(cc(o1)C(C)(C)C)C(=O)O,365.15
14076,COc1c(cc(cc1OC)C(=O)OC)OC,357.15
7238,C(=C/C(=O)Cl)C(=O)Cl,271.15
14328,NC(=N)N(c1ccccc1)c2ccccc2,423.15
11091,o1c(C)ccc1C(c1cc(OC)c(OC)cc1N)c1oc(C)cc1,352.15
18732,CC(C)(C)NC(=O)C1CCC2C3CCC4NC(=O)C=CC4(C)C3CCC12C,526.15
3954,c1cc(cc(c1)S(=O)(=O)Cl)F,280.15
4403,c1cc(ccc1C(=O)c2ccc(cc2)Cl)Cl,418.15
18346,BrC(CC)C(=O)O,269.15
21111,ClCCN(CCCl)c1ccc(cc1)CCCC(=O)OCC(=O)C5(O)CCC4C3CCC2=CC(=O)C=CC2(C)C3C(O)CC45C,436.65
10387,N1c2ccccc2NC11CCCC1,463.15
4511,CC(=O)Nc1ccc(cc1)C=O,429.15
1666,Cc1ccc(c(c1)CC(=O)O)C,401.15
19756,O=C(OC1CCCCC1)C(=O)OC2CCCCC2,316.65
6857,CC[SiH2]CC,141.14999999999998
5353,COc1ccncc1,277.15
23490,O=C(CNC(=O)OC(C)(C)C)N(Cc1ccco1)C(c2ccccc2)C(=O)NC(C)(C)C,476.15
4587,c1c(ncnc1O)N,536.15
21625,CCC=CC=CC=O,357.65
18666,CN2C(CCCC2CC(O)c1ccccc1)CC(=O)c3ccccc3,464.15
11141,O=C1CCC2CCC1(C)C2(C)C,466.15
15231,O=C(NCCN(CC)CC)c1ccc(N)cc1,440.15
2550,CCOCCOC(=O)C,211.15
21202,O=[N+]([O-])C(Cl)([N+](=O)[O-])[N+]([O-])=O,277.65
20009,CCCCNC(=O)c1cc(N)ccc1OCC#C,357.15
15575,O=C1NC(=O)NC(=O)C1(CC=C)[C@H](C)CCC,373.15
10979,Oc1cc(ccc1OC)CN1CCc2ccccc2C1,402.15
3724,c1cc(cc(c1)Br)C#N,312.15
1264,c1cn(c(=O)nc1N)[C@H]2CC[C@H](O2)CO,491.15
4867,Cc1cc(ccc1NC(=O)C)Cl,413.15
23090,C1=NC2=C(N1COCCO)NC(=N)N=C2O,528.15
7255,COc1ccc(cc1)OCC2CO2,320.15
12563,Oc1[nH0]cccc1C,411.15
815,C#CC(COc1cccc(c1)C(F)(F)F)O,305.15
13470,CCCc1cc(C)cc(C)c1,214.15
7607,COC(=O)c1ccc(cc1)[N+](=O)[O-],369.15
4374,c1cc(ccc1CBr)SC(F)(F)F,328.15
9464,O=C(Nc1ccc(cc1)C=CC(=O)c1ccccc1)C,452.15
4087,Cc1c(c[nH]n1)c2ccccc2,415.15
8464,C(COCCOCCOCCO)O,269.15
16975,FC(F)(F)C3CC2C(CCC1(C)C2CCC1(OC(C)=O)C(C)=O)C4(C)CCC(=O)C=C34,479.65
1897,Cc1c(cc(c(n1)N)Br)Br,418.15
11729,O=C(OCCC)C1=C(NC(C)=C(C(=O)OCCC)C1c1cccc(OC)c1O)C,440.15
20949,OC(C(O)C(O)C(O)C=O)C(=O)O,438.15
7416,C(C#N)C#N,305.15
20620,[O-][N+](=O)c1ccc2C(=O)N(C)C(=O)c2c1,369.15
11459,O=C(OCC)C(=Cc1cc(N)cc(c1)C=C(C(=O)OCC)C(=O)OCC)C(=O)OCC,447.15
22114,CC(=O)Oc2c1cc(F)ccc1c(OC(C)=O)c(OC)c2OC,375.65
16785,O=C(CCCCCCCCCCCC)OC,279.65
19263,C=COCC(CCCC)CC,173.14999999999998
2529,C1[C@H]([C@@H]([C@H](OC1O)CO)O)O,423.15
20165,Cc1cc(cc(C)c1O)c2cc(C)c(O)c(C)c2,494.95
8104,C1CC2CC1CC2C(=O)O,313.15
20253,Cc2ccccc2Oc1ccccc1,294.85
20388,NNC(=O)CCCCCCC,361.15
6922,CCCCS(=O)(=O)CCCC,317.15
8907,Cn2c(=O)n(C)c1ncn(CC(O)=O)c1c2=O,544.15
660,CCOCCOCC,199.15
15764,O=S(N)(=O)c2cc(cc(NCCCC)c2Oc1ccccc1)C(=O)O,503.65
8744,COc2cc1[nH]nnc1cc2C(=O)NCC3CCCN3CC=C,412.15
1118,c1ccc(c(c1)c2ccccc2Br)Br,353.15
13517,O=[N+]([O-])c1ccc(C=O)cc1,381.15
1287,c1cc(c(c(c1)F)F)C(C(=O)O)O,385.15
6204,c1cc2c(c(c1)Br)NC(=O)C2=O,470.15
16503,CC(O)CCC(C)O,316.15
7358,c1cc(cc(c1)C(=O)Cl)C(=O)Cl,317.15
2316,Cc1cc(c(cc1C)Cl)O,344.15
1417,B(c1cnc(nc1OCc2ccccc2)OCc3ccccc3)(O)O,363.15
22787,N(C)(C)[C@H]([C@@H]4[C@@]3([C@H]([C@H]2[C@@H]([C@]1(CC[C@H](NC)C[C@@H]1CC2)C)CC3)CC4)C)C,445.5
13405,CCc1ccc(Cl)cc1,210.15
10783,O=C(OC)C=1Cc2cc3CC(=C(Cc3cc2CC=1C(=O)OC)C(=O)OC)C(=O)OC,482.15
7,CC(C)(C)OC(=O)N1CCC(CC1)OCC(=O)N(C)C,331.15
20139,O=P(O)(OCCCCCCCCCCCCCCCC)OCCCCCCCCCCCCCCCC,347.65
994,CC(C)(C)OC(=O)Nc1ccc(cn1)C#N,446.15
15316,Clc1cccc(Cl)c1/C=N/N=C(N)N,501.15
4292,B(c1ccc(cc1)N(Cc2ccccc2)Cc3ccccc3)(O)O,459.15
13308,CC(CCC)(CO)CO,328.15
12736,O=Cc1ccc(O)cc1O,409.15
21106,OC5CCC4(C)C(CCC1C4CCC2(C)C(CCC12O)C3=CC(=O)OC3)C5,526.15
2409,c1cc(c(c(c1)Cl)C=O)F,310.15
296,c1c(cc(cc1Cl)Br)Cl,348.15
1864,Cc1c2ccccc2sc1C(=O)C,351.15
1912,c1c(cc(c(c1C#N)N)Br)[N+](=O)[O-],461.15
17495,Nc2ccc(/N=N/c1ccc(N)cc1)cc2,523.65
15390,COc1cc(cc(OC)c1OC)[C@@H]3c2cc5OCOc5cc2[C@H](O)[C@H]4COC(=O)[C@H]34,501.15
7942,CC(C)(C)OC(=O)N[C@@H](Cc1cccs1)C(=O)O,347.15
21300,FC(F)(F)C(=C)C(=O)O,324.65
1145,CC(C)(CC(=O)O)C(=O)O,414.15
16971,Cc1c(Cl)c(Cl)cc(Cl)c1Cl,366.65
5789,c1c(cncc1Br)C(=O)Cl,346.15
17026,CSc1nc(NCCCOC)nc(NCCCOC)n1,328.15
22626,O=C(O)c1ccc(cc1)CCCCCCC,343.0
18219,c1ccc(cc1)c2ncc(o2)c3ccccc3,347.15
18894,Clc1ccc(cc1)C(=O)n3c2ccc(cc2c(CC(=O)OCC(=O)O)c3C)OC,424.65
14713,O=C1OCC(C)O1,218.15
14003,O=C(C)Oc1ccc(cc1)C(=O)OCC,307.15
14428,CN1CC=C(CC1)c2ccccc2,311.65
3612,Cc1ccc(cc1N)C(=O)O,439.15
18723,CC(=O)C4(O)CCC3C2CC(C)C1=CC(=O)C=CC1(C)C2(F)C(O)CC34C,570.15
15548,CC(C)CCC[C@@H](C)CCC[C@@H](C)CCCC(C)=CCC2=C(C)C(=O)c1ccccc1C2=O,253.15
13523,Oc1ccc(NC(C)=O)cc1,442.15
12420,Brc1c(C)c(C)cc2ccccc21,336.15
10027,O=C1C(O)=C2C(C)(C)CCCC2(C)c2c(O)c(O)c(c(O)c12)C(C)CO,510.15
16953,CCCc1cccc(C)c1,190.65
9855,S=C1NC(=O)C(=NNc2ccc(C)cc2)C(=O)N1,578.15
23283,CC1=C(C(=CC=C1)C)N(C(C)C(=O)OC)C(=O)COC,345.15
22754,O=C(OC)C4=C(C(=O)c1ccccc1)[C@H]3c2ccccc2[C@@H]4C=C3,400.5
17211,Nc2ccc(CCc1ccc(N)cc1)cc2,410.15
23043,O=C\C=C\c1ccc(N(C)C)cc1,409.15
8381,C1C(=O)N(C(=S)S1)CC(=O)O,420.15
13873,BrC(Br)C,210.15
477,C1CN(CCN1C=O)C=O,401.15
14913,O=C(O)CCCC(=O)O,369.65
15762,Clc1c(cc(cc1Cl)S(N)(=O)=O)S(N)(=O)=O,501.85
4190,C(CP(=O)(O)O)C(=O)O,437.15
22273,O=C1C(=C(C)OCN1C(C)(C)c2cc(Cl)cc(Cl)c2)c3ccccc3,423.15
21291,OCC(=O)C4(OC(=O)CCCC)C(C)CC3C2CCC1=CC(=O)C=CC1(C)C2(F)C(O)CC34C,456.65
4350,B(c1ccc(cc1)C(F)(F)F)(O)O,513.15
8834,Clc1ccc(cc1)c4nc3c2ccccc2ccn3n4,511.15
13963,OC(=O)c1cccc(c1)c2ccccc2,440.15
12654,SCC(O)C(O)CS,316.15
15594,O[C@H]1O[C@H](CO)[C@@H](O)[C@H](O)[C@H]1NC(=O)N(C)N=O,388.15
20650,Fc1ccc(cc1)N2C(=O)C(Cl)=C(Cl)C2=O,514.15
658,COc1cc(c(cc1OC)F)F,313.15
2723,c1c(cnc(c1C(=O)O)O)[N+](=O)[O-],519.15
1793,CC(C)c1cccc(c1O)C(C)C,291.15
21411,O=[N+]([O-])c1ccc(/C=C/C(=O)OCC)cc1,412.15
15035,Nc2ccc(Nc1ccccc1)cc2,347.15
5430,CCCCCCCCCCc1ccc(cc1)c2ccccc2,326.15
16786,Cc2cccc1c3ccccc3Cc12,358.15
493,c1cc(ccc1Br)Br,361.15
12459,O=C(CCC(=O)c1ccccc1)c1ccccc1,417.15
4253,CC(=O)CCc1ccc(c(c1)OC)O,314.15
18218,c1ccc2Sc3ccccc3Sc2c1,432.45
1463,c1cc(c(cc1Cl)Cl)C(=O)O,435.15
14181,Brc1ccc(cc1)c2ccc(Br)cc2,443.15
18843,O=C2C(CCCC)C(=O)NC(=O)N2C1CCCCC1,357.15
23027,C(C)(=O)O[C@H]4CC[C@@]3([C@H]2CC[C@@]1(C(=CC[C@H]1[C@@H]2CC=C3C4)C(C)=O)C)C,446.15
4008,c1cc(cc(c1)O)C#N,353.15
11368,O=C(Nc1ccccc1CCCCc1ccccc1NC(=O)C)C,509.15
14673,Oc1c(CO)c(cnc1C)CO,433.65
2287,c1c(cc(c(c1C(F)(F)F)Cl)[N+](=O)[O-])[N+](=O)[O-],336.15
22230,O=C5NC(=O)C4C1C(=CC(C/1=C(c2ccccc2)c3ccccn3)C45)C(O)(c6ccccc6)c7ccccn7,467.15
13642,BrCCCCCC,188.15
11982,c1ccc(cc1)C=Cc1cccc(c1)C=Cc1ccccc1,423.15
9157,O=C1C(=CC(CC)C(=O)O)C2CCC1(C)C2(C)C,391.15
444,c1c(c(cc(c1[N+](=O)[O-])Cl)Cl)[N+](=O)[O-],374.15
10268,S1C2=C(N(c3ccccc3)C1=C(C(=O)C)C(=O)C)C(=O)c1ccccc1C2=O,527.15
12414,O=C(N)c1c[nH0][nH0](CCO)c1N,512.15
8630,CC(C)(C)C(=O)O,306.15
672,c1c(c(cc(c1Br)Br)F)F,306.15
17866,N(=NNc1ccccc1)c2ccccc2,371.15
13215,OCc1ccc(O)cc1,385.15
17919,COc1cc2C=CC(=O)Oc2cc1OC,418.65
5740,c1cc(ncc1Br)C#N,399.15
1494,c1cc(c(cc1F)F)C#N,319.15
16355,O=C(O)CC(C)c1ccccc1,311.15
5261,c1cc(ccc1CBr)I,353.15
22541,Fc1c(F)c(F)c(F)c(Br)c1F,242.15
11744,Cc1ccc2c(CCC3C2CCC2CCCCC23C)c1C,429.15
3751,c1c(c(c(c(c1Br)N)Br)Cl)F,371.15
13874,Sc1ccccc1,233.15
756,C(CCCCCO)CCCCO,346.15
20217,Clc1ccccc1N=C=O,303.65
10880,O=C1Cc2cccc(OC)c21,308.15
2083,B(c1cccnc1OCc2ccccc2)(O)O,419.15
17267,O=C(C(=O)O)c1ccccc1,339.15
22252,O=C(OC)c1ccc(C)cc1C2NC(=O)C(C)(N2)C(C)C,386.15
20687,Nc1ccc(cc1)Oc2ccc(cc2)C(c3ccc(cc3)Oc4ccc(N)cc4)(C(F)(F)F)C(F)(F)F,434.15
15926,O=C(Nc1cc(ccc1)C(F)(F)F)N(C)C,436.65
16571,O=C(OCCOC(=O)C(Cl)(Cl)Cl)C(Cl)(Cl)Cl,313.15
12703,Cc1ccc(cc1)CCc1ccc(C)cc1,351.15
1374,c1c(cc(c(c1F)C=O)F)F,339.15
17708,OC(c1ccc(O)cc1)C(C)NC,426.15
9696,O=C1OC=CC(Cc2ccccc21)c1ccccc1,393.15
14297,O=C2N[C@@H]3[C@H](CCCCC(=O)ON1C(=O)CCC1=O)SC[C@@H]3N2,485.15
19985,CC(NNC(=O)c1ccccc1)c2ccccc2,366.65
6572,C(Cl)(Cl)Br,216.15
537,C1CNCCNCCCNCCNC1,459.15
12700,O=C1C=CC2(O)C(=C1)CCC1C3CCC(=O)C3(C)CCC12,493.15
8904,Cc1cc(CC(O)=O)n(C)c1C(=O)c2ccc(Cl)cc2,451.15
16572,O=C(C=C)OCCCCCC,228.15
6144,Cc1ccc2cc(ccc2n1)OC,337.15
646,CCCCCCCCCCCCCCCCC1CO1,306.15
20492,O=C(O)c1cccc(C)c1S(=O)(=O)NC(=O)Nc2nc(nc(OCC(F)(F)F)n2)N(C)C,434.65
16089,O=C(O)c2cccnc2Nc1cccc(Cl)c1C,507.15
12482,O=C1CC(c2ccccc21)c1ccccc1,350.15
2186,COc1ccc2cc(ccc2c1)Br,381.15
3109,COc1ccc(cc1OC)C(=O)CCC(=O)O,433.15
22409,Cc1cccc(C)c1Cl,238.15
22889,C1#C[C@@](O)(CC[C@@](O)(C#CCCCCC1)C)C,373.15
14977,NCCCNCCCN,259.15
6747,CC1=CC(=O)C(C(=O)O1)C(=O)C,384.15
10742,O(C)c1cc2CC(C#N)c2cc1C,340.15
9624,Clc1ccc(cc1)C=C(C#N)c1scc([nH0]1)c1cccc2ccccc21,404.15
13336,OCC=Cc1ccccc1,307.15
1884,CC(=O)c1cccs1,283.15
242,c1cc(ccc1[N+](=O)[O-])Cl,357.15
14320,CC(F)(F)F,162.14999999999998
17531,Cc1cc(C)c(C)cc1C(O)=O,425.65
16291,CN(C)c1ccc(O)cc1,350.15
3030,c1ccc(cc1)c2cc3ccccc3[nH]2,463.15
2102,c1cc(c(nc1)Br)C(F)(F)F,311.15
13953,CC(C)CCCCCCCCCCC,248.15
16917,Cc2cccc1c2NC(=O)C1=O,540.15
7145,CCOC(=O)c1ccccc1,239.15
3891,CCOc1ccsc1C(=O)O,395.15
6030,CCCCCCC(=O)CCCC,275.15
1995,CCSc1nnc(s1)N,405.15
11144,O=C1C=C(OC)C2CCC1(C)C2(C)C,328.15
19246,Clc1ccccc1N(CSP(=S)(OC)OC)C(=O)CCC,315.15
22017,O=S(=O)(CCCCO)c1ccc(s1)S(=O)(N)=O,382.15
5403,CC1CCC(=O)CC1,232.15
10786,FC(F)(F)C(=O)Oc1cc(C)c(OC(=O)C(F)(F)F)cc1C,362.15
22283,OC=1C(=O)OC(C(O)COC(=O)CCCCCCCCCCCCCCC)C=1O,385.15
5292,COc1ccc(c(c1)OC(F)(F)F)C#N,305.15
8051,CCCCCCOC(=O)C,193.15
18401,O=S(=O)(CC)C(C)(CC)S(=O)(=O)CC,349.15
8090,CN1C(=O)CCC1=O,339.15
15399,Oc1ccc(cc1O)[C@@H](O)CN,490.15
4925,c1cncc(c1Cl)[N+](=O)[O-],305.15
21849,CN(SN(C)C(=O)ON=C(/C)SC)C(=O)ON=C(/C)SC,446.15
23165,C1(CC1)C(=O)O,291.15
20847,O=C3c4ccccc4C(=O)C3(CN1CCOCC1)c2ccccc2,361.15
19235,CC(C)(C)NCC(O)COc1ccccc1OCC(=O)NC,369.65
9422,O=[N+]([O-])c1c(C=Cc2ccccc2)c(N)cc(N)c1C=Cc1ccccc1,448.15
10639,O=C(Oc1ccc(OC)cc1)c1ccc(cc1)CCCCCCCC,448.15
2978,c1ccc(c(c1)CBr)[N+](=O)[O-],320.15
3573,CC(=O)c1cc[nH]c1,385.15
18190,O=C(O)c1ccc2OCOc2c1,502.15
22548,O=Cc1cc(ccc1O)OC,277.15
20629,O=C2NC(=O)C(F)=CN2C(=O)Nc1ccccc1,496.15
1115,CC(CO)(CO)C(=O)O,462.15
14143,CC(C)CCCCCCCCCCCCCCC,279.15
3466,CC(=O)c1cc(cc(c1)O)O,417.15
5145,c1cc(ccc1F)S(=O)(=O)Cl,310.15
13355,O=C(CO)c1ccccc1,279.15
2949,c1ccc2cc(ccc2c1)N=C=O,328.15
12531,ClCc1c(C)c(C)c(CCl)c(C)c1C,467.15
17828,OCCOCCOCCOCCCC,243.15
14452,CC(C(=O)O)c1ccc(CC(C)C)cc1,350.65
18510,O=C(OCC)c1c2CCN(Cc2sc1N)Cc3ccccc3,385.65
7388,CC(C(=O)O)O,291.15
20061,Cc1ccc(cc1)Oc2ccc(C)cc2,324.15
15365,Oc1cccc(c1C)C(=O)N[C@@H](CSc2ccccc2)[C@H](O)CN3C[C@H]4CCCC[C@H]4C[C@H]3C(=O)NC(C)(C)C,622.99
13858,Cc1cc(Br)c(C)cc1,283.15
8232,c1ccc2c(c1)C(=O)OC2(c3ccc(cc3)O)c4ccc(cc4)O,533.15
15492,COc1cc(cc(OC)c1OC)NCc2ccc3nc(N)nc(N)c3c2C,489.15
2538,CCOC1C=Cc2ccccc2N1C(=O)OCC,338.15
16712,O=C(Oc1cc(C)c(cc1)N(C)C)NC,366.65
5383,Cc1ccc(cc1[N+](=O)[O-])S(=O)(=O)Cl,308.15
19417,C(CCc1ccccc1)Cc2ccccc2,325.65
7624,Cc1ccc(cn1)C(=O)OC,307.15
9027,O=C1N(C(=N)c2ccccc21)c1[nH0][nH]c2[nH0]cccc21,527.15
7025,CCOC(=O)c1cnn(c1)c2ccccc2,371.15
15008,Oc1ccc(C[C@H](NC(C)=O)C(=O)O)cc1,422.15
14242,Clc1ccccc1/C=C(C#N)C#N,368.15
799,COc1ccc(cc1)n2cncn2,370.15
22158,Cc1ccc(cc1)S(=O)(=O)Nc2ccc3nn(nc3c2)C4CCCC4,399.15
427,C(CCCN=C=O)CCN=C=O,206.15
23385,O=C(Nc1ccc(OCC)cc1)C,410.65
14353,O=[N+]([O-])N1CN(CN(C1)[N+]([O-])=O)[N+]([O-])=O,478.15
15062,SCCCCCS,201.15
14628,Oc1c(cc(cc1O)C(C)(C)C)C(C)(C)C,369.15
15642,O=C(Nc1c(C)cccc1C)C2CCCCN2C,423.65
10730,O=C(NC1Cc2ccccc21)c1ccccc1,430.15
19265,CC1OC(C)OC(C)OC(C)O1,519.15
18901,Nc1ccncc1,431.65
22188,OC3C(C)=CC4C(=O)OC1CC(OC2(C1)CCC(C)C(C)O2)CC=C(C)CC(C)C=CC=C5COC3C45O,486.65
20016,OC(CO)COCCCCCCCCCCCCCCCC,337.15
16254,C1CC(CCC1)N2CCOCC2,325.65
11498,O=Nc1ccc(N=O)c(C)c1,410.15
7634,CO[C@H]1[C@@H]([C@H]([C@H]([C@H](O1)CO)O)O)O,450.15
3131,c1cc(ccc1C(=O)CCC(=O)O)F,374.15
10118,OC1(C)CCC2C3CCC4CC5(OCCO5)CCC4(C)C3CCC21C,466.15
232,CCCCCCCCCl,215.15
3037,c1ccc(cc1)c2cc(c3ccccc3n2)C(=O)O,488.15
9891,FC(F)(F)C(=O)C(=NNc1ccccc1)C(=O)OCC,354.15
18340,O=C4OC(=O)c1ccc2C(=O)OC(=O)c3ccc4c1c23,723.15
18134,Clc1cc(cc(Cl)c1N)[N+]([O-])=O,464.15
7825,CCN(CC)c1ccccc1,235.15
19241,CCc2cccc1CCCCc12,228.65
13734,O=C(C=C/C(=O)OCC)OCC,263.15
20646,NC(=O)c1ccccc1OCC(=O)O,494.15
7423,C(C(=O)O)S,262.15
20982,Clc1c(c(c(Cl)c(Cl)c1Cl)C(=O)OCC)C(=O)O,367.65
16472,Clc2c1Oc3c(Oc1c(Cl)c(Cl)c2Cl)c(Cl)c(Cl)c(Cl)c3Cl,603.15
14349,Nc1nc(N)nc(N)n1,618.15
19177,NCc2ccccc2Sc1ccccc1CO,370.15
22984,c1cccc4c1c2c(cc3c(c2)cccc3)C4,481.15
22933,C1=C(C=C(C(=C1Cl)Cl)Cl)Cl,324.65
5369,Cc1ccc(c(c1)[N+](=O)[O-])C#N,370.15
22062,O=S(=O)(c1csc(c1)S(=O)(N)=O)c2cc(O)ccc2,418.15
17206,NNc1ccc(Br)cc1,381.15
13898,OC(=O)c1c(Cl)cccc1Cl,417.15
12669,O=C(NC1CCCCC1)c1ccccc1,418.15
19705,Cc2c3ccccc3c1ccccc1c2C,417.15
13343,O=C(C)c1ccc(N)cc1,379.15
3157,B(c1cccc(c1)C(=O)OC)(O)O,409.15
6884,COC(=O)CC(=O)CC(=O)OC,290.15
12288,O=[N+]([O-])c1ccccc1c1oc(cc1)C=C1C(=O)OC(OC1=O)(C)C,426.15
7342,CC(C)C(=O)OC(=O)C(C)C,217.15
20528,O=C(N)c1c(F)cccc1F,419.65
13765,COc1c(Cl)cccc1Cl,283.15
7902,COc1ccc(cc1)NCc2ccccc2,322.15
9329,Sc1[nH0][nH0]c([nH0]1N=Cc1ccc2OCOc2c1)C(F)(F)F,494.15
6739,BBBBBBBBBB,374.15
12447,O=C1c2ccccc2C1=O,404.15
18417,CC(F)F,156.14999999999998
8216,c1(c(c(c(c(c1F)F)F)F)F)NN,349.15
10051,OC1CCC2(C)C3CCC4(C)CC(O)(CC4C3CCC2(C)C1)C(O)C,494.15
15539,FC(F)(F)C(F)(F)C(F)(F)F,125.54999999999998
20090,Oc2ccc(Nc1ccc(O)cc1)cc2,447.65
4412,c1cc(ccc1C(=O)c2ccc(cc2)O)O,496.15
2314,c1c(c(cc(c1F)F)Cl)C(=O)O,379.15
12834,S(CCC)c1ccc2[nH]c([nH0]c2c1)NC(=O)OC,481.15
10315,[P+]([O-])(Oc1ccccc1)(Oc1ccccc1)C(NC(=O)CCCCNC(=O)C12CC3CC(CC(C3)C2)C1)C,423.15
20878,CCOc1ccccc1F,256.45
2018,c1cc2c(cc1Cl)sc(n2)N,473.15
7412,C1=CC(=O)OC1=O,327.15
13631,O=C(CC(C)=O)c1ccccc1,332.15
21212,CC(C)(CCC(C)(C)OO)OO,378.15
15412,COc1cc2c(cc1)nccc2[C@H](O)[C@H]4C[C@@H]3CCN4C[C@@H]3C=C,447.15
15009,Nc1ccc2ccccc2c1,384.65
13766,Clc1c(OC)cccc1Cl,304.15
6673,c1ccc2c(c1)cc(c(=O)o2)C(=O)O,465.15
17786,c1cc2Nc3ccccc3C=Cc2cc1,471.15
9450,s1c2ccccc2[nH0]c1C(=NNc1cccc(c1)C(F)(F)F)C(=O)N,464.15
21659,CC1(OC1CC=C(C)C)C3C(OC)C(OC(=O)C=CC=CC=CC=CC(=O)O)CCC23CO2,467.65
3424,c1c(cc(cc1Cl)Cl)S(=O)(=O)Cl,305.15
16330,Oc4ccc1ccc2cccc3ccc4c1c23,453.15
12964,CC1CC=CCC1,158.14999999999998
12318,O=[N+]([O-])C1=CN(Cc2ccccc2)C(=O)C=C1,369.15
17103,O=C(O)CN(O)C=O,392.65
21063,OC(Cc1ccccc1)(c2ccccc2)c3ccccc3,362.65
14728,Nc2nc(N)ncc2Cc1cc(OC)c(OC)c(OC)c1,474.15
9617,s1cc([nH0]c1C(C#N)=Cc1ccc(OC)cc1)c1occc1,382.15
13542,COc1ccccc1[N+]([O-])=O,283.15
23181,o2c1ccccc1c3c2cccc3,355.15
4080,Cc1cc(ccc1[N+](=O)[O-])N,408.15
11640,FC(F)(F)C(F)(F)C(F)(F)C(F)(F)C(F)(F)C(F)(F)C(F)(F)C(F)(F)C(=O)Nc1ccc([N+](=O)[O-])cc1[N+](=O)[O-],398.15
4962,c1cc(ccc1C(=O)Cl)Cl,285.15
17391,O=C(O)Cc1ccc2ccccc2c1,415.15
19214,CC(N(C(=O)Cc1ccccc1)c2c(C)cccc2C)C(=O)OC,352.15
8209,C1CCCCCCCOC(=O)CCCCCC1,308.15
797,CCCc1ccc(cc1)C#Cc2ccc(cc2)OC,334.15
5467,c1cc(ccc1C#N)[N+](=O)[O-],418.15
1883,CC(=O)c1cnc2ccccc2n1,351.15
17151,OS(=O)(=O)c1ccccc1C(=O)O,414.15
19220,CC(=O)Nc1ccc2c3ccc(cc3Cc2c1)[N+]([O-])=O,535.65
2372,c1cc(c(cc1F)C(=O)O)Cl,421.15
8011,C1CCC(CC1)NCCO,309.15
1198,B(c1ccc(c(c1OC)OC)OC)(O)O,350.15
15499,Fc3ccccc3C2=NCC(=S)N(CC(F)(F)F)c1ccc(Cl)cc12,411.4
2793,Cc1nnc(s1)S,457.15
23017,CC(CC)CC,162.95
6167,Cc1cccc(n1)C=O,304.15
4094,Cc1c2ccccc2sc1CC(=O)O,422.15
19930,CCCCCC[SiH3],175.14999999999998
480,COc1cc(c(cc1F)OC)F,394.15
7126,CCOC(=O)c1cc2cc(ccc2[nH]1)Cl,441.15
11627,O=C1N(c2ccccc2)c2ccccc2c2[nH0]c(N)[nH0]c(C)c12,506.15
19193,CC(C)Oc1cccc(c1)NC(=O)c2ccccc2C(F)(F)F,377.65
18921,OC1C(OC(CO)C(O)C1O)OC2OC(CO)C(O)C(O)C2O,476.15
8261,c1ccc(cc1)[Si](Cl)(Cl)Cl,146.14999999999998
6939,CCCNCCC,210.15
17798,c3cccc4ccc2nc5ccc1ccccc1c5cc2c34,489.15
1331,CC1(O[C@@H]([C@H](O1)CO)CO)C,320.15
20864,O=C(O)C1=C(CC)N(N=CC1=O)c2ccc(Cl)cc2,542.15
19652,CC(C)(O)CCl,253.15
3305,CC(=O)c1ccc(c(c1)F)F,293.15
4355,c1cc(ccc1C(=O)O)C(F)(F)F,494.15
3104,Cc1ccc(cc1)C(=O)C=Cc2cccs2,352.15
21746,Oc1ccc(cc1O)C=3Oc4cc(OC2OC(CO)C(O)C(O)C2O)cc(O)c4C(=O)C=3O,521.15
20955,C=CC5CN1CCC5CC1C34Nc2ccccc2C4(O)CCO3,458.65
13190,CCc1ccc(O)cc1,320.15
13167,Cc1cc(C)c(C)cc1,229.15
20023,O=C(CCC(=O)O)c1ccccc1,391.15
1420,c1c(cc(c(c1F)O)Br)Br,305.15
5205,CC(=O)c1ccc(c(c1)[N+](=O)[O-])O,405.15
20282,Nc1cc(ccc1)C(=O)OC,312.15
1234,c1cc(c(nc1)N)N,385.15
22081,O=S(=O)(CCCO)c1ccc(cc1[N+]([O-])=O)S(N)(=O)=O,442.15
1709,c1cc(c(c(c1)Br)O)Br,328.15
9255,O=[N+]([O-])c1ccc(NN=CC=2CCCCC=2C#C)c([N+](=O)[O-])c1,463.15
430,C(CCCCl)CCCl,260.15
16271,Clc1cc(C)c(/N=C/N(C)C)cc1,308.15
16188,CCC(CC)COC(=O)CCCCC(=O)OCC(CC)CC,258.15
2328,c1cc(c(cc1F)Cl)C=O,335.15
227,Cc1cc(n(n1)C(=O)CC#N)C,393.15
13357,Oc1cc(CCC)ccc1,299.15
13980,OC(=O)c1ccc(Br)cc1,526.15
577,C(C(=O)CCl)Cl,317.15
4233,c1cnccc1CCO,282.15
684,c1ccc(c(c1)CCc2ccccc2C(F)(F)F)C(F)(F)F,348.15
6818,CCOC(=O)C#CC(=O)OCC,275.15
7750,c1ccc2c(c1)C(=O)N(C2=O)CCCBr,347.15
5220,c1cc(ccc1C=O)O,390.15
21871,S=P(OCC)(OCC)Oc2ccc\1c(OC(=O)/C=C/1C)c2,311.15
3785,CC(=O)Nc1ccc(c(c1)Cl)F,391.15
13449,O=C(C)c1ccccc1C#N,321.15
5794,c1cc(c(cc1Br)C=O)O,378.15
8953,CN3CC(c1ccccc1)c2cccc(N)c2C3,452.15
21486,Clc2cc(NC(=S)Nc1ccc(F)cc1)cc(Cl)c2,436.65
8751,C3CN=C(CN(Cc1ccccc1)c2ccccc2)N3,393.15
8988,COc2ccc(C=NNC(=O)c1ccncc1)cc2OC,462.15
14756,O=C2C=Cc3cc(O[C@@H]1O[C@H](CO)[C@@H](O)[C@H](O)[C@H]1O)c(O)cc3O2,478.15
10780,O=C1c2ccccc2C(=O)C2CC=3CC=CCC=3CC12,428.15
437,C1CCc2nnnn2CC1,333.15
6973,CC(C)(C)[Si](C(C)(C)C)(Cl)Cl,258.15
4182,CC(=O)C(C(=O)C)N=Nc1ccccc1,360.15
8494,Cn1c2c(c(=O)n(c1=O)C)n(cn2)CC(=O)O,543.15
22035,Nc1cc(ccc1S(=O)(=O)CCCO)S(N)(=O)=O,410.15
19904,Oc1cccnc1C(=O)N,468.15
6037,c1cc(ncc1c2ccnc(c2)Cl)Cl,495.15
6431,c1ccc2c(c1)cc(s2)C(=O)O,512.15
14990,Cc1cccc(c1)C(=O)N(CC)CC,228.15
16914,O=C(Nc1ccccc1)CCC,370.15
2758,COc1cccnc1I,332.15
22508,Fc1ccc(F)cc1,260.15
1654,CC(C)(CCC(C)(C)O)O,362.15
1292,Cc1ccc2c(c1)N(C(=O)CO2)CCC#N,403.15
17182,Clc1ccncc1,229.65
7855,CNC(=O)NC,375.15
21767,CCCCCCCCCCCCCOCC1CO1,274.85
591,c1ccc(cc1)C(=O)Oc2cccc(c2)OC(=O)c3ccccc3,391.15
19732,O=C(C)Oc1cc(ccc1OC(C)=O)OC(C)=O,372.15
21323,Cc1ccc(O)c(I)c1,308.15
5137,CC(=O)Nc1ccc(cc1)F,425.15
10584,O=C1N(C(=O)C2C(=NOC12)C(=O)c1occc1)c1cccc(C)c1,402.15
10413,s1c2sc(c(N)c2c(N)c1C#N)C(=O)OCC,535.15
1340,c1c(c(cc(c1Cl)Cl)Cl)S(=O)(=O)N,462.15
22311,O=C3C=C2C(=C(O)C(=O)C=1OC(C)(C)CCC=12)C(C)O3,503.15
10715,N#CC1(C=Cc2ccccc21)c1ccccc1,350.15
9470,O=[N+]([O-])c1ccc(cc1)C=Cc1[nH0]c2cc([N+](=O)[O-])ccc2[nH0]1c1ccc(C)cc1,540.15
12008,O=[N+]([O-])c1cccc(c1)c1oc(cc1)C=C1C(=O)NC(=O)NC1=O,553.15
23433,C1=CN=C(N=C1)NS(=O)(=O)C2=CC=C(C=C2)N,532.15
17161,OCCCCCCCO,295.65
22738,N#CCCN1N=C(NC1=S)c2ccc(OCCCC)cc2,387.7
16734,ClC(Cl)(Cl)c1cccc(Cl)n1,336.15
5697,c1cc(ncc1N)I,338.15
17366,CCC(=O)OCCCC,184.15
4979,c1cc(ccc1OCC(=O)O)Cl,432.15
4888,c1cc(c(cc1CBr)C(F)(F)F)Cl,311.15
1473,c1cc(c(cc1Cl)Cl)OCC(=O)NN,424.15
20220,C(CC1CCCCC1)C2CCCCC2,284.65
2847,COc1ccccc1OCC(=O)O,393.15
8370,c1cc2cccnc2c(c1)C=O,366.15
15535,OCC(=O)[C@]45OC(C)(C)O[C@@H]5C[C@@H]3[C@]4(C)C[C@H](O)[C@@]2(F)[C@H]3C[C@H](F)C1=CC(=O)C=C[C@@]12C,538.65
14937,O=C=N/C1CCCCC1,193.15
19199,Clc1cc2c(cc1)oc3c2c(Cl)c(Cl)c(Cl)c3Cl,451.15
14392,CCOc1ccc(cc1)C(C)(C)COCc3cc(Oc2ccccc2)ccc3,309.15
14885,O[C@@H](CO)[C@H](O)[C@H](O)CO,375.15
18515,O=S(C)(=O)c1cc(c(OC)cc1)C(=O)NCCN(CC)CC,397.15
16366,C(SSCc1ccco1)c2ccco2,283.15
4635,COc1cc(ccc1OCc2ccccc2)CC#N,342.15
20885,Cc1c(O)c(C)c(C)c(O)c1C,506.15
3540,Cc1c(ccc(n1)Br)Br,311.15
5876,COc1cc(cc(c1O)Cl)C(=O)O,518.15
13634,Oc1cc(Cl)c(Cl)cc1,340.15
2383,Cc1ccc(c(c1)N)Cl,305.15
22501,Clc1c([N+]([O-])=O)c(Cl)c(Cl)cc1Cl,372.65
5977,Cc1ccc2c(c1)no[n+]2[O-],370.15
1160,CC1=Nc2c3ccccc3ccc2C1(C)C,344.15
5955,COc1cccc2c1c(=O)cc(o2)c3ccccc3,403.15
8967,CC(CN2C(=O)c1cccnc1Nc3ccccc23)N(C)C,395.15
16686,O=C(COc1ccccc1)OC,518.15
6250,Cc1ccc2cccc(c2n1)Cl,340.15
14189,BrC(Br)C(Br)Br,273.15
2768,c1ccc(c(c1)CO)I,364.15
2634,c1cc(nc(c1)F)O,400.15
1573,c1(c(c(sc1Br)Br)[N+](=O)[O-])[N+](=O)[O-],409.15
10689,ClCc1c2CCc2c(C)c(CCl)c1C,365.15
21862,CC(C)(C)NC(=O)O,379.65
3951,COc1cccc(c1)F,238.15
14989,O=C(O)CN(CCN(CC(=O)O)CC(=O)O)CCN(CC(=O)O)CC(=O)O,493.15
18610,O=C1CCC5(O)C2Cc4ccc(O)c3OC1C5(CCN2C)c34,521.65
3367,c1c(c(c(c(c1Cl)Cl)C(=O)O)O)Cl,483.15
21474,O=C2NC(=S)NC(=O)C2(CC=C)C1C=CCCC1,422.15
1329,CC1([C@]2([C@@]1([C@@H](O[C@@H]2CO)n3ccc(=O)[nH]c3=O)O)O)C,439.15
14023,O=C(C)Oc2ccccc2c1ccccc1,338.15
3916,c1cc(c(cc1C#N)F)O,407.15
3772,Cc1c(cccc1Cl)OC,270.15
5484,c1cc(ccc1[N+](=O)[O-])OCC(=O)NN,462.15
6081,c1cc2c(cc1Br)cc(c(=O)o2)C(=O)O,468.15
21349,O=C(/C=C/C=C/c1ccc2OCOc2c1)N3CCCCC3,404.65
1050,c1ccc(c(c1)OC(F)(F)F)S(=O)(=O)N,462.15
11542,Nc1ccc2cc(N)ccc2c1,486.15
10078,BrC1C(O)C2C3CCC(C(C)CCC(=O)OCC)C3(C)C(OC(=O)C)CC2C2(C)CCC(OC(=O)C)CC12,439.15
623,COc1cc(c(c(c1)OC)[N+](=O)[O-])OC,425.15
8009,C1CC(=O)N(C1=O)Cl,421.15
3885,CCOc1cccc(c1)C(=O)N,412.15
9531,O=C1c2ccccc2C(=O)C1=C1Nc2ccc(cc2C=C1)c1ccc(C)cc1,515.15
23368,Clc1c(c(Cl)cc(O)c1O)c2c(Cl)cc(Cl)cc2Cl,386.15
9292,Clc1ccc(cc1)C=NC1Nc2ccccc2N1,428.15
14131,Brc1ccc(Br)c(N)c1,324.15
3080,c1ccc2c(c1)cccc2/C=C/C(=O)O,484.15
12510,O=C(OC)NN,345.15
11986,O=C(OCC)C(C#N)=Cc1oc(cc1)c1ccc(C)cc1,397.15
1501,COc1cc(ccc1O)/C=C/C(=O)c2ccccc2O,401.15
4995,C[C@H](CCCC(C)C)[C@H]1CC[C@@H]2[C@@]1(CC[C@H]3[C@H]2CCC4=CC(=O)CC[C@]34C)C,353.15
9781,O=[N+]([O-])c1cc([N+](=O)[O-])c(cc1C)C=Cc1ccccc1N,448.15
15736,NC1=NC(=O)N(C=C1)[C@@H]2O[C@H](CO)[C@@H](O)[C@@H]2O,485.65
15655,Oc5ccc1C[C@H]2N(C)CC[C@@]34c1c5O[C@H]4[C@@H](O)CC[C@@H]23,430.15
13855,CC(C)CCCCCCCCCC,247.15
11750,O=C(OC1CCC2(C)C(=CCC3C4CCC(=CC)C4(C)CCC32)C1)C,410.15
16239,O=P(O)(OCCCCCCCCCCCC)OCCCCCCCCCCCC,332.15
20745,OC1CCC(O)C1,304.15
16605,Oc1ccc(C=O)cc1Cl,412.15
7770,COc1ccc(cc1)c2ccc(cc2)S(=O)(=O)NCCC(=O)O,463.15
2532,CN(C)c1ccccc1c2ccccc2P(C3CCCCC3)C4CCCCC4,396.15
8708,COc1ccc(cc1OC)C=O,317.15
19536,FC(F)(F)Oc1ccc(cc1)C(=O)O,425.15
1100,CC(C)C(C(C)(C)COC(=O)C(C)C)O,223.15
10323,S(C)c1[nH0][nH0](c(N)c1C(=O)OCC)C(=O)c1ccc(OC)cc1,433.15
22559,O=C(C)c1ccc(C)cc1O,294.15
3235,c1c(cc(c(c1F)F)F)N,333.15
17441,C[Si]1(C)O[Si](C)(C)O[Si](C)(C)O[Si](C)(C)O[Si](C)(C)O[Si](C)(C)O[Si](C)(C)O[Si](C)(C)O1,304.65
17348,CNO,360.65
1388,CC(=O)c1c(cc(cc1OC)OC)OC,376.15
4722,c1cc(c(cc1Br)F)CO,305.15
12200,O=C1NC(C)=C(C(=O)C)C(N1)c1ccccc1,511.15
6112,c1c(c(cc2c1OCO2)Cl)CO,343.15
4238,c1cc(ccc1c2nccs2)O,437.15
7978,CC(C)(C)OC(=O)N1CCC[C@H]1CO,334.15
6435,c1ccc2c(c1)c(cs2)CC#N,337.15
21943,CCc1cc2cc(O)c(O)cc2cc1,422.15
5266,c1cc(ccc1OCC(=O)O)I,430.15
7032,CCOC(=O)c1c(csc1N)c2ccc(cc2)C,379.15
16895,CCC(=O)NC,242.25
22769,O=C1C(=CC=NN1)C,427.0
15877,CC(C)Oc1ccccc1OC(=O)NC,364.65
1472,c1cc(c(cc1Cl)Cl)OCC(=O)O,411.15
16581,Clc1cc(ccc1OP(=S)(OC)OC)[N+]([O-])=O,325.65
18955,O=C(O)C(=C)CC(=O)O,448.15
16313,O=C(CCCCCC)OCCCC,205.65
4522,CC(=O)C(C)(CCC(=O)O)CCC(=O)O,396.15
18367,ClCC(N)=O,394.15
849,CC(C)c1cc(c(c(c1)C(C)C)S(=O)(=O)n2cncn2)C(C)C,384.15
15133,O=P(OCCCCCCCC)(OCCCCCCCC)OCCCCCCCC,199.15
16429,CN(C)CC(C)CN2c1ccccc1S(=O)(=O)c3ccccc23,388.15
12124,S(Cc1ccccc1)C(SCc1ccccc1)=C(C#N)C#N,355.15
13676,O=[N+]([O-])c1ccc(cc1)C(N)=O,474.15
17840,C[Si](C)(C)O[Si](C)(C)O[Si](C)(C)O[Si](C)(C)C,197.15
14151,Ic1ccc(cc1)C(=O)OC,388.15
2210,c1ccc(c(c1)CO)Br,353.15
19801,O=C1OC(=O)c2c1c(I)c(I)c(I)c2I,600.65
21869,COc1ccc2C[C@@H]3[C@@H]5C=C[C@H](O)[C@@H]4Oc1c2[C@@]45CC[N+]3(C)[O-],504.65
20154,COc1ccc(/N=C=S)cc1,291.15
3202,Cc1cc(cc(c1)c2cc(cc(c2)C)C)C,321.15
5607,c1c(cc(cc1Cl)Cl)c2[nH]nnn2,480.15
17007,COC1CCCCC1,198.75
22286,O=C(OCCCC)C(=O)C4C(C)CC3C2CC(F)C1=CC(=O)C=CC1(C)C2C(O)CC34C,468.25
20804,OCC1CCCNC1,334.15
1284,c1cc(c(c(c1)F)F)C(=O)N,389.15
11616,Clc1cc(c([N+](=O)[O-])cc1[N+](=O)[O-])C1C(=O)c2ccccc2C1=O,458.15
8606,CCOP(OCC)OCC,161.14999999999998
3593,c1ccc2cc(c(cc2c1)N)O,508.15
17382,O=C2CC(OC(=O)C1C(/C=C(C)C)C1(C)C)C(C)=C2CC=C,277.15
14717,CC(C)CC(C)O,183.15
19836,FCC(F)(F)C(F)F,191.15
15683,Nc1ccc(cc1)S(=O)(=O)c2ccc(N)cc2,448.65
12714,N(C)(C)c1ccc(cc1)c1ccc(N(C)C)cc1,467.15
3271,c1cnc(c(c1Br)Br)F,349.15
4717,B(c1ccc(cc1F)Br)(O)O,513.15
10286,Clc1[nH0]c(c[nH0]c1C(C)(C)C)C(=O)Nc1cc(cc(c1)C(F)(F)F)C(F)(F)F,372.15
1004,c1ccc(c(c1)C(=O)O)OC(F)F,372.15
18774,Oc1ccc(CC(C)(N)C(=O)O)cc1,585.65
16793,Clc1ccc(Cl)nc1C(=O)O,424.15
19249,Brc2cccc1Oc3c(Oc12)cccc3Br,480.15
10532,Clc1ccc(cc1)C1C(=C(OC(C)=C1C(=O)OCC)N)c1sc2ccccc2[nH0]1,462.15
8457,C(=C(Cl)Cl)(Cl)Cl,251.15
11073,Ic1cc2c3c(oc2c(I)c1)CCC(C)(c1cc(oc31)C)c1ccccc1,448.15
13552,C1CCCCCCCCCC1,266.15
20731,C1CC3C4CCCCC4CCC3C2CCCCC12,388.15
6034,CSc1c2c([nH]cn2)ncn1,495.15
12376,O=Cc1c(OC)cc(OC)cc1C,338.15
15793,Clc2ccc(C)c(Cl)c2Nc1ccccc1C(=O)O,530.15
19267,CCCCC(CO)(CO)CC,316.95
6212,CCOc1ccc2ccc(=O)oc2c1,363.15
18751,CCOc1ccccc1C(N)=O,406.15
18995,O=C=O,216.65
3542,c1cc(nnc1Cl)Cl,341.15
13671,Oc1ccc(OCCCC)cc1,338.15
253,c1ccc(c(c1)Cl)I,274.15
6010,c1cc(c(cc1[N+](=O)[O-])C(=O)O)O,505.15
23387,C1=CC=C2C(=C1)C=CC3=CC=CC=C32,374.15
9340,O=C(O)C=C(C)c1ccc(OC)cc1OC,422.15
2142,Cc1ccc(c(c1)Br)C=O,308.15
6092,Cc1ccc(c(c1F)C(=O)N)Cl,424.15
6403,c1ccc(cc1)C(Cl)Cl,257.15
22936,C1=C(C(=CC(=C1Br)Br)Br)Br,455.15
7632,COC(=O)c1cc2ccccc2s1,343.15
1728,c1c(cc(c(c1Cl)N)Cl)[N+](=O)[O-],462.15
9274,O=C1C(C=NO)=C(C)C=CC1C(C)C,419.15
1671,Cc1ccc(s1)C,210.15
21991,NS(=O)(=O)c1cc2C(=O)CCS(=O)(=O)c2s1,515.65
15852,CN3[C@H]1CC[C@@H]3[C@H]([C@H](C1)OC(=O)c2ccccc2)C(=O)OC,371.15
13989,ClC(c1ccccc1)c2ccccc2,289.15
11441,BrC(c1ccccc1)C(=O)c1cccc2ccccc21,337.15
17394,CCOc1ccccc1NC(C)=O,352.15
9695,O=[N+]([O-])c1ccc(cc1)C=CC1OC(=O)c2ccccc2C1,454.15
1971,c1cc(ncc1C(F)(F)F)N,320.15
20526,Cc1cc(c(C)cc1O)C(C)(C)C,344.35
17363,CC(C)(C)CC(C)=O,209.15
14267,O=C(O)/C=CC(=O)O,411.15
11990,O=C(OCC)C(C#N)=Cc1ccc(O)cc1,445.15
13055,Nc1cccc(N)c1,338.15
16465,Clc1cc(cc(Cl)c1O)C(=O)O,538.15
7807,CN(C)CN(C)C,218.15
694,c1ccc(c(c1)[N+](=O)[O-])OCCOc2ccccc2[N+](=O)[O-],442.15
5729,c1cc(cnc1)c2ccc(cn2)Br,350.15
23026,Cc1cc(C=O)cc(C)c1,282.15
12047,S=C(Nc1ccccc1)c1ccc(OC)cc1,430.15
20985,[O-][N+](=O)N/C(=NCC1CCOC1)NC,380.65
14854,Cl[Si](Cl)(c1ccccc1)c2ccccc2,251.15
20089,Cc1cc(ccc1O)C(C)C,281.75
14740,CCc1cnc(C)cc1,202.15
22981,C1=CC(=C(C=C1Cl)C2=C(C=CC(=C2)Cl)Cl)Cl,360.15
2284,COc1ccc(c(c1OC)Cl)/C=C/C(=O)O,468.15
19680,O=C(Nc1c(C)cccc1C)C2=CC=CNC2=O,539.65
15912,c1cc(ccc1c2ccccc2)C(c3ccccc3)n4ccnc4,415.15
3094,c1cc(oc1)/C=C/C=O,324.15
1677,CC(C)(C)c1cc(c(cc1O)C(C)(C)C)O,489.15
7364,CC(C)OC(=O)CC(=O)C,246.15
2114,c1cc(c(nc1)Br)[N+](=O)[O-],397.15
22162,FC(F)(F)c2cc(cc(c2Nc1ncc(Cl)cc1Cl)[N+]([O-])=O)[N+]([O-])=O,378.15
2273,c1cc(c(c(c1)C(F)(F)F)Cl)C=O,317.15
18593,OC(CNC)c1cc(O)ccc1,443.65
21987,NS(=O)(=O)c1ccc(SCCCCO)cc1,374.15
3244,CC(=O)c1cc(c(c(c1)OC)OC)OC,354.15
19234,Clc2cc(ccc2Oc1cc(C(=O)OCC(=O)OCC)c(cc1)[N+]([O-])=O)C(F)(F)F,338.15
6182,Cn1c2c(cc(n2CCCOC)C(=O)O)c(=O)n(c1=O)C,439.15
11292,O=C1Nc2cc(ccc2C1)CC(=O)O,511.15
5041,Cc1ccc(cc1)/N=N/c2ccc(cc2)N(C)C,439.15
4817,c1cc(ccc1N=C=S)Br,331.15
15252,CN(C)CCC=C1c3ccccc3OCc2ccccc12,458.15
10632,Clc1ccc(c(Cl)c1)C1c2c(OC(N)=C1C#N)[nH][nH0]c2C(F)(F)F,472.15
3563,CC(=O)/C=C/C(=O)O,397.15
16046,O=C(C)Nc1cccc(c1)[N+]([O-])=O,428.15
14927,NC(=S)NN,456.15
15780,O=C(O)[C@@H](N)CS,513.15
20593,FC(F)(F)c2nc(Cl)sc2C(=O)OCc1ccccc1,325.15
6176,c1cc2c(cc1[N+](=O)[O-])NCC2,341.15
9954,O=C1CCC2C3C(CCC12C)C1(C)CCC(O)(C#C)CC1CC13OCCO1,581.15
16596,Clc1cc(C)cc(Cl)c1O,312.15
6312,CC(=O)OC[C@@H]1[C@H]([C@@H]([C@H]([C@H](O1)Br)OC(=O)C)OC(=O)C)OC(=O)C,360.15
12555,O=C(NCCO)c1cc(cc(OC)c1O)CC=C,368.15
9988,OC1C=C2CCC3C4CCC(OCCC)C4(C)CCC3C2(C)CC1,398.15
22378,ClC(=O)c1ccco1,271.15
12103,O=C1OC(=NC1=Cc1oc(C)cc1)c1ccccc1,433.15
11532,O=C(N1CCc2cc3N(CCc3cc12)C(=O)c1ccccc1)c1ccccc1,567.15
7743,C(CNCCO)N,245.15
12004,S=C1SC(=Cc2ccc([N+](=O)[O-])cc2)C(=O)N1CN1CCCCC1,433.15
656,c1ccc2c(c1)CCC=C2,265.15
10827,O=C1c2cccc(OC)c2C1=O,392.15
10383,S1C=C(SC1=C1C(=O)NN(c2ccccc2)C1=O)c1ccccc1,562.15
6684,c1(nc(nc(n1)F)F)F,235.15
13740,COc1cc(cc(Cl)c1)OC,307.15
20962,O=C(C)OCN1C(=O)C(NC1=O)(c2ccccc2)c3ccccc3,431.25
8186,Cc1ccccc1N,249.15
19422,Br/C(Br)=C(/Br)Br,329.65
16752,Cc1cccc(N)n1,314.15
3231,c1c(c(c(cn1)Cl)Cl)Cl,345.15
11631,FC(F)(F)C(C(=O)Nc1ccc([N+](=O)[O-])cc1[N+](=O)[O-])(C(F)(F)F)C(F)(F)F,437.15
20759,O=C1CCC24CCCN3CCCC1C34CC(C)C2,387.65
2484,c1ccc(c(c1)O)Cl,281.15
13034,CC(S)CCC,161.14999999999998
20589,O=C1C(=NN=C(SCC)N1N)C(C)(C)C,368.15
14957,S=C=S,161.14999999999998
7205,B(CC)(O)O,359.15
19827,Fc1c(c(F)c(F)c(F)c1F)C(N)=O,420.15
5967,Cc1ccc(c(c1)N)[N+](=O)[O-],381.15
20196,C#CC(C)(C)N,291.15
13071,Oc1ccccc1O,378.15
952,c1cc(ccc1CCO)N,382.15
16871,Oc1cc(C)ccc1CCCCC,297.15
9361,O=C1N(N=C(C)C1=NNc1ccc(cc1)C(=O)O)CN1CCOCC1,461.15
14190,BrC(Br)(CBr)CBr,284.15
5664,COc1cc2c(ccc(=O)o2)c(c1)OC,421.15
21735,ClC(=C/c1ccccc1)c2ccccc2,326.65
7028,CCOC(=O)c1c(cc(nc1O)C)O,485.15
19141,CCC(C(=O)O)c1ccc(cc1)CC(C)C,325.15
3409,Cc1ccc(c(c1)C)C(=O)c2cc(cc(c2)Cl)Cl,330.15
18115,N(C(Nc1ccccc1)=N/c2ccccc2)c3ccccc3,419.65
4775,Cc1cc(ccc1Br)C(=O)Cl,299.15
9910,O=C1N(N=C(C)C1=NNc1ccc(cc1)C(=O)O)c1ccccc1,587.15
23324,NCCCCCCCC,273.15
7192,CCOC(=O)C(=O)C,215.15
20345,Cc2ccccc2NCc1ccccc1,333.15
14856,C=1CC3C(C=1)[C@H]2C=C[C@@H]3C2,305.65
15394,C[C@@H]4CC1=CC(=O)CC[C@]1(C)[C@H]3CC[C@@]2(C)[C@@H](CC[C@]2(C)O)[C@@H]34,437.15
18640,Clc2ccccc2C(C(Cl)Cl)c1ccc(Cl)cc1,350.15
1461,c1cc(c(cc1Cl)Cl)S(=O)(=O)Cl,327.15
9024,O=C1CC(O)C(C=CC(O)CC(C)CCCC)C1CCCCC=CC(=O)O,370.15
14219,Oc1ccc(cc1OC)/C=C/C(=O)CC(=O)/C=C/c2ccc(O)c(OC)c2,453.15
7953,CC(C)(C)OC(=O)NCCC(=O)O,348.15
7759,c1ccc2c(c1)C(=O)N(C2=O)CCCCBr,352.15
8634,C1COC1,176.14999999999998
21316,O=C(O)C(Cc1ccccc1)NC(=O)c3ccc2CC(C)OC(=O)c2c3O,494.15
20522,Cc1cc(cc(C)c1)c2ccccc2,295.65
17171,O=C(CCCCCCCCCC)OCC,258.15
5152,c1cc(ccc1CO)F,296.15
1146,CCCCC(CCCC)(CO)CO,313.15
1937,CC(=O)c1cc(c(cc1N)OC)OC,379.15
16660,Brc2c1Oc3c(Oc1c(Br)c(Br)c2Cl)c(Br)c(Cl)c(Br)c3Br,658.15
21098,OC4CC5(O)CCC1C(C(O)CC2(C)C(CCC12O)C3=CC(=O)OC3)C5(CO)C(O)C4,509.65
12076,FC(F)(F)C=1[nH0]2[nH0]c(cc2N=C(C)C=1)c1ccc(OC)cc1,440.15
20580,CC(C)(C)C(O)C(Oc1ccc(cc1)c2ccccc2)n3cncn3,400.15
18189,Clc1cc(C)c(OCC(=O)O)cc1,393.15
19205,O=C(O)COc1nc(F)c(Cl)c(N)c1Cl,505.15
5914,c1cc2c(cc1F)c(c[nH]2)C=O,437.15
456,c1ccc2c(c1)C(=O)C=CC2=O,395.15
14276,CC(=O)C(/C)=NO,348.15
20137,O=C1OC(=O)CC1=C,342.15
5397,Cc1ccc(cc1)CO,332.15
17411,Cc2cccc1cc(C)ccc12,256.25
3858,c1cc(c(nc1)F)C#N,302.15
96,c1ccc2c(c1)cccc2CC(=O)N,450.15
11699,O=C1NC(C)=C(C(=O)OCC(C)C)C(N1)c1ccc2OCOc2c1,451.15
3130,CCc1ccc(cc1)C(=O)CCC(=O)O,366.15
8015,CCCCCCCCCC[Si](OC)(OC)OC,236.15
10666,O=C(Oc1cc(C)ccc1C1(Oc2cc(C)ccc2C(C)(C)C1)C)C,375.15
6780,c1ccc(cc1)COC(=O)c2cc(cc(c2)N)C(=O)OCc3ccccc3,390.15
12123,Brc1ccc(cc1)c1oc(cc1)C=C(C#N)C(=O)OCC,440.15
6618,COc1ccc(cc1)P(c2ccc(cc2)OC)Cl,336.15
2627,c1cc(c(cc1[N+](=O)[O-])C(=O)O)F,416.15
3773,Cc1c(cccc1Cl)S(=O)(=O)Cl,344.15
10559,Clc1ccccc1C(O)C1C(=O)N(N=C1C(F)(F)F)c1ccccc1,524.15
2239,c1cc(c(cc1C(=O)O)Br)C(=O)O,572.15
3663,Cc1c(c(sc1c2ccccc2)C)Br,307.15
18744,CC1(CC)CC(=O)NC1=O,338.15
544,C(CO)CO,247.15
19740,O=C(OCC)c1cccnc1,281.65
9399,O=C(N)NN=C1CC(C)c2ccc(C)cc21,500.15
11219,O=C(O)C1CC=C(OC1(C)C)C(C)(c1ccccc1)c1ccccc1,418.15
5138,CC(=O)c1ccc(cc1)F,277.15
21473,O=C1NC(=S)NC(=O)C1(CC(=C)C)CC,433.65
2389,c1cc(c(cc1[N+](=O)[O-])C#N)Cl,379.15
19946,O=C(O)c1ccc2CCCCc2c1,428.65
15376,CN1C2CCC1[C@@H](C(=O)OC)[C@H](C2)OC(=O)c3ccccc3,468.15
22339,O=C2C(Cl)CC1C3CCc4cc(OC)ccc4C3CCC12C,452.65
17287,Cc1ccccc1N(C)C,213.15
10583,Brc1ccc(N2C(=O)C3ON=C(C(=O)c4occc4)C3C2=O)cc1,449.15
3082,c1cc(cc(c1)O)N2CCNCC2,480.15
14786,O[C@H]1[C@H](O)[C@@H](CO)O[C@H](O)[C@@H]1O,427.65
20571,NC(=O)C1CO1,306.15
13657,Nc1ccc(cc1)C(=O)OCC,362.15
20938,CCCCCC#CCO,255.15
12255,O=C(OC)c1[nH0][nH0](CN(C[nH0]2[nH0]c(cc2C)C(=O)OC)c2ccccc2)c(C)c1,398.15
13348,CC2(C)C1CC=C(C)C2C1,211.15
18490,O=C(O)CCC(C)C1CCC2C3C(CCC12C)C4(C)CCC(O)CC4CC3O,476.15
5591,c1ccc(cc1)C(c2ccccc2)(c3ccccc3)c4ccc(cc4)O,554.15
20126,Brc1ccc(N=N#N)cc1,293.15
1663,Cc1ccc(o1)C,211.15
2901,Cc1ccc2c(c1)C(=O)c3ccccc3C2=O,445.15
4099,Cc1cccc(c1)c2ccccc2,278.15
4268,c1cc(ncc1I)N2CCOCC2,406.15
15975,CC(=O)OCC(O)CO,195.15
22895,COC1=CC=C(C=C1)C(\C=C\C2=CC=C(C=C2)OC)=O,368.15
10732,O=C(O)C1Cc2ccc(OC)cc21,366.15
10660,O=[N+]([O-])c1cccc(c1)c1ccc(cc1)C(=O)O,587.15
734,c1cc(c(c(c1F)F)F)F,231.15
19685,CC(=O)NC(N)=O,491.15
8127,C#CCN1C(=O)c2ccccc2C1=O,423.15
6883,COC(=O)c1cc(cc(c1)[N+](=O)[O-])C(=O)OC,395.15
4535,Cc1c(c(n(n1)C)C)N,375.15
13664,C1CC(CCC1)C2CCCCC2,277.15
10546,Clc1ccc(N=Nc2c3N=C(C)C=C([nH0]3[nH0]c2N)C(F)(F)F)cc1,524.15
15597,CC(=O)[C@H]3CC[C@H]2[C@@H]4CCC1=CC(=O)CC[C@]1(C)[C@H]4CC[C@@]23C,394.15
12674,[nH0]1cc2ccccc2cc1C,336.15
2397,c1cc(c(c(c1)Cl)CC(=O)O)C(F)(F)F,424.15
8899,CCCC(C)C1(C=C)C(=O)NC(=O)NC1=O,363.15
4184,c1ccc(cc1)C(CC(=O)O)CC(=O)O,415.15
20008,NS(=O)(=O)c1cc(Cl)c(cc1)N2C(=O)CC(C2=O)c3ccccc3,479.15
2576,c1cc(c(c(c1)C(F)(F)F)F)C(=O)O,400.15
2373,c1cc(c(cc1F)C#N)Cl,357.15
18839,Clc1ccc(C)cc1OCC(O)CNC(C)(C)C,494.15
6633,C[C@H](CCCC(C)C)[C@H]1CC[C@@H]2[C@@]1(CC[C@H]3[C@H]2CC=C4[C@@]3(CC[C@@H](C4)O)C)C,422.15
19277,CC2(C)C1CC2C(O)C=C1C,297.15
23388,O=Cc2cc3c(c1c2cccc1)cccc3,374.65
1773,COc1cc(c(c(c1)F)CBr)F,318.15
19458,CN(C)c1ccc2nc(C)ccc2c1,374.15
9473,O=[N+]([O-])CC=NNC(=O)N,633.15
16096,COc2c4ccoc4cc3OC(COC1OC(CO)C(O)C(O)C1O)=CC(=O)c23,452.15
23241,Cl\C1=C(/Cl)C2(Cl)C(Cl)(Cl)C1(Cl)C4C2C3OC3C4Cl,433.15
5640,c1ccc2c(c1)c3c([nH]2)CCCCC3,418.15
11236,O=C(N1c2ccccc2CCC1CCc1ccc(N(C)C)cc1)c1ccccc1,394.15
9001,O=[N+]([O-])C=1C=CC=2C(=NC(=C3C=CC(C=C3)=C3N=C4C=C([N+](=O)[O-])C=CC4=C3OC(=O)C)C=2OC(=O)C)C=1,553.15
9287,Clc1c(Cl)c(Cl)c2C(=O)c3cc(ccc3C(=O)c2c1Cl)C=NO,508.15
2515,Cc1ccc(cc1)c2ccccc2C#N,324.15
18824,OC(=O)C2N3C(=O)C(NC(=O)C1(N)CCCCC1)C3SC2(C)C,455.65
4262,c1cc(ccc1Cc2ccncc2)[N+](=O)[O-],344.15
17911,Cc3cccc(C)c3OP(=O)(Oc1c(C)cccc1C)Oc2c(C)cccc2C,410.95
22505,Brc1c(C)cc(C)c(Br)c1C,338.65
415,c1cc2cccc(c2c(c1)N)N,336.15
13783,O=C(C)Oc1cc(ccc1)C(N)=O,413.15
5013,c1ccc(cc1)C2(CCC(=O)CC2)C#N,388.15
7768,c1cc(ccc1NC(=O)/C=CC(=O)O)I,467.15
5778,c1c[nH]c2c1cc(cc2[N+](=O)[O-])Br,486.15
7188,CCOC(=O)C#C,282.15
17843,CCCCOCCOCCOC(=O)CCCCC(=O)OCCOCCOCCCC,226.15
3695,COc1ccc(cc1Br)CC#N,325.15
710,C(CO)C(CO)O,253.15
19232,Clc1c(c(c(Cl)c(Cl)c1Cl)C(=O)O)C(=O)Nc2cccc(Cl)c2Cl,471.65
11720,S=C1NC(C)=C(C(=O)OC)C(N1)c1cccc([N+](=O)[O-])c1,520.15
4503,c1cc(ccc1C(F)(F)F)NC(=S)NN,440.15
14110,CCCCCCCCCCCCCCCC#C,295.15
20906,CN(C)c1ccc(CO)cc1,342.15
9441,Clc1ccc(NN=C2C(=O)N(N=C2C)CN2CCCCC2)c(Cl)c1,396.15
22816,O=C1c3c(OC(=C1C)c2ccc(OC)c(OC)c2)c(c(OC)cc3OC)C,490.5
14406,ClCCN=C=O,408.15
18316,COc1c(cc(c(C)c1[N+]([O-])=O)[N+]([O-])=O)C(C)(C)C,358.15
12017,O=C1c2ccccc2CC1=Cc1ccccc1,383.15
1495,c1ccc(c(c1)C(=O)c2ccc(cc2)F)F,296.15
16070,O=C2OC(=NN2c1cc(OC(C)C)c(Cl)cc1Cl)C(C)(C)C,363.15
19444,O=C1c2ccccc2OC=C1C,341.15
6249,c1cc2cccc(c2c(c1)C(=O)N)C(=O)O,541.15
9433,S1C(=NNc2ccccc2)N(N=C1C(=O)c1cccc([N+](=O)[O-])c1)c1ccccc1,458.15
16425,O=C(O)C1CCC1,271.15
4091,CC(CCC(=O)O)CC(=O)O,373.15
19037,Clc1cc(cc(Cl)c1)N2C(=O)C3(C)CC3(C)C2=O,439.15
2888,Cc1ccc(cc1C(=O)O)[N+](=O)[O-],452.15
4928,c1cc(ccc1C(=O)CCCCl)F,279.15
12299,O=C1C=C2CCCC(OC(=O)C)C2(C)CC1,363.15
7209,C(CO)O,260.15
1523,COc1ccc(c(c1)OC)N=C=O,305.15
21632,CC=C/C,134.24999999999997
15056,Brc1c(O)c(Br)c(Br)c(Br)c1Br,503.15
7249,C(CC#N)CC#N,244.15
5206,c1cc(c(cc1C=O)[N+](=O)[O-])O,415.15
1241,C(C(C(=O)N)Br)Br,406.15
1406,c1ccnc(c1)c2ccncc2,334.15
3319,C1CC=COC1,203.15
15829,CC(C)CC(=O)O[C@@H]1[C@](C)(O)C[C@@H](O[C@H]1C)O[C@@H]3[C@@H](C)O[C@@H](O[C@@H]2[C@@H](OC)[C@H](OC(C)=O)CC(=O)O[C@H](C)CC=CC=C[C@H](O)[C@H](C)C[C@@H]2CC=O)[C@H](O)[C@H]3N(C)C,404.65
21385,S=C(Nc1ccccc1C)Nc2ccccc2C,431.15
916,C[C@@]12CC[C@@H](C1(C)C)C(=O)C2=O,473.15
527,c1cc2c(cc1C=O)OCCO2,323.15
17718,FC(F)C(Cl)(F)F,156.14999999999998
17252,Oc1ccccc1CC(=O)O,421.15
14204,[2H]C([2H])([2H])[2H],90.14999999999998
19804,COC(=O)c1cc(c(cc1C(=O)OC)C(=O)OC)C(=O)OC,417.15
23094,c4cc2ccc1ccc(N)c3c1c2c(cc3)c4,389.15
16569,O=C(OCC)c1ccccn1,274.15
2819,COc1cc(ccc1N=C=S)[N+](=O)[O-],381.15
11136,O=C1OC(C(=O)O)C2(C)CCC1C2(C)C,474.15
16251,CCCCCCCCCCCCCCCCCCCCCC1CCCC1,315.15
22893,OC1=CC=CC(=C1)C(\C=C\C2=C(C=CC=C2)[N+](=O)[O-])=O,461.15
9697,O=C1OC(C=Cc2ccccc2)Cc2ccccc12,357.15
22331,Oc2ccccc2/C=N/CCN=C/c1ccccc1O,400.65
6264,c1ccc2c(c1)c(=O)c3ccccc3[nH]2,634.15
15658,Fc4ccccc4C2=NCc1cnc(C)n1c3ccc(Cl)cc23,432.15
3012,c1ccc(cc1)OCCO,285.15
20316,CC=1CCC(C(C)C)C(=O)C=1O,356.15
12419,OC1(CCCCC1)C1(O)CCCCC1,400.15
14861,CC(C)SC(C)C,167.14999999999998
9678,O=C(C=Cc1oc(cc1)c1ccccc1)c1ccccc1,353.15
14526,ClC1=CC(=NCl)C=C(Cl)C1=O,340.15
18388,[O-][N+](=O)C(C)(CO)CO,423.25
6107,c1cc2c(cc1Cl)C(=O)CCO2,375.15
13424,COc1ccc(Cl)cc1,255.15
11204,O=C(Oc1ccc(C)cc1)C(C)(c1ccccc1)c1ccccc1,384.15
774,Cc1ccc(cc1)S(=O)(=O)n2cccc2,374.15
19381,Clc4ccc5Sc1ccccc1N(CCCN2CCC3(CC2)NC(=O)CS3)c5c4,428.15
1631,CC(=O)c1cc(ccc1O)O,479.15
16238,[O-][N+](=O)N1CCCCC1,267.65
13488,O=[N+]([O-])c1ccc(C=C)cc1,302.15
6429,c1ccc2c(c1)cc(s2)C=O,304.15
18667,CC(=O)NCC1OC(=O)N(C1)c2cc(F)c(cc2)N3CCOCC3,455.15
17666,CCCC1CCCCN1,271.15
8661,c1ccc(cc1)C(c2ccccc2)(c3ccccc3)S,379.15
2750,c1ccc2c(c1)CC(=O)C2,327.15
20156,Oc1ccc(Br)cc1CO,386.15
16186,Cl[SiH](Cl)Cl,146.64999999999998
23010,O=C(O)C(O)C(NC(=O)c1ccccc1)c2ccccc2,443.65
21958,NC(=O)C(C)(C)n1nc2ccccc2n1,446.65
18136,O=C(S)c1ccccc1,297.15
18594,N=C(N)NC(=N)Nc1ccccc1,416.15
21714,C=CC=CC=C,261.15
16151,OCCN(CCO)c1nc2c(nc(nc2cn1)N(CCO)CCO)N3CCCCC3,430.65
10124,Oc1ccc2c(c1)CCC1C3CCC(O)(C#C)C3(C)CC(OC)C21,553.15
9183,O=C1N(c2ccccc2)c2ccccc2C(O)=C1C(=Nc1cccc(c1)C(=O)O)C,516.15
598,c1cnccc1CCCc2ccncc2,328.15
4562,c1cncc(c1N)C(F)(F)F,373.15
3483,COc1cc(cc(c1)OC)C(=O)N,417.15
11696,O=C1NC(C)=C(C(=O)OCc2ccccc2)C(N1)c1ccc2OCOc2c1,432.15
4001,CC(=O)c1cccc(c1)O,368.15
4659,c1ccc(cc1)c2ccc(cc2)CC(=O)O,434.15
10097,OC1CCC2C3CCC4(C)CC(O)(CCC4(C)C3CCC21C)CC,442.15
15880,O=C1NC(=O)NC(=O)C1(CC=C)C(C)CCC,368.15
17295,Ic1cccc(I)c1I,389.15
4684,COc1cc(c(cc1Br)OC)C=O,407.15
16891,CC=1CCCC(=O)C=1,252.15
5672,CC(=O)c1ccc(c(c1)C(=O)O)O,488.15
6217,c1ccc2c(c1)-c3cccc4c3c(ccc4)C2=O,446.15
8663,c1ccc(cc1)P(=O)(c2ccccc2)c3ccccc3,429.15
16112,Clc1cnc(Cl)c(Cl)c1,322.15
14891,NC(=S)C(N)=S,443.15
5080,c1ccc2c(c1)c(ccc2F)C(=O)O,498.15
19725,ClCc1ccccc1C#N,334.15
5790,c1cc(ncc1Br)C=O,368.15
17005,N#CC1(O)CCCCC1,308.15
11036,OC1CCC2(C)C(CCC3c4ccc(C)c(C)c4CCC32)C1,461.15
11936,Sc1[nH0][nH0][nH0][nH0]1C,395.15
13831,C1CCCCCCCCCCCC1,296.15
1446,COc1cc2c(cc1OC)nc(nc2Cl)Cl,450.15
14980,Oc1ccc(cc1OC)CNC(=O)CCCCCCCC,330.15
23175,C[C@]12CC[C@H]3[C@H]([C@@H]1CC[C@@H]2C(=O)CO)CCC4=CC(=O)CC[C@]34C,415.15
17004,CC(=O)C=1CCCCC=1,346.15
15180,CC(C)N1CCN(CC1)c2ccc(cc2)OC[C@H]4CO[C@@](Cn3ncnc3)(O4)c5ccc(Cl)cc5Cl,399.45
16461,CCCCCCCCCCCCCCCCCCCl,301.75
21708,CC=CC(C)C(C)C=CC,208.35
12128,Sc1[nH0][nH0]c([nH0]1N=C1c2ccccc2NC1=O)C(F)(F)F,573.15
17757,FC(F)(OC(F)(F)C(F)(F)C(F)(F)C(F)(F)F)C(F)(F)C(F)(F)C(F)(F)F,173.14999999999998
7309,c1ccc2c(c1)cc[nH]2,325.15
7034,CCOC(=O)c1cc(c(cc1N)OC)OC,360.15
6000,c1cc(oc1C(=O)O)[N+](=O)[O-],460.15
10573,FC(F)(F)c1[nH0][nH0](c2OC(N)=C(C#N)C(c21)c1ccccc1)c1ccccc1,464.15
2837,COc1ccccc1C(=O)O,374.15
20189,O=C(O)Cc1ccco1,341.65
3757,COc1c(cc(c(c1C(=O)O)OC)Cl)[N+](=O)[O-],404.15
3218,CCC(C)(C)CC,138.14999999999998
11765,O=C(OC1CCC2C3CCC4CC5(OCCO5)CCC4(C)C3CCC21C)C,417.15
11324,O=C1C(=CN(O)c2ccccc2)C2CCC1(C)C2(C)C,380.15
9971,O=CC1(C)CCCC23C(=O)OC(CC13)C13C(=O)C(=C)C(CC(OC(=O)C)C12)C3O,482.15
3520,c1c(cc(cc1[N+](=O)[O-])[N+](=O)[O-])C#N,402.15
6594,CCCC(=O)c1ccccc1,285.15
5947,Cn1c(nnn1)S,400.15
16362,O=C3c1ccccc1C(=O)c2c3cccc2NCCO,441.15
2588,c1cc(c(cc1C(F)(F)F)F)CC(=O)O,353.15
21450,S=C(N)c1c(Cl)cccc1Cl,424.65
4695,Cc1cc(cc(c1N=C=S)C)Br,353.15
6437,c1ccc2c(c1)c3ccccc3nn2,431.15
16949,COc2ccc1c(CCCC1=O)c2,351.15
5241,c1cc(ccc1CC#N)O,342.15
20647,C1CN2CCC1C(C2)N3c5ccccc5CCc4ccccc34,423.15
11545,[nH0]1c2ccccc2[nH0]c(Cc2ccccc2)c1Cc1ccccc1,391.15
21014,O=C(OCc1ccccc1)c3ccccc3C(=O)OCc2ccccc2,317.15
9950,O=C1CCC23CCC4C(CCC5(C)C4CCC5C(C)CCCC(C)C)C3(C)C12,437.15
7338,B(CC(C)C)(O)O,382.15
22834,O=C(OCC)[C@@H](N[C@H](C(=O)N1[C@H](C(=O)O)C[C@@H]2CCC[C@H]12)C)CCc3ccccc3,382.15
20366,Nc1ccc(Br)cc1C(=O)O,492.65
8643,CCCCOP(=O)(OCCCC)OCCCC,193.15
6806,C(CO)NCCO,302.15
22914,C=CCCCCC,153.0
9044,O=C1N(C)c2ccccc2C(O)=C1C1=NNC(=O)C1=Cc1c(O)ccc2ccccc21,558.15
21301,c1ccc(cc1)N2CCC=N2,325.15
4482,c1c(ncnc1Br)Br,324.15
10415,s1c2sc(c(N)c2c(N)c1C(=O)OCC)C(=O)OCC,474.15
2464,CCC(C(=O)N)Cl,348.15
19240,CC(CCCCCC)OC(=O)COc1nc(F)c(Cl)c(N)c1Cl,332.15
18859,CC(C)N1C(=O)c2ccccc2NS1(=O)=O,411.15
21222,CCB(O)O,313.15
4483,CSc1nc(cc(n1)Cl)Cl,313.15
18083,O=C(CCCCC(=O)OCC(CC)CCCC)OCC(CCCC)CC,205.35
9180,O=C1N(c2ccccc2)c2ccccc2C(O)=C1C(=NN=C1c2ccccc2NC1=O)C,540.15
17588,Oc1ccc(CCC(=O)O)cc1,403.95
20004,O=C(OCC1(CCCC1)COC(=O)Nc2ccccc2)Nc3ccccc3,424.65
16341,c1cccc2sc(nc12)SN(C3CCCCC3)C4CCCCC4,372.9
10524,s1cccc1C(=O)C1=NOC2C(=O)N(C(=O)C12)c1cccc2ccccc12,353.15
21189,CCCCCCOc1ccccc1,254.15
14724,Oc2ccc(Oc1ccccc1)cc2,353.15
7234,c1ccc(cc1)NC=O,320.15
13811,O=C(C)Oc1cccc(c1)[N+]([O-])=O,327.15
4608,c1cncnc1N,423.15
10731,O=C(NC1Cc2ccccc21)C,396.15
12766,OC(COc1cccc2[nH]ccc21)CNC(C)C,443.15
16054,Cc1cc(ccc1SC)OP(=O)(NC(C)C)OCC,322.15
500,c1ccc(cc1)C(=O)c2ccc(cc2)C(=O)c3ccccc3,436.15
20987,O1CCN2CCO[Si]1(OCC2)Oc3ccccc3,490.65
14459,FC(F)(F)c1ccccc1O,318.65
22752,Clc2ccc(/C=N/CC/N=C/c1ccc(Cl)cc1)cc2,398.5
1046,Cc1ccc(cc1)S(=O)(=O)CCO,325.15
6327,C1C2CC3CC1CC(C2)C3,540.15
9193,O=C1N(c2ccccc2)c2ccccc2C(O)=C1C(=Nc1ccccc1C)C,413.15
19544,BrC(Br)(Br)F,199.55
16693,Clc1c(c(Cl)c(Cl)c(Cl)c1Cl)c2c(Cl)c(Cl)c(Cl)c(Cl)c2Cl,578.95
18559,O=C1C2C4(C)C(CC3OC(=O)CC(C(C)=C1OC)C23C)C(C)C=C(OC)C4=O,495.15
12878,CC=C(/C)C,139.14999999999998
15838,O=C1NC(=O)NC(=O)C1(CC=C)c2ccccc2,431.65
21054,BrC1=CN(C(=O)NC1=O)C2CC(O)C(CO)O2,465.65
1074,c1ccc(c(c1)CC#N)C(F)(F)F,303.15
3139,COc1ccc(cc1)CCC(=O)O,377.15
1860,CC(=O)c1c(ccc(c1C(=O)O)F)F,359.15
16396,OS(=O)(=O)c1cc(c(O)cc1OC)C(=O)c2ccccc2,418.15
21128,N#Cc1nccnc1C#N,405.15
19308,O=C(CCCCCC)OCCCCC,223.15
777,Cc1ccc(cc1)S(=O)(=O)n2ccc3c2cccc3,358.15
13814,O=[N+]([O-])c1cc(ccc1)C(=O)OC,353.15
13719,O=[N+]([O-])c1cc(C)ccc1Cl,280.15
3138,COc1ccc(cc1)C(=O)CCC(=O)O,422.15
4019,c1ccc2c(c1)c(=O)[nH][nH]2,523.15
9386,O=C(C)C(=CNc1ccc(C)cc1)Cc1ccccc1,376.15
9553,Brc1oc(cc1)C=CC(=O)c1occc1,350.15
20495,Clc3c(C)ccc(Cl)c3NS(=O)(=O)c1nc2nc(cc(OC)n2n1)OC,484.15
8146,CCCCCCCCCCCCCC,279.15
15027,CNc1ccc(cc1)[N+]([O-])=O,425.15
10496,Fc1ccc(N2C(=O)C3N(N=C(C(=O)c4ccccc4)C3C2=O)c2ccccc2)cc1,485.15
3019,c1ccc(cc1)C2NCC(=O)O2,364.15
21155,[O-][N+](=O)c2ccccc2Sc1ccccc1,355.15
15210,CCCCCN=C(/N)NNC=C2/C=Nc1ccc(cc12)CO,428.15
6083,c1cc(cc2c1cc[nH]2)Br,365.15
9305,O=[N+]([O-])c1ccc(NN=Cc2ccccc2CCC)c([N+](=O)[O-])c1,501.15
2982,Cc1cccc(c1[N+](=O)[O-])C,288.15
18648,O=C(C(c1ccccc1)(c2ccccc2)C[C@@H](N(C)C)C)CC,372.65
20850,O=C(OC)c2cccc1ccccc12,332.65
11446,BrC(c1ccc(cc1)C(Br)C(Br)c1ccc([N+](=O)[O-])cc1[N+](=O)[O-])C(Br)c1ccc([N+](=O)[O-])cc1[N+](=O)[O-],538.15
15002,Clc2ccc(NC(=N)NC(=N)NCCCCCCNC(=N)NC(=N)Nc1ccc(Cl)cc1)cc2,407.15
13113,CC(C)C(C)(C)CC,172.14999999999998
5890,c1cc(c(cc1F)N)C(F)(F)F,304.15
9379,Clc1cc(Cl)c(NN=C2C(=O)N(C)C(=O)N(C)C2=C)cc1Cl,517.15
17491,N(=C=NC1CCCCC1)C2CCCCC2,307.65
9187,O=C1N(c2ccccc2)c2ccccc2C=2NC(=N)NN=C(C)C=21,500.15
10474,O=C(NC(NC(=O)c1ccccc1)c1ccc(OCC)c(OC)c1)c1ccccc1,484.15
9156,O=[N+]([O-])c1ccc(cc1)C1=NN(c2ccccc2)C(=O)C1=NO,496.15
6005,c1cc2c(cc1[N+](=O)[O-])CCN2,366.15
565,CN1CCCN(C1=O)C,250.15
4118,Cc1cccc(c1)C=C,191.15
5899,COc1ccc(cc1CBr)F,333.15
18811,CN(C)C4CC5=CCC1C(CCC23CN(C)C(C)C3CCC12)C5(C)CC4,398.65
840,c1cc(oc1)/C=C/[N+](=O)[O-],347.15
3888,CCOc1cccc(c1)C(=O)O,409.15
9834,S=C(N)NN=C(C)C(=O)Nc1ccc(OC)cc1,507.15
17869,Clc1ccc(cc1)c2ccc(N)cc2,407.15
7641,COC(=O)NN,345.15
18386,CCC(Br)(CC)C(=O)NC(N)=O,391.15
18238,Sc1ccc2ccccc2c1,354.15
8655,c1ccc(cc1)N(c2ccccc2)c3ccccc3,400.15
2666,c1ccc(c(c1)CC(=O)O)F,336.15
18459,Cc2c1c4ccccc4ccc1c(C)c3ccccc23,395.65
12334,O=[N+]([O-])c1cc([N+](=O)[O-])cc(c1)C(=O)NCCC[nH0]1c[nH0]c2c1[nH0]c[nH0]c2N,507.15
19746,Cc2ccccc2OC(=O)Oc1ccccc1C,333.15
9341,O=C(CCc1ccccc1)C(=NO)c1ccccc1,403.15
21483,Fc1ccc(cc1)C(=O)CCCN2CCC(CC2)N3c4ccccc4NC3=S,475.15
4092,B(c1cccc(c1)C)(O)O,434.15
10630,FC(F)(F)C1(O)NC(O)(C(C(=O)OCC)C(c2ccc(C)cc2)C1C(=O)OCC)C(F)(F)F,366.15
12671,Fc1ccc(cc1)C(=O)CCCN1CCN(CC1)c1ccccc1OC,341.15
765,CC(CO)(CO)CO,463.15
1440,c1c(c(cc(c1F)Cl)Cl)C#N,319.15
17886,Cc3ccccc3/N=N/c1c2ccccc2ccc1N,398.65
11343,O=C1Nc2cc(NC(=O)C)ccc2C1,608.15
15722,O=C(O)CC[C@@H](C)[C@H]2CC[C@H]1[C@@H]3[C@H](O)C[C@@H]4C[C@H](O)CC[C@]4(C)[C@H]3C[C@H](O)[C@@]12C,471.15
3872,C1CC(CC=C1)C(=O)O,290.15
21717,O=[N+]([O-])c2ccccc2/C=C/c1ccccc1,346.15
21542,OCC(O)C3(O)CCC2C1CCC4=CC(=O)CCC4(C)C1C(=O)CC23C,481.65
13788,O=C(C)Nc1ccc(cc1)C(=O)O,532.15
4865,COc1cc(ccc1O)Cl,290.15
18082,O=C(CCCCCCCC(=O)OCC(CC)CCCC)OCC(CCCC)CC,195.15
2620,c1cc(ncc1I)F,305.15
22591,OC(CC)C1CCCCN1,394.15
8021,CCCCCCCCCCCC[Si](OC)(OC)OC,233.15
17124,CC(=O)OOC(=O)c1ccccc1,310.15
6709,c1ccc(cc1)P(c2ccccc2)C3CCCCC3,333.15
10220,Brc1cc(NC(=O)C)ccc1[N+](=O)[O-],418.15
3026,CC(=O)OCCc1ccccc1,242.15
18064,O=C(CCCCC(=O)OCCC)OCCC,257.45
4102,CC1CCC(=O)C1=O,378.15
1298,c1ccc2cc(c(cc2c1)O)O,437.15
17790,c1ccc2c3sc4ccccc4c3ccc2c1,462.15
23377,C1(=C(C(=C(C(=C1Cl)Cl)Cl)Cl)Cl)O,462.65
21887,FC(F)(F)c1cccc(c1)C(C)=NOCc2ccccc2C(=NOC)/C(=O)OC,346.04999999999995
6338,C([C@H]([C@H]([C@H](CO)O)O)O)O,376.15
2022,c1cc(c(c(c1)F)C#N)N,400.15
20094,C=CCNC(=O)NCC=C,364.65
18823,OC(C2CC1CCN2CC1C=C)c4ccnc3ccccc34,483.65
7372,CC(C)C(C(=O)O)C(=O)O,362.15
9385,O=C(C=Cc1ccccc1O)c1cccc(c1)C(=O)C=Cc1ccccc1O,423.15
2685,c1ccc2c(c1)nc(s2)NN,473.15
20728,CCOc1ccc(cc1)NC(=O)C(C)O,391.15
71,c1ccc(cc1)C2=CCCCC2,262.15
10603,O=[N+]([O-])c1cccc(N2C(=O)C3ON=C(C(=O)c4cccc5ccccc54)C3C2=O)c1,464.15
7785,c1ccc2c(c1)c(c[nH]2)C[C@H](C(=O)O)NC(=O)OCC3c4ccccc4-c5c3cccc5,457.15
1025,CC(=O)Nc1ccccc1S(=O)(=O)C,418.15
9103,s1c(N=Nc2ccccc2)c([nH0]c1C(=NNc1ccccc1[N+](=O)[O-])C#N)C,484.15
12751,O=C(Oc1cccc2ccccc12)NC,415.15
9404,O=C(OC1CC(C)CCC1C(C)C)C(=O)C=Cc1ccccc1,319.15
8650,CCCCCCCCP(=O)(CCCCCCCC)CCCCCCCC,328.15
6604,c1ccc2c(c1)c3ccccc3[nH]2,516.15
1189,c1cc(c(c(c1N=C=S)Cl)Cl)Cl,343.15
20743,Clc2ccc(Oc1ccc(OC(C)C(=O)OCC(C)C)cc1)cc2,312.65
18940,OC1C(O)C(O)C(O)C(O)C1O,522.65
9537,O=C1NN(c2ccccc2)C(=O)C1=CNc1ccccc1,549.15
9636,Clc1ccc(C=C(c2sc3ccccc3[nH0]2)C(=O)N)c(Cl)c1,537.15
21685,OC(=O)/C=C/C(=O)OCC,343.15
3499,Cc1cc(cc(c1[N+](=O)[O-])C)C(=O)O,497.15
2496,B(c1ccnc(c1)Cl)(O)O,435.15
15425,CC(C)[C@H](N)C(=O)O,580.65
12791,O=C(O)C(C)c1ccc(cc1)CC(C)C,348.15
15487,CCOc5ccc1C[C@H]2N(C)CC[C@@]34c1c5O[C@H]4[C@@H](O)C=C[C@@H]23,473.15
2422,COc1ccc2c(c1)cc(c(n2)Cl)C=O,423.15
14319,S=P(N1CC1)(N2CC2)N3CC3,324.65
17466,O=C1NC(=O)NC(=O)C1(CC(Br)=C)C(C)C,454.15
2732,c1ccc(c(c1)C(=O)NN)O,421.15
80,CCCCCCCCCCCCCC=C,269.15
4217,c1cc(ccc1N2CCNCC2)O,494.15
4242,c1cc(cc(c1)Cl)NC(=S)NN,405.15
3811,Cc1ccc(cc1Cl)S(=O)(=O)Cl,309.15
21122,OCC1CCCN2CCCCC12,343.15
14283,Oc2cc3C[C@]4(O)COc1c(O)c(O)ccc1[C@@H]4c3cc2O,413.15
8148,CCCCCCCCCCCCCCCCCCCCCCCCCCCCCC,340.15
21426,OCCNC(=O)/C=C/c1ccccc1,374.15
1359,Cc1c(cc(c(c1Br)O)Br)Br,355.15
12931,CC(=O)CCC,195.15
14761,c1cccc4c1c(c2ccccc2c4c3ccccc3)c5ccccc5,522.15
9840,O=C1C(O)=C(Oc2cc(OC)cc(O)c21)c1ccc(OCc2ccccc2)c(O)c1,481.15
22934,C1=CC(=C(C=C1Br)Br)Br,317.15
2162,c1cc(c(cc1F)CBr)Br,308.15
879,COCP(=O)(c1ccccc1)c2ccccc2,390.15
1578,c1cc(c(cc1Br)C=O)Br,368.15
17168,ICCCCI,278.95
7573,COc1cc(ccc1C(=O)OC)N,429.15
1509,COc1ccc(c(c1)OC)I,312.15
20513,O=S(=O)(c1ccc(Cl)cc1)C2(CCCC2)C(=O)OC(C)C,365.65
22032,S=C/C(C=S)=C(C(=O)OC(C)C)C(=O)OC(C)C,333.65
20306,CCCS(=O)(=O)O,280.65
12780,N(C)CCCC12CCC(c3ccccc31)c1ccccc12,365.15
4112,Cc1cccc(c1)OCC(=O)O,377.15
382,C1COCCOCCOCCOCCOCCO1,312.15
1845,Cc1ccc(cc1)[Si](C)(C)c2ccccc2CO,329.15
14340,OC3Cc2cccc1cccc3c12,420.65
22155,COc1cc(ccc1OC)CCNC(=O)C=C/c2ccc(O)c(O)c2,372.15
12243,O=C1CCC2(C)C(CCC3C4CCC(C(C)CCC(=O)OC)C4(C)CCC32)C1,390.15
12399,O=C(Nc1ccccc1NC(=O)c1ccccc1)c1ccccc1,575.15
7838,CN(C)c1ccc(cc1)N=O,359.15
4568,Cc1cc(cc(c1N)Cl)C#N,402.15
6963,c1ccc(cc1)[Si](c2ccccc2)(Cl)Cl,251.15
11226,O=C(Cc1ccc(N)cc1)c1ccc(N)cc1,418.15
13916,O=C(C)Oc1ccccc1C(=O)OC,325.15
12934,OCC#CCO,330.15
18170,CC(CC)C=O,364.15
15045,NP(=O)(OC)SC,318.15
22649,O=C(N2c1ccccc1[C@@](O)(C2=O)[C@H]3c4ccccc4O[C@@H]3Cl)C,406.0
13492,BrC(C)CCC,177.14999999999998
12002,Clc1ccc(cc1)c1oc(cc1)C=C1C(=O)CC(C)(C)CC1=O,479.15
4332,c1ccc(cc1)S(=O)(=O)c2cc(sc2)S(=O)(=O)Cl,375.15
16564,O=C(OC)C3(O)c1ccccc1c2ccc(Cl)cc23,412.15
5279,B(c1ccc(cc1)C(C)C)(O)O,416.15
11678,FC(F)(F)C(C(=O)N(C)C1CCCCC1)C(F)(F)F,442.15
21856,O=C(CCCCCCCC=CCCCCCCCC)ON,344.15
15024,[O-][N+]#N,182.35
9434,O=C(OC1CC(C)CCC1C(C)C)C(C=Cc1ccccc1)C(=O)c1ccccc1,377.15
3614,c1ccc(cc1)c2c[nH]nc2N,445.15
12985,CC(C)=C/C(C)C,145.14999999999998
2108,CC(C)(C(C(=O)O)Br)F,327.15
16084,CC2(C)C1CC2C(=O)C=C1C,282.95
10778,O=C1OC(=O)C23Cc4cc5CCc5cc4CC13Cc1ccccc1C2,523.15
12082,O=[N+]([O-])c1ccc2oc(CCC(=O)C)c(c2c1)c1oc(C)cc1,397.15
7773,COc1ccc(cc1)c2ccc(cc2)S(=O)(=O)NC(CCSC)C(=O)O,447.15
19416,C1CCCc2cc3CCCCc3cc12,351.15
12888,CC(O)CN,271.15
13693,O=[N+]([O-])c1ccccc1[N+]([O-])=O,391.15
6032,c1cc(ccc1C2=NNC(=O)CC2)Br,442.15
5323,COc1ccc(cc1)C(=O)N,439.15
20173,COC(=O)c1ccccn1,291.85
21358,CN(C)c2ccc(/C=C/c1ccccc1)cc2,423.15
11351,O=C1Nc2cc(ccc2CC1)CCC(=O)O,513.15
4183,CC(CC(=O)O)c1ccccc1,311.15
19121,Clc1cc(Cl)c(Cl)c(Cl)c1c2cc(Cl)c(Cl)cc2Cl,356.15
17309,OC(=O)c1cccc(C)c1C,419.15
22093,COCCN(CCOC)C(=O)COC(=O)c1ccccc1,330.65
18063,CCCCC(CNCC(CC)CCCC)CC,213.15
636,CC1(c2ccccc2N(C1=C)C)C,263.15
8983,CC(C)CC(NC(=O)C(O)C(N)Cc1ccccc1)C(O)=O,506.15
12517,O=C(N)c1[nH0]c2ccccc2[nH0]c1,468.15
3219,c1cc(cc(c1)[N+](=O)[O-])C(=O)c2cccc(c2)[N+](=O)[O-],427.15
246,CC(C)CCCl,169.14999999999998
6282,c1ccc2c(c1)cc3ccccc3c2Cl,377.15
17473,N#CSCC,187.65
20461,OC(C)(CC(C)(C)O)c1ccc(Cl)cc1,349.65
23419,O[C@H](C)[C@H](O)C,289.15
1193,c1cc(c(c(c1O)F)F)F,305.15
45,c1ccc(c(c1)N2CCCCC2)O,348.15
14632,OCCOCCOCCOCCOCCOCCO,279.15
20793,[3H]O[3H],276.96
976,c1ccc2c(c1)cc([nH]2)c3ccc(cc3)F,462.15
13251,CC(CC)C(C)(C)CC,172.14999999999998
19506,OC(=O)c1cc(ccc1O)Cc2ccc(O)c(c2)C(=O)O,516.65
6786,c1ccc(cc1)COP(=O)(O)OCc2ccccc2,353.15
21511,O=[N+]([O-])c1cc(N)ccc1O,399.15
2963,CC(=O)Nc1ccccc1[N+](=O)[O-],365.15
5563,c1cnccc1CC(=O)N,419.15
22450,O=C1C=CC(=S)C=C1,302.65
9776,O=[N+]([O-])c1cccc(c1)C=Cc1cc(C=Cc2ccccc2N)c([N+](=O)[O-])cc1[N+](=O)[O-],523.15
15273,CCCCCc2cc1OC(C)(C)[C@@H]3CCC(C)=C[C@H]3c1c(O)c2,473.15
18224,Cc1ccc2OC(=O)C=Cc2c1,349.65
4515,CC(=O)NC1CCNCC1,414.15
9581,s1c2ccccc2[nH0]c1C(=Cc1ccccc1)c1ccccc1,382.15
21603,ClC(=C/C2C(C(=O)OCc1c(F)c(F)c(C)c(F)c1F)C2(C)C)C(F)(F)F,317.75
1975,c1c(cnc(c1[N+](=O)[O-])N)Br,481.15
12104,FC(F)(F)C=1[nH0]2[nH0]c(cc2N=C(C)C=1)c1ccccc1,447.15
5121,COc1cc(ccc1F)C=O,335.15
19048,CC(O)C(=O)OCCCCCCCCCCCCCCCC,314.15
17465,CC(C)c1ccc(C)c(C(=O)O)c1O,400.15
12603,Clc1ccc(c(Cl)c1)C(OCc1csc2c1cccc2Cl)C[nH0]1c[nH0]cc1,419.15
21805,O=[N+]([O-])c1ccc(C=NO)o1,436.15
16568,CCCCCCC(Cl)=O,189.35
11906,O=Cc1ccc(OC)c(OC)c1C(=O)OC,356.15
6889,COC(=O)OC,277.15
19200,CCCCS(=O)(=O)O,257.95
23051,O=C(O)Cc1ccc(OC)cc1,360.15
13837,O=Cc1ccc(cc1)c2ccccc2,333.15
11032,Ic1ccc(NC(=S)C(=O)c2ccccc2)cc1,412.15
7616,COC(=O)c1cc(ccc1O)I,350.15
16108,CN(C)C(Cl)=S,315.65
21910,O=C(O)/C=C/C(=O)O,403.65
10239,Clc1ccc(cc1)CNC1=CC(=O)c2ccccc2C1=O,503.15
1751,c1cc(c(c(c1)Cl)N=C=O)Cl,317.15
18092,CCc1cc(cc(CC)c1)CC,206.65
22140,CC(=O)Oc2c1c(cccc1c(OC(C)=O)c(OC)c2OC)OC,342.65
432,C(CCCBr)CCBr,271.15
11591,O=[N+]([O-])c1ccc2c([nH0](c(c3ccccc3)c2O)C(=O)C)c1,452.15
5167,c1cc(ccc1F)S(=O)(=O)CC#N,364.15
7600,COC(=O)c1ccc(c(c1)[N+](=O)[O-])I,376.15
14084,ClC(Cl)(Cl)c1ccccc1Cl,302.15
1832,CC(C)(C)C1=CC(=O)C=C(C1=O)C(C)(C)C,340.15
12670,O=C(OC(Cc1ccccc1)(c1ccccc1)C(C)CN(C)C)CC,348.15
9632,Clc1ccc(Cl)c(NN=C(C(=O)OCC)C(=O)C(F)(F)F)c1,420.15
20525,O=C(C)O[Si](OC(C)=O)(OC(=O)C)CC,281.15
17235,N#CN(CC)CC,192.55
10264,S=C1NC2(c3ccccc3NC2=O)C=2CCCCC=2C1C#N,495.15
37,CN1c2ccccc2C(=O)C1=O,404.15
8768,COc1cc(cc(OC)c1OC)C(=O)NCCCCCC(O)=O,394.15
17475,CC(C)CCC#N,222.15
6203,c1cc2cc[nH]c2c(c1)Br,316.15
3988,COc1ccc(cc1)c2c(c(=O)c3ccc(c(c3o2)OC)OC)O,471.15
4593,c1cc(ccc1C(=O)NN)N,501.15
713,c1cc2c(cc1C(=O)O)C(=O)OC2=O,440.15
559,Cc1ccccc1NC(=N)Nc2ccccc2C,450.15
18872,O=C2CCC1C3CCC4=CC(=O)CCC4(C)C3CCC12C,431.15
13254,CC(C)CCCCCC,193.15
13375,N#Cc1cc(Cl)ccc1,314.15
17452,O=C(O)C(CC)Oc1c(I)cc(I)cc1I,397.65
2335,c1cc(c(cc1F)Cl)O,295.15
13091,C=C(C)CC(C)(C)C,180.15
14091,c1cc(ccc1)c2cccc(c2)c3ccccc3,360.15
12612,Fc1ccc(cc1)CNc1[nH0]c(N)c(NC(=O)OCC)cc1,387.15
18277,[O-][N+](=O)c1cc2nnoc2c(c1)[N+]([O-])=O,431.15
13742,O=[N+]([O-])c1cc(N)ccc1Cl,373.15
8831,N#Cc1ccc(cc1)C(c2ccc(C#N)cc2)n3cncn3,454.15
19411,ClC(Cl)(Cl)C(C)O,323.65
14855,ClC(Cl)C(=O)O,282.85
9073,Clc1ccc(Cl)c(NN=C2C(=O)NN=C2C=2C(=O)N(C)c3ccccc3C=2O)c1,557.15
19518,O=C(CCCC)OCCC,202.45
13092,C[C@H]1CCC[C@H](C)C1,183.15
18632,Oc1ccc2CC5N(CCC43C5C=CC(O)C4Oc1c23)CC=C,481.65
8759,CCc2oc1ccccc1c2C(=O)c3ccc(O)cc3,397.15
19051,Clc2ccc(C(OCC=C)Cn1ccnc1)c(Cl)c2,325.85
23079,CC(C(=O)OC)NC(=O)COC(=O)CC1=CC=CC=CC1NC2=C(CC=CC=C2Cl)Cl,754.15
10437,O=[N+]([O-])c1cccc(NN=C2C(=O)CC(C)(C)CC2=O)c1,459.15
23200,O=C(O[C@@H]2Cc3c(O[C@@H]2c1cc(O)c(O)c(O)c1)cc(O)cc3O)c4cc(O)c(O)c(O)c4,414.15
12672,S1c2ccccc2N(CC2CN(C)CC2)c2ccccc12,360.15
12357,O=C(N)NN=C(O)C,438.15
2506,c1cc(sc1)Cl,201.15
8330,c1ccncc1,231.15
7432,C(C(C(CO)O)O)O,395.15
12428,N1(CCCCC1)CCC(c1ccccc1)c1ccccc1,314.15
17884,Nc2cc3c1ccccc1n(CC)c3cc2,372.15
8431,c1cc(ccc1C#N)C#N,499.15
14790,Oc2c3c(cc1cccc(O)c12)cccc3O,451.65
2670,Cc1ccccc1F,186.15
3747,C(C(CCl)O)O,233.15
11600,Clc1c(Cl)c(Cl)c2C(=O)c3c([N+](=O)[O-])c(C)ccc3C(=O)c2c1Cl,535.15
1597,B(c1cc(ccc1Cl)Cl)(O)O,486.15
18484,CC(C)(C)c2cc(C)c(CC1=NCCN1)c(C)c2,405.15
13385,C1CC[C@H]2CCCC[C@@H]2C1,241.15
4490,c1ccc(cc1)c2cc(oc(=O)c2)c3ccccc3,410.15
22270,CCOC1OC(CO[N+]([O-])=O)C(O[N+]([O-])=O)C(O[N+]([O-])=O)C1O[N+]([O-])=O,472.15
13906,Clc1c(cccc1Cl)[N+]([O-])=O,335.15
9372,O=[N+]([O-])c1ccc(NN=C2C(C)=CCC2C)c([N+](=O)[O-])c1,471.15
22992,C1=CC(=C(C=C1Cl)Cl)O,315.65
6007,COC(=O)c1cc(cc(c1)[N+](=O)[O-])C(=O)O,456.15
23082,CC(C)C(C(=O)OC)NC(=O)COC(=O)CC1=CC(C=CC=C1)NC2=C(C=CC=CC2Cl)Cl,790.15
4302,B(c1ccc(cc1)CO)(O)O,553.15
3006,CCC#CC,164.14999999999998
16879,O=C1c3ccccc3CCc2ccccc12,303.15
8282,c1cc2c(cc1C=CC=CC=NO)OCO2,388.15
19188,Clc2cc1oc3cc(Cl)cc(Cl)c3c1c(Cl)c2,480.15
13285,CCC(CCCC)CO,203.15
1690,c1c(c(c(nc1N)N)F)C(F)(F)F,344.15
19935,O=C(CCCC)OCCCCCC,210.05
625,c1c(cc(cc1Cl)Cl)Cl,337.15
7523,Cc1csc(c1N)C(=O)OC,359.15
5830,c1cc(ncc1Cl)O,437.15
1741,c1cc(c(c(c1)Cl)C(=O)O)Cl,416.15
1559,Cc1cc2c(cc1C)sc(n2)C,357.15
13313,Oc1ccc(CC#N)cc1,342.15
19454,O=C(Nc1ccc(cc1C)c2ccc(NC(=O)CC(C)=O)c(C)c2)CC(C)=O,485.15
13528,Oc1ccccc1C(=O)OC,266.15
17638,Cc1cc(C)cc(C)c1C(O)=O,427.15
2829,Cc1ccc(c(c1)O)OC,310.15
21953,NS(=O)(=O)c1cc2c(s1)SCCC2=O,495.15
23120,O=C(O)CCN,473.15
14897,N#CC(=C)C(=O)OCC,251.15
14853,ClC(Cl)(F)F,115.14999999999998
21177,CC(=O)C2CCC3C4CCC1CC(=O)CCC1(C)C4CCC23C,396.15
20984,O=S(=O)(c1ncn(n1)C(=O)N(CC)CC)c2c(C)cc(C)cc2C,388.15
21163,O=C(OCCCCC)NC1=NC(=O)N(C=C1F)C2OC(C)C(O)C2O,388.65
11878,S1c2[nH0][nH0]c([nH0]2NC1c1ccccc1O)c1ccccc1OC,478.15
10447,O=[N+]([O-])c1cccc(NN=C2C(=O)OC(OC2=O)(C)C)c1,465.15
12561,O=C(OC)c1ccc(C#N)cc1,335.15
22567,Fc1c(F)c(F)c(F)c(F)c1OC,236.15
7939,CC(C)(C)NCc1ccccc1,245.15
13532,Oc1cc(ccc1)C(=O)OC,347.15
8027,CCN(C(C)C)C(C)C,227.15
3413,c1c(cc(c(c1C=O)O)Cl)Cl,369.15
17724,O=C(O)CCCCCCCF,308.15
14070,Clc1cccc(Cl)c1Br,339.15
17326,OCC(=O)C4(O)C(=C)CC3C2CCC1=CC(=O)C=CC1(C)C2C(O)CC34C,507.15
906,C[C@H]([C@H](c1ccccc1)O)N2CCCC2,318.15
9228,O=C(N)NN=C(C)c1cc[nH0]cc1,491.15
11885,S1c2[nH0][nH0]c([nH0]2NC1c1ccccc1OC)c1ccc(OC)cc1,439.15
21145,O=C1Cc2ccccc2N1,401.15
760,c1ccc(cc1)C#CC(c2ccccc2)(c3ccccc3)O,354.15
3118,COc1cccc(c1)CCC(=O)O,318.15
986,Cc1ccc(cc1)C(=O)c2ccccc2C(=O)O,411.15
12614,O=C1C=C(OC1(C)c1ccccc1)C(=O)O,449.15
20820,Cc2cc(/N=C/c1ccccc1)ccc2,304.15
7952,CC(C)(C)OC(=O)[C@@H]1CC(=O)CN1C(=O)OC(C)(C)C,339.15
324,CC(C)(C)OC(=O)N1CCc2c1cccc2,320.15
15012,O=S(=O)(NC1CCCCC1)c2ccc(C)cc2,357.65
14303,OS(=O)(=O)C(C)N1CCOCC1,516.15
14545,FC(F)(F)c2cccc(Nc1ncccc1C(=O)O)c2C,500.15
20597,Fc3ccc(NC(=O)c2cccnc2Oc1cccc(c1)C(F)(F)F)c(F)c3,433.15
10245,NCCNc1[nH0]c[nH0]c2[nH0]([nH0]cc21)C,570.15
295,c1c(cc(cc1F)Br)F,246.15
14906,c1cccc4c1c2cccc3cccc4c23,380.65
15442,O[C@H](c1ccccc1)[C@H](C)NC,307.15
13793,COc1ccc(cc1C(C)=O)OC,293.15
11735,O=C1CCC2(C)C3CCC4(C)C(=O)CCC4C3CCC2(C)C1,421.15
14676,c2cc1c(ccnc1c3nccc(c23)c4ccccc4)c5ccccc5,491.15
1785,c1cc(c(c(c1)F)N=C=O)F,297.15
4382,c1cc(oc1)C(=O)CC(=O)C(F)(F)F,294.15
2258,c1cc(c(cc1[N+](=O)[O-])Cl)Oc2ccc(cc2Cl)Cl,344.15
5318,COC1=CC(=O)NC1,405.15
5854,Cc1csc2c1cc(cc2)Cl,308.15
18382,N#CP(=O)(OCC)N(C)C,223.15
9476,Brc1ccc(NN=C(C#N)c2scc([nH0]2)c2ccccc2)cc1,443.15
23468,CN1C2=C(C(=O)N(C1=O)C)N=CN2,547.15
9554,Brc1ccc(cc1)c1oc(cc1)C=C1C=C(OC1=O)CC(C)C,381.15
17276,OC(=O)c1ccc(Br)cc1Br,447.15
9904,O=C(C=C(C)c1ccc(OC)cc1)c1ccc(OC)cc1,360.15
21416,O=C(OCC)COc2cccc1ccccc12,329.65
5733,c1c(c(nc(n1)Cl)Cl)Br,303.15
5769,c1c(cncc1Br)C#N,378.15
12646,O=C(C)c1cccc(c1)C(=O)C,305.15
23439,CC1=CC(=NC(=N1)NS(=O)(=O)C2=CC=C(C=C2)N)C,469.15
19435,O=C(N(CC)CC)c1ccccc1C(=O)N(CC)CC,309.15
13425,CCCCCCCCC=O,255.15
8741,CC(C)CC1NC(=S)N(CC=C)C1=O,483.15
14714,O=[N+]([O-])c1cc(C)ccc1N,390.15
8462,CCCCCCCCCCCCCC#N,292.15
7986,CC(C)(C)OC(=O)N[C@@H](Cc1ccc(cc1)OCc2ccccc2)C(=O)O,382.15
13096,C[C@@H]1CC[C@H](C)CC1,186.15
20549,OCC2OC2c1ccccc1,299.65
3574,CC(=O)c1ccsc1,333.15
16175,Clc1cc(C)c(OCCCC(=O)OCC)cc1,272.15
7407,C([C@H]1[C@@H]([C@@H](C(O1)O)O)O)O,360.15
5308,COc1ccc(cc1C(F)(F)F)C#N,372.15
12544,C(=C(c1ccccc1)c1ccccc1)=C(c1ccccc1)c1ccccc1,413.15
18821,ClC2(Cl)CC2c1ccc(OC(C)(C)C(=O)O)cc1,388.15
7313,c1ccc2c(c1)c(c[nH]2)C#N,453.15
2648,CC(c1ccc(c(c1)F)c2ccccc2)C(=O)O,386.15
2586,c1cc(c(cc1C(F)(F)F)F)CBr,302.15
8903,COC(CN1CCN(CC1)CC(O)C(OC)c2ccccc2)c3ccccc3,356.15
22153,O=[N+]([O-])c2ccccc2C(=O)N(NC(=O)c1ccccc1)C(C)(C)C,454.65
18679,[O-][N+](=O)OC2COC1C2OCC1O[N+]([O-])=O,343.15
6576,c1(c(c(c(c(c1F)F)Br)F)F)F,242.15
3160,CS(=O)(=O)c1cccc(c1)C(=O)O,507.15
11009,O=C1C(C)C2CC3OCC45CCCC(C)(COC(=O)C)C5CC5OC(OC2C15C34)(C)C,429.15
3182,c1cc(cc(c1)C(F)(F)F)C#N,289.15
15955,OCC2CN(c1cccc(C)c1)C(=O)O2,349.15
11672,FC(F)(F)C(C(=O)Nc1c(C)cc(C)cc1C)C(F)(F)F,462.15
2377,c1cc(ncc1O)Cl,428.15
4803,C(CC(=O)O)CBr,305.15
4218,c1cc(ccc1N)N2CCCCC2,300.15
5692,c1cc(ncc1N)Cl,356.15
16674,Cc1ccc2cc(C)cc(C)c2c1,285.15
22582,O=[N+]([O-])c1cc(CC)ccc1,235.25
5392,Cc1ccc(cc1)C(=O)C,254.15
9116,s1cccc1C(=O)C=1SC(=N)N(N=1)c1ccc(OC)cc1,437.15
12779,O=C1NC(CC)(c2ccccc2)C(=O)N1C,409.15
12369,N#CCC[nH0]1c[nH0]c2c1[nH0]c[nH0]c2N,528.15
10615,Clc1ccc(Cl)c(N2C(=O)C3ON=C(C(=O)c4ccc(OC)cc4)C3C2=O)c1,420.15
21536,Nc1c(cccc1O)[N+]([O-])=O,489.65
9371,O=[N+]([O-])c1ccc(cc1)C=Cc1ccccc1[N+](=O)[O-],412.15
23353,Cc1cc(/C=C\2/C(=O)N(C3CCCC3)/C(=N/c3ccccc3)/S2)c(C)n1c1ccc(cc1)C(F)(F)F,344.65
17947,OC(=O)C(c1ccccc1)c2ccccc2,420.15
13591,O=C(CCCCCC)OCC,207.15
16811,CC12CCC(C1)C(C)(C)C2O,316.65
18010,O=C(CCCCCCCCC)OCC,253.15
1754,c1cc(c(c(c1)Cl)CC(=O)O)Cl,433.15
21272,CC(C)SC1OC(CO)C(O)C(O)C1O,394.15
8978,Cc1ccc(cc1)S(=O)(=O)NC(=O)NN2CCCCCC2,443.15
9266,O=[N+]([O-])c1ccc(NN=C(C(=O)O)C2(C)CCC(C(=O)O)C2(C)C)c([N+](=O)[O-])c1,464.15
9291,S=C1N(N=C(N1N=Cc1ccc2OCOc2c1)C(F)(F)F)CN1CCN(CC1)CN1N=C(N(N=Cc2ccc3OCOc3c2)C1=S)C(F)(F)F,429.15
10538,Fc1ccc(N2C(=O)C3ON=C(C(=O)c4ccc(C)cc4)C3C2=O)cc1,446.15
20971,COc1ccc(cc1NNC(=O)OC(C)C)c2ccccc2,395.15
5372,CC(C)CC(=O)C,189.15
1879,CC(=O)c1ccc2ccccc2c1,327.15
18529,CCN2CCCC2CNC(=O)c1cc(ccc1OC)S(=O)(=O)CC,454.65
1613,Cc1cc(ccc1Cl)Cl,278.15
5829,c1c(cnc(c1C(=O)O)O)Cl,532.15
22047,O=C(C)Oc1ccccc1C(=O)OCC(=O)NCC,353.65
11959,Brc1ccc(NC(=O)C(C(F)(F)F)C(F)(F)F)cc1,459.15
21782,C[C@@H](O)[C@H](O)C(=O)[C@@H](OC)[C@@H]6Cc7cc8cc(OC2CC(OC1CC(O)C(O)C(C)O1)C(O)C(C)O2)c(C)c(O)c8c(O)c7C(=O)[C@H]6OC5CC(OC4CC(OC3CC(C)(O)C(O)C(C)O3)C(O)C(C)O4)C(O)C(C)O5,454.65
15298,Nc3nc(Cl)nc1c3ncn1[C@H]2C[C@H](O)[C@@H](CO)O2,488.15
2015,c1cc(nc(c1)Br)N,363.15
23099,CC1=CC(=O)N(N1C)C2=CC=CC=C2,385.45
22440,OC1=CC(=O)C=C(O)C1(C)C,487.65
18187,Clc2cc(Cl)ccc2OCCOC(=O)c1ccccc1,339.15
5756,c1c(cnc(n1)I)Br,374.15
603,C(CNC(CO)(CO)CO)CNC(CO)(CO)CO,442.15
5329,COc1ccc(cc1)C(=O)O,457.15
9753,O=C1C(=CC(C=C2C(=O)C3(C)CCC2C3(C)C)(CC=C)C(=O)OCC)C2CCC1(C)C2(C)C,421.15
19410,O=Cc2ccc(Oc1ccccc1)cc2,297.65
865,C1CC(=O)N[C@@H]1C(=O)O,433.15
20102,O=C(Cl)C(c1ccccc1)c2ccccc2,329.65
7012,CCS,125.14999999999998
10824,Clc1cc2c(cc1Cl)C(=O)C2=O,456.15
243,c1cc(ccc1Cl)I,328.15
16505,CC(C)NCC(O)COc1cc(C)ccc1,349.15
18992,Oc1cc(Cl)c(O)cc1,381.15
14508,O=[N+]([O-])c1cc(cc([N+]([O-])=O)c1O)[N+]([O-])=O,395.15
8298,CCC(=O)c1ccccc1,291.15
6802,C1CCC2C(C1)OCCOCCOC3CCCCC3OCCOCCO2,323.15
10829,O=C1N2C(C)=CC=CC2Cc2ccccc12,371.15
14791,O=Cc2c3ccccc3cc1ccccc12,378.15
22133,O=C(c1cccc(C)c1C)N(NC(=O)c2ccccc2)C(C)(C)C,477.65
22537,Cc1ccc(C)cc1C(=O)C,255.05
11220,O=C1OC(c2ccccc2)(c2ccccc2)C2(OC(C)(C)C1CC2)C,407.15
4830,CCCCC(=O)c1ccc(cc1)Br,308.15
16631,O=C1CCC(=O)N1CC,299.15
5344,COc1ccc(cc1)C(C(=O)O)O,380.15
5202,COc1cc(ccc1O)C#N,360.15
22457,c1cc(ccn1)c2ccncc2,384.15
21655,COc1ccc(/C=C/NC=O)cc1,405.65
19119,Oc2ccc(C(=O)c1cc(O)c(O)c(O)c1)c(O)c2O,543.15
12797,Clc1ccc(cc1)C1(O)CCN(CC1)CCCC(=O)c1ccc(F)cc1,421.15
17257,O=C(C#N)c1ccccc1,305.65
12151,O=C1Oc2ccccc2c2[nH0]c(N)c(cc12)C(=O)OC,537.15
1186,c1cc(c(cc1C(=O)CCl)Cl)Cl,317.15
3960,c1cc(c(cc1C[C@@H](C(=O)O)N)F)O,534.15
13791,COc1ccc(cc1)C(=O)OCC,280.15
3873,C1CCC(CC1)CCC(=O)O,289.15
179,CCCCCCCCCCCCCCCCCO,327.15
16270,C(CCC1CCCCC1)CC2CCCCC2,285.15
15214,Clc1ccccc1[C@H](N2CCc3sccc3C2)C(=O)OC,431.15
19590,Cc1ccc(cc1)S(=O)(=O)N(Cl)Cl,356.15
15500,ClCC(=O)[C@]3(OC(=O)CC)[C@@]4(C)C[C@H](O)[C@@]2(F)[C@@H](CCC1=CC(=O)C=C[C@@]12C)[C@@H]4C[C@@H]3C,469.4
10370,S(Cc1ccccc1)c1[nH0][nH0]c([nH0]1c1ccccc1)CC[nH0]1c2ccccc2[nH0]c1C,403.15
4793,c1cc(ccc1C(=O)NN)Br,441.15
7436,CC(=C)C(=O)O,289.15
16889,N#Cc1ccc(F)cc1,307.95
5958,COc1ccc2c(c1)C(=O)C(=O)N2,474.15
1800,B(c1c(cccc1OC)OC)(O)O,380.15
17906,O=S(N)(=O)c1ccc(NC(C)=O)cc1,492.65
9449,Nc1ccc(C=Cc2ccccc2)c(N)c1,389.15
22590,Nc2ccccc2c1ccc(N)cc1,327.65
6038,c1cc(nc(c1)Br)c2ccc(nc2)Br,441.15
6502,c1ccc(cc1)C=CBr,265.15
8221,CCCCC,143.14999999999998
22647,n1c(cc(n1Cc2c(O)c(cc(c2)C)Cn3nc(cc3C)C)C)C,398.0
13895,CCCCCCCCCCCCl,256.15
2801,C(CS)O,173.14999999999998
17999,OC(=O)CCSCCC(O)=O,402.15
15104,Cc1nc(C)c(C)nc1C,358.15
2922,Cc1[nH]c2ccncc2n1,450.15
20861,CC1(C)CCC(C)(C)C1,184.75
7741,c1ccc2c(c1)C(=O)N(C2=O)c3ccccc3C(=O)O,492.15
12856,CCCC,135.14999999999998
11248,O=C(Oc1[nH0]c([nH0][nH0]1c1ccccc1)CCC)C,357.15
8469,c1(c(c(c(c(c1F)F)F)F)C(=O)O)C(=O)O,429.15
19937,NC(=O)CCCCCCCC,372.65
21731,COc1ccc(/C=C/C(=O)OCCOCC)cc1,248.15
1245,c1cc(c(c(c1F)C(=O)O)Cl)Cl,408.15
20036,CCC(C)(CC)c2cc(NC(=O)c1c(OC)cccc1OC)on2,450.65
4537,C(CCO)CN,290.15
19878,Oc1ccc(O)cc1OC,363.15
4053,B(c1cccc(c1)OC)(O)O,433.15
5931,c1cc2c(cc1O)CCC2,326.15
3239,c1c(cc(c(c1F)F)F)C(=O)O,371.15
12604,Clc1ccc(Cl)c(OCC(O)CNC(C)(C)C)c1,355.15
108,CN1CCNCC1,267.15
17686,FS(=O)(=O)OC,178.14999999999998
8283,c1cc2c(cc1C(=O)O)OCO2,506.15
16496,OCCN1CCCCC1,291.04999999999995
16993,OC1=Cc2ccccc2OC1=O,427.15
20413,O=C(O)CCOc1ccccc1,370.65
16139,C1COc3ccccc3OCCOCCOc2ccccc2OCCO1,436.15
11319,O=C1C(=CNc2ccccc2)C2CCC1(C)C2(C)C,439.15
15831,O=C(O)CNC(=O)CC[C@@H](C)[C@@H]2CC[C@H]1[C@@H]3[C@H](O)C[C@H]4C[C@@H](O)CC[C@]4(C)[C@H]3C[C@@H](O)[C@@]12C,439.65
19884,CN=O,275.65
5844,CNc1ccc(cc1C(=O)c2ccccc2)Cl,369.15
3534,CC(C)(C)c1cc(cc(c1O)C(C)(C)C)CC#N,384.15
4394,c1cc(ccc1C(=O)Nc2ccc(cc2)N)N,474.15
5873,c1cc(sc1C(=O)O)Cl,424.15
11330,O=C(Oc1cccc(N=Nc2cccc(OC(=O)c3ccccc3)c2)c1)c1ccccc1,453.15
21665,O=[N+]([O-])c1ccc(/C=C/C=O)cc1,414.65
17902,Nc3cccc2c3C(=O)c1cccc(N)c1C2=O,592.15
19286,O=C(CCCCCCCCCCCCCCCCC)OCCOC(=O)CCCCCCCCCCCCCCCCC,352.15
19306,ClC(Cl)(Cl)C(F)(F)C(F)(F)F,193.15
4348,c1cc(ccc1C=O)C(F)(F)F,275.15
3567,CC(=O)c1cccc(c1)C(=O)O,437.15
14248,Nc2ccccc2C(=O)OC/C=C/c1ccccc1,334.15
7433,c1ccc(cc1)[C@H]([C@H](c2ccccc2)O)O,408.15
14815,[2H]c1c(c([2H])c([2H])c([2H])c1[2H])C(=O)c2c([2H])c([2H])c([2H])c([2H])c2[2H],323.15
16987,CC(=O)c2cccc1ccccc12,307.15
9350,ON=C1CCC2CCC1(C)C2(C)C,437.15
5150,c1cc(ccc1C(F)(F)F)F,231.15
18420,FCF,137.14999999999998
14460,Cc2nc(oc2c1ccccc1)c3ccc(cc3)c4nc(C)c(o4)c5ccccc5,505.15
15297,C/[N+](C)=C1C=C/C(C=C1)=C(/c2ccc(cc2)N(C)C)c3ccc(cc3)N(C)C,488.15
16265,BrCc1ccc(cc1)C(=O)O,503.15
15465,O=C(O)CP(=O)(O)O,417.65
14625,O=[N+]([O-])c1cc(cc(c1)[N+]([O-])=O)C(=O)O,479.15
973,CCOc1ccc(cc1)CCO,315.15
14458,OC(C(C)NC)c1ccccc1,309.15
4299,CCOC(=O)c1ccc(cc1)N=C=S,327.15
14556,NCCO,284.15
3653,c1ccc(cc1)COc2cccc(c2)C=O,329.15
5872,B(c1ccc(s1)Cl)(O)O,411.15
4838,c1ccc2c(c1)c(cc(n2)C(F)(F)F)Cl,305.15
7598,COC(=O)Cc1ccc(cc1)O,330.15
7377,c1cc2cnccc2c(c1)C=O,388.15
3036,c1ccc(cc1)c2ccc3ccccc3n2,356.15
1789,c1cc(cc2c1cc(cc2)O)O,497.15
13739,O=C(O)CCCCCCCCC,305.15
13662,ClC(Cl)C(Cl)Cl,229.15
3088,Cc1c(c(no1)c2c(cccc2Cl)F)C(=O)Cl,324.15
6720,C1CCC(C1)C(=O)O,266.15
7195,CCCCCCCCCCCCCC(=O)OCC,285.15
9267,O=[N+]([O-])c1ccc(NN=C2CCC3CCC2(C)C3(C)C)c([N+](=O)[O-])c1,506.15
15363,ClC=3CS[C@H]2N(C(=O)[C@H]2NC(=O)C(N)c1ccccc1)C=3C(=O)O,600.15
14884,N[C@H](Cc1ccccc1)C(=O)O,547.65
7464,COC(=O)c1c2c(sc1N)CCCC2,401.15
2825,COc1ccc(cc1C=O)C(F)(F)F,360.15
15851,Clc1ccc2N=C(C[N+]([O-])=C(c2c1)c3ccccc3)NC,509.15
6330,C1C2CC3CC1CC(C2)(C3)C(=O)N,460.15
10,c1cc2ccc3ccc(c4c3c2c(c1)cc4)C=O,400.15
10839,O=C1N2C=CC=CC2Cc2ccccc12,366.15
5868,c1c(ncc(n1)Cl)C(=O)O,428.15
8855,OC3N=C(c1ccccc1)c2cc(Cl)ccc2NC3=O,478.15
1426,Cc1cc(c(c(c1Br)C)Br)C,333.15
22764,O=C(N1CCCCC1)C(c2ccccc2)C(=O)N3CCCCC3,417.5
11457,BrC(c1cccc(c1)C(Br)C(Br)C(=O)OC)C(Br)C(=O)OC,418.15
20897,CCCCCCCOO,308.65
21055,Nc3ncnc1c3ncn1C2(CO)OC(CO)C(O)C2O,485.15
4814,CCOc1ccc(cc1)Br,277.15
17663,C#CC#C,236.75
18900,Oc1ccc(cc1OC)CC(=O)O,416.65
9407,O=C1C(=CC(Cc2ccccc2)C(=O)O)C2CCC1(C)C2(C)C,400.15
19645,O1[Si](O[Si](O[Si](O[Si]1(c2ccccc2)c3ccccc3)(c4ccccc4)c5ccccc5)(c6ccccc6)c7ccccc7)(c8ccccc8)c9ccccc9,473.65
10585,Clc1ccc(Cl)c(N=Nc2c3N=C(C)C=C([nH0]3[nH0]c2N)C(F)(F)F)c1,489.15
2784,CC(C)c1ccccc1O,288.15
13023,CC(C)(O)CCC,171.14999999999998
22451,C1=CC=CC2=NC(N=C12)c3ccccc3,566.15
23118,C1=CC=C(C=C1)C(=O)O,395.15
8515,c1cc(sc1)S(=O)(=O)CC#N,357.15
1344,B(c1cc(c(cc1F)F)F)(O)O,373.15
21658,OC1CC(=O)C(CC=CCCCC(=O)O)C1/C=C/C(O)CCCCC,340.15
12649,O=C1NC(=O)C(CC1)(c1ccccc1)C1CCN(CC1)Cc1ccccc1,429.15
372,CC(=O)N1c2ccccc2C(=O)C1=O,415.15
909,C[C@]12CC[C@H](C1(C)C)C(=O)C2=O,472.15
11798,O=C(OCC)CC(CC(=O)OCC)(c1cc(C)c(O)c(C)c1)c1cc(C)c(O)c(C)c1,451.15
16365,OCCC1CCCCC1,253.15
3399,c1c(cc(cc1Br)Br)C=O,364.15
496,c1c(c(cc(c1Br)F)Br)F,335.15
20507,O=S(=O)(c1ccc(cc1)[N+]([O-])=O)C2(CCC2)C(=O)OC(C)C,338.65
18602,O=C2C=C1C(=CCOC1O)O2,384.15
17448,O=C(CCCCCCCCCCCCCCC)OC(COC(=O)CCCCCCCCCCCCCCC)COC(=O)CCCCCCCCCCCCCCC,339.65
23021,C1=CC(=C(C=C1[N+](=O)[O-])Cl)Cl,314.45
19155,Clc2cc1Oc3c(Oc1c(Cl)c2Cl)cc(Cl)c(Cl)c3Cl,558.15
12359,O=C1Cc2c1c(C)c(C)c(C)c2C,434.15
11662,FC(F)(F)C(F)(F)C(F)(F)C(F)(F)C(F)(F)C(F)(F)C(F)(F)C(F)(F)C(=O)N(Cc1ccccc1)Cc1ccccc1,322.15
5302,COc1ccc(c(c1)[N+](=O)[O-])O,352.15
14751,Nc1cc(cc2cccnc12)OC,325.15
11415,O=C(OCC)c1cc2cc3cc(c([nH0]c3cc2[nH0]c1C)C)C(=O)OCC,440.15
1244,C(#N)C1=C(C(=O)C(=C(C1=O)Cl)Cl)C#N,488.15
4365,c1cc(ccc1CC(=O)O)C(F)(F)F,353.15
19593,C1Cc2cccc3CCCN(C1)c23,313.15
1195,c1cc(c(c(c1C=O)O)O)O,434.15
2990,COC(=O)c1ccc(cc1[N+](=O)[O-])C(=O)O,448.15
4953,c1cc(ccc1S(=O)(=O)Cl)Cl,325.15
21656,NC(=O)C1OC1C(=O)CCC=CCC=CC,366.65
1423,c1cc(c(cc1Br)Br)N,353.15
19289,O=C(CCCCCCC)OCCCCC,238.35
256,c1cc(c(cc1F)F)Cl,247.15
8205,C(C(Cl)(Cl)Cl)(Cl)Cl,244.15
22217,COC=1C=CC3[C@H]2Cc5ccc(OC)c4OC=1[C@]3(CCN2C)c45,466.15
8480,CC1(C(=O)C(C1=O)(C)C)C,387.15
6287,c1ccc2c(c1)-c3ccccc3C2=O,357.15
16191,O=C(Oc1cccc(c1)NC(=O)OCC)Nc2ccccc2,393.15
22202,OCC(=O)[C@H]4CCC2C5CCC1=CC(=O)CCC1(C)[C@H]5C3CC24C(O)O3,439.65
17797,c1c3c4ccccc4ccc3nc2ccccc12,405.15
18857,NS(=O)(=O)c3cc1c(N=C(NS1(=O)=O)CSCc2ccccc2)cc3Cl,504.65
23257,CC1=C(C2=C(N1C(=O)C3=CC=C(C=C3)Cl)C=CC(=C2)OC)CC(=O)O,432.15
17142,O=C(c1cc(OC)c(OC)c(OC)c1)N2CCOCC2,394.15
22015,Nc1cc(ccc1S(=O)(=O)CCO)S(N)(=O)=O,402.15
13124,CC(=O)OC(C)CC,174.14999999999998
21503,BrCC(Cl)(F)F,197.15
12730,c1ccc(cc1)CCc1ccccc1,328.15
12568,C(C#Cc1ccccc1)#Cc1ccccc1,421.15
1232,CC(=NO)C(=O)C,349.15
16666,ON=C3/c1ccccc1c2ccccc23,468.65
15224,NS(=O)(=O)Cc2noc1ccccc12,435.15
13663,C1C=CCCCCCCCCC1,273.15
10867,O=C1Cc2cc(OC)c(OC)cc21,414.15
7522,Cc1ccc(cc1N)C(=O)OC,388.15
9304,Sc1[nH0][nH0]c([nH0]1N=Cc1ccc(OC)cc1)CC[nH0]1c2ccccc2[nH0]c1C,535.15
18651,O=C3CC4CCC2C(CCC1(C)C2CCC1(C)O)C4(C)CC3,465.65
19099,O=C1N(C(=O)OC1(C)C=C)c2cc(Cl)cc(Cl)c2,381.15
20169,CCNc1ccc2ccccc2c1,509.15
7880,CC(=O)N1CCC[C@H]1C(=O)O,391.15
21077,Clc4ccccc4C=C3/c1ccccc1c2ccccc23,342.65
5130,Cc1cc(ccc1F)CC(=O)O,379.15
5912,Cc1cc(ccc1[N+](=O)[O-])F,293.15
22851,O=C1CC[C@@H]2[C@]1(C)CC[C@@H]3[C@@]4([C@@H](CC[C@@H]23)[C@@H]5O[C@@H]5CC4)C,431.15
8459,c1(c(c(sc1Cl)Cl)Cl)Cl,301.15
3923,COc1ccc(cc1F)S(=O)(=O)N,399.15
13886,O=[N+]([O-])c1ccc(Cl)cc1OC,344.15
16409,OCCCCCCCCCO,318.95
6127,c1cc(nc(c1)F)C(=O)N,409.15
19042,Clc1cc(ccc1SC(Cl)(F)F)NC(=O)N(C)C,386.65
14911,O=C1C=CC(=O)O1,326.15
15355,Cc4cccc(Cl)c4NC(=O)c3cnc(Nc1nc(C)nc(c1)N2CCN(CCO)CC2)s3,556.15
14013,O=C(C(=O)c1ccccc1)c2ccccc2,368.15
7819,c1ccc(cc1)CNCCNCc2ccccc2,297.15
6507,C[C@]12CC[C@@H]3c4ccc(cc4CC[C@H]3[C@@H]1CC[C@@H]2O)O,450.15
22869,O=S(=O)(Nc1ncccc1)c3ccc(/N=N/c2cc(C(=O)O)c(O)cc2)cc3,522.15
20551,CCCCCCCCCCCCCCCCCCCC1CCCCC1,318.15
21558,CC(C)(CC)C(=O)OC2CC(C)C=C3C=CC(C)C(CCC1CC(O)CC(=O)O1)C23,409.65
18453,Nc2ccc(/N=N/c1ccccc1)cc2,400.15
1379,c1c(cc(c(c1F)CC(=O)O)F)F,384.15
7689,CCCCCCCCCCCCCC(=O)OC,291.15
3688,c1cc(c(cc1C(=O)O)Br)O,450.15
11903,Brc1ccc(NC(=O)C(=O)C)cc1,439.15
5874,c1cc(sc1S(=O)(=O)N)Cl,390.15
15949,O=C(Oc1ccccc1CSCC)NC,306.54999999999995
4759,c1cncc(c1Br)C#N,394.15
4512,CC(=O)Nc1ccc(cc1)S(=O)(=O)N=[N+]=[N-],382.15
15164,O[C@@H]1CC(=O)[C@H](CCCCCCC(=O)O)[C@H]1/C=C/[C@@H](O)CCCCC,388.65
22352,Cl/C(Cl)=C(Cl)Cl,250.85
14250,CC=CC,168.14999999999998
3790,B(c1ccc(c(c1)Cl)F)(O)O,531.15
8812,COc1ccc(Cl)cc1C(=O)NCCc2ccc(cc2)S(=O)(=O)NC(=O)NC3CCCCC3,442.15
5799,c1c(c(=O)[nH]c(=O)n1[C@H]2[C@@H]([C@@H]([C@H](O2)CO)O)O)Br,465.15
652,Cc1nccn1C,310.15
14830,ClCC(Cl)=O,251.15
22654,Clc3ccc(N(C(=O)c1ccccc1)C(=O)c2ccccc2)cc3,418.0
20836,CC1(C)OC(=O)CC1CC(=O)O,363.15
11665,Clc1cc(Cl)c(NC(=O)C(C(F)(F)F)C(F)(F)F)c(Cl)c1,492.15
7872,CC(C)[C@@H](C(=O)O)NC(=O)C,421.15
21366,COc2ccc(/C=C/C(=O)c1ccccc1)cc2,352.15
14503,Clc1cc(Cl)cc(Cl)c1N,347.15
5328,COc1ccc(cc1)C(c2ccccc2)O,340.15
7219,C[C@@]12CC[C@@H](C1)C(C2=O)(C)C,277.15
20869,O=C(CCC)OCCOC(=O)CCC,193.15
14727,C=CC1CC=CCC1,172.14999999999998
11162,O=C(ON)C(C)(C)c1ccc(C)cc1,392.15
13211,C#CC1(O)CCCCC1,306.15
16147,Clc1ccc(OCC(=O)O)cc1,437.15
6152,COc1ccc(cn1)C=O,324.15
11663,Brc1ccccc1NC(=O)C(C(F)(F)F)C(F)(F)F,457.15
10708,CC1c2ccccc2C=C1c1ccccc1,331.15
2810,COc1c(cccn1)[N+](=O)[O-],327.15
22932,C1=CC(=C(C(=C1)Cl)Cl)Cl,326.15
20092,Cc1cnc(Cl)nc1Cl,299.15
2689,Cc1cc(c(nc1)O)I,465.15
11161,BrC(CCC1(C(=O)C2(C)CCC1C2(C)C)C1(CCC(Br)c2ccccc2)C(=O)C2(C)CCC1C2(C)C)c1ccccc1,441.15
13478,OC(=O)c1cccc(C=C)c1,369.15
21853,O=P(N(/N=C/c1ccccc1)c2ccc(cc2)[N+]([O-])=O)(N3CC3)N4CC4,422.15
23488,COc1cc(cc(OC)c1)C(C(=O)NCCCC)N(Cc2ccccc2)C(=O)C#Cc3ccccc3,411.15
12616,O=C(NCC1N(CCC1)CC=C)c1cc2[nH0][nH0][nH]c2cc1OC,412.15
15283,OS(=O)(=O)OCCCCCCCCCCCC,478.65
14244,Br/C(CO)=C(/Br)CO,386.15
18627,O=C3C(NC(=O)c1cccnc1)=C(C)N(C)N3c2ccccc2,526.15
16205,ClP(Cl)Cl,179.54999999999998
12363,Oc1cc2c[nH0]cc(Cc3ccccc3)c2cc1OC,480.15
2916,CC1CCCCC1=O,259.15
19967,Clc1c3ccccc3nc2ccccc12,394.15
1506,c1ccc(cc1)C(=O)c2ccc(cc2O)O,419.15
4366,c1cc(ccc1CC#N)C(F)(F)F,318.15
10588,Clc1cccc(Cl)c1C(O)C1C(=O)N(N=C1C(F)(F)F)c1ccccc1,469.15
14835,OC(=O)CC(O)(CC(O)=O)C(=O)O,426.15
2130,c1c(c(cc(c1N)Br)F)C(F)(F)F,300.15
11846,S1c2[nH0][nH0]c([nH0]2NC1c1ccc(O)c(OC)c1)c1ccc(OCCCC)cc1,417.15
16305,Fc1c(F)c(F)cc(N)c1F,301.15
1648,Cc1nnc(s1)C,336.15
4890,c1cc(c(cc1N=C=O)C(F)(F)F)Cl,308.15
730,c1ccc2c(c1)CCCC2,237.15
13632,O=[N+]([O-])c1cc(CC#N)ccc1,336.15
6766,CC1(OCC(O1)[C@@H]2[C@@H]([C@@H]3[C@H](O2)OC(O3)(C)C)O)C,382.15
18056,O=C(CCCCCC)OC,217.15
4144,c1cc(cc(c1)[N+](=O)[O-])CBr,331.15
8201,Cc1ccc(cc1)O,306.15
22253,O=C(OC)c1cc(C)ccc1C2NC(=O)C(C)(N2)C(C)C,386.15
15936,CC(O)Cn2cnc1c2C(=O)N(C)C(=O)N1C,408.65
11624,O=C(N1C2=CC3=NC(C)C=C3C=C2C=C1C)C,552.15
9937,O=C1C(=C)C2CC(OC(=O)C)C3C45CCCC(C)(COC4OC)C5CC(OC(=O)C)C13C2OC(=O)C,344.15
13603,Clc1ccc(Cl)c(C)c1,278.15
22079,O=S(N)(=O)c1ccc(cc1)S(=O)(=O)CCNCC(C)C,496.15
12597,O=C(O)c1ccccc1C(=O)c1ccc(C)cc1,413.15
5221,c1cc(ccc1C(=O)N)O,434.15
20656,Clc1ccc2nc(n[n+]([O-])c2c1)n3ccnc3,455.15
2709,CCCCCCCCOc1ccc(c(c1)O)C(=O)c2ccccc2,321.15
10944,N#CC1=C2C=CCC=C2N=C1C,486.15
5902,Cc1ccc(cc1C(=O)O)F,404.15
18181,Cc1cc2nc(C)sc2cc1,311.15
4076,Cc1cccc(c1[N+](=O)[O-])C(=O)O,495.15
21935,COc2ccc(N=[N+]([O-])c1ccc(OC)cc1)cc2,400.15
22024,NC(=O)CN(C)C(=O)COC(=O)c1ccccc1,374.65
1543,COc1ccc(cc1[N+](=O)[O-])[N+](=O)[O-],364.15
12120,N#Cc1c(N)[nH0]([nH0]c1C)Cc1ccccc1,351.15
19466,O=Cc1cc(ccc1O)[N+]([O-])=O,402.15
3126,c1cc(ccc1C(=O)CCC(=O)O)Cl,402.15
1156,c1cc(sc1)C(=O)C(=O)c2cccs2,356.15
19062,ClC(Cl)C(=O)N(CC=C)CC=C,278.65
5985,Cc1cc(no1)C(=O)O,445.15
14104,Ic1ccc(OC)cc1,323.15
32,c1ccc2c(c1)cccc2C(=O)NN,440.15
7187,CCOC(=O)c1ccccn1,275.15
22929,C(C)(C)(C)OC(=O)N(NC(=O)OC(C)(C)C)C1=CC(=C(C(=C1)SCCCCCCCC)SCCCCCCCC)SCCCCCCCC,324.65
20978,CC(C)NCC(O)COc1ccc(O)cc1,400.65
19242,Clc2ccccc2CN1OCC(C)(C)C1=O,298.15
20614,O=C(O)c2c(Sc1nc(cc(OC)n1)OC)cccc2Cl,422.65
12213,N1=NC(C)=C(CC)C1C,316.15
9779,Nc1cc(N)c(cc1C)C=Cc1ccccc1N,424.15
9176,ON=C(C)C=Cc1ccc(cc1)C=CC(=NO)C,553.15
18059,Sc1ccc(Cl)cc1,334.15
6300,CC(C)C1=CC2=CC[C@@H]3[C@@]([C@H]2CC1)(CCC[C@@]3(C)C(=O)O)C,434.15
1610,B(c1cc(cnc1Cl)Cl)(O)O,427.15
939,c1ccc2cc(ccc2c1)OCCO,347.15
13557,COc1cccc(OC)c1O,328.15
2296,Cc1ccc(c(n1)Cl)C#N,389.15
4023,Cc1ccc(cc1I)C(=O)O,481.15
20060,CC(C)(C)c1cc(C)c(C)cc1O,319.15
22880,N#C[C@@H]1C[C@@H]2[C@H](C(=O)[C@@H]1C)C2(C)C,327.65
8749,Nc3ccc(OCCCCCN2C(=O)c1ccccc1C2=O)cc3,386.15
745,c1ccc2c(c1)ccc(c2c3c4ccccc4ccc3O)O,490.15
4083,Cc1cc(ccc1[N+](=O)[O-])C(=O)NN,421.15
21791,COc1cc(cc(OC)c1OC)/C=C/C(=O)N2CCN(CC(=O)OCC)CC2,369.15
11462,O=C1Nc2cc3NC(=O)C(Cc3cc2CC1C(=O)OCC)C(=O)OCC,515.15
5582,CC(C)(C)C1CCC(=O)CC1,322.15
2877,Cc1c(cccc1[N+](=O)[O-])N=C=O,309.15
14408,CC=CCCl,208.15
4701,c1cc(c(cc1Br)Cl)N,343.15
9933,BrC1CC=C(OC1OCC)C(=O)N,415.15
19158,Clc2cc1Oc3c(Cl)c(Cl)c(Cl)c(Cl)c3Oc1c(Cl)c2,523.15
13821,CCc1cccc(c1)c2ccccc2,245.15
2651,c1ccc(c(c1)C=O)F,228.15
20542,Ic1cc(ccc1)c2ccccc2,299.65
14587,CC(O)CC(C)(C)O,233.15
5646,CCc1c(nnc(n1)c2ccccn2)CC,343.15
20438,Cc1nc(NC(=O)CC)sc1Cl,432.15
11194,S=C(Nc1ccccc1)NC1C(NC(=S)Nc2ccccc2)C2(C)CCC1C2(C)C,451.15
1821,Cc1cncc(n1)C,314.15
21914,CC2(C)CC(O)CC(C)=C2/C=CC(C)=CC=CC(C)=CC=CC=C(C)/C=C/C=C(C)/C=C/C1=C(C)CC(O)CC1(C)C,488.65
7413,C1=CC(=O)NC1=O,365.15
9522,O=C1NN(c2ccccc2)C(=O)C1=NNc1ccc(C)cc1,550.15
21244,CC(C)CCCC(C)C2CCC1C3CC=C4C=CCCC4(C)C3CCC12C,353.15
7146,CCOC(=O)c1ccc2c(c1)no[n+]2[O-],340.15
957,c1ccc(cc1)c2ccc(cc2)CCN,325.15
2110,Cc1cc(c(nc1)Br)I,358.15
20845,c1cncc2CCCCc12,419.65
5108,c1cc(c(cc1C(=O)O)OC(F)(F)F)F,361.15
19044,CC1=CC(=O)NS(=O)(=O)O1,396.4
7631,COC(=O)C(c1ccccc1)(c2ccccc2)O,348.15
12883,CC(=O)CC,187.15
22978,O=C(O)C(c1ccccc1)CC,311.15
21374,CC(=O)NC2=Nc1c(ncn1COCCOC(C)=O)C(=O)N2,477.15
22610,C=C(C)CC(C)=O,200.55
7923,C[C@@H](C(=O)O)NC(=O)OCc1ccccc1,358.15
22793,O=S(=O)(N)c2c(Cl)cc(c(C(=O)OCOC(=O)c1ccccc1)c2)NCc3occc3,452.5
14619,Oc1cc(Cl)c(Cl)c(Cl)c1,374.15
13535,OCc1cccc(c1)C(=O)O,388.15
10960,O=C1OC(OCC)c2cccc(OC)c21,340.15
8847,CCc3cc1cc(OC)c(OC)cc1c(Cc2ccccc2)n3,351.15
12911,C=CCCCC,133.14999999999998
21292,OCC(=O)C54OC(C)(C)OC5CC3C2CCC1=CC(=O)C=CC1(C)C2C(O)CC34C,547.15
19923,O=C1CCCCC1C(C)C,345.65
17271,Cc1cccc2cccnc12,193.15
15189,NS(=O)(=O)c1cc2c(s1)S(=O)(=O)N(C[C@@H]2NCC)CCCOC,404.15
15518,O=C(OCC)Nc1cc2N(c3ccccc3Sc2cc1)C(=O)CCN4CCOCC4,429.65
7325,Cc1c(c2cc(ccc2n1C(=O)c3ccc(cc3)Cl)OC)CC(=O)O,433.15
10391,O=C1Nc2ccccc2C21OC(N)=C(C#N)C=1CCCCC=12,504.15
2960,c1cc(c(cc1C(F)(F)F)[N+](=O)[O-])CC#N,313.15
4640,CC(=O)c1ccc(cc1)OCc2ccccc2,365.15
2399,c1cc(nc(c1)Cl)C#N,360.15
7310,c1ccc2c(c1)c(c[nH]2)CC(=O)NN,417.15
7251,C(C(CO)O)O,291.15
5487,c1ccc(cc1)C(=O)Oc2ccc(cc2)[N+](=O)[O-],416.15
21957,CCOc1cc2cc(O)c(O)cc2cc1,404.65
20476,Clc1ccc(cc1)CC3CCC(C(C)C)C3(O)Cn2cncn2,362.15
12000,O=C1C=C(c2ccccc21)c1ccccc1,324.15
14807,O=C(OCc1ccccc1)c2ccccc2C(=O)OCCCC,503.15
19641,Nc2ccccc2Nc1ccccc1,352.65
15609,O=C(NO)c1ccccc1,401.15
9597,Brc1ccc(NN=C2C(=O)N(C)C(=O)N(C)C2=O)cc1,492.15
19530,Fc2c1c(F)c(F)c(F)c(F)c1c(F)c(F)c2F,360.65
2625,c1cc(c(cc1[N+](=O)[O-])N)F,374.15
18387,C[Si]1(O[Si](C)(O[Si](C)(O[Si](C)(O1)c2ccccc2)c3ccccc3)c4ccccc4)c5ccccc5,372.15
10779,O=C(OC)c1cc2cc3cc(c(cc3cc2cc1C(=O)OC)C(=O)OC)C(=O)OC,493.15
9657,FC(F)(F)C1=NN(c2ccccc2)C(=O)C1=NNc1c[nH0]ccc1,434.15
11340,O=C(Nc1cccc(NCC(=O)c2ccccc2)c1)C,444.15
3148,CC(C)(C)OC(=O)NC(CC(=O)O)c1cccc(c1)F,398.15
7024,CCOC(=O)c1c[nH]nc1,350.15
14034,Brc1cc(ccc1)C(=O)OC,306.15
3346,Cc1ccc(cc1C)NC(=O)C,370.15
2873,Cc1c(cccc1[N+](=O)[O-])N,363.15
16384,O=C(CCCCCCCCCCCCCCC)OCCO,324.15
12108,O=C(O)C(=Cc1ccccc1)c1ccccc1,444.15
8297,CCC(=O)Cl,179.14999999999998
15150,C[C@H](O)C[NH3+],298.15
18371,N#CC(C)(C)/N=N/C(C)(C)C#N,374.65
8959,N1(c2c(ccc(c2)C#N)Sc2c1cccc2)CCCN1CCC(O)CC1,389.15
23161,C1(CCCC1)C(=O)O,277.15
76,B(C=CCCC)(O)O,353.15
13387,COc1ccc(CO)cc1,299.15
16822,Cc2ccc3ccc1ccc(C)cc1c3c2,418.15
23103,CC(C)NCC(COC1=CC=C(C=C1)CC(=O)N)O,419.15
6524,c1ccc(cc1)c2ccc(cc2)S(=O)(=O)Cl,388.15
12492,S(CC)C(SCC)C(O)C(O)C(O)C(O)CO,401.15
16303,O=C(O)C#CCCCCC,277.15
21065,Oc1ccc(cc1O)C3Oc2cc(O)ccc2C(=O)C3O,500.15
6651,C1CC[C@@H]([C@@H](C1)C(=O)O)C(=O)O,464.15
4947,c1cc(ccc1N)Cl,343.15
17187,Ic1cc(I)cc(I)c1,457.35
10452,O=C(NC(Cc1ccc2OCOc2c1)C(=O)O)C,365.15
9967,O=C1C(C)C2CC(O)C3C1(C2O)C(O)CC1C(C)(C)CCC(O)C31C,555.15
17121,ClP(Cl)c1ccccc1,222.15
17897,Clc2ccc3C(=O)c1ccccc1C(=O)c3c2,484.15
93,CCCCc1ccc(cc1)C#Cc2ccc(cc2)OC,313.15
5166,C#Cc1ccc(cc1)F,301.15
19449,O=C(Cl)c1ccc(Cl)cc1Cl,289.65
22573,O=C(CCCCCCCC(=O)OCC)OCC,254.65
2731,B(c1ccccc1O)(O)O,458.15
15396,N[C@@H](CSSC[C@H](N)C(=O)O)C(=O)O,533.65
7171,CCN=C=S,267.15
6791,c1ccc(cc1)CNCc2ccccc2,247.15
9139,Oc1c(cc(cc1C(C)(C)C)C(=NC)NC)C(C)(C)C,479.15
4810,c1cc(c(cc1C(=O)O)[N+](=O)[O-])CBr,404.15
11373,BrC([N+](=O)[O-])C(Br)c1cccc(c1)C(Br)C(Br)[N+](=O)[O-],420.15
15558,Cn2cncc2C[C@H]1COC(=O)[C@H]1CC,307.15
23412,CCCOC(=O)C1=CC=C(C=C1)O,369.15
2338,c1ccc2c(c1)C(=O)OP(O2)Cl,311.15
15536,[O-][N+](=O)c1ccc(cc1)c3ccc(/C=N/N2CC(=O)NC2=O)o3,552.65
21197,CC3CC4=CC(=O)CCC4(C)C2CCC1(C)C(CCC1(C)O)C23,401.15
6111,c1c(c(cc2c1OCO2)Cl)C=O,389.15
7844,CCN(C)C,133.14999999999998
17021,CCCSc1ccccc1,228.15
1885,C1C2CC3CC1CC(C2)C3O,574.15
20573,CN(c1nnc(s1)S(=O)(=O)CC)C(=O)NC,429.15
12786,Oc1ccc(cc1)C(O)C(NC(C)COc1ccccc1)C,376.15
5773,c1c(cncc1Br)CC(=O)O,457.15
4323,Cc1cc(ccc1SC)O,329.15
13776,O=C(O)c1ccc(CCCC)cc1,373.15
13141,CC(=O)OCCOC,208.15
8190,c1cocn1,187.15
15619,O=C2CN(CC1c3ccccc3CCN12)C(=O)C4CCCCC4,409.15
23022,Clc1ccc(O)cc1Cl,341.15
2,c1cnc(nc1)N2CCNCC2,306.15
17976,OCCOCCOCCOCC,254.45
5255,c1cc(ccc1C=O)I,350.15
2759,Cc1cccc(c1I)C(=O)O,425.15
17011,CC(C)OC=C,133.14999999999998
14979,O=C(C)Nc1cc(C)ccc1,338.15
12222,C1=CC2(CC2)C2C1C1C=CC2C21CC2,318.15
11544,O=C(Nc1cccc2c(N)cccc12)C,439.15
9629,s1c(N=Nc2ccccc2[N+](=O)[O-])c([nH0]c1C(C#N)=Cc1occc1)C,486.15
9425,ON=C1CC(Cc2cc[nH0]cc12)c1ccccc1,500.15
11391,O=C(Nc1ccc(N=Nc2ccc(N=Nc3ccc(N=Nc4ccc(NC(=O)C)cc4)cc3)cc2)cc1)C,520.15
21631,C=C1CC[C@@]6(O)[C@H]3Cc5ccc(O)c4O[C@@H]1[C@]6(CCN3CC2CC2)c45,380.65
7849,Cc1cccc(c1)N(C)C,258.15
3175,CC(=O)Nc1cccc(c1)C(F)(F)F,378.15
10041,O=C1C(C)C2CC(OC(=O)C)C3C45COCC(C)(CCC4)C5CC(OC)C13C2O,438.15
18102,Clc2ccc(Cc1ccc(Cl)cc1)cc2,328.65
2465,c1ccc(c(c1)/C=C/C(=O)Cl)Cl,311.15
1293,c1ccc(cc1)c2c(n3c(n2)SCC3)C=O,396.15
14355,O=C2c1n(C)cnc1N(C)C(=O)N2C,510.15
5393,Cc1ccc(cc1)OC,223.15
5404,Cc1c[nH]cn1,324.15
14274,CCC=CCCO,211.65
21484,ClC(Cl)(Cl)c2nc(nn2c1ccc(Cl)cc1Cl)C(=O)OCC,383.15
16594,Cc1c2ccccc2ncc1C,346.65
8641,C[Si](C)(C)N=C=S,240.15
7842,CN(C)C1CCCCC1,213.15
14802,c3cc2ccc1cccc6c1c2c4c3ccc5cccc6c45,551.15
15359,NC=1NC(=O)N=CC=1F,569.15
3621,Cc1cc(n[nH]1)N,318.15
2317,CCNc1nc(nc(n1)Cl)NCC,501.15
13130,CC(C)C(O)C(C)C,265.15
7086,CCOC(=O)c1ccc(cc1)CBr,304.15
2185,c1cc(nc(c1)Br)F,305.15
4477,c1ccc(cc1)c2c(nc[nH]2)c3ccccc3,505.15
10082,BrCC1(OC(COC(=O)c2ccc(C)cc2)C(OC(=O)c2ccc(C)cc2)C1OC(=O)c1ccc(C)cc1)OC,422.15
1155,c1cc(c(cc1Cl)Cc2cc(ccc2O)Cl)O,447.15
15873,O=C1NC(=O)NC(=O)C1(CC)C(C)C,471.15
329,CC(C)(C)OC(=O)N1CCC(CC1)CO,353.15
17791,c1cccc2Cc3cc4ccccc4cc3c12,485.15
9920,O=[N+]([O-])c1ccccc1C=Cc1[nH0]cccc1,487.15
19227,Clc1c(cc(Cl)c(Cl)c1Cl)c2ccc(Cl)cc2,371.15
20334,c2cc1CCCCc1c3CCCCc23,289.85
3227,c1(c([nH]nc1Br)Br)Br,459.15
6521,c1ccc(cc1)c2ccc(cc2)C=O,332.15
2997,CCCCCCCCCCCCCCCCCC(=O)C,328.15
22251,O=S(=O)(OCC)c2cccc1OCC(C)(C)c12,303.25
13541,Nc1cc(cc(N)c1)C(=O)O,508.15
18782,COc1ccc2CC5N(C)CCC43C5CCC(O)C4Oc1c23,385.65
3183,c1ccc(cc1)C(=O)c2cccc(c2)C(F)(F)F,325.15
4392,CC(=O)Oc1ccc(cc1)c2ccc(cc2)OC(=O)C,437.15
17720,BrC(Cl)(F)F,113.64999999999998
22878,O=S(=O)(C#N)c1ccc(cc1)C,321.15
10721,O=C1c2ccccc2C(C)C1c1ccccc1,358.15
18659,ClCCN(C)CCCl,213.15
2463,CCC(C)Cl,132.14999999999998
20347,COc1ccc(CCCO)cc1,299.15
2846,COc1ccccc1O,303.15
17741,O=[N+]([O-])c1ccc(cc1O)[N+]([O-])=O,381.15
8872,COc2cc1nc(nc(N)c1cc2OC)N3CCN(CC3)C(=O)c4ccco4,558.15
7586,COC(=O)c1cc(c(s1)SC)C#N,391.15
9804,O=C1Nc2cc(CC(=O)O)c(cc2CC1)C=CC(=O)O,507.15
20053,O=C(CCCC(=O)O)c1ccccc1,400.4
2191,Cc1c(cccc1Br)[N+](=O)[O-],313.15
9921,Brc1ccc(cc1)C=CC(=O)c1ccc(Cl)cc1,441.15
8001,CCCCOc1ccccc1,254.15
17384,CCC(O)CC,204.15
6668,C/C(=C/C(=O)NN)/C(=O)NN,559.15
13358,Cc1c(C)cccc1OC,302.15
2070,c1ccc(cc1)C=C2CCCCC2=O,327.15
8163,c12c(c(c(c(c1F)F)F)F)c(c(c(c2F)F)F)F,360.15
19659,Oc1cccc2ccc(O)cc12,453.65
7593,COC(=O)c1ccc(cc1)C=O,334.15
22086,CC(C)(C)C(=O)Nc1ccc2nn(nc2c1)C3CCCC3,408.65
6302,c1cc2cccc3c2c(c1)C(=O)C3=O,531.15
12818,Clc1ccc2c([nH0]ccc2NC(C)CCCN(CC)CC)c1,360.15
3416,c1c(c[nH]c(=O)c1Cl)Cl,453.15
5909,c1cc(c(cc1F)O)[N+](=O)[O-],306.15
14741,Cc1ccc(cc1O)C(C)C,275.15
23254,O=P1(OCCCN1CCCl)NCCCl,318.65
18314,NC(=O)C1CCN(CC1)CCCN2c4ccccc4Sc3ccc(Cl)cc23,412.15
20132,O=C3c1ccccc1C(=O)N3Cc2ccccc2,389.15
16124,CC(C)(C)CC(C)(C)CC(C)(C)CC(C)C,175.14999999999998
22255,CC/C(=NOCC)C1=C(O)CC(CC1=O)c2c(C)cc(C)cc2C,379.15
7581,Cc1cc(ccc1Br)C(=O)OC,315.15
4047,B(c1ccc(c(c1)OC)C)(O)O,466.15
15163,O=C(OCCCCC)NC1=NC(=O)N(C=C1F)[C@@H]2O[C@H](C)[C@@H](O)[C@H]2O,388.65
6620,C1CCC(C1)Cl,179.14999999999998
14142,CC(CCCCCCCCCCCCCC)CC,267.15
17500,[O-][N+](=O)c2cc(SSc1cc(ccc1)[N+]([O-])=O)ccc2,357.15
5298,B(c1ccc(cc1C)OC)(O)O,464.15
16937,O=C(SCCC)N(CCCC)CC,251.15
2322,c1cc(c(cc1C#N)Cl)S(=O)(=O)Cl,376.15
4240,c1cc(sc1)c2ccc(cc2)N,349.15
15170,FC(F)(F)Oc1ccc2nc(N)sc2c1,392.15
20991,Clc1ccc(cc1)O[Si]23OCCN(CCO2)CCO3,439.65
13934,CC(C)(c1ccccc1)c2ccccc2,302.15
6745,CCCCCCCCCC#N,258.15
10947,O=C(N1c2ccccc2C(C)(C1=C)C(=O)OC)C,333.15
2492,c1ccnc(c1)Cl,227.15
7612,COC(=O)c1cc(cnc1)Br,370.15
11331,O=C(Oc1cccc(N=Nc2cccc(OC(=O)C)c2)c1)C,417.15
6902,COC(=O)c1c(ocn1)C(=O)OC,348.15
9769,O=C(OC)C=Cc1ccc(C=CC(=O)OC)c(N)c1,432.15
15176,CC=1NC(C)=C(C(C=1C(=O)OC(C)C)c2cccc(c2)[N+]([O-])=O)C(=O)OCCOC,398.15
5234,c1ccc2c(c1)C(=O)CC(O2)c3ccc(cc3)O,455.15
9069,Ic1ccc(NN=C2C(=O)NN=C2C=2C(=O)N(C)c3ccccc3C=2O)cc1,535.15
3272,c1cc(c(cc1C=O)Br)Br,344.15
10141,S=C1NC(CC(C)C)C(=O)N1CC=C,483.15
5273,Cc1ccc(cc1)I,307.15
15741,CC(=O)O[C@@]3(C#C)CC[C@H]2[C@@H]4CCC1=CC(CC[C@@H]1[C@H]4CC[C@@]23CC)=NO,489.15
2889,Cc1ccc(cc1C#N)[N+](=O)[O-],379.15
14513,O=C=N/c1cc(ccc1C)N=C=O,293.65
20070,N#Cc1cnccc1C#N,353.15
788,CC(c1ccc2cc(ccc2c1)OC)O,385.15
15322,ClC=1C=CC2=N/C(CN(O)C(=C2C=1)c3ccccc3)=NC,509.35
3347,Cc1ccc(cc1C)N,323.15
16267,Clc2cc(cc(Cl)c2/N=N/c1ccc(cc1)N(C)CCO)[N+]([O-])=O,400.15
17875,Clc1cc(C(=O)O)c(Cl)c(N)c1,473.15
21973,NS(=O)(=O)c1ccc(SCCCCO)s1,321.65
16750,Clc2cccc1c2cccc1Cl,380.15
17982,OCCOCCCCCC,228.05
16982,[O-][N+](=O)c2ccc(Sc1ccccc1)cc2,329.15
16682,Clc1cc(OP(=S)(OC)OC)c(Cl)cc1Br,326.65
13636,O=C(C)c1ccc(cc1)C(C)=O,385.15
18053,C=COC,151.14999999999998
21099,Nc3ncnc2c3ncn2C1CCC(CO)O1,458.15
6196,c1ccc(cc1)COc2cccc3c2[nH]cc3C=O,427.15
7694,CCCCC(=O)OC,182.15
6028,CC(C)(C)c1cc(c(c(c1)O)O)O,408.15
3377,c1c(cc(cc1C(F)(F)F)C(F)(F)F)CO,327.15
18609,Oc1ccc(cc1)N3C(=O)C(CCCC)C(=O)N3c2ccccc2,369.15
583,c1cc(c(c(c1)Cl)N=O)Cl,445.15
9972,O(c1ccc(C)cc1)C1CCC2(C)C(=CCC3C4CCC(C(C)CCCC(C)C)C4(C)CCC32)C1,421.15
16868,Oc1cc(Cl)c(C)cc1,328.65
11979,O=[N+]([O-])c1cc(cc([N+](=O)[O-])c1C)C(=O)N1CCCCCC1,379.15
18756,O=C(OCC)CCC(=O)OC3C(CC(C)OC3OC2C(C)C(OC1CC(C)(OC)C(O)C(C)O1)C(C)C(=O)OC(CC)C(C)(O)C(O)C(C)C(=O)C(C)CC2(C)O)N(C)C,495.15
14976,NCCCNCCCCN,296.65
9759,O=C1C(=CCC=C2C(=O)C3(C)CCC2C3(C)C)C2CCC1(C)C2(C)C,539.15
349,CC(C)(C)OC(=O)N1CCN(CC1)Cc2ccccc2,345.15
15942,FC(F)(F)c1cc2N(CCCN(C)C)c3ccccc3Sc2cc1,298.15
22542,Fc1ccccc1I,231.65
8005,CCCCNC(=O)N,368.15
3349,B(c1ccc(c(c1)C)C)(O)O,493.15
13897,Cc1ccc(cc1)S(=O)(Cl)=O,342.15
21432,O=CC(CCCCC)=C/c1ccccc1,353.15
801,COc1ccc(cc1)C(=O)NNC(=O)c2cccc3c2cccc3,462.15
11721,S=C1NC(C)=C(C(=O)OC(C)C)C(N1)c1ccccc1,450.15
3531,CC(C)(C)c1cc(cc(c1O)C(C)(C)C)C#N,415.15
21214,O=C1CC(C)=CCC1,252.15
9173,ClC(=Cc1cccc(c1)C=C(Cl)c1ccc([N+](=O)[O-])cc1[N+](=O)[O-])c1ccc([N+](=O)[O-])cc1[N+](=O)[O-],488.15
14600,O=C2C=C(Oc1c3ccccc3ccc12)c4ccccc4,426.15
11650,FC(F)(F)C(F)(F)C(F)(F)C(F)(F)C(F)(F)C(F)(F)C(F)(F)C(F)(F)C(=O)Nc1ccc(cc1)C(=O)OCC,409.15
21225,Oc3ccc4CC2C5CCCCC5(CCN2CCc1ccccc1)c4c3,517.15
15199,C#CCN(C)[C@H](C)Cc1ccccc1,414.65
5173,Cc1ccc(cc1)F,217.15
18899,O=C(NN)c1ccc(O)cc1,538.15
17264,Clc1ccc2ccccc2n1,311.15
21436,CC(C)(C)NC(=O)COC(=O)c1ccccc1,385.65
21751,BrC=CCl,186.45
15530,O=C(O)C2=CN(CC)c1cc(c(F)cc1C2=O)N3CCNCC3,500.65
12847,O=C1CCC2(C)C(CCC3C4CCC(=O)C4(C)CCC32)C1,405.15
3091,Cc1c(c(no1)c2ccccc2Cl)C(=O)O,463.15
22673,O=C(O)[C@H]([C@@]31C(=O)[C@@H]2[C@@H](C(=O)C[C@H]1[C@@]2(CC3)C)C)C,446.0
17273,O=[N+]([O-])c1ccc(Cl)cc1O,314.15
7709,CS(=O)(=O)CC#N,357.15
6853,COCCOCCO,203.15
2756,c1ccc(cc1)C(c2ccccc2)(c3ccccc3)n4ccnc4I,444.15
6458,c1ccc(cc1)C(F)(F)F,244.15
16826,OC1CCCCC1Cl,302.15
21458,FC(F)(C(F)(F)C(F)(F)F)C(F)(F)C(F)(F)C(F)(F)C(F)(F)C(F)(F)C(F)(F)C(F)(F)C(F)(F)C(F)(F)C(F)(F)C(F)(F)C(F)(F)C(F)(F)C(F)(F)C(F)(F)C(F)(F)C(F)(F)C(F)(F)C(F)(F)C(F)(F)C(F)(F)F,462.15
12809,Oc1ccc2c(c1)CCC1C3CCC(O)(C#C)C3(C)CCC21,414.15
13806,COC(=O)c1ccc(cc1)C(=O)O,494.15
1616,c1c(c(cc(c1F)O)F)C=O,420.15
6942,C(C(CO)(CO)COCC(CO)(CO)CO)O,490.15
15236,OC[C@H]1N(CCCC)C[C@H](O)[C@@H](O)[C@@H]1O,443.65
2170,COc1ccc(c(c1)C(=O)O)Br,431.15
6460,c1ccc(cc1)C(=O)Cl,272.15
18500,OCC(=O)C3(O)C(O)CC2C4CCC1=CC(=O)C=CC1(C)C4(F)C(O)CC23C,543.15
5087,c1cc(c(cc1F)C(F)(F)F)CO,329.15
10025,OC1(CCC2(C)C(CCC3C4CCC5(OCCO5)C4(C)CCC32)C1)CC,400.15
12059,S=C(Nc1ccc(OC)cc1)c1ccccc1,406.15
18542,OC(C(C=O)NC(=O)N(C)N=O)C(O)C(O)CO,388.15
8077,CNC(=O)c1ccccc1,352.15
16679,NC(=O)OCCCl,348.65
12129,O=C1OC(=NC1=Cc1ccc(OC)c(OC)c1)c1ccccc1,406.15
12906,C=C(C)C(C)C,116.14999999999998
20866,O=C3c1ccccc1C(=O)c2c3cc(O)c(C)c2O,563.15
5615,c1ccc(cc1)Oc2cccc(c2)c3[nH]nnn3,426.15
13846,COc1ccc(cc1[N+]([O-])=O)OC,344.15
10974,o1c(ccc1C(c1ccc(cc1)C(c1oc(cc1)CC)c1oc(cc1)CC)c1oc(cc1)CC)CC,354.15
22796,O=C(OC)C2=C(C(=O)OC)[C@]4(c1ccccc1[C@@H]2c3ccccc34)COC(=O)[C@@H](NC(=O)C)C,453.5
8974,CC(C)(C)NCC(O)c1cc(O)cc(O)c1,392.15
16008,Clc2cc(ccc2Oc1ccc(Cl)cc1)NC(=O)c3cc(I)cc(I)c3O,442.15
13444,CCCCCCC(O)CC,295.15
13824,CC(c1ccccc1)c2ccccc2,255.15
12620,Oc1cc2c(cc1OC)CCN(C)C2C,456.15
13376,N#Cc1ccccc1Cl,318.15
10067,BrC1C(OC(=CC1C)C(=O)N)OCC,404.15
17115,CCCCCCCF,200.15
9481,Clc1ccc(Cl)c(NN=C(c2sc3ccccc3[nH0]2)C(=O)N)c1,544.15
10556,Fc1ccc(cc1)C1c2ccc3ccccc3c2NC=2CC(C)(C)CC(=O)C=21,552.15
13030,CC(C)(C)C(C)O,278.15
2401,COc1ccc(c(c1Cl)CBr)F,322.15
8736,CC1(OC(=CC1=O)C(O)=O)c2ccccc2,449.15
8111,CCCCCOC(=O)c1ccc(cc1)O,311.15
12397,O=C1c2ccc(OC)cc2CCC1C(=O)C(=O)OC,344.15
17497,NC(=O)NCc1ccccc1,421.15
12833,O=C1N(C)c2[nH0]c[nH]c2C(=O)N1C,543.15
22760,Brc3cc2c1cc(Br)ccc1n(c2cc3)CC,412.5
15221,Clc3ccc(C(OCc1ccc(Cl)cc1Cl)Cn2ccnc2)c(Cl)c3,434.15
15702,Nc1c3ccccc3nc2CCCCc12,456.65
18215,ClS(=O)(=O)c1ccc2ccccc2c1,354.15
11139,O=[N+]([O-])c1ccc(cc1)C(=O)OC1=CC(=O)C2(C)CCC1C2(C)C,394.15
9998,O=[N+]([O-])c1ccc(Nc2ccc(C)cc2)c(NC(=O)C)c1,449.15
7232,C1CCC(CC1)F,286.15
12564,O=[N+]([O-])c1ccc(OC(=O)c2ccccc2)cc1,412.15
3878,CN(C)c1cccc(c1)C(=O)O,424.15
6912,COC(=O)c1c(c(c(c(c1Cl)Cl)C(=O)OC)Cl)Cl,430.15
15716,Fc3ccccc3C2=NC(C(=O)Nc1ccc(Cl)cc12)C(=O)OCC,466.65
1702,Cc1cc(c(c(c1)Br)N)Br,347.15
17769,Clc1cc(ccc1OP(=O)(NC)OC)C(C)(C)C,333.15
5641,c1cc2c(c(c1)O)CCCC2,343.15
13137,NCCCCCCO,329.15
16066,CCCCCCCCSC#N,378.15
1124,c1ccc(c(c1)C(=O)C(=O)c2ccccc2Cl)Cl,407.15
4521,CC(=O)Oc1ccc(cc1)C=C,281.15
14439,C=CN1CCCCCC1=O,307.15
17431,O=C(O)C(O)CC,317.35
11215,O=C(O)C1CCC(OC1(C)C)(C)C(O)(C)C,384.15
13003,ClCCCl,237.15
3541,Cc1cc(nnc1Cl)Cl,360.15
11471,O=[N+]([O-])c1cc([N+](=O)[O-])c(cc1CCC(=O)OC)CCC(=O)OC,344.15
16361,CCC(CCC)c1ccccc1,217.75
14019,CC(C)(C)c1ccc(Br)cc1,289.15
13339,O=Cc1cccc(C=O)c1,362.15
7764,c1ccc2c(c1)C(=O)N(C2=O)c3ccc(cc3)Cl,470.15
16144,O=C(OC)c2cnc3cc(OCc1ccccc1)c(cc3c2O)CCCC,560.65
9763,O=[N+]([O-])c1c(C=Cc2ccccc2)c(NC(=O)C)cc(NC(=O)C)c1C=Cc1ccccc1,549.15
17987,CC(C)OC(=O)CCCCCCCCCCCCCCCCC,301.15
18018,NNCCO,203.15
14158,ICI,279.15
19475,COc2ccc(Nc1ccc(N)cc1)cc2,375.15
23210,C(C)(C)(C)OC(=O)N[C@H]1[C@H]([C@H](C[C@@H]1C(=O)OCC)CC)O.C(=O)(OC(C)(C)C)NC,439.65
2211,c1ccc(c(c1)CBr)Br,304.15
16916,O=C(Oc1cc(C)ccc1)NC,349.65
1465,c1ccc(c(c1)C(=O)c2ccc(cc2)Cl)Cl,338.15
11612,O=C(C)c1[nH0][nH0](c2cc3[nH0]([nH0]c(c3cc21)C(=O)C)c1ccccc1)c1ccccc1,584.15
3133,c1cc(ccc1CCC(=O)O)F,363.15
4264,c1cc(ccc1COc2ccc(cc2)C=O)[N+](=O)[O-],403.15
7972,CCC(C)[C@@H](C(=O)O)NC(=O)OC(C)(C)C,342.15
4677,Cc1c(c(c(cc1Br)[N+](=O)[O-])N)C,426.15
23466,C1CC(=O)NC(=O)C1N2C(=O)C3=CC=CC=C3C2=O,548.15
5938,Cc1cc(cnc1NC)I,345.15
4320,CSc1ccc(cc1)C(=O)O,468.15
10032,O=C1C=C2CCC3C4CCC(OCc5ccccc5)C4(C)CCC3C2(C)CC1,472.15
17856,c1ccccc1Sc2ccccc2,247.25
2107,c1cc(c(c(c1)F)Br)C(=O)O,432.15
13320,CCc1cccc(CC)c1,189.15
18898,Oc1ccc(CCCCCCCCC)cc1,315.15
9377,s1c(N=Nc2ccccc2)c([nH0]c1C(=NNc1cccc(C)c1)C#N)C,485.15
12165,O=C(OC1CCC2(C)C(CCC3=C4CCC(C(C)CCC(=O)OC)C4(C)C(OC(=O)C)CC32)C1)C,507.15
14920,Brc1c(Br)c(Br)c(Br)c(Br)c1Br,600.15
3034,CC(c1ccccc1)C(=O)O,268.15
15589,O=C(O)COCCN1CCN(CC1)C(c2ccc(Cl)cc2)c3ccccc3,385.65
18989,O=P(O)(O)OCC2OC(N1C=CC(N)=NC1=O)C(O)C2O,506.15
7062,CCOC(=O)c1ccc(c(c1)OC)OC,317.15
4663,c1cc(c(cc1Br)Cl)Cl,297.15
17307,CCc1c(CC)c(CC)c(CC)c(CC)c1CC,402.15
11478,O=[N+]([O-])c1cc(ccc1C(=O)C)C(=O)C,319.15
19750,OC(=O)c1cc(cc(O)c1)C(=O)O,566.15
2367,c1cc(c(cc1C(F)(F)F)CC#N)Cl,305.15
22474,CC=Cc1ccc2OCOc2c1,281.35
9721,N(=Cc1ccccc1)c1ccc(cc1)C=Cc1ccc(N=Cc2ccccc2)cc1,377.15
13928,C(CCc1ccccc1)c2ccccc2,252.15
22174,CC3(C)CN3P(=O)(NC(=O)NC1CC(C)(C)N(O)C1(C)C)N2CC2(C)C,475.65
440,Cc1cccc2c1cccc2C,353.15
14306,Clc1ccc(cc1)C(c2ccc(Cl)cc2)C(Cl)(Cl)Cl,381.65
21612,O=C(O)C=CCCCCCCC,285.15
21131,O=CC(O)C(O)C(OC1OC(CO)C(O)C(O)C1O)C(O)CO,513.15
16886,CCOc1ccc(N)c(N)c1,344.65
12884,CC(C)(C)C,256.15
832,c1ccc(c(c1)n2cccc2)[N+](=O)[O-],332.15
14729,CCc1nc(N)nc(N)c1c2ccc(Cl)cc2,506.15
20544,N#Cc1ccc(N)cc1Cl,391.15
14310,BrC(c1ccccc1)(c2ccccc2)c3ccccc3,426.15
3064,c1ccc2cc(ccc2c1)S,354.15
7714,CCCCCCCCCCCCOP(=O)(O)O,315.15
2587,c1cnc(c(c1C(F)(F)F)C(=O)O)F,365.15
1224,c1cc(c(c(c1F)C(=O)N)F)F,390.15
1490,c1cc(c(cc1F)F)C=O,276.15
2592,c1ccc(c(c1)C(=O)c2ccc(cc2)O)F,390.15
3247,COc1cc(cc(c1OC)OC)C(=O)N,452.15
6849,CCOCCOCCOCC,229.15
8023,CC(C)(C)CO,327.15
11004,O=C1C(=Cc2cc3ccccc3cc2C=C1C(=O)OCC)C(=O)OCC,434.15
1425,c1cc(c(cc1Br)Br)S(=O)(=O)Cl,357.15
17315,O=C3c1ccccc1C(=O)c2c3cc(O)c(O)c2O,586.15
18339,O=C2c1ccccc1C(=O)c3c2c(O)cc(O)c3O,532.15
15157,CN(C)CCOc1ccc(cc1)/C(c2ccccc2)=C(/CCCl)c3ccccc3,382.15
2691,COc1cccc(c1O)C=O,314.15
12324,O=C(OCC)C(C)C(O)(c1ccccc1)c1ccccc1,375.15
21475,Cl/C(F)=C(/Cl)F,142.64999999999998
17739,CCCCCCCCCCF,238.15
10441,Clc1ccc(cc1)c1oc(cc1)C=C1C(=O)OC(OC1=O)(C)C,382.15
21724,CC(/C=C/c1ccccc1)c2ccccc2,320.65
15772,O=S(=O)(Nc1nc(C)ccn1)c2ccc(N)cc2,509.15
19783,CC(C)CC[N+]([O-])=O,370.15
14946,CC(C)C[C@H](N)C(=O)O,560.15
19312,O=C1N(Cl)C(=O)N(Br)C1(C)C,436.65
13085,CC(C)=C/C(C)(C)C,167.14999999999998
11841,ClCCN(CCCl)c1ccc(cc1)C=C1SC(=S)N(CN2CCOCC2)C1=O,437.15
8572,c1ccc(cc1)/C=C/C(=O)Cl,309.15
9148,BrC(=Cc1ccccc1)c1cc(C=Cc2ccccc2)c([N+](=O)[O-])cc1[N+](=O)[O-],448.15
18421,C=CF,112.64999999999998
20488,Cc2cc(nc(Nc1ccccc1)n2)C3CC3,349.04999999999995
15040,Clc1cc(Cl)c(Cl)nc1OP(=S)(OCC)OCC,315.65
19646,O=S(=O)(c1ccc(N)cc1)c2ccc(NC(=O)CCC(=O)O)cc2,430.15
9552,Brc1oc(cc1)C=CC(=O)c1oc(C)cc1,342.15
3196,C(C(=O)O)C(F)(F)F,282.15
14500,Clc1cc(c(Cl)cc1Cl)S(Cl)(=O)=O,342.15
10229,O=[N+]([O-])c1cccc(NC(=O)OCC)c1[N+](=O)[O-],376.15
7378,c1cc2cnccc2c(c1)C(=O)O,553.15
486,c1cc(c(cc1Cl)[N+](=O)[O-])Cl,328.15
370,CC(=O)N1CCNCC1,305.15
18766,CCOC1=C(C=NN(C)C1=O)N2CCOCC2,363.15
783,Cc1ccccc1N2CCNCC2,320.15
6596,Cn1cnc2c1c(=O)n(c(=O)n2C)C,508.15
2511,c1cc(nc(c1I)C#N)I,467.15
11270,BrC(=C1C(=O)N(N=C1C)c1ccccc1)C1C(=O)N(N=C1C)c1ccccc1,492.15
19326,O=[N+]([O-])c1c(C)c(c(C)c(c1C(C)(C)C)[N+]([O-])=O)[N+]([O-])=O,383.15
12925,ClCCl,178.14999999999998
19352,Clc1cc(cc(Cl)c1Cl)c2cc(Cl)ccc2Cl,378.15
14024,O=C(Oc1ccc(C)cc1)c2ccccc2,343.15
3238,B(c1cc(c(c(c1)F)F)F)(O)O,550.15
18204,N=C(N)NC(=N)Nc1ccccc1C,417.15
873,c1ccc(cc1)SCC(=O)O,337.15
16443,Cc1cc(ccc1SC)OC(=O)NC,390.65
17923,Nc1ccc(cc1OC)c2ccc(N)c(OC)c2,410.15
16356,Clc2cc(ccc2/N=N/c1ccc(cc1)[N+]([O-])=O)N(CCO)CCO,463.15
2047,c1cnc(cn1)N,393.15
104,CN/C(=C[N+](=O)[O-])/SC,386.15
22208,NC(OC)(OC)OC,444.65
19273,ClC(Cl)(Cl)C(Cl)(Cl)F,374.45
17401,CN(C(C)=O)c1ccccc1,376.15
12455,c1c2CCc2cc2CCc12,374.15
1915,c1cnc(c(n1)N)Cl,442.15
6499,c1ccc(c(c1)/C=C/[N+](=O)[O-])[N+](=O)[O-],379.15
13266,N#Cc1ccc(C#N)cc1,499.15
5684,c1cc2c(cc1N)nn[nH]2,433.15
15107,ClS(Cl)=O,169.14999999999998
6728,C1CC1C(=O)N,397.15
13952,CC(CCCCCCCCCC)CC,235.15
3632,c1cc(cc(c1)N)C(=O)O,448.15
109,Cc1cccc2c1cccc2,251.15
13089,CCCCC/C=CC,173.14999999999998
11656,FC(F)(F)C(F)(F)C(F)(F)C(F)(F)C(F)(F)C(F)(F)C(F)(F)C(F)(F)C(=O)Nc1ccc([N+](=O)[O-])cc1,392.15
2138,COc1ccc(c(c1)Br)CC(=O)O,402.15
18775,CCSCCSP(=S)(OCC)OCC,248.15
20466,C/C(C)=NOCCOC(=O)C(C)Oc1ccc(cc1)Oc2cnc3cc(Cl)ccc3n2,339.45
8934,OC(=O)CCCCC=C(c1ccccc1)c2cccnc2,387.15
12663,Fc1ccc(cc1)C(=O)CCCN1CCC(N2c3ccccc3NC2=O)CC1,443.15
669,c1cc(c(c(c1)I)Cl)Cl,308.15
15895,O=C(C)Nc1c(I)c(c(I)c(NC(C)=O)c1I)C(=O)O,573.15
22029,O=C(OC)n1c3ccccc3nc1c2cscn2,396.65
15501,O=C(O)C2=CN(CC)c1c(F)c(c(F)cc1C2=O)N3CC(C)NCC3,512.9
3324,c1cc(c(cc1CC(=O)O)O)O,402.15
22623,s1c(cc(c1c2sc(cc2CCCCCCCCCC)c4nc5c(c(c3ccccc3)c4)cccc5)CCCCCCCCCC)c7nc8c(c(c6ccccc6)c7)cccc8,295.0
4480,c1cc(ncc1c2cc(ccn2)Br)Br,402.15
11634,FC(F)(F)C(C(=O)Nc1ccc([N+](=O)[O-])cc1)(C(F)(F)F)C(F)(F)F,554.15
6169,Cc1ccc2c(c1)cccn2,251.15
1439,c1c(c(cc(c1F)Cl)Cl)C(=O)O,414.15
21891,CC(Oc1ccccc1)C=O,422.15
11039,O=C(OC1CCC2(C)C(CCC3C4CCC(O)(C#Cc5ccccc5)C4(C)CCC32)C1)C,439.15
16731,BrC3c1ccccc1c2ccccc23,376.65
16620,Cc4c5ccccc5c1ccc3cccc2ccc4c1c23,489.15
6574,CCBr,154.14999999999998
4811,COc1cc2c(cc(=O)oc2cc1OC)CBr,475.15
15186,Fc1ccc(cc1)[C@@H]4CCNC[C@H]4COc2ccc3OCOc3c2,403.15
3258,COc1cc(cc(c1OC)OC)CC#N,350.15
9353,O=C(OC)C(=Cc1ccccc1)Cc1ccccc1,301.15
6131,COc1cc(c(cc1OC)F)C=O,372.15
20386,NNC(=O)OC,346.15
15021,O=C(O)c1cccnc1,510.15
16534,CC(CCC)c1ccccc1,203.15
16909,CCN(C(=O)SCC)C1CCCCC1,284.65
14377,O=C(C=Cc1ccccc1)C=Cc2ccccc2,384.15
13606,ClCc1ccc(Cl)cc1,303.15
23294,[O-][N+](=O)c1cnc(n1CCO)C,433.15
22306,CN(C)C2CC(C)OC(OC1C(C)CC(C)C(=O)C=CC(C)(O)C(CC)OC(=O)C1C)C2O,469.15
7332,CC(C)COC(=O)c1ccc(cc1)O,349.15
1564,CC(C)(C)c1ccc2c(c1)nc(o2)c3ccc(s3)c4nc5cc(ccc5o4)C(C)(C)C,474.15
1834,Cc1cccc(n1)C,266.15
9378,O=[N+]([O-])c1ccc(NN=C2CCC=C2C)c([N+](=O)[O-])c1,495.15
18145,Oc1ccc(cc1O)C(C)(C)C,327.45
11760,O=C1C=C2CCC3C4=CCCC4(C)CCC3C2(C)CC1,390.15
14656,O=S(=O)(N(Cl)Cl)c1ccc(cc1)C(=O)O,486.15
16041,OCCNc1ccccc1,284.15
21091,Cc2ccc(NNc1ccc(C)cc1)cc2,408.15
17352,O=COCCCC,181.65
12993,C/C(C)=C(/C)CC,155.14999999999998
21648,ON=Cc1ccccc1,308.15
20517,CC(=O)C1CCc2ccccc2C1=O,329.15
20988,Oc2c(OC)c(cc1CCNC(C)c12)OC,433.65
21618,O=C(O)CCCCCCCCCCCC=CCCCCCCCC,306.95
20400,Nc1cnc(OC)cc1,303.15
15380,Oc3cccc2C(=O)c1cccc(O)c1C(=O)c23,466.15
22763,O=C2[C@@H]([C@H](O[C@@H](c1ccc(cc1)C)[C@@H]2C)c3ccc(cc3)C)C,413.5
22039,CCCCNC(=O)c1cc2cc(O)c(O)cc2cc1,467.15
14174,CC(C)CCCCCCCCCCCCCCCCC,291.15
3003,C1CC(C(=O)C1)CC(=O)O,322.15
8215,c1(c(c(c(c(c1F)F)F)F)F)O,307.15
11978,FC(F)(F)C(C(=O)Nc1ccc(C)cc1C)C(F)(F)F,466.15
11716,S=C1NC(C)=C(C(=O)OC(C)C)C(N1)c1cccc([N+](=O)[O-])c1,498.15
20152,CN1c2ccccc2SC1=S,363.15
5389,CNC(=S)NN,410.15
12055,S=C(N1CCOCC1)c1ccc(OCC)c(OC)c1,392.15
18273,Cl/C(Cl)=C(/Cl)C(Cl)=C(/Cl)Cl,252.15
1309,Cc1c([nH]c2c1cc(cc2)[N+](=O)[O-])C,462.15
20684,Oc1cc(Cl)cc(O)c1,391.15
11345,O=C(CNc1cccc(NCC(=O)c2ccccc2)c1)c1ccccc1,437.15
3475,CC(C)c1cc(c(c(c1)C(=O)O)O)C(C)C,390.15
789,CC(C)(C)OC(=O)NC1(CCCC1)C(=O)O,406.15
14731,c1cc(ccc1)c2nnc(nc2c3ccccc3)c4ccccn4,464.15
12375,O=C1CCC2(C)C(CCC3C4CCC(OC(=O)C)C4(C)CCC32)C1,419.15
21027,c3cccc4cccc(Nc2cccc1ccccc12)c34,388.15
22216,Cc2ccccc2/N=Nc1ccc(N)cc1C,375.15
7740,CC#CCN1C(=O)c2ccccc2C1=O,494.15
3284,c1cc(c(cc1C#N)Cl)Cl,345.15
18439,O=Cc1ccc2ccccc2c1,335.15
2514,Cc1cccnc1C#N,359.15
15973,CC(C)CCCCCCCOC(=O)CCCCC(=O)OCCCCCCCC(C)C,300.54999999999995
14711,O=C(O)CCC(=O)OC,330.65
12577,O(Cc1ccccc1)c1ccc(OCc2ccccc2)cc1,401.15
21237,C=C(C)C4CCC5(C)CCC3(C)C(CCC2C3(C)CCC1C2(C)CCC(O)C1(C)C)C45,489.15
14468,FC(F)(F)CO,229.65
18776,Cc1c(cc(cc1[N+](=O)[O-])[N+]([O-])=O)C(N)=O,450.15
2653,B(c1ccccc1F)(O)O,377.15
14245,OC(=O)/C(=C/c1ccccc1)c2ccccc2,446.15
22915,OC13CC2CC(CC(C1)C2)C3,563.1
18179,c1cccc2sc(nc12)SNC3CCCCC3,371.15
9258,O=[N+]([O-])c1cccc(c1)C=NNc1ccccc1,396.15
6227,COc1ccc2c(c1)SCC(=O)N2,458.15
22349,C=C(F)F,129.14999999999998
23269,O=C(Nc1c(cccc1C)C)CN(CC)CC,341.65
8791,O=C(Cc1ccc(cc1)c2ccccc2)Nc3ccccn3,395.15
11880,Clc1ccc(cc1)C1Sc2[nH0][nH0]c([nH0]2N1)c1ccccc1OC,476.15
20667,Oc1ccc2cc(O)ccc2c1,493.15
12881,CC(C)CC,113.14999999999998
15268,C[N+](C)(C)C[C@H](O)CC(=O)[O-],469.65
5006,CCc1ccc(cc1)c2ccc(cc2)C#N,348.15
6214,c1cc(c2c(c1F)non2)S(=O)(=O)N,417.15
11249,Oc1[nH0]c([nH0][nH0]1c1ccccc1)CCC,419.15
9777,O=[N+]([O-])c1cc([N+](=O)[O-])c(cc1C=Cc1ccccc1)C=Cc1ccccc1N,466.15
16954,C=Cc1ccc(Cl)cc1,289.04999999999995
7982,CCN(CC(=O)O)C(=O)OC(C)(C)C,361.15
17234,BrC(=O)c1ccccc1,249.15
5257,c1cc(ccc1C#N)I,399.15
15325,Nc1c(cccc1O)C(=O)O,513.15
12915,C=C(C)CCC,137.14999999999998
13932,CC(Cc1ccccc1)c2ccccc2,273.15
16706,NS(=O)(=O)c2cc1c(NC(NS1(=O)=O)CC(C)C)cc2Cl,494.65
11070,o1c2CCC(C)(c3cc(oc3c2c2cc(C)ccc12)C)c1ccc(OC)cc1,443.15
15068,N#Cc2cc3ccccc3c1ccccc12,384.15
16947,[O-][N+](=O)c1ccc(cc1)Cc2ccncc2,344.15
16227,Cc1cnc2ccccc2n1,453.65
15458,O=S(=O)(Nc1ncnc(OC)c1OC)c2ccc(N)cc2,465.15
13098,C=C(C)C(C)(C)CC,204.15
9986,O=C(OCC1c2ccccc2c2ccccc21)NC(CO)C(=O)N,428.15
270,CCCCCCCCCCCCCCCCCCBr,301.15
3301,CCOc1ccc(cc1OCC)C(=O)O,441.15
21755,C=C(C)/C=C/C(=C)C,264.15
6843,CCSCC,169.14999999999998
12041,O=C1NC(=O)C(N1)=Cc1ccccc1,495.15
12264,Clc1ccc(cc1)C=C1C(=O)OC(OC1=O)(C)C,445.15
17020,Clc1c(C)c(Cl)c(Cl)c(Cl)c1Cl,497.95
7990,C1CCC(=O)N(CC1)Br,337.15
5406,Cc1ccc(cc1)OCC(=O)O,413.15
16728,O=C(O)CC(N)c1ccc(cc1)N(CCCl)CCCl,455.65
712,Cc1cc(c(cc1C)C)C,352.15
5783,c1cc2c(cc1Br)c(c[nH]2)C=O,478.15
12471,O=C1OC(C)(C)C(C1)C(=O)O,449.15
4409,c1cc(ccc1c2ccc(cc2)F)F,361.15
11688,O=C1NC(C)=C(C(=O)OCc2ccccc2)C(N1)c1ccc(O)c(O)c1,488.15
11409,O=C(N(CC(=Nc1ccccc1)Nc1ccccc1)c1ccccc1)c1ccccc1,415.15
5260,c1cc(ccc1CO)I,346.15
5920,B(c1cc(c(s1)C=O)C)(O)O,392.15
19691,S=C(S)S,243.15
18665,Clc1ccc(cc1)C(=O)CN(C)CCCN3c4ccccc4CCc2ccccc23,378.15
5411,Cc1ccc(cc1)C=C,239.15
20007,Ic1cc(cc(I)c1O)C(O)C(C)NC(C)CCc2ccccc2,485.15
550,c1ccc(cc1)c2c3ccccc3c(o2)c4ccccc4,408.15
23054,c1cc(ccc1N)N(=O)=O,420.65
3241,c1c(cc(c(c1F)F)F)/C=C/C(=O)O,470.15
14603,OOC(C)(C)c1ccccc1,264.15
4005,B(c1cccc(c1)O)(O)O,482.15
19257,Brc2cccc1Oc3ccccc3Oc12,377.15
10169,O=[N+]([O-])c1cc2c([nH][nH0]c2[N+](=O)[O-])c([N+](=O)[O-])c1,508.15
18025,O=C(CCC)OCCCC,181.65
8493,Cn1cnc2c1c(=O)[nH]c(=O)n2C,621.15
21246,CC(N)O,370.15
3264,CC12CCC(=O)C=C1CCCC2=O,322.15
9321,ClC(=Cc1ccccc1)c1cc(c([N+](=O)[O-])cc1[N+](=O)[O-])C(Cl)=Cc1ccccc1,419.15
18702,OC(=O)C1N2C(=O)C(C2SC1(C)C)N3C(=O)C(NC3(C)C)c4ccccc4,463.15
5061,CCOc1ccc(cc1)CO,306.15
8444,CC(C)(C)OC,164.14999999999998
11109,ClCCOC(=O)c1cc(OC)c(OC)c(OC)c1,342.15
14511,Fc1cc(F)ccc1[N+](=O)[O-],282.15
2098,COc1ccccc1C(=O)CBr,317.15
19553,FC(F)(F)c1cccc(C#N)c1,287.65
7001,C([C@H]([C@@H]([C@@H]([C@H](CO)O)O)O)O)O,462.15
7292,C1CNCCNC1,314.15
11928,Sc1sc([nH0][nH0]1)c1oc([N+](=O)[O-])cc1,447.15
3671,c1cc(c(c(c1)Br)F)C(=O)O,442.15
4968,CCCC(=O)c1ccc(cc1)Cl,309.15
17224,ICc1ccccc1,297.65
8625,B(OC)(OC)OC,239.15
10629,FC(F)(F)C=1[nH0]2[nH0]c(N)c(N=Nc3cccc(c3)C(F)(F)F)c2N=C(C)C=1,444.15
4416,CC(C)c1ccc(cc1)c2ccc(cc2)C(C)C,339.15
21238,CC1(C)C2CC3C(C)CCC1(O)C3(C)CC2,329.15
16602,O=C(Oc1cc(C)c(C)cc1)NC,352.65
8940,NCc1ccc(cc1)S(N)(=O)=O,424.15
22639,Clc1ccc(c(Cl)c1)C=Cc3c2ccccc2n(c3C)S(=O)(=O)c4ccccc4,383.0
16325,O=C(NN)c1ccc(N)cc1,499.15
16658,CC(C)COc1ccc2ccccc2c1,304.15
22,CCCCCCCCS(=O)(=O)Cl,287.15
2934,Cc1c(cccc1O)O,393.15
17041,Oc1cccc2ccc(C)nc12,346.95
4311,B(c1ccc(cc1)S(=O)(=O)C)(O)O,473.15
14691,Cc2c(NS(=O)(=O)c1ccc(N)cc1)onc2C,469.65
6597,c1cc2c(c(c1)Cc3cccc(c3O)Cc4cccc(c4O)Cc5cccc(c5O)C2)O,590.15
16430,Clc1ccc(cc1)C(c2ccccc2)C(=O)C4C(=O)c3ccccc3C4=O,413.15
19329,CN(C)c1cc2nc3cc(ccc3cc2cc1)N(C)C,438.15
22807,n1nc(sc1CC)N,474.5
12489,S(CC)C(SCC)C(O)C(O)C(O)CO,400.15
4833,c1cc(c(cc1Cl)c2ccno2)O,475.15
21375,CCCc1cc(ccn1)C(N)=S,409.85
17552,CN(C)CCn2cnc1c2C(=O)N(C)C(=O)N1C,368.15
20294,Cc1c(cccc1OC)[N+]([O-])=O,328.15
22154,O=[N+]([O-])c1ccc(cc1)C(=O)N(NC(=O)c2ccccc2)C(C)(C)C,523.65
21928,Oc2ccc(/N=N/c1ccccc1)cc2,428.15
8022,CCCCCCCCCCCCCCCCCCCC,310.15
56,CC(=O)OC[C@@H]1[C@H]([C@@H]([C@H]([C@@H](O1)S)OC(=O)C)OC(=O)C)OC(=O)C,389.15
3412,CC(=O)c1cc(cc(c1O)Cl)Cl,370.15
10416,O=C(N)c1c(N)[nH0]([nH0]c1c1ccccc1)c1ccccc1,473.15
2855,CCCC(=C)C,137.14999999999998
400,c1ccn(c1)c2cc(cc(c2)C(F)(F)F)C(F)(F)F,315.15
2986,c1ccc(c(c1)CC(=O)O)[N+](=O)[O-],414.15
12764,O=C(N1CCN(CC1)c1[nH0]c(N)c2cc(OC)c(OC)cc2[nH0]1)c1occc1,558.15
20353,[O-][N+](=O)c1ccc(cc1)C2CCCCC2,331.65
10251,N=1NC=C(C=1)c1ccccc1C=C,387.15
6605,C(=O)(NN)NN,429.15
21129,Fc1ccc(C(=O)O)c(F)c1F,414.15
13871,Cc1cc(Br)ccc1N,325.15
20330,CC1CCS(=O)(=O)C1,274.15
19793,NC(=O)CCCCCCCCCCCCCCC,380.15
11632,Brc1ccc(NC(=O)C(C(F)(F)F)(C(F)(F)F)C(F)(F)F)c(Br)c1,502.15
11582,Brc1cc(Br)c(N)c(c1)Cc1ccccc1,468.15
12914,CC=C(/C)CC,135.14999999999998
22887,Brc2ccc(C(=O)CSC(=S)N1[C@H](CCC1)COC)cc2,362.65
21394,S=C(Nc1ccccc1)NN,412.15
16979,O=S(=O)(Nc1ccc(OCC)nn1)c2ccc(N)cc2,456.15
17555,[O-][N+](=O)C([N+](=O)[O-])[N+]([O-])=O,288.15
12664,O=C1OC(OC(=O)C1)(C)C,371.15
6554,c1ccc(cc1)P(CO)CO,330.15
8780,COc1cc(N)c(Cl)cc1C(=O)NC2CCN(CC2)Cc3ccccc3,467.15
13017,C=C(C)C(=O)OC,225.15
19776,Ic1ccc(I)s1,314.65
20043,C[Si](C)(C)Oc1ccccc1,218.15
7258,C(C(=O)O)O,350.15
17591,O=C2C=C/C(=Nc1ccc(O)cc1)C=C2,433.15
17654,C=C=O,122.14999999999998
5781,c1cc2c(ccs2)cc1Br,319.15
12241,O=[N+]([O-])c1cc([N+](=O)[O-])cc(c1)C(=O)NCc1[nH0]cccc1,393.15
19690,CB(C)C,111.64999999999998
20569,CC1CC(C)C(C)CC1,189.65
15090,O=C2C[C@@H]7OCC=C6CN4CC[C@@]53c1ccccc1N2[C@H]3[C@H]7[C@H]6C[C@H]45,559.15
19922,CC1CC(C)CS1(=O)=O,270.15
7233,C(=O)N,275.15
21908,COc1ccccc1NC(C)=O,360.65
16936,CCCB(CCC)CCC,217.15
11736,O=C(O)C(C)(Cc1ccccc1)C(=O)O,405.15
14722,[O-][N+](=O)c2cc[n+]([O-])c1ccccc12,427.15
15794,O=S(N)(=O)c1nnc(NC(C)=O)s1,533.65
519,C1CN(CCN1CCCN)CCCN,287.15
1755,c1cc(c(c(c1)Cl)CC#N)Cl,349.15
4508,CC(=O)Nc1cccc2c1-c3ccccc3C2=O,536.15
21096,OC(=O)CS(=O)(=O)CC(O)=O,455.15
12919,CCCC=CC,140.14999999999998
17643,OC3Cc5cc6OCOc6cc5C2N(C)Cc1c4OCOc4ccc1C23,408.65
5263,c1ccc(cc1)c2ccc(cc2)I,385.15
1069,c1ccc(c(c1)/C=C/C(=O)O)C(F)(F)F,475.15
8340,c1ccnc(c1)C(=S)N,396.15
8419,c1cnc(nc1)NS(=O)(=O)c2ccc(cc2)N,528.15
17975,OCCOCCOCCCCCC,233.15
18247,O=C(c1ccc(Cl)cc1)c2ccc(Cl)cc2,420.65
17605,OCc1ccc2OCOc2c1,331.15
6611,C(C(=O)O)Cl,335.15
19572,FC(F)(C(=O)OCC)C(F)(F)F,348.65
665,c1cc(c(cc1[N+](=O)[O-])Cl)Cl,314.15
14936,CC(C)C,113.54999999999998
23459,O=C4\C=C2/[C@]([C@H]1CC[C@@]3([C@@H](O)CC[C@H]3[C@@H]1CC2)C)(C)CC4,428.15
13796,COc1cc(ccc1OC)C(C)=O,324.15
22413,CCCCOCCOCCOCCCC,213.15
716,c1c(c(cc(c1Br)Br)Br)Br,451.15
5780,c1cc(c(cc1C(=O)CBr)C(=O)N)O,476.15
12787,O=C(NN)c1cc[nH0]cc1,444.15
18548,Clc2ccc(OC(C)(C)C(=O)OCCCOC(=O)C(C)(C)Oc1ccc(Cl)cc1)cc2,325.15
1699,c1c(cc(c(c1Br)O)Br)F,328.15
12035,O=C1OC(=CC1=Cc1oc(cc1)c1ccc(C)cc1)CC(C)C,351.15
12164,O=C1CCC2(C)C(C1)CC(=O)C1C3CCC(=O)C3(C)CCC12,505.15
1877,CC(=O)c1ccc-2c(c1)Cc3c2cccc3,403.15
20504,O=S(=O)(c1ccc(cc1)[N+]([O-])=O)C2(CC2)C(=O)OC,400.15
22222,CN(C)CC(C)C(C(OC(=O)CC)c1ccccc1)c2ccccc2,348.65
7320,c1cc2c(cc[nH]2)cc1C=O,371.15
9724,O=C(OC(=O)C(=Cc1ccccc1)Cc1ccccc1)C(=Cc1ccccc1)Cc1ccccc1,381.15
20791,O=C1CC=NC=N1,437.15
6800,CCCP(Cl)Cl,409.15
4916,c1cc(c(cc1C(=O)O)[N+](=O)[O-])Cl,455.15
7065,CCOC(=O)c1c[nH]nc1N,379.15
7140,CCOC(=O)C,189.15
2979,c1ccc(c(c1)CCl)[N+](=O)[O-],322.15
604,C1CC=CC=C1,184.15
12141,Clc1ccccc1C=C(C#N)C(=O)OCC,361.15
13750,O=C(CCCCC(=O)OC)OC,281.15
14736,Clc4cc5NC(=O)N(C3CCN(CCCN1c2ccccc2NC1=O)CC3)c5cc4,510.65
12762,S1c2ccccc2N(CC(N(C)C)C)c2ccccc12,333.15
8990,CCN1CCc3c2C1CC=C(C(=O)OC)n2c4ccccc34,393.15
6861,c1ccc2c(c1)CCC(=O)O2,298.15
8168,CCCCCCCC#N,228.15
15754,NS(=O)(=O)c2cc1c(NC(CCl)N(C)S1(=O)=O)cc2Cl,498.15
15405,OC=1C(=O)O[C@@H](C=1O)[C@@H](O)CO,464.15
8128,CCCOC(=O)c1cc(c(c(c1)O)O)O,421.15
12627,Clc1c2COC(=O)c2c(Cl)c(Cl)c1Cl,481.15
19677,O=C(O)Cc1cn(nc1c2ccc(Cl)cc2)c3ccccc3,423.65
15467,NC(=O)C=4C(=O)[C@@]3(O)C(O)=C2C(=O)c1c(O)cccc1[C@@](C)(O)[C@H]2[C@H](O)[C@H]3[C@@H](C=4O)N(C)C,456.15
6592,CCCC(=O)OC(=O)CCC,198.15
8672,c1cc(cc(c1)Cl)P(c2cccc(c2)Cl)c3cccc(c3)Cl,338.15
19270,CCCCCCCCOC(=O)CC,230.55
91,c1ccc2c(c1)cccc2[N+](=O)[O-],330.15
2577,c1cc(c(c(c1)C(F)(F)F)F)CO,298.15
15541,C[C@@H](O)CC,158.45
10866,O=[N+]([O-])c1ccc2c(c1)CC2=O,349.15
8384,c1ccc(c(c1)C=O)O,266.15
15618,C=C1C(/C[C@@H](O)C[C@@H]1O)=CC=C2/CCC[C@]3(C)[C@H](CC[C@@H]23)[C@H](C)CCCC(C)C,409.15
20409,NC(=O)Nc2cccc1ccccc12,492.65
13464,O=C(N)c1cccc(C=C)c1,406.15
16563,O=C1NC(=O)NC(=O)C1(CC(C)O)CC=C,430.65
22830,FC([N+]([O-])=O)([N+]([O-])=O)[C@@H]1O[C@@H](OC)O[C@@H]1C(F)([N+]([O-])=O)[N+]([O-])=O,373.55
9819,O=[N+]([O-])c1ccc(C=Cc2ccc3OCOc3c2)c([N+](=O)[O-])c1,452.15
19094,CC(C)(C)C(=O)C(Oc1ccc(Cl)cc1)n2cncn2,355.45
4260,c1cc(ccc1N)N2CCOCC2,404.15
3896,CCc1cccnc1,196.15
19791,CCC(=O)CCCCCCCCCCC,307.15
1349,COc1cc(c(cc1OC)OC)C=O,386.15
15545,C[C@@H](O)CO,213.15
10563,FC(F)(F)C1=NN(c2ccccc2)C(=O)C1C(O)c1ccccc1,532.15
16049,CCc1ccc2CCCCc2c1,203.15
3777,c1cc(c(c(c1)Cl)[N+](=O)[O-])C(=O)O,510.15
20257,O=C(COC)c1ccccc1,281.15
3740,c1csc(c1Br)C(=O)O,469.15
325,CC(C)(C)OC(=O)n1ccnc1,319.15
4050,Cc1cc(cc(c1)OC)O,336.15
22061,O=S(=O)(c1csc(c1)S(=O)(N)=O)c2ccc(C)cc2,458.15
12280,O=C(CCC(O)c1ccccc1)c1ccccc1,368.15
13894,O=C(N)c1c(Cl)cccc1Cl,471.15
7705,CC1=CC(=O)C=CC1=O,342.15
19088,C=CC=CCC,170.74999999999997
12229,[O-][N+](=Nc1cccc(O)c1)c1cccc(O)c1,456.15
2762,c1cc(ncc1[N+](=O)[O-])I,439.15
3581,C(CN)CO,284.15
16290,OC(C(N)CC)c1ccccc1,352.65
7105,CCOC(=O)c1ccc(cc1)O,390.15
6372,C/C(=Cc1ccccc1)/C(=O)O,353.15
7244,CC1CCC(=O)O1,242.15
15377,NS(=O)(=O)c2cc(c(NCc1ccco1)cc2Cl)C(=O)O,479.15
11877,S1c2[nH0][nH0]c([nH0]2NC1c1occc1)c1ccccc1OC,499.15
5062,CCOC=C1C(=O)OC(=N1)c2ccccc2,368.15
3602,c1cc(c(cc1C(=O)O)N)Cl,489.15
17032,Cc2ccc3ccc1ccccc1c3c2,338.15
11179,O=[N+]([O-])c1ccc(cc1)C(=O)OCC1(C)CCC(C)C1(C)C,368.15
11856,S1c2[nH0][nH0]c([nH0]2NC1CCC)c1cccc([N+](=O)[O-])c1,402.15
6948,c1ccc(cc1)OP(=O)(O)Oc2ccccc2,339.15
7756,c1cc(ccc1C(=O)NCCC(=O)O)N,425.15
9638,s1c2ccccc2[nH0]c1C(=Cc1ccc(C)cc1)C(=O)N,422.15
16003,CSc1nc(NCC)nc(NC(C)C(C)C)n1,338.15
9212,ON=Cc1ccc(O)cc1,385.15
8897,CCCCC(=O)N(Cc1ccc(cc1)c2ccccc2c3nnn[nH]3)C(C(C)C)C(O)=O,389.15
16276,c2cc(Cn1cncn1)ccc2,322.15
20398,Oc1c(cccc1CCC)CCC,300.15
10435,O=C(c1cccc(C)c1)c1ccc(OC)c(OC)c1,366.15
10086,O=C(OCC1OC(OCc2ccccc2)C(OC(=O)C)C(OC(=O)C)C1OC(=O)C)C,371.15
9761,O=[N+]([O-])c1cc(N(C(=O)C)C(=O)C)c(C=Cc2ccccc2)c([N+](=O)[O-])c1C=Cc1ccccc1,448.15
14410,CCOc1ccc(cc1)[N+]([O-])=O,331.15
20858,Fc1c(F)ccc(O)c1F,305.15
10766,O(C)c1ccc2c[nH0]c(C)cc2c1,388.15
9574,O=C(O)C(C=CCC(C)C)C1=CCC2(C)C(CCC3C4CCC(O)C4(C)CCC32)C1,473.15
6017,C1[C@@H]2C=C[C@H]1[C@H]([C@H]2CO)CO,357.15
15957,[O-][N+](=O)c1cc(c(N)c([N+]([O-])=O)c1N(CCC)CCC)C(F)(F)F,397.15
2956,c1cc(c(cc1C(F)(F)F)[N+](=O)[O-])C#N,315.15
7869,CC(=O)NC(Cc1ccc(cc1)F)C(=O)O,425.15
20761,C1c4ccccc4CN2CCc3ccccc3C12,358.15
11934,S(C)C(N(CC=C)CC=C)=C(C#N)C(=O)N,383.15
12106,O=[N+]([O-])c1cccc2c1oc(CCC(=O)C)c2c1oc(C)cc1,376.15
9670,FC(F)(F)C1=NN(c2ccccc2)C(=O)C1=NNc1cccc(C)c1C,409.15
5409,CCC(=O)c1ccc(cc1)C,280.15
9611,s1cc([nH0]c1C(=NNc1cccc(C)c1)C#N)c1ccc(C)cc1,406.15
7520,COC(=O)c1ccc(c(c1)N)I,408.15
1103,Cc1ccc(c(c1)c2cc(ccc2C)C)C,323.15
22825,O=[N+]([O-])c2ccc(C=CC=CC=Cc1ccc([N+]([O-])=O)cc1)cc2,513.5
12198,O=C(OC)CCc1cccc(c1)CCC(=O)OC,324.15
2276,c1cc(c(c(c1)C(F)(F)F)Cl)CO,349.15
19380,O=P1(OCCCN1CCCl)N(CCCl)CCCl,323.65
4690,c1c(cc(c(c1F)C#N)F)Br,354.15
1558,C1C(=O)NC(=O)S1,398.15
16340,O=C(C)Oc2ccccc2C(=O)Oc1ccc(NC(C)=O)cc1,448.15
2488,c1ccc(c(c1)CC(=O)O)Cl,369.15
21491,CC(C)(C)NC(=S)Nc2c(cc(Oc1ccccc1)cc2C(C)C)C(C)C,419.15
21761,O=C(OC)/C(=NOC)c2ccccc2COc1ccccc1C,372.15
3523,c1c(cc(c(c1C=O)O)[N+](=O)[O-])[N+](=O)[O-],346.15
4542,CC1(CC(CC(N1)(C)C)N)C,290.15
22761,O=C(OCC)Cn1cnc2c1C(=O)N=CN2CC(=O)OCC,413.0
3400,c1c(cc(cc1Br)Br)C(=O)N,455.15
21749,Oc2cc3OC(=O)C=C(CN1CCOCC1)c3cc2O,505.15
23125,O=C(OC(C)(C)C)N[C@H](C(=O)O)Cc1ccccc1,360.15
15292,O=C2c1sccc1S(=O)(=O)N(C)C/2=C(/O)Nc3ccccn3,484.15
15293,NC(=O)c1ncn2C(=O)N(C)N=Nc12,485.15
2272,c1cc(c(c(c1)N)Cl)C(F)(F)F,300.15
2374,c1cc(c(cc1F)CO)Cl,343.15
14429,Cc2cccc1ccccc12,251.15
10844,O=C1N2CCCCC2Cc2cc(C)cc(C)c12,375.15
13520,Oc1cccc(NC(C)=O)c1,419.15
22566,COc1ccccc1C#N,297.65
16219,C[C@@H]1CCCC[C@H]1O,252.15
14214,NC(=O)CCCCCCCCCCC/C=CCCCCCCCC,352.15
8728,CC(=O)NC(CCC(N)=O)C(O)=O,470.15
12598,S(C)C(SC)=NC#N,327.15
12823,Oc1ccc2CC3N(CCC45c2c1OC4C1(OC)CCC35CC1C(O)(C)C(C)(C)C)CC1CC1,482.15
9843,Clc1ccc(NN=C2C(=O)NC(=S)NC2=O)cc1,573.15
292,C(CCl)CBr,214.15
11028,[P+]([O-])(c1ccccc1)(c1ccccc1)C1C=C(OC=2CCCCC=21)c1ccccc1,450.15
22644,O=C(c1ccccc1)[N@]3[C@H](c2ccccc2)[C@H]3C=CC(=O)OCC,391.0
20374,[O-][N+](=O)CCc1ccccc1,250.15
11392,Nc1ccc(N=Nc2ccc(N=Nc3ccc(N=Nc4ccc(N=Nc5ccc(N)cc5)cc4)cc3)cc2)cc1,565.15
2870,CC(C)(C=C)O,245.15
17112,COC=1C=C(C)OC(=O)C=1,359.15
13126,CC(=O)OCCCC,195.15
11401,OC(CCC)C(O)(CC)C1CCCCC1,351.15
9964,O=C1C=C2C(O)CC3C4CCC(C(C)CCCC(C)C)C4(C)CCC3C2(C)CC1,428.15
22672,O=C(OC)[C@@H]4C[C@H]5[N@@]([C@]34C(=O)c2c1c3cccc1ccc2)CSC5,445.0
4784,CC(=O)Nc1ccc(cc1)Br,442.15
9727,O=C(N)NN=C1C=C(C)CCC1C(C)C,493.15
22458,CC(=O)C(C)O,288.15
19090,Clc2cc(Cl)ccc2Oc1cc(C(=O)OC)c(cc1)[N+]([O-])=O,358.15
13231,ClCCCCCl,236.15
21539,Oc1ccc(cc1)C(CC)c2ccc(O)cc2,405.15
13201,[O-][N+](=O)c1ccccc1,279.15
22091,O=C(C)Oc1ccccc1C(=O)OCC(=O)NCC(N)=O,459.15
4879,c1cc(c(cc1Cl)[N+](=O)[O-])O,360.15
19656,COc3ccccc3OP(=O)(Oc1ccccc1OC)Oc2ccccc2OC,364.15
10542,FC(F)(F)C=1[nH0]2[nH0]c(N)c(N=Nc3ccc(C)cc3C)c2N=C(C)C=1,493.15
18269,Cc1ccccc1S(=O)(N)=O,429.45
22475,c1ccc2Sc3ccccc3Nc2c1,460.65
20202,FC(F)(F)c1ccccc1CC#N,306.15
10420,S(N)CC1=Cc2ccccc2OC1=O,529.15
22722,O=C2C=CC=NN2c1ccc(cc1)C,371.0
4418,COc1ccc(cc1)C(=O)c2ccc(cc2)OC,417.15
10002,OC1C=C2CCC3C4CCC(O)(C#C)C4(C)CCC3C2(C)CC1,477.15
4647,c1ccc(cc1)COC(=O)N2CCNC(=O)C2,393.15
14539,OCC[C@@]13C[C@@H]2C[C@@H](C[C@H](C1)C2)C3,347.15
16033,O=C(CCCCC)OCC,206.15
15697,Oc3ccc4C[C@H]1N(CC[C@@]2(CCCC[C@@H]12)c4c3)CC=C,454.15
12007,O=C1OC(OC(=O)C21Cc1ccccc1C2)(C)C,431.15
356,c1ccc(cc1)C(c2ccccc2)N3CCNCC3,365.15
20741,O=C(O)C(O)CCCC,334.15
11553,O=C(Nc1ccccc1)C(Nc1ccccc1N)(c1ccccc1)c1ccccc1,433.15
686,c1ccc(cc1)P(CCP(c2ccccc2)c3ccccc3)c4ccccc4,414.15
12989,CC(C)CC=CC,149.14999999999998
4584,c1cc(ccc1N)Oc2ccc(cc2)Cl,375.15
837,COCCN1CCCNCC1,340.15
7013,C(CO)N,283.15
8458,c12c(c(c(c(c1Cl)Cl)Cl)Cl)C(=O)OC2=O,529.15
22468,O=[N+]([O-])c1cc(ccc1)C(=O)OCC,320.15
16262,O=S(N)(=O)c1ccc(cc1)[N+]([O-])=O,452.15
10198,O=[N+]([O-])C=1NN(C)C2=NC=CC(=O)C2=1,496.15
1726,c1c(cc(c(c1Cl)C=O)Cl)O,501.15
22411,C=CCC#N,186.15
20042,ICC(CI)(CI)CI,498.15
2362,c1cc(ncc1CCl)Cl,313.15
12093,OCC=1N=NC(C)C=1,352.15
19688,CCCCCCCCCCCCCCCCCCCCCCCCCCCCCCO,361.15
14554,NCCS(=O)(=O)O,573.15
3179,c1cc(cc(c1)S(=O)(=O)N)C(F)(F)F,397.15
10284,O=C(Nc1c(C)cccc1C)c1[nH0]cc([nH0]c1)C(C)(C)C,358.15
17092,Cc1cc(C)cc(O)c1C,366.65
15825,CN(C)[C@H]5C[C@@H](C)O[C@@H](O[C@@H]4[C@@H](C)C(=O)[C@@H](C)C(=O)O[C@@H](CC)[C@]3(C)OC(=O)N(CCCCn1cc(nc1)c2cccnc2)[C@@H]3[C@@H](C)C(=O)[C@H](C)C[C@@]4(C)OC)[C@@H]5O,455.15
17763,C#CC(C)(CC)OC(=O)N,328.95
22628,O=C(c1nc(ccc1)C)C(=O)c2ccccc2,350.0
18882,CC32CCC1C4CCCC=C4CCC1C3CCC2(O)CC=C,353.15
19482,O=C(OC1CCCCC1)CCCCCCCCCCCCCCCCC,317.15
12445,CC(C)=C1C2CCC1c1ccccc12,363.15
15863,CC1(C(=O)NC(=O)NC1=O)c2ccccc2,501.65
4223,c1cc(c(cc1Cl)Cl)NC(=S)NN,442.15
1067,c1ccc(c(c1)CO)C(F)(F)F,277.15
15726,O=C4CC[C@H]3C(CC[C@@H]2[C@@H]3CC[C@@]1(C)[C@H]2CC[C@@]1(O)C#C)=C4,476.65
9633,Clc1ccc(Cl)c(NN=C(C(=O)C)C(=O)C(F)(F)F)c1,357.15
7379,CC(C)CC=O,222.15
8101,CCCCCCCCc1ccccc1,237.15
11258,Brc1cccc2c(cccc12)CN,412.15
9858,ON=C(C)c1ccc(OC)cc1,353.15
10940,O=[N+]([O-])c1ccccc1C(C#N)C(=O)C,345.15
20394,O=C2c1ccccc1C(=O)c5c2c(N)c(Oc3ccccc3)c(Oc4ccccc4)c5N,468.15
6967,c1ccc(cc1)P(=O)(c2ccccc2)Cl,293.15
19358,CC12CCC(CC1O)C2(C)C,480.15
6166,Cc1ccc(cn1)C(=O)O,486.15
6461,c1ccc(cc1)C(=O)F,245.15
3061,CC(C)(C)c1ccccc1O,266.15
18524,COc1cc(cc(OC)c1O)C6c2cc8OCOc8cc2C(OC4OC3COC(OC3C(O)C4O)c5cccs5)C7COC(=O)C67,517.15
889,c1cc(ccc1SCC(=O)O)Cl,379.15
966,c1cc(c(nc1)Oc2ccc(cc2)Cl)C(=O)O,431.15
10481,FC(F)(F)C=1N=C2C=CC=CC2=NC(=O)C=1NNc1ccc2ccccc2c1,424.15
16324,Nc2nc(N)ncc2Cc1ccc(OC)c(OC)c1,506.15
1963,Cc1ccnc(n1)N,433.15
11317,Clc1ccc(NC=C2C(=O)C3(C)CCC2C3(C)C)cc1,441.15
9850,O=C(C=Cc1ccc2OCOc2c1)c1ccc(O)cc1,483.15
12062,Clc1ccc2oc(C=CC(=O)C)c(c2c1)c1oc(C)cc1,392.15
14496,Cc1c(O)ccc(O)c1C,497.15
9319,ClC(=Cc1ccccc1)c1ccc2CCc3ccc([N+](=O)[O-])c1c32,434.15
1909,c1c(cnc(c1Br)N)Cl,357.15
8353,C1CCNC1,210.15
22985,C1C2=CC=CC=C2C3=CC4=CC=CC=C4C=C31,483.15
9508,ClCCCOc1ccc(cc1)C=CC(=O)c1ccccc1,347.15
18981,O=C(O)CC(C)O,322.15
16247,CCCCCCC(O)CCCCC,303.15
22980,Clc2ccc(Cl)cc2c1c(Cl)ccc(Cl)c1,360.15
2835,B(c1ccccc1OC)(O)O,377.15
9735,O=C(NNc1ccccc1)C=Cc1ccccc1,460.15
11455,O=C(O)C#Cc1cccc(C#CC(=O)O)c1,482.15
10005,O=C(OC1CCC2C3CCC4CC(CCC4(C)C3CCC21C)CC(=O)O)C,425.15
7213,CCP(=O)(O)O,333.15
7605,COc1cccc2c1cc([nH]2)C(=O)OC,414.15
975,c1cc(c(nc1)Oc2ccc(cc2)F)C(=O)O,457.15
2268,CCc1cccc(c1NC(=O)CCl)CC,403.15
3770,Cc1c(cccc1Cl)NC(=O)C,429.15
16730,CC(C)C2=CC=3CCC1C(C)(CCCC1(C)C(=O)O)C=3CC2,437.65
14984,Cc1ccc(cc1)S(=O)(=O)NC(=O)NCCCC,401.65
2838,COc1ccccc1C(=O)c2ccccc2,310.15
132,Cn1c2ccccc2cc1c3ccccc3,372.15
10131,O=C1CCC2(C)C3CCC4(C)C(=O)CCC44OC34CCC2C1,445.15
18768,OC1=C(CCCCCCCCCCC)C(=O)C(O)=CC1=O,415.65
581,c1cc(c(cc1Cl)Cl)F,250.15
22367,O=C1C=Cc2ccccc2O1,344.15
9716,O=C1C(=Cc2ccc(N(C)C)cc2)C(=O)C2(C)CCC1C2(C)C,426.15
9035,Brc1ccc(cc1)C1C=2C(=O)Oc3ccccc3C=2OC(=N)C1C#N,527.15
6839,CCOP(O)OCC,203.15
393,c1ccc(cc1)CCCCCCCCCCO,309.15
10218,O=C1N=CN=C2N(NC=C21)c1ccccc1OC,544.15
6558,c1ccc(cc1)CC(=O)SSC(=O)Cc2ccccc2,332.15
9301,Brc1ccc2oc(CCC(=NO)C)c(c2c1)c1oc(C)cc1,405.15
2803,CC(C(=O)O)S,284.15
14169,Ic1ccc(cc1)c2ccccc2,387.15
13181,O=Cc1cc(N)ccc1,303.15
14431,O=C(O)c2cccc1ccccc12,435.15
3928,COc1ccc(cc1F)CBr,318.15
20317,OC2CC1CCC2C1,397.15
16665,OCC1(CO)CC=CCC1,361.65
8401,C/C=C/C=C/C(=O)O,407.15
4036,c1cc(cnc1)I,328.15
22102,O=C(Nc1ccc2nn(nc2c1)C3CCCC3)c4ccccc4,438.15
17096,O=C1CCC(CC)O1,255.15
8183,Cc1ccccc1S(=O)(=O)Cl,283.15
10469,O=C1N(Cc2ccccc2)C(C)=CC=2OC(N)=C(C#N)C(c3ccccc3)C1=2,549.15
225,C1CCC(=CC1)CC(=O)O,306.15
11426,O=C(OC1=C2C=CC=CC2=NC1c1[nH0]cccc1)C,403.15
4211,c1cc(ccc1C2SCCS2)O,391.15
11690,O=C1NC(C)=C(C(=O)OCC)C(N1)c1cccc(OC)c1OC,468.15
22721,O=C(O[C@@H](C[N+](C)(C)C)CC(=O)OCc1ccccc1)C=Cc2ccccc2,364.0
6777,c1ccc2c(c1)CCc3ccccc3C2Cl,380.15
4613,Cc1c(c(=O)n([nH]1)c2ccccc2)C(=O)c3ccccc3,364.15
16721,O=P(O)(O)CP(=O)(O)O,472.65
21940,OC=1C(=O)OC(C(O)CO)C=1O,441.65
8593,C(=C(Cl)Cl)(C(=O)O)Cl,346.15
11366,O=C(Nc1ccccc1C#CC#Cc1ccccc1NC(=O)c1ccccc1)c1ccccc1,484.15
14168,C=CCCCCCCCCCCCCCCCCCC,302.15
22033,NS(=O)(=O)c1ccc(SCCCO)c(c1)[N+]([O-])=O,436.15
15816,Oc1ccc(cc1)C3=COc2cc(O)cc(O)c2C3=O,574.65
16741,COc1c(cc(cc1OC)C#N)OC,366.95
19817,Clc2ccc(NC(=O)c1cc(Cl)ccc1O)cc2Cl,520.15
22846,[O-][N+](=O)c2cccc(/C=N/c1ccc(cc1)N)c2,421.65
12872,CC=C/CC,122.14999999999998
17813,Clc1ccc(cc1)N2C(N)=NC(N)=NC2(C)C,419.15
5008,CCCCCCCOc1ccc(cc1)c2ccc(cc2)C#N,327.15
16851,CCCCC1CO1,367.15
3403,c1c(cc(cc1Br)Br)CBr,367.15
3515,Cc1cc(cc(c1)CC#N)C,317.15
3883,CCOc1cc(ccc1OC)C(=O)O,431.15
12190,O=C1NC(C)=C(C(=O)OCC)C(N1)C,463.15
22963,O=C(O)c1cc(ccc1Cl)[N+]([O-])=O,439.65
6755,c1ccc(cc1)CC(=O)c2ccccc2,328.15
17803,c3ccc2ccc1cccc4c1c2c3c5ccccc45,450.65
2908,Cc1nc2ccccc2s1,285.15
18781,CN(C)CCN1c3ccccc3SC(C(OC(C)=O)C1=O)c2ccc(OC)cc2,482.9
4261,c1cc(ccc1CN2CCOCC2)C(=O)O,454.15
8071,CNC(=O)C(F)(F)F,324.15
19137,O=S1(=O)CCS(=O)(=O)C(C)=C1C,438.15
2423,Cc1cc(cc(c1N)Cl)[N+](=O)[O-],448.15
1231,CC(=O)C(=O)C,270.15
5264,CCOc1ccc(cc1)I,301.15
17917,O=C(O)COc1ccc2ccccc2c1,429.15
6163,Cc1ccc2cc[nH]c2c1,304.15
11377,O=C(Nc1ccc(cc1)c1ccc(N(Nc2ccccc2)C(=O)C)cc1)C,506.15
3548,CCC(C)(C#CC(C)(CC)O)O,327.15
17148,Nc1ccc(Cl)c(Cl)c1Cl,346.15
21948,O=C1NC(=O)C(F)=CN1C(=O)N(C)C,499.65
18493,OCC(c1ccccc1)C(=O)N(CC)Cc2ccncc2,369.65
22734,N2=N[C@H](c1c(cccc1)C=C2[C@@H](CC)C(C)(C)C)C,386.5
7548,COc1ccc(cc1I)C(=O)OC,367.15
5481,c1cc(c(cc1[N+](=O)[O-])N)N,474.15
22605,CC(=O)C(=C/c1ccccc1)C(=O)OCC,333.65
23350,Cc1cc(/C=C\2/C(=NC(=Nc3ccccc3)S2)O)c(C)n1c1ccccn1,550.15
1159,c1cc(c(nc1)c2ccnc(c2Cl)Cl)Cl,442.15
6895,COC(=O)CC(=C)C(=O)OC,309.15
11930,Fc1ccc(cc1)C1C(C(=O)OCC)C(O)(NC(O)(C1C(=O)OCC)C(F)(F)F)C(F)(F)F,357.15
5501,c1cc(c(cc1[N+](=O)[O-])C(=O)O)C(=O)O,436.15
11501,Brc1ccc([N+](=O)[O-])c2c(cccc12)C=Nc1ccccc1,505.15
8047,CCCCCCCCCCCCCCCCCCCCCCCCCC,330.15
809,CCCCCc1ccc(cc1)C#Cc2ccc(cc2)OCC,335.15
20186,O=[N+]([O-])c1cc(ccc1C(=O)OC)[N+]([O-])=O,381.15
14317,FC(F)(F)C(O)C(F)(F)F,270.15
13600,CCCCCCCCCS,253.15
2650,COc1ccccc1F,234.15
1075,c1ccc(c(c1)C(F)(F)F)NN,333.15
15312,O=C(OC)C(C1CCCCN1)c2ccccc2,498.15
23392,C1=CC=C(C=C1)O,314.15
8789,COc2ccc(Cc1cnc(N)nc1N)cc2OC,506.15
15345,O=P(O)(O)OC[C@H]3O[C@@H](n2cnc1c(N)nc(F)nc12)[C@@H](O)[C@@H]3O,533.15
3190,c1cc(cc(c1)SC(F)(F)F)C(=O)O,346.15
3620,c1c(cncc1Cl)N,346.15
9894,CC(c1ccccc1)=C(C)c1ccccc1,338.15
20435,CC(=O)OCC(=O)O,340.65
12349,[nH0]1(C)c2ccccc2c(c2ccccc2)c1C,384.15
3650,c1ccc(cc1)Cc2cccc(c2)N,323.15
15806,OC[C@@H](O)[C@@H](O)[C@@H](O)CN2C3=NC(=O)NC(=O)C3=Nc1cc(C)c(C)cc12,553.15
17344,O=C(O)C(C)(C)O,355.65
19055,Clc2cc1Oc3c(Cl)c(Cl)c(Cl)c(Cl)c3Oc1c(Cl)c2Cl,537.15
4070,Cc1c(cc(c(c1Br)N)Br)Br,374.15
22406,Cc1cc(Cl)c(C)cc1,274.75
8290,C#CCBr,212.15
1394,Cc1cc(c(c(c1)C)C(=O)O)C,427.15
5976,Cc1ccc2c(c1)ccs2,307.15
3370,CC(=O)Nc1cc(cc(c1)C(F)(F)F)C(F)(F)F,434.15
22803,FC(F)(F)c2c(cc1c(C=C(OC1=O)C(=O)OCC)c2)C(F)(F)F,466.0
16171,OC(C1CC1)(c2cncnc2)c3ccc(OC)cc3,383.65
11061,Brc1ccc2oc3CCC(C)(c4cc(oc4c3c2c1)C)c1ccccc1,400.15
19433,O=C2CCC(=O)N2c1ccccc1,429.15
18553,OCc1cc(ccc1O)C(O)CNCCCCCCOCCCCc2ccccc2,348.9
14575,Oc1c(cccc1OC)C=O,314.15
1764,COc1ccc(c(c1F)O)F,348.15
1054,CC(=O)Nc1ccccc1C(F)(F)F,369.15
17481,ClC(=O)OCC,192.55
10324,S(C)c1[nH0][nH0](c2ccc([N+](=O)[O-])cc2)c(N)c1C(=O)OCC,454.15
19448,O=C(NO)c1ccccc1O,441.15
1356,Cc1cc(nc(c1)C)C,230.15
8856,CCCOc2ccc1[nH]c(NC(=O)OC)nc1c2,503.15
7002,C1[C@H]([C@@H]([C@H](C(O1)O)O)O)O,422.15
12143,ClC1(Cl)CC(C)=C(C)CC(Cl)(Cl)C1=O,364.15
7903,C=CC(=O)NCc1ccccc1,334.15
12231,O=C1CCC2(C)C(CCC3C4CCC(C(C)CCC(=O)O)C4(C)CCC32)C1,413.15
13334,Cc1ccc(C)c(C)c1C,267.15
1736,c1cc(c(c(c1)Cl)C=O)Cl,344.15
14692,O=S(=O)(Nc1ccccn1)c2ccc(N)cc2,464.65
13451,O=C(C)c1cccc(C#N)c1,371.15
13993,Ic1ccccc1,242.15
11539,O=[N+]([O-])c1ccc(cc1)C(=O)OCCc1ccc(cc1)CCOC(=O)c1ccc([N+](=O)[O-])cc1,446.15
1568,c1cc(c(cc1C(F)(F)F)C(=O)O)C(F)(F)F,352.15
462,c1ccc(cc1)CCCC(=O)c2ccccc2,328.15
743,c1cn(cn1)C(=O)n2ccnc2,391.15
8414,C1CC(=O)NC1=O,397.15
23347,c1ccc(cc1)/N=C\1/N(c2ccccc2)C(=O)CS1,448.65
3994,c1cc(c(cc1C(=O)O)O)[N+](=O)[O-],507.15
17934,OC(=O)c1cc(I)ccc1O,463.15
12571,FC(F)(F)c1ccc(cc1)C(=O)c1ccccc1,389.15
8817,Fc1ccccc1C23OCCN2CC(=O)Nc4ccc(Br)cc34,458.15
9308,Brc1ccc(OC)c2c1CC2=NNc1ccc([N+](=O)[O-])cc1[N+](=O)[O-],562.15
10654,Clc1ccc(OC(=O)c2c(Cl)c(Cl)c(c(Cl)c2Cl)C(=O)Oc2ccc(Cl)cc2)cc1,517.15
6284,CCn1c2ccccc2c3c1cccc3,342.15
17325,Nc1cc(ccc1)S(=O)(=O)c2cc(N)ccc2,444.65
12944,C[C@@H](N)C(=O)O,564.15
21531,O=C1NC(=O)N(C=C1)C2CC(F)C(CO)O2,459.15
21093,O=C1CCCCCCCCC1O,315.15
8536,C1CC[C@@H]([C@H](C1)O)O,377.15
5494,CCCCCCCCCCCCCCCC(=O)Oc1ccc(cc1)[N+](=O)[O-],339.15
12726,O=C(O)C(c1ccccc1)c1ccccc1,419.15
13644,O=C(C)Oc1ccccc1C=O,311.15
17509,Cc1ccc(cc1)S(O)=O,359.65
20068,CC(=O)CCCCC(=O)C,317.15
17941,COc1c(cc(cc1OC)C(=O)O)OC,445.45
8648,CCCCCCCCCCCCN(CCCCCCCCCCCC)CCCCCCCCCCCC,288.15
10471,O=C1N(CCc2ccccc2)C(C)=CC=2OC(N)=C(C(=O)OC)C(c3ccc(OC)cc3)C1=2,485.15
8281,c1cc2c(cc1C=O)OCO2,309.15
4335,c1cc(ccc1C(=O)C(F)(F)F)C(=O)O,451.15
10813,O=C(N)C=1CCCCC=1CCc1ccccc1,386.15
17244,O=C1C=CN(C)C(=O)N1,510.15
20240,NC(=O)C(CCN1CCCCCC1)(c2ccccc2)c3ccccc3,415.65
22345,O=C=Nc1cc(ccc1C)N=C=O,293.15
5114,c1cc(c(cc1/C=C/C(=O)O)C(F)(F)F)F,416.15
14975,NCCNCCNCCNCCN,233.15
7174,CCOC(=O)CS,193.15
8587,C(=O)(C(Br)(Br)Br)O,405.15
19299,C[SiH2]Cl,138.14999999999998
13306,O=C1CCCCC1Cl,296.15
18796,Clc1ccc2NC(=O)CN=C(c2c1)c3ccccc3,489.65
5212,c1cc(ccc1/C=C/c2ccc(cc2)O)[N+](=O)[O-],480.15
3641,c1cc(cnc1)N,334.15
9952,[S+]([O-])(OC(C)C(O)(c1ccccc1)c1ccccc1)C(C)(C)C,409.15
9034,Brc1ccc(cc1)C1C=2C(=O)Oc3ccccc3C=2OC(=N)C1C(=O)OCC,465.15
22070,O=C(N)C2CCCN2C(=O)COC(=O)c1ccccc1,467.65
21,CCCCCCCCS,224.15
3718,c1ccc2c(c1)-c3ccc(c4c3c(ccc4)C2=O)Br,439.15
13391,O=[N+]([O-])c1ccccc1N,346.15
17710,FC(F)C(F)F,184.15
2902,B(c1ccccc1C)(O)O,436.15
19535,Fc1cc(F)c(cc1[N+](=O)[O-])[N+]([O-])=O,346.15
15786,NS(=O)(=O)c1cc2C(=O)NC(Nc2cc1Cl)CC,524.15
5534,c1ccc(cc1)Oc2ccc(cc2)C(=O)O,435.15
16588,Cc1cc(c(O)cc1)n2nc3ccccc3n2,405.15
11042,OC(c1ccccc1)c1cc(C)cc(C)c1N,398.15
15351,c1ccccc1[P+](c2ccccc2)(c3ccccc3)c4ccccc4,546.15
779,c1ccc(cc1)S(=O)(=O)n2ccc3c2cccc3,351.15
16387,CN(C)[N+]([O-])=O,331.15
7420,c1ccc(cc1)C(C#N)O,263.15
18758,Oc3cc4CC=C1C(CCC2(C)C(=O)CCC12)c4cc3,512.15
19981,Cc1cc(ccc1O)C(CC)C(CC)c2ccc(O)c(C)c2,418.15
17854,O=C(Nc1ncc(s1)[N+]([O-])=O)NCC,501.15
6528,CCCCC(CC)COC(=O)CCCCC(=O)OCC(CC)CCCC,206.15
3431,c1c(cc(cc1Cl)Cl)OCC#N,332.15
22838,O=C(O)C[C@]13C=C[C@@H]4C[C@H]2CC[C@H](CC1)[C@@]234,400.15
15334,CCCN(CCC)CCc1cccc2NC(=O)Cc12,519.65
11981,O=C1Oc2ccccc2C(NCCC)=C1,384.15
22383,Cc1ccc(OC)cc1,241.15
19378,O=C3c4ccccc4Oc2c3ccc(OC)c2CN1CCCCC1,432.65
3622,CSc1c(c(n[nH]1)N)C#N,422.15
4259,Cc1ccc(cc1)NC(=S)NN,409.15
4725,c1cc(c(cc1Br)F)/C=C/C(=O)O,492.15
1469,c1cc(c(cc1Cl)Cl)CCl,270.15
13322,CCCCCCCCl,203.15
22931,C1=CC=C(C=C1)CCC2=CC=CC=C2,324.65
20781,FC(F)C(F)(F)C(Cl)F,358.15
8880,OC(=O)c1ccccc1O,430.15
9112,s1c2ccccc2[nH0]c1C1=Cc2ccccc2OC1=N,459.15
21851,O=P(N/N=C/c1ccc(cc1)[N+]([O-])=O)(N2CC2)N3CC3,422.15
15814,O=C(O)C2=CC(=O)c3cc1c(OC(=CC1=O)C(=O)O)c(CCC)c3N2CC,572.15
20167,CN(C)c1ccc2ccccc2c1,325.65
19323,CCC(Cl)=O,179.14999999999998
8424,c1cc(ccc1N)S(=O)(=O)O,638.15
368,CC(=O)N1CCC(CC1)C(=O)O,455.15
21557,C=C3CC1(CC)C(CCC1(O)C#C)C2CCC4=CCCCC4C23,382.65
11785,OC1(C#C)CCC2(C)C(CCC3C4CCC(O)(C#C)C4(C)CCC32)C1,420.15
9607,s1cc([nH0]c1C(=NNc1cccc(C)c1C)C#N)c1ccc(OC)cc1,437.15
14637,O=C(CCCl)c1ccccc1,321.65
6382,c1ccc(cc1)CS(=O)(=O)F,366.15
13112,CC(C)CCCCC,164.14999999999998
9491,O=C(c1cccc2ccccc21)C(=NN)c1ccccc1,425.15
64,c1cc2c(cc1CN3CCNCC3)OCO2,316.15
22877,Clc1ccc(N([N+]([O-])=O)C)cc1,318.65
11384,O(C)c1ccc(cc1)C=Nc1ccc(cc1)c1ccc(N=Nc2ccccc2)cc1,488.15
4210,CC(=O)Nc1ccc(cc1)n2cnnc2,558.15
15643,OC(=O)c1ccc(N)cc1O,423.65
17281,O=[N+]([O-])c1cc(ccc1C(=O)O)[N+]([O-])=O,455.15
18567,CC(=O)CCCCN2C(=O)c1n(cnc1N(C)C2=O)CCC,342.15
15188,O=C(O)c1ccc(cc1OCC)CC(=O)N[C@@H](CC(C)C)c2ccccc2N3CCCCC3,403.65
1721,c1c(cc(c(c1Cl)N)Cl)C(F)(F)F,309.15
22756,Fc2c(F)c(F)c(C(=O)Nc1ccc(F)cc1)c(O)c2F,403.5
5324,B(c1ccc(cc1)OC)(O)O,478.15
4060,COc1cccc(c1)OCC(=O)O,391.15
7280,C[Si](C)(C)O[Si](C)(C)C,206.15
10683,O=C(OCC)[nH0]1[nH0]c(C)cc1C(=O)OCC,354.15
1824,c1cc(c(c(c1)[N+](=O)[O-])C#N)[N+](=O)[O-],421.15
22885,O=C(C(=C(/N=N/c1cc(Cl)cc(Cl)c1O)C)N2CCOCC2)N3CCOCC3,349.65
10972,O1CCOc2cc(Nc3ccc4cc(OC)ccc4c3)ccc12,375.15
15311,CC(C)NC(=O)c1ccc(CNNC)cc1,496.15
21087,O=P(O)(O)OC3C(CO)OC(n2cnc1c(N)ncnc12)C3O,470.15
2355,c1cc(c(cc1[N+](=O)[O-])Cl)C#N,353.15
20920,COBOC,142.54999999999998
3758,Cc1ccc(c(c1N)C)Cl,304.15
3232,c1(c(c(sc1C(=O)Cl)Cl)Cl)Cl,312.15
20637,c3ccc1c(CC2OC12)c3,297.65
1918,CCc1ccc(nc1N)C,320.15
21812,O=C(OCC)Nc1ccc2nn(C)nc2c1,421.15
7246,C(CC=O)CC=O,252.15
19382,O=S(=O)(NN)c1ccccc1,375.15
1569,C[Si](C)(C)c1cnc(s1)[Si](C)(C)C,328.15
1831,Cc1cc(nc(c1)C(C)(C)C)C(C)(C)C,306.15
8539,c1cc(c(cc1Cl)Cl)/C=C/C(=O)O,507.15
1242,c1cc(c(nc1)Br)Br,332.15
12708,Clc1ccc(Nc2[nH0]c[nH0]c(N)[nH0]2)cc1,506.15
23196,c1c(cccc1)Cc2ccccc2,363.65
9351,O=C1C(=CC(=O)O)C2CCC1(C)C2(C)C,379.15
21262,CC(=O)OC2(C#C)CCC1C3CCC4=CC(=O)CCC4C3CCC12C,434.65
15582,C#C[C@]5(O)CC[C@@H]2[C@]5(C)CC[C@@H]3c4ccc(OC1CCCC1)cc4CC[C@@H]23,380.65
4656,c1ccc(cc1)Cc2ccc(cc2)CC#N,309.15
16470,ClCC(Cl)(Cl)C(=O)O,338.65
12522,s1c2CCCCc2c(c1N)C(=O)OCC,389.15
8998,O=C1N(N=C(C)C1=Cc1ccccc1O)c1ccccc1,427.15
18066,CCCC(=O)OCCC,177.95
16381,BrCCCCCCCCCCCCCCCCCCCC,310.65
11914,Oc1ccc(cc1OC)Cc1[nH0]ccc2cc(OC)c(O)cc21,482.15
16348,C1CSCS1,223.15
1325,c1ccc(cc1)c2c(c2=O)c3ccccc3,393.15
8343,c1cc(cnc1)C=O,281.15
22804,Clc3c2c(C(=O)N([C@@]2(O)c1occc1)CCCO)c(Cl)c(Cl)c3Cl,467.5
8118,c1ccc(cc1)NCCO,243.15
8893,CN(C)CCOc1ccc(cc1)C(=C(CCCl)c2ccccc2)c3ccccc3,381.15
4859,c1cnc(cc1Cl)O,451.15
7490,COC(=O)c1c2ccccc2ccc1OS(=O)(=O)C(F)(F)F,315.15
20995,Clc1ccc(CN(C)C(C)=NC#N)cn1,372.05
16772,NS(=O)(=O)c2cc1c(NC(NS1(=O)=O)CSCC(F)(F)F)cc2Cl,479.65
11859,S1c2[nH0][nH0]c([nH0]2NC1c1ccccc1OC)c1ccc([N+](=O)[O-])cc1,425.15
21733,O=[N+]([O-])c1ccc(/C=N/O)cc1,401.15
14772,Ic2cc3ccccc3c1ccccc12,365.15
7630,COS(=O)(=O)c1ccccc1,269.15
1222,c1c(cc(c(c1C(=O)O)I)I)I,494.15
1777,c1cc(c(c(c1)F)S(=O)(=O)N)F,463.15
21683,BrCC=Cc1ccccc1,307.15
21920,OC2=CC(=O)Oc1ccccc12,486.65
22076,O=S(=O)(c1ccc(C)cc1)C2(CCC2)C(=O)OC(C)C,323.95
16737,[O-][N+](=O)c1cc(C)cc([N+]([O-])=O)c1N(CCC)CCC,353.15
14633,O=NN1CN2CN(C1)CN(C2)N=O,480.15
15111,O=C=S,134.14999999999998
11133,O=C(OC1CC(C)CCC1C(C)C)C(Cc1ccccc1)c1ccccc1,374.15
13072,Oc1cccc(O)c1,383.15
21335,CC(=O)C3CCC2C1CCC4=CC(=O)CCC4(C)C1C(=O)CC23C,445.15
20356,O=C(OCC)N1CCN(CC1)C(=O)OCC,320.15
13863,OCc2ccccc2c1ccccc1,323.15
8701,CCCCC(=O)NN,333.15
14624,Oc1cc(Cl)cc(Cl)c1O,355.65
22241,COP(=O)(OC)OCC=C(/Cl)C(=O)N(CC)CC,228.15
14570,Fc2ccccc2c1ccccc1,346.65
6400,c1ccc(cc1)c2ccnc3c2ccc4c3nccc4c5ccccc5,493.15
14490,Oc1cc(C)c(O)c(C)c1C,446.15
19684,Fc1ccc(cc1)C3C(=O)c2ccccc2C3=O,393.15
21457,[O-]N1C(CC(NC(=O)C)CC1(C)C)(C)C,418.15
748,C(CCCCCCCCCC(=O)O)CCCCCCCCC(=O)O,400.15
7271,C(=C(Cl)Cl)(C(Cl)(Cl)Cl)Cl,200.15
5246,c1ccc2c(c1)c(ccn2)O,476.15
1259,c1cc(c(nc1)Cl)Cl,340.15
7173,CCOC(=O)[C@H](C)O,248.15
22575,CC(C)CC(=O)OC1C(CCCCCC)C(=O)OC(C)(CC(=O)OC1C)NC(=O)c2ccc(NC=O)cc2O,422.65
1888,c1nnc(s1)N,464.15
14779,C#C,192.35
15651,OC(=O)[C@@H]2N3C(=O)[C@@H](/N=C/N1CCCCCC1)[C@H]3SC2(C)C,429.15
711,CC(=O)Oc1ccc(c(c1)OC(=O)C)OC(=O)C,372.15
12470,OC(C1OC(OC1)(C)C)C(O)C1OC(OC1)(C)C,387.15
22485,ClCC(=O)CCl,318.15
17201,[O-][N+](=O)OCC(O)CO,334.15
21661,Cc2ccsc2/C=C/C1=NCCCN1C,513.15
224,C1CCC(=CC1)C(=O)O,305.15
13660,OC(=O)c1ccc(cc1)C(N)=O,573.15
7937,c1ccc(cc1)COC(=O)N[C@@H](Cc2ccc(cc2)O)C(=O)O,369.15
17051,CC(C)(C)C(=O)C(C)(C)C,247.95
4808,c1ccc2c(c1)cncc2Br,314.15
3329,B(c1ccc(c(c1)OC)OC)(O)O,513.15
3293,c1cc(c(cc1/C=C/C(=O)O)Cl)Cl,492.15
378,CC(=O)NNC(=S)N,440.15
11484,ClCC(=O)c1ccc(cc1)C(=O)C(Cl)Cl,420.15
14315,FCC(F)(F)F,172.14999999999998
14247,O=CC=Cc1ccccc1,266.15
6906,COC(=O)CCCCCCCCC(=O)OC,300.15
11882,S1c2[nH0][nH0]c([nH0]2NC1c1ccc(O)c(OC)c1)c1ccccc1OC,410.15
3845,c1cc(cc(c1)Cl)O,305.15
12085,O=C1OC(OC(=O)C1=Cc1oc(cc1)c1ccccc1)(C)C,416.15
15051,c1ccc2Oc3ccccc3Oc2c1,395.65
18057,C=CC(=O)OCC(C)C,212.15
5551,c1ccc(cc1)N=Nc2ccc(cc2)N=C=S,370.15
18499,ClCCN(CCCl)CCCl,269.15
13777,N#Cc2ccccc2c1ccccc1,311.15
8296,CCC#N,181.15
22949,C(CCC)C1=C4C(=CC3=C1C2=CC=CC=C2OC3)CC(CC4=O)(C)C,360.15
1794,COc1ccc(c(c1C(=O)O)OC)[N+](=O)[O-],404.15
19697,Oc1ccc(cc1C)C3(OC(=O)c2ccccc23)c4ccc(O)c(C)c4,496.15
5917,c1cc(c(cc1F)C=O)O,357.15
19619,O=C(O)c1cccc2cccc(C(=O)O)c12,533.15
16337,CC(C)SCC,150.95
13039,C1=CC=CC=CC=C1,246.15
5024,CCCc1ccc(cc1)C(=O)Oc2ccc(cc2)C#N,375.15
14029,OC(C(=O)c1ccccc1)c2ccccc2,408.15
12270,O=C1C=C2CCC3C4CCC(OC(=O)C)C4(C)CCC3C2(C)CC1,413.15
1658,B(c1cc(ccc1C)C)(O)O,453.15
212,CCCCCCCCCCCCS(=O)(=O)Cl,314.15
19510,C/C(C)=NO,334.15
14078,Brc1ccc(/C=C/C(=O)O)cc1,535.15
21912,FCC(=O)O,308.35
19372,Cc1nc3c(cc1)ccc2ccc(C)nc23,432.65
4419,COc1ccc(cc1)/C=C/C(=O)c2ccc(cc2)OC,374.15
22840,O=C(c1ccc2c(c1O)CC=CC2)c4c3ccccc3ccc4,405.15
5193,c1cc(c(cc1C=O)OC(F)(F)F)O,351.15
13927,CC(=C)CCCCCCCCCCC,251.15
9551,Clc1ccc(cc1)c1oc(cc1)C=CC(=O)c1oc(C)cc1,444.15
8526,Cc1c[nH]c(=O)[nH]c1=O,590.15
2166,Cc1cc(ncc1I)Br,324.15
3110,COc1ccc(cc1OC)CCC(=O)O,371.15
16245,C[C@@H]1CCCC[C@H]1C,183.15
13901,Clc1cc(cc(Cl)c1)C(=O)O,459.15
14195,BrCC(CBr)CBr,241.15
792,c1cc(ccc1N2CCCCC2)[N+](=O)[O-],377.15
233,c1ccc2c(c1)cccc2Cl,265.15
2220,CC(C)C(C(=O)O)Br,312.15
19443,OC(=O)c2ccccc2C(=O)c1ccc(C)cc1,419.15
19777,Brc1cncc(Br)c1,385.15
209,CCCCCCCCCCC=C,236.15
9330,Sc1[nH0][nH0]c([nH0]1N=Cc1ccc(OC)cc1)C(F)(F)F,461.15
20533,CC(C)(C)c1ccc2cc3ccccc3cc2c1,420.15
23400,Fc1ccc(cc1)C(c2ccc(F)cc2)CCCN5CCC(N4c3ccccc3NC4=O)CC5,489.15
22833,O=C2[C@@H]3CC[C@@]1([C@@H](OC(C)(C)C)CC[C@@]1([C@H]2SC)[C@H]3Cl)C,381.65
4498,c1cc(ccc1[N+](=O)[O-])OCCN2CCOCC2,353.15
19587,Nc1cc(C)nc(C)n1,456.15
9505,[nH0]1c(ccc2ccccc12)C=Cc1ccc(N(C)C)cc1,457.15
2413,c1cc(c(c(c1)Cl)C#N)F,331.15
6598,c1cc2c(c(c1)Cc3cccc(c3O)Cc4cccc(c4O)Cc5cccc(c5O)Cc6cccc(c6O)Cc7cccc(c7O)C2)O,691.15
21005,OC(C)C(O)C(O)C(O)C=O,395.15
21532,O=[N+]([O-])c1cc(c(O)cc1Cl)[N+]([O-])=O,365.15
11014,O=C1N2c3ccccc3N(C)C2=C(C#N)c2c[nH0]ccc12,569.15
834,CC(c1ccc2ccccc2c1)O,347.15
9063,O=C1N(C)c2ccccc2C(O)=C1C1=NNC(=O)C1=NNc1cc[nH0]cc1,567.15
8074,CNc1ccc(cc1)[N+](=O)[O-],426.15
16863,O=S(=O)(NCCNS(=O)(=O)c1cc(ccc1)[N+]([O-])=O)c2cc(ccc2)[N+]([O-])=O,463.15
9455,FC(F)(F)C(=O)C(=NNc1ccc([N+](=O)[O-])cc1)C(=O)OCC,457.15
9810,Brc1cccc2c(cccc12)C=CC(=O)O,543.15
6035,c1cc(cc2c1cc[nH]2)C(F)(F)F,376.15
12537,O=C1c2ccccc2[N+]([O-])=C1c1ccccc1,459.15
13289,CC(=O)CC(=O)OCC,230.15
10606,O=Nc1[nH0]2C=CC=Nc2[nH0]c1c1ccc2ccccc2c1,523.15
18846,[O-][N+](=O)C(Br)(CO)CO,404.65
13163,Cc1ccccc1CC,192.15
16304,CCN(CC)CC(=O)OCC(=O)C4(O)CCC3C2CCC1=CC(=O)C=CC1(C)C2C(O)CC34C,449.15
1220,c1c(c(sc1Cl)Cl)Cl,257.15
12955,Oc1ccccc1,314.15
9957,O=C(O)C1NC(C)C2Nc3ccccc3C2C1,560.15
16007,[O-][N+](=O)c3c(C)ccc2C(=O)c1ccccc1C(=O)c23,543.65
6552,c1ccc(cc1)P(C#CP(c2ccccc2)c3ccccc3)c4ccccc4,359.15
11375,[O-][N+](=Nc1ccc(N=Nc2ccccc2)cc1)c1ccc(N=Nc2ccc(N=Nc3ccccc3)cc2)cc1,526.15
1387,CC(C)c1cc(c(c(c1)C(C)C)C(=O)Cl)C(C)C,353.15
2001,COc1ccc(c(c1)C(=O)O)N,424.15
5609,c1ccc(cc1)COc2cccc(c2)c3[nH]nnn3,482.15
11907,OCC1OC(=CC(O)C1O)C(OC)=N,469.15
4581,c1cc(c(cc1O)[N+](=O)[O-])N,424.15
19752,O=C(O)C(CCCCCCCC)CCCCCCCC,311.65
20063,OC(CC(=O)OC)(CC(=O)OC)C(=O)OC,352.45
9677,O=C(OCC)C=Cc1ccc(N=[N+]([O-])c2ccc(cc2)C=CC(=O)OCC)cc1,414.15
23270,Cl[C@H]1[C@H](Cl)[C@@H](Cl)[C@@H](Cl)[C@H](Cl)[C@H]1Cl,386.15
2523,c1ccnc(c1)C#N,300.15
14182,Brc1cc(Br)c(Br)cc1,316.15
20730,O=C(O)C(Br)CCCCCCCC,277.15
17635,O=C1C=C[C@]2(C)CC[C@H]3C(C)C(=O)O[C@@H]3C2=C1C,448.15
7259,C[C@@H]1CC(=O)C=C([C@]12C(=O)c3c(cc(c(c3O2)Cl)OC)OC)OC,492.15
22054,O=S(N)(=O)c1ccc(CCCCCOC(C)=O)cc1,357.15
18307,O=C(OCCCCCCCCCC)c1ccccc1C(=O)OCCCCCCCCCC,275.65
3078,c1cc(cc(c1)C(=O)O)c2[nH]nnn2,558.15
21831,O=[N+]([O-])c1ccc(/C=N/N(CCO)C(N)=O)o1,487.15
7460,CC(=O)Nc1ccc(cc1C(=O)OC)Br,407.15
21756,IC=C/I,259.15
18746,CCCSP(=O)(SCCC)OCC,260.15
4782,CC(C)(C)c1ccc(cc1)c2ccc(cc2)Br,415.15
14398,O=C2c1ccccc1C(=O)c3c2c(N)c(Br)cc3Br,499.15
17455,[O-][N+](=O)c1ccc(OCCC)c(N)c1,322.15
21938,CC=1C(=S)SSC=1CCC,322.15
4381,c1cc(ccc1C(c2ccc(cc2)Cl)(c3ccc(cc3)Cl)O)Cl,369.15
20265,c2cc(Cn1ccnc1)ccc2,342.15
16078,O=S(N)(=O)c1cc(c(c(c1)[N+]([O-])=O)N(CCC)CCC)[N+]([O-])=O,414.15
17428,CC(=O)OCC(=O)C1CCC2C3CC=C4CC(O)CCC4(C)C3CCC12C,457.65
6404,c1ccc(cc1)/C=N/N=C/c2ccccc2,366.15
14435,[O-][N+](=O)c2cccc1ccccc12,334.65
7642,COC(=O)CCl,241.15
8067,c1ccc(cc1)[N+](=O)[O-],279.15
6452,c1ccc2c(c1)ncs2,275.15
3308,c1cc(c(cc1C(=O)O)F)F,396.15
2165,Cc1cc(cnc1Br)I,318.15
8809,CC(=NNC(=O)c1ccncc1)c2ccco2,472.15
23348,O=C1N=C(N(C(C)=O)C2=CC=CC=C2)S/C1=C\C3=C(C)N(C(C)=C3)C4=CC=CC=C4,510.65
3803,c1cc(c(cc1N)Cl)I,341.15
20909,CCCCC#CCCCCC,199.05
21229,CN3CCC45c6c2ccc(OCCN1CCOCC1)c6OC5C(O)C=CC4C3C2,364.15
17746,Fc1ccc(cc1)c2ccccc2,347.35
10618,Fc1ccc(N2C(=O)C3ON=C(C(=O)c4ccc(OC)cc4)C3C2=O)cc1,414.15
20197,OC(=O)c1cc(F)ccc1F,406.15
20195,O=C(O)COc2cccc1ccccc12,469.15
14940,N#Cc1ccncc1,349.15
20606,CCOc2nc(nc(NC(=O)NS(=O)(=O)c1ccccc1C(=O)OC)n2)NC,467.15
12962,CCC1=CCCC1,155.14999999999998
22219,OCC(=O)C4C(C)CC3C2CC(F)C1=CC(=O)C=CC1(C)C2C(O)CC34C,461.15
7637,COC(=O)CBr,223.15
10122,O=C1c2ccccc2CC2C=CC=CC12,425.15
10196,O=[N+]([O-])c1cc([N+](=O)[O-])cc(c1)C(=O)NCCCCc1ccccc1,439.15
14230,CC2(C)C1CC(=O)[C@@]2(C)CC1,452.15
6854,CCCCOCCOCCO,205.15
10619,Clc1ccc(cc1)C(=O)C1=NOC2C(=O)N(C(=O)C12)c1ccc(cc1)C(=O)O,417.15
11239,O=C(C)C(=CN)Cc1ccccc1,368.15
19182,Cc1cc(ccc1N)c2ccccc2,316.15
1386,CC(C)c1cc(c(c(c1)C(C)C)C(=O)O)C(C)C,459.15
20803,CC1CCCN(C1)C(=O)C,259.54999999999995
21147,OC1=C(C(C)CCC=C(/C)C)C(=O)C=C(C)C1=O,376.65
16224,OCCN1CCN(CC1)CCS(=O)(=O)O,507.15
17406,O=C1c3ccccc3OC(=C1O)c2ccccc2,444.65
19695,CC(C)(Cl)C(=O)O,304.15
3095,c1cc(oc1)/C=C/C(=O)O,415.15
16925,CC1CCOCO1,228.65
3285,c1ccc(cc1)C(=O)c2ccc(c(c2)Cl)Cl,375.15
9930,O=C1OCC2(C)CCCC11C3C(OC(=O)C)CC4C(=C)C(=O)C3(C4OC(=O)C)C(OC(=O)C)CC21,508.15
9166,[O-][N+]=1c2ccccc2C(=NO)C=1c1[nH0]cccc1,489.15
16902,Clc2ccc(NC(=O)c1cc(Cl)cc(Cl)c1O)cc2Cl,434.15
7847,CN(C)CC(=O)O,454.15
1313,Cc1cccc(c1C)C(=O)N,430.15
10085,O=C(OCc1ccccc1)NC(Cc1ccccc1)C(=O)N,436.15
14615,O=S(=O)(O)CCCN1CCOCC1,550.15
20805,O=C1CC(C)(C)CC1C,247.55
8420,Cc1ccnc(n1)NS(=O)(=O)c2ccc(cc2)N,509.15
11095,o1c(C)ccc1C(c1ccccc1C#N)c1oc(C)cc1,360.15
11089,o1c(C)ccc1C(c1ccc(cc1)C(c1oc(C)cc1)c1oc(C)cc1)c1oc(C)cc1,429.15
7450,COC(=O)c1ccccc1S(=O)(=O)Cl,335.15
11525,O=C(N1c2cc3CCC(N(c3cc2CCC1C)C(=O)c1ccccc1)C)c1ccccc1,543.15
20457,OC2C1CCC(C1)C2O,412.15
14706,Oc1ccc(cc1OC)C=O,355.15
15685,N=C(N)NC(=N)NCCc1ccccc1,449.65
11245,O=C1N(N=C(N1C(=O)N)CCC)c1ccccc1,406.15
9631,Clc1ccc(C=C(C#N)c2sc(N=Nc3ccc(F)cc3)c([nH0]2)C)c(Cl)c1,412.15
5072,CCc1ccc(cc1)c2ccccc2,308.15
9373,O=[N+]([O-])c1ccccc1C=Cc1cc(C=Cc2ccccc2[N+](=O)[O-])c([N+](=O)[O-])cc1[N+](=O)[O-],564.15
17008,OC1CCCCC1O,375.65
4749,c1c(cc(c(c1F)Br)F)O,347.15
5275,CC(C)Oc1ccc(cc1)S(=O)(=O)Cl,306.15
2269,Cc1cccc(c1NC(=O)CCl)C,421.15
20155,O=C(O)c1ccc(OCCCCCCCCCCCC)cc1,368.15
17378,O=C(Nc1ccccc1)CCl,360.15
1872,CC(=O)c1cc2cccc(c2o1)OC,366.15
19209,O=C(OC)C(C)Oc1ccc(cc1)Oc2ncc(cc2Cl)C(F)(F)F,329.15
8598,C1CCC(CC1)P(=O)(C2CCCCC2)C3CCCCC3,429.15
1422,c1cc(ccc1C(=O)CBr)Br,383.15
21342,O=C(/C=C/c1ccccc1)c2ccccc2,330.65
1857,Cc1ccccc1NC(=O)CC(=O)C,378.15
5356,COc1ccc(cc1)C(c2ccccc2)(c3ccccc3)Cl,396.15
22562,COC(=O)c2ccccc2C(=O)c1ccccc1,325.15
12899,CC1C=CCC1,146.14999999999998
22904,C[C@@H](CN)O,294.65
10306,O=C(NCCC=1N=CNC=1)C1=NC=NC1,449.15
2765,c1ccc(c(c1)C=O)I,310.15
18278,Oc1ccccc1C(=O)OCCO,310.15
1541,c1ccc2c(c1)c(cc(c2O)[N+](=O)[O-])[N+](=O)[O-],405.15
15969,O=C1OCc2c1c(Cl)c(Cl)c(Cl)c2Cl,482.65
7262,CCCCCCCCCCCCCCCCC(=O)O,334.15
10794,O=C1CCc2c1c(C)c(C)c(C)c2C,427.15
18538,Nc1ccc(cc1)S(=O)(=O)NC(=N)N,464.65
4607,c1cncc(c1N)CO,441.15
19676,O=C(O)Cc2c(c(nn2c1ccccc1)c3ccccc3)c4ccccc4,473.15
8434,CC(=O)OC(C)(C)C,211.15
7111,CCOC(=O)CC(=O)c1ccc(cc1)[N+](=O)[O-],345.15
20419,O=C(O)c1ccc(cc1)C(=C)c2cc3c(cc2C)C(C)(C)CCC3(C)C,503.65
18703,COc1ccc(cc1O)C2CC(=O)c3c(O)cc(cc3O2)OC5OC(COC4OC(C)C(O)C(O)C4O)C(O)C(O)C5O,535.15
17425,O=C2c1n(C)c(nc1N(C)C(=O)N2C)OC,449.15
5538,c1ccc(cc1)Oc2ccc(cc2)O,357.15
4466,c1c(c(cc(c1F)F)O)C=O,343.15
21161,Oc1ccc(cc1)C2Cc3ccc(O)cc3OC2,462.65
20735,O=C2Cc4ccc(OC)c(OC)c4CN(C)CCc1cc3OCOc3cc12,433.65
9037,O=C(NN=Cc1ccc(O)c(OC)c1)CC[nH0]1c2ccccc2[nH0]c1C,503.15
10203,O=C(NCCN)CC[nH0]1c[nH0]c2c1[nH0]c[nH0]c2N,469.15
9475,Clc1ccc(cc1)c1[nH0]c(sc1)C(=NNc1ccc2ccccc2c1)C#N,492.15
9284,O=[N+]([O-])c1ccc(NN=C(C)c2[nH0]c3c([nH0]c2C)ccc2ccccc23)cc1,544.15
16808,BrCCC1CCCCC1,216.15
1174,Cc1c(c(c(c(c1C)C)C(=O)c2ccccc2)C)C,411.15
13105,N#CCC(=O)OCC,251.15
7647,COC(=O)C(Cl)Cl,221.15
6123,COc1ccc(c(c1OC)C=O)F,319.15
8563,COc1ccc(cc1)/C=C/C(=O)O,446.15
3771,Cc1c(cccc1Cl)N,275.15
22072,CCCCCCN(C)C(=O)COC(=O)c1ccccc1,373.65
1109,c1cnc(nc1)c2ncccn2,387.15
4655,c1ccc(cc1)Cc2ccc(cc2)O,356.15
21082,FC(F)(F)C1=CN(C(=O)NC1=O)C2CC(O)C(CO)O2,460.65
9230,Brc1ccc2O[P+]([O-])(OCC)C3(C(=O)OCC)C(c2c1)C1([P+]([O-])(Oc2ccc(Br)cc2C31)OCC)C(=O)OCC,546.15
11434,BrC(c1ccccc1)C(=O)c1ccc2CCc3cccc1c32,391.15
8212,C(=O)c1c(c(c(c(c1F)F)F)F)F,299.15
21882,Oc2ccc3C[C@@H]1C4CCCC[C@]4(CCN1C)c3c2,471.65
8266,c1ccc(c(c1)C(=O)NN)C(=O)NN,617.15
13723,Cc1ccc(Cl)cc1[N+]([O-])=O,312.15
7095,CCOC(=O)c1cnc(nc1Cl)SC,335.15
13389,COc1ccc(OC)cc1,333.15
9126,S(C)C=1[nH0]2[nH0]c(N)c(N=Nc3ccc(F)cc3)c2N=C(N)C=1C#N,502.15
14004,ClCC(CCl)(CCl)CCl,368.15
12098,Sc1[nH0][nH0]c([nH0]1C)c1ccccc1,461.15
11723,S=C1NC(C)=C(C(=O)OCc2ccccc2)C(N1)c1occc1,437.15
11115,O=C(OC1CC(C)CCC1C(C)C)C1=CCC(CC1)C(=O)OC1CC(C)CCC1C(C)C,398.15
9918,S=C1SC(=Cc2occc2)C(=O)N1CN1CCCCC1,394.15
19184,Cc1ccc(cc1)OCCN(CCOc2ccc(C)cc2)CCCl,427.85
19537,Fc1cc(CC(=O)O)ccc1,316.15
9096,O=C1N(C)c2ccccc2C(O)=C1C1=NNC(=O)C1=CNc1ccc(C)cc1,555.15
1737,c1cc(c(c(c1)Cl)C=NO)Cl,422.15
19579,Fc1ccc(N)c(C)c1,287.35
16349,OCc2cccc1ccccc12,337.15
561,CCCCN1C(=O)CC(=O)N(C1=S)CCCC,335.15
15357,COc1cc2nc(nc(N)c2cc1OC)N3CCN(CC3)C(=O)C4COc5ccccc5O4,562.65
2486,c1ccc(c(c1)OCC(=O)O)Cl,423.15
3345,Cc1ccc(c(c1)OC)OC,300.15
11492,[O-][N+](=Nc1ccc(N=Nc2ccccc2)cc1)c1ccc(N=Nc2ccc(N=Nc3ccccc3)cc2)c(C)c1,466.15
9354,O=C(N)NN=C(COC(C)=C(C#N)c1ccccc1)c1ccccc1,430.15
9628,Clc1cc(Cl)c(N=Nc2sc([nH0]c2C)C(C#N)=Cc2occc2)c(Cl)c1,429.15
11911,S(C)C(NCC(=O)OC)=C(C#N)C#N,363.15
8314,Cc1ccc(cc1)C(=O)NN,390.15
17811,OC(=O)C(N)CC1CC1=C,555.15
9719,O=C(N)NN=C(C)CCC=C(C)C,409.15
18512,O=C2CC=3CC(C)C1C4CCC(O)(C#C)C4(C)CCC1C=3CC2,440.15
17202,O=C(CC)OCCCCC,200.05
23069,n1cc2ncn(c2nc1N)COCCO,461.15
19917,CN(C)CCCN2c1ccccc1S(=O)c3ccc(Cl)cc23,388.15
58,CCCCCCCCCCCCCCO,312.15
17984,CC(=O)OCCCCCCCCCC,258.15
3237,c1c(cc(c(c1F)F)F)C=O,298.15
15153,CC(=O)OCC(COC(C)=O)CCn2cnc1cnc(N)nc12,376.15
8405,CC(C)CCCC(C)CCCC(C)CCCCC(C)CCCC(C)CCCC(C)C,235.15
12675,O=C1c2ccccc2C(=O)c2cc3ccccc3cc12,564.15
10483,Clc1ccc(cc1)C(=O)C1=NOC2C(=O)N(C(=O)C12)c1ccccc1[N+](=O)[O-],446.15
12558,Clc1cccc(Cl)c1Nc1ccccc1CC(=O)OCC(=O)O,422.15
4179,c1ccc(cc1)N2CCOC2=O,394.15
3201,Cc1cc(cc(c1N)C)c2cc(c(c(c2)C)N)C,443.15
18828,Clc1ccc(OCC(O)COC(N)=O)cc1,363.15
14233,CC2(C)O[C@]1(C)CC[C@H]2CC1,275.15
3690,c1cc(c(cc1CO)Br)O,403.15
1649,CC(=C)CCC(=C)C,198.15
4636,c1ccc(cc1)COc2c(cnc(n2)N3CCCCC3)Br,380.15
2510,c1c(cnc(c1F)C#N)F,305.15
22746,FC(F)(F)C(=NO)N/N=C(Cl)C(F)(F)F,392.0
9828,S1c2[nH0][nH0]c([nH0]2N=C1C=Cc1ccccc1)c1ccc([N+](=O)[O-])cc1,386.15
938,B(c1ccccc1C2(OCCO2)C)(O)O,384.15
12702,O=C(N)C#CC(=O)N,511.15
11790,O=C(OC1CCC2(C)C(CCC3C4CCC(=CCC)C4(C)CCC32)C1)C,387.15
395,c1cc2ccc3cccnc3c2c(c1)O,377.15
23259,CCOC(=O)CC1=C(N(C2=C1C=C(C=C2)OC)C(=O)C3=CC=C(C=C3)Cl)C,369.15
17472,NC(=O)OCC(C)C,340.15
19865,Fc1c(C#N)c(F)c(F)c(F)c1F,275.54999999999995
10339,O=C(OCC)c1[nH0][nH0](Cc2ccccc2)c(C)c1,310.15
17949,O=C2c1ccccc1C(=O)c3c2c(N)ccc3O,489.15
11759,O=C1CC2CC(O)CCC2(C)C2CCC3(C)C(CCC3O)C12,471.15
18033,CN1CN(C)CN(C)C1,246.15
3870,c1cc(c[n+](c1)[O-])C#N,450.15
10174,Brc1[nH0]oc2[nH0]cccc21,408.15
13546,O=[N+]([O-])c1ccc(CO)cc1,367.15
22930,O1C(CC)C1,143.15
2907,Cc1nc2cc(ccc2s1)O,459.15
10292,Clc1[nH0]c(c[nH0]c1C(C)(C)C)C(=O)Nc1ccccc1OC,392.15
19027,O=C(O)CCCCCCC=C,278.15
11730,O=C(OCC)C1=C(NC(C)=C(C(=O)OCC)C1c1cccc(OC)c1O)C,480.15
14421,CC(C)Cn3cnc2c(N)nc1ccccc1c23,566.15
5993,Cc1ccc(s1)C(=O)O,410.15
20855,C=CCS(=O)CC(N)C(=O)O,438.15
20801,c1cc(ccc1)C2CCCNC2,287.65
22370,COCCl,169.64999999999998
4415,c1cc(ccc1c2ccc(cc2)I)I,480.15
20615,OCC1(O)OC(C(C)CC1C)C2CC(C)C(O2)C3(C)CCC(O3)C5(C)CCC4(CC(O)C(C)C(O4)C(C)C(OC(=O)CC)C(C)C(=O)O)O5,425.15
21263,O=C1C=CC(=CO1)C3CCC4(O)C5CCC2=CC(O)CCC2(C)C5CCC34C,508.15
19327,O=C(C)OC1CCCCC1C(C)(C)C,308.1
10009,O=C1CCC2C3CCC4CC(O)(CCC4(C)C3CCC12C)C(=O)C,485.15
11300,BrCC1(Br)C(=O)C2(C)CCC1C2(C)C,382.15
19637,O=C(Nc1cc2cccnc2cc1)Nc3ccc4ncccc4c3,535.15
3949,CC(=O)Nc1cccc(c1)F,361.15
23414,O=C(O)CCC/C=C/CC1C(/C=C/C(O)CCCCC)C(O)CC1O,303.15
20818,CNC(=O)Oc1cc2c(cc1)N(C)C3OCCC23C,397.65
14623,CC(CC(C)(C)C)CC(=O)O,203.15
15546,C1CCCCO1,228.15
2072,COc1cc(c(cc1OC)OCc2ccccc2)C=O,413.15
12122,S1c2[nH0]c3ccccc3[nH0]2C(=O)C1=Cc1ccc(OC)c(OC)c1,494.15
22791,O=C(O)C2=C(C(=O)OC(C)C)[C@H]4c1ccccc1[C@@H]2c3ccccc34,449.5
5822,c1cc(oc1C=O)Cl,308.15
22184,COc1cc(cc(OC)c1OC)C(=O)Nc2ccc3nn(nc3c2)C4CCCC4,402.15
13335,O=C(CC)c1ccccc1,292.15
17404,Ic2cc(CC(c1ccccc1)C(=O)O)cc(I)c2O,437.15
3513,Cc1cc(cc(c1)O)C,336.15
11007,Cc1c2cccc(c3ccccc3)c2cc2c(cccc12)c1ccccc1,450.15
19502,Nc1ccc(cc1)S(=O)(=O)NC(=O)c2ccc(C)c(C)c2,495.65
20510,COC(=O)C1(CCC1)S(=O)(=O)c2ccc(Br)cc2,368.15
14608,CC(C)(C)c1cc(O)ccc1O,401.15
18604,COc1ccc(cc1OC)Cc3nccc2cc(OC)c(cc23)OC,420.65
21290,S=C(c1ccccc1)c2ccccc2,326.65
7964,CC(C)(C)OC(=O)NCC(=O)O,362.15
5086,c1cc(c(cc1F)C(F)(F)F)C#N,317.15
7482,COC(=O)c1cccc(c1O)[N+](=O)[O-],404.15
20849,O=C1OC(=O)CC1CCCCCCCCCCCCCCCCC=C,340.29999999999995
2681,CCCCC(=O)C,217.15
766,C(C(Cl)Cl)(Cl)Cl,230.15
17510,Nc1cc(ccc1O)C(=O)OC,416.15
3782,c1cc(c(cc1C#N)Cl)OC(F)(F)F,313.15
19964,Nc1cc(ccc1O)C(C)(C)C,434.15
14841,ClC(Cl)=C/[C@H]3[C@@H](C(=O)OC(C#N)c2cccc(Oc1ccccc1)c2)C3(C)C,352.15
9336,BrC(=NNc1ccc([N+](=O)[O-])cc1)c1ccc(N(C)C)cc1,461.15
16670,Oc1c(cccc1O)C(C)C,320.15
22190,CCC(=O)OC1(C)CC(OC(C)C1OC(=O)CCC)OC3C(C)OC(OC2C(OC)C(O)CC(=O)OC(C)CC=CC=CC(O)C(C)CC2CC=O)C(O)C3N(C)C,389.15
10702,OC(C#N)c1cc(OC)c(OC)cc1C,353.15
17104,ClC(Cl)C(N)=O,372.55
10465,O=C(CC)C1CCCCC1C(C)(C)C(=O)O,388.15
2860,CCC(C)(C)O,261.15
1221,c1c(c(c(c(n1)F)F)C(=O)O)F,383.15
18076,Oc1ccc(cc1)NC(=O)CCCCCCCCCCCCCCCCC,406.95
4864,COc1cc(ccc1CO)Cl,320.15
16450,Clc1c(Cl)c(Cl)c(Cl)c2nccnc12,463.15
13280,CC(C)C(O)CCCC,188.15
16900,O=C2Oc1c4C5C=COC5Oc4cc(OC)c1C=3CCC(=O)C2=3,541.65
6085,c1c(c(cc2c1OCO2)Br)C=O,402.15
22988,C1=CC(=C(C(=C1[N+](=O)[O-])Cl)Cl)Cl,328.65
12546,Clc1ccc([N+](=O)[O-])c(N)c1,392.15
15269,CC=3CSC2C(NC(=O)C(N)c1ccc(O)cc1)C(=O)N2C=3C(=O)O,470.15
4924,c1cc(c(cc1N=C=S)[N+](=O)[O-])Cl,339.15
4532,CC(=O)c1ccncc1,288.15
19952,c1nc(ccc1)c2cccc(n2)c3ccccn3,363.15
1672,c1ccc(cc1)c2nnc(o2)c3ccccc3,413.15
18904,NCCOB(c1ccccc1)c2ccccc2,466.15
10643,O=C(Nc1ccc(cc1)CCCCCCCC)c1ccc(OC)cc1,405.15
18110,Clc2ccc(NC(=O)Nc1ccc(Cl)cc1)cc2Cl,528.75
4055,COc1cccc(c1)C(=O)NN,365.15
19944,Nc2cccc1cnccc12,401.15
6952,c1ccc(cc1)S(=O)(=O)c2ccccc2,401.15
21050,CC35CCC1C67COC(=O)CC7OC(C)(C)C6CC(=O)C1(C)C45OC4C(=O)OC3c2ccoc2,571.15
10000,O=C1CCC2C3CCC4CC(OC(=O)C)(CCC4(C)C3CCC12C)CC,399.15
20278,CCCCCCCCCCCCCCCCCCc1ccccc1,302.15
10467,O=C(OC)c1[nH0][nH0](CO)c(C)c1,362.15
18177,Cc1cc(Cl)ccc1N,303.45
11953,FC(F)(F)C(C(=O)Nc1cccc(C)c1)C(F)(F)F,448.15
10260,OC1CCC2(C)C3=CCC4(C)C(CCC4(C)C3=CCC2C1C)C(C)CCCC(C)C,396.15
12016,S1c2ccccc2N=C(C)C2=C1c1ccccc1N(c1ccccc1)C2=O,504.15
19108,O=C(CCCCCCCC)OCCCC,235.15
12811,Clc1ccc(cc1)COC(C[nH0]1c[nH0]cc1)c1ccc(Cl)cc1Cl,360.15
10237,O=C1C=C(NCc2c[nH0]ccc2)C(=O)c2ccccc12,482.15
18953,O=C(O)C1CC(O)CN1,547.15
10255,O=C1NN(C(=O)N1c1ccccc1)C1C=CC2C3C=CC(C3)C21,428.15
13305,CC(Cl)(Cl)Cl,243.15
21960,NC(=O)CC(C)n1nc2ccccc2n1,425.65
9487,O=C(Nc1ccccc1C=Cc1ccccc1)C,386.15
20443,Clc2nnnn2c1ccccc1,396.15
12879,CC1(C)CC1,164.14999999999998
21505,CC(C)(OC1CCCCC1)C(=O)O,348.15
3454,c1c(cc(cc1F)S(=O)(=O)Cl)F,331.15
4317,CC(=O)c1ccc(cc1)SC,354.15
9980,O=C1C=C2C(OC(=O)C)CC3C4CCC(C(C)CCCC(C)C)C4(C)CCC3C2(C)CC1,375.15
21392,FC(F)(F)c1ccccc1/C=C/C(=O)O,479.15
7385,C=C(CC(=O)O)C(=O)OC(=O)C(=C)CC(=O)O,343.15
5519,CCCCCc1ccc(cc1)c2ccccc2,283.15
858,CO[C@@](c1ccccc1)(C(=O)O)C(F)(F)F,317.15
23039,Clc2ccc(NS(=O)(=O)c1ccccc1)cc2,394.65
5972,Cc1c(nc(s1)c2ccccn2)c3ccccc3,359.15
4439,CN(C)c1ccc(cc1)Cc2ccc(cc2)N(C)C,360.15
13513,O=[N+]([O-])c1cc(C=O)ccc1,332.15
9033,Brc1ccc(cc1)C(=O)C=1NC=2OC=3c4ccccc4OC(=O)C=3C(C=2C=1O)c1ccc(Br)cc1,503.15
7875,CC(=O)n1cc(c2c1cccc2)C=O,435.15
13208,ClCC=C/CCl,225.15
595,c1ccc(cc1)C(=O)c2cccc(c2)C(=O)c3ccccc3,372.15
17738,O=C(O)CCCCCCCCCF,322.15
8804,COc1ccccc1N3CCN(CCCC(=O)c2ccc(F)cc2)CC3,341.15
7799,c1ccc2c(c1)C(=O)N(C2=O)CO,417.15
9186,O=C1N(c2ccccc2)c2ccccc2C(O)=C1C(=Nc1ccc(c(O)c1)C(=O)O)C,450.15
12613,O=C(NCc1c[nH0]ccc1C)c1ccccc1,385.15
10970,O=C1OC(O)c2cc(OC)ccc21,410.15
9746,O=[N+]([O-])c1ccc(cc1)C=Cc1ccc(NC(=O)C)cc1[N+](=O)[O-],509.15
14352,O=[N+]([O-])c1c(Cl)cc(Cl)cc1Cl,345.15
18868,CN(C)C3CC(C)OC(OC2C(C)C(OC1CC(C)(OC)C(O)C(C)O1)C(C)C(=O)OC(CC)C(C)(O)C(O)C(C)N(C)CC(C)CC2(C)O)C3O,387.15
1951,c1cc(c(cc1F)N)C(=O)O,467.15
9120,s1c2ccccc2[nH0]c1C(=Cc1ccccc1O)C(=O)N,483.15
1096,c1cc(c(cc1O)O)C(=O)c2ccc(cc2O)O,474.15
17980,CCCCCCCCOC=O,234.05
16423,CC1CCC(CC)CC1,192.35
7910,c1ccc(cc1)CNC(=O)/C=CC(=O)O,410.15
6944,c1ccc(cc1)OC(=O)Oc2ccccc2,352.15
9965,O=C(O)CCC(C)C1CCC2C(C(=O)O)C(CCC21C)C1(C)CCCCC1C(=O)O,539.15
14781,C1[C@H]3C[C@@H]2C[C@@H](C[C@H]1C2)C3,542.15
7830,CCNC(=S)NCC,350.15
2513,c1cc(c(nc1)C#N)I,372.15
6732,C[C@H]([C@H](C(=O)O)N)O,551.15
5559,c1ccc(cc1)n2c(=O)[nH][nH]c2=O,481.15
23318,[O-][N+](=O)c2cc(Oc1ccccc1)c(cc2)NS(=O)(=O)C,416.9
7860,Cc1ccccc1NC(=S)Nc2ccccc2C,431.15
20331,SCCCCS,219.25
14493,COC1=C(OC)C(=O)C(C)=CC1=O,331.65
11027,O=C(O)C1C2C=CC(C2)C1C(=O)Nc1c(C)cccc1C,440.15
4700,CC(=O)Nc1ccc(cc1Cl)Br,425.15
18597,O=C1C=C(CO1)C3CCC4(O)C5CCC2CC(CCC2(C=O)C5CCC34C)OC6OC(C)C(O)C(OC)C6O,435.65
2233,Cc1ccc(c(c1)Br)C,283.15
11242,O=C(O)c1[nH0][nH0](c2ccccc2)c(O)[nH0]1,453.15
10296,O=C(Nc1cccc(C)c1)c1[nH0]cc([nH0]c1)C(C)(C)C,368.15
21470,O=C2OC(=O)c1c2ccc(Cl)c1Cl,394.15
22083,COc3ccccc3/N=N/c1c2ccccc2ccc1O,456.15
7956,CC(C)(C)OC(=O)N[C@H](CCSC)C(=O)O,322.15
1176,Cc1c(c(c(c(c1C)C)CCl)C)C,356.15
17062,Fc1c(F)c(F)c(F)c(S)c1F,249.15
22435,Cc1cccc2ccc(Cl)nc12,334.15
15117,ClC(Cl)(Cl)[2H],209.15
15092,O=S(=O)(O)O,271.15
11926,N1(CCCC1)c1cc(N2CCCC2)cc(c1)c1ccccc1,447.15
19093,Clc2cc(ccc2Oc1ccc([N+]([O-])=O)c(OCC)c1)C(F)(F)F,357.15
18299,O=S(=O)(O)c2cccc1ccccc12,413.15
9215,O=C1CC2C(C)(C)CCCC2(C)C=2C(=O)C(O)=C(C(=O)C1=2)C(C)C,471.15
11490,N(=Nc1ccc(N=Nc2cc(c(N=Nc3ccc(N=Nc4ccccc4)cc3)cc2C)C(C)C)cc1)c1ccccc1,499.15
21693,NC(=O)/C=C/C(=O)O,445.65
7478,COC(=O)c1c2ccccc2ccc1P(c3ccccc3)c4ccccc4,381.15
4155,c1cc(c(c(c1)[N+](=O)[O-])C#N)C#N,437.15
12740,OCC(O)c1ccccc1,341.15
23153,C1(CCC1)C(=O)O,272.15
21647,CCC=NO,313.15
18628,O=C(OCC(COC(=O)c1cccnc1)(COC(=O)c2cccnc2)COC(=O)c3cccnc3)c4cccnc4,435.15
4241,COc1ccc(cc1OC)CCCC(=O)O,335.15
5424,CCCCc1ccc(cc1)S(=O)(=O)N,367.15
13265,N#Cc1cccc(C#N)c1,434.15
7447,COC(=O)c1ccc2c(c1)nn[nH]2,447.15
3401,c1c(cc(cc1Br)Br)C(=O)O,493.15
12456,c1ccc(cc1)CC(c1ccccc1)c1ccccc1,325.15
15567,C1CC(CCC1)(c2ccccc2)N3CCCCC3,319.65
12501,S(C)C(SC)=C[N+](=O)[O-],399.15
7492,COC(=O)CCc1ccccc1O,315.15
22368,CC1=CCC(CC1)C(O)(C)C,306.15
12272,O=[N+]([O-])c1cc([N+](=O)[O-])cc(c1)C(=O)NC,422.15
8995,CC(N(O)C(N)=O)c2cc1ccccc1s2,430.15
1550,c1cc(c(cc1[N+](=O)[O-])[N+](=O)[O-])CC(=O)O,453.15
1009,CC(C)(C)P(c1ccccc1c2ccccc2N(C)C)C(C)(C)C,389.15
18376,CC(CC)(CC)OC(=O)N,329.15
14842,Cl/C(Cl)=C/C3C(C(=O)OC(C#N)c2cccc(Oc1ccccc1)c2)C3(C)C,341.65
10939,O=[N+]([O-])c1ccccc1C(C)C#N,324.15
17880,ClC(Cl)(Cl)SN2C(=O)C1CC=CCC1C2=O,451.15
10929,OC1(Cc2ccccc21)c1ccccc1,341.15
20136,ClCCCCCCCCCCCl,288.75
19730,c1cccc2ccc(cc12)c3cc4ccccc4cc3,461.45
16115,Oc1ccc(Cl)c(Cl)c1Cl,356.65
5095,COc1cc(ccc1C#N)F,349.15
648,c1ccc(cc1)OCCOc2ccccc2,368.15
3243,c1c(cc(c(c1F)F)F)CC#N,304.15
11054,S1C(=CC(=CC1[P+]([O-])(c1ccccc1)c1ccccc1)c1ccccc1)c1ccccc1,447.15
4975,c1cc(ccc1C(C(=O)O)O)Cl,393.15
727,c1c(nns1)C=O,358.15
17973,N=C(N)NCCCCCCCCCCCC,409.15
14591,[O-][N+](=O)c1ccc2c3ccccc3Cc2c1,429.15
9133,O=C(OCC)c1c(O)[nH0]c(O)cc1C,492.15
5720,c1ccc(cc1)COc2ccc3c(c2)cc[nH]3,372.15
8742,OC(=O)Cc1ccc(OCC=C)c(Cl)c1,365.15
8169,CCCCCCCC(=O)O,290.15
18298,OC(=O)c2ccccc2C(=O)c1ccccc1,400.15
6860,C(C(=O)O)OCC(=O)O,416.15
331,CC(C)(C)OC(=O)N1CCC(CC1)C#N,320.15
7027,CCOC(=O)c1c(nc(s1)c2ccc(cc2)N)C,401.15
13809,N#Cc1cc(Br)ccc1,312.15
17150,O=C1OC(=O)c2c1c(Br)c(Br)c(Br)c2Br,548.15
8699,CCCCC(=O)N,376.15
211,CCCCCCCCCCCCS,266.15
22484,ClC(Cl)C=O,235.65
2263,c1cc(c(cc1[N+](=O)[O-])Cl)I,372.15
6343,C=CCO,144.14999999999998
22044,CCCN(CCC)C(=O)COC(=O)c1ccccc1,293.15
1781,c1cc(c(c(c1)F)CCl)F,307.15
11367,O=C(Nc1ccccc1CCCCc1ccccc1NC(=O)c1ccccc1)c1ccccc1,484.15
3543,c1c(c(nnc1Cl)Cl)C(=O)O,412.15
16988,O=C2C=CC(=O)N2c1ccccc1,363.65
1438,c1c(c(cc(c1F)Cl)Cl)C(=O)N,432.15
10707,N1=NC(C=C1c1ccccc1)c1ccccc1C,381.15
2868,Cc1c(cccc1C(F)(F)F)C#N,303.15
2434,c1cc(c(c(c1)Cl)O)[N+](=O)[O-],343.15
20490,FC(F)(F)c2nc(C)sc2C(=O)Nc1c(Br)cc(OC(F)(F)F)cc1Br,451.15
6830,CCOC(=O)C(C(=O)OCC)NC=O,326.15
4792,c1cc(ccc1S(=O)(=O)Cl)Br,348.15
9420,Clc1ccc(NN=C(C#N)c2scc([nH0]2)c2ccc(C)cc2)cc1,446.15
19162,Clc1cc2oc3ccc(Cl)c(Cl)c3c2cc1Cl,483.15
18511,OC(COc1nsnc1N2CCOCC2)CNC(C)(C)C,475.15
22212,Cc1ccc2c(c1)NC(=O)NC2=O,573.15
11869,S1c2[nH0][nH0]c([nH0]2NC1c1ccccc1)c1cccc([N+](=O)[O-])c1,478.15
6475,c1ccc(cc1)CBr,269.15
9506,Clc1ccc(C=C(C#N)c2scc([nH0]2)c2ccc([N+](=O)[O-])cc2)c(Cl)c1,484.15
18572,CSc1nc(NC(C)C)nc(NC(C)C)n1,392.15
17419,CCOP(=S)(OCC)Oc2ccc3C=1CCCCC=1C(=O)Oc3c2,361.4
920,C[C@@]12CC[C@@H](C1(C)C)CC2=O,451.15
17305,c1cc(c2ccccc2c1)c3ccccc3,318.15
12171,O(CC)c1ccc(cc1)c1ccc(OCC)cc1,447.15
15250,CCc1ccc(nc1)CCOc3ccc(CC2SC(=O)NC2=O)cc3,456.65
12,c1ccc(cc1)C2(CC2)C(=O)O,360.15
4868,Cc1cc(ccc1OC)Cl,307.15
818,C#CC(COc1cccc(c1)Cl)O,311.15
15872,OC=2c1ccccc1S(=O)(=O)N(C)C=2C(=O)Nc3ccccn3,473.45
10976,O=C(N)C(=O)NC(c1ccccc1)C1(OCCO1)c1ccccc1,476.15
23128,O=C1NC(=O)NC(=O)C1(C(C)CC)CC,439.65
8184,Cc1ccccc1C(=O)O,378.15
9896,O=[N+]([O-])c1cccc(c1)C=NO,393.15
453,c1cc(ccc1N=C=S)N=C=S,404.15
9241,s1c2ccccc2[nH0]c1C(=NNc1ccccc1OC)C(=O)N,486.15
23137,O=S(=O)(c3ccc(n1nc(cc1c2ccc(cc2)C)C(F)(F)F)cc3)N,431.15
9848,Clc1ccc(cc1)C(=NO)c1ccccc1,406.15
3457,c1ccc(cc1)C(=O)c2cc(cc(c2)F)F,331.15
20674,C=CC(=O)OC(C)CO,243.15
21521,c1cccc2c1nnn2C3CCCCC3,377.65
659,CCOc1ccccc1OCC,317.15
21939,Oc1cc2ncccc2cc1,512.15
15676,CC(=O)Oc5ccc1C[C@H]2N(C)CC[C@@]34c1c5O[C@H]4[C@H](C=C[C@@H]23)OC(C)=O,446.15
7422,Cc1cccc(c1)O,284.15
23225,C1=CC(=CC=C1[N+](=O)[O-])OC2=C(C=C(C=C2)C(F)(F)F)[N+](=O)[O-],363.15
11100,Brc1cc([N+](=O)[O-])cc(c1O)C(c1oc(C)cc1)c1oc(C)cc1,426.15
20262,Cc1ccc(cc1)C(=O)CCC,285.15
940,c1ccc2cc(ccc2c1)C3CNCCN3,375.15
2739,c1ccc(cc1)/C=C/C(=O)c2ccccc2O,363.15
9604,Clc1ccc(cc1)c1[nH0]c(sc1)C(=NNc1ccc(F)cc1)C#N,499.15
19780,O=C(CCCCCCCCCCCCC)OC(=O)CCCCCCCCCCCCC,326.54999999999995
11796,Oc1cccc(O)c1Cc1c(O)cccc1O,528.15
4196,c1cc(cnc1)CO,266.15
18842,O=C1C=CC(=CO1)C3CCC4(O)C5CCC2CC(O)CCC2(C)C5CCC34C,515.65
16565,Clc1ccc(NC(=O)CCCCC)cc1Cl,379.65
18819,Clc1ccc(cc1)Cn3c4ccccc4nc3CN2CCCC2,440.15
12826,O=C1C(C)=C(C)C(=O)C(=C1C)C(CCCCCC(=O)O)c1ccccc1,401.15
22960,Clc2ccccc2NS(=O)(=O)c1ccccc1,398.15
4071,CC(C)C(=O)C,181.15
13441,CC(C)C(=O)OCC(C)C,193.15
1400,Cc1cc(c(c(c1)C)N=C=O)C,318.15
20425,CC(C)(C)O[Si](OC(C)=O)(OC(C)(C)C)OC(C)=O,269.15
7690,CSC#N,268.15
8222,c1ccc(cc1)C2C(=C(C(=C2c3ccccc3)c4ccccc4)c5ccccc5)c6ccccc6,529.15
8123,c1ccc(cc1)Nc2ccccc2N,352.15
6363,C([C@H]([C@@H]1[C@@H]([C@@H]2[C@H](O1)O[C@@H](O2)C(Cl)(Cl)Cl)O)O)O,456.15
14450,Cc1ncc([N+]([O-])=O)n1CCO,433.15
5796,c1cc(sc1C=NO)Br,406.15
15533,O=C1CC[C@@]5(O)[C@H]2Cc4ccc(O)c3O[C@@H]1[C@]5(CCN2C)c34,521.65
3677,c1cc(c(cc1C(F)(F)F)Br)Cl,250.15
6566,CC(C)(C)OC(=O)O/N=C(C#N)/c1ccccc1,361.15
8864,CC(C)NCC(O)COc1cccc2[nH]ccc12,443.15
21885,ClC=C(Cl)C(F)(F)F,163.95
10967,Clc1cc2c(cc1Cl)C(O)OC2=O,453.15
16210,CC(C)(C)OCC1CO1,203.15
23011,O=C(O)c1cc(Br)ccc1,429.65
13658,OC(=O)c1ccccc1C(N)=O,427.15
17689,Fc1ccc(CC(=O)O)cc1,359.15
5188,CC1(CC(CC(N1)(C)C)O)C,404.15
4362,c1cc(ccc1C(C(=O)O)O)C(F)(F)F,403.15
1108,c1ccnc(c1)c2ccccn2,343.15
20608,O=C2CCCC(=O)C2C(=O)c1ccc(cc1Cl)S(C)(=O)=O,412.15
10308,O=C(O)CCC(NC(=O)C(NC(=O)CCCCNC(=O)C12CC3CC(CC(C3)C2)C1)C)C(=O)N,473.15
3229,c1c(cc(c(c1Cl)Cl)Cl)N,372.15
2262,c1cc(c(cc1[N+](=O)[O-])Cl)F,317.15
18701,Oc1ccc(cc1)C(CC)C(CC)c2ccc(O)cc2,459.65
2349,B(c1ccc(cc1Cl)C)(O)O,473.15
11511,O=C(Nc1ccc2c(ccc(O)c2NC(=O)C)c1)C,508.15
19272,ClC(Cl)C(Cl)(Cl)F,190.55
5835,Cc1cc(c(cc1Cl)S(=O)(=O)Cl)OC,400.15
4326,CSc1ccc(cc1)CC(=O)O,373.15
75,CCCCCN,218.15
13186,BrC(C)C,184.15
1779,c1cc(c(c(c1)F)C#N)F,303.15
2553,CCC1C(=O)CCC1=O,442.15
12967,CC=1CCCC=1C,183.15
23390,CCC1(C(=NC(=O)N=C1O)O)c2ccccc2,449.15
2686,c1ccc2c(c1)ccc(c2C=O)O,352.15
1040,C1CSC(=C[N+](=O)[O-])N1,415.15
22011,NS(=O)(=O)c1ccc(SCCC(C)(C)O)cc1,413.65
1563,c1cc(ccc1c2nnc(o2)c3ccc(cc3)[N+](=O)[O-])[N+](=O)[O-],584.15
19987,C(CCN1CCOCC1)c3ccc(COc2ccccc2)cc3,325.65
555,c1ccc(cc1)OCC(COc2ccccc2)O,355.15
3071,CCCCCCCCCC(C)O,275.15
19833,CP(F)(F)=O,235.95
20778,OC(C2CC1CC(OC)N2CC1C=C)c4ccnc3ccccc34,386.15
4474,Cc1cc(sc1C)C(=O)O,482.15
7529,COC(=O)c1c(ccs1)N,338.15
17277,OC(=O)c1cc(Br)ccc1Br,430.15
20983,OCc1cc(O)ccc1O,373.15
13120,C[C@@H]1CCCC[C@@H]1O,281.15
13048,BrCC,154.14999999999998
13460,OC(=O)CCCCC(=O)O,426.15
7766,c1cc(ccc1NC(=O)/C=CC(=O)O)F,481.15
11045,Brc1ccc(cc1)C(O)c1cc(C)ccc1O,380.15
1416,c1ccc(cc1)Nc2nc(nc(n2)N3CCOCC3)Nc4ccccc4,468.15
18075,COc1ccc(CC(=O)O)cc1,360.15
18586,Cn2cncc2CC1COC(=O)C1CC,307.15
18486,O=C(O)c1cc(O)c2cccc(O)c2n1,562.15
15682,Clc1ccc2Oc4ccccc4N=C(c2c1)N3CCNCC3,448.65
20579,Clc2cc(Cl)cc1c2cc(Cl)cc1Cl,453.15
15168,CCCCCCCCCC(=O)O[C@H]3CC[C@H]2[C@@H]4CCC1=CC(=O)CC[C@@H]1[C@H]4CC[C@@]23C,391.15
15663,CCc1cc(ccn1)C(N)=S,436.15
15128,FC(F)(F)C(=O)O,258.15
23284,CC12CCC3C(C1CCC2(C)O)CCC4=CC(=O)C=CC34C,436.15
22307,ON=C(/C(=N/O)c1ccccc1)c2ccccc2,513.15
4601,c1cc(ccc1N)O,461.15
9410,ClC(=Cc1ccccc1)c1ccc2CCc3cccc1c32,350.15
9756,O=C1C(=CC(C=C2C(=O)C3(C)CCC2C3(C)C)(CCC)C(=O)OCC)C2CCC1(C)C2(C)C,434.15
7961,CC(C)(C)OC(=O)N[C@H](CO)C(=O)O,363.15
7399,C[C@@H](C(=O)O)O,326.15
22600,Brc1cc(Br)c(Br)c(Br)c1,372.65
15902,O=C4CC[C@@]3(C)C(CC[C@@H]2[C@@H]3CC[C@@]1(C)[C@H]2CC[C@]1(C)O)=C4,436.65
10405,O=C1Oc2ccccc2C(NCCCC)=C1,391.15
23087,CC(=O)OC1=CC=CC=C1C(=O)O,408.15
1238,c1cc(nc(c1Br)Br)Cl,343.15
3735,c1cc(cnc1)Br,246.15
8961,Nc2ccc(N=Nc1ccccc1)c(N)n2,412.15
754,C(CCCCCBr)CCCCBr,301.15
10303,Clc1c2OC(Oc2c(Cl)c(Cl)c1Cl)c1cc(C)cc(C)c1,433.15
21868,CC(=O)c1cc2ccc(O)c(O)c2cc1,442.65
22598,C/C(=CC=CC(C)=CC=CC=C(C)/C=C/C=C(C)C(=O)O)C(=O)O,559.15
21405,O=S(=O)(CC(=O)OC)c1ccc(Cl)cc1,358.15
10057,O=C1C2CC=3CC=CCC=3CC2C(=O)C2CC=3CC=CCC=3CC12,500.15
5839,COc1ccc(cc1S(=O)(=O)Cl)Cl,375.15
19125,CCCCCCCCCCCCCN,300.54999999999995
2024,c1cc(nc(c1)F)N,333.15
21019,CC(N)(CO)C(=O)Nc1ccc(cc1)C(=O)NC=2C=CN(C(=O)N=2)C4CCC(OC3OC(C)C(C(O)C3O)N(C)C)C(C)O4,440.15
23126,O=C(OC(C)(C)C)N[C@H](C(=O)O)CO,363.65
9019,O=C(C)C(=CN)c1ccccc1,370.15
10894,O=C(OC)c1cc2ccccc2c(OC(=O)c2ccccc2C)c1C(=O)OC,412.15
20950,O=C(NC(C)c1ccc(Cl)cc1)C2(CC)C(C)C2(Cl)Cl,420.15
14831,CCCl,134.14999999999998
13218,C[C@H]1CCC[C@@H]1CCC,150.14999999999998
28,CCCCc1ccc(cc1)C#Cc2ccc(cc2)CCCC,314.15
13485,O=[N+]([O-])c1cc(C=C)ccc1,268.15
21089,O=C2C=CC3(O)C(C)CCC1C(=C)C(=O)OC1C23C,437.65
9718,O=C1C(CC=Cc2ccccc2)(C2CCC1(C)C2(C)C)C1(CC=Cc2ccccc2)C(=O)C2(C)CCC1C2(C)C,425.15
12426,O=C(OC)C1=C(NC(C)=C(C(=O)OC)C1c1occc1)C,459.15
355,c1ccc(cc1)C(=O)N2CCC(=O)CC2,328.15
9621,s1cccc1C=C(C#N)c1scc([nH0]1)c1cccc2ccccc21,479.15
3170,B(c1cccc(c1)OC(F)(F)F)(O)O,353.15
15383,O[C@@H](c1ccccc1)[C@H](C)NC,390.65
15279,Clc1ccccc1C34OCCN4CC(=O)Nc2ccc(Cl)cc23,476.15
18760,Cc1cc(nc(n1)n2nc(C)cc2OC)OC,364.15
19803,Cc1cc(Cl)nc2ccccc12,332.15
20019,O=C(O)CCCCCCCCCCCCC1C=CCC1,341.65
21304,OC1=C(O)C=C(C=C(O)C1=O)C(=O)O,590.15
16519,O=C(O)CCCCCCCCCCBr,330.15
8524,c1ccc2c(c1)c(=O)c3ccccc3s2,485.15
5643,c1ccc(cc1)c2cc(=O)c3c(o2)cc(c(c3O)O)O,542.15
6865,CC(C)CCNCCC(C)C,229.15
18235,Nc1nc(nc(N)n1)c2ccccc2,499.65
19472,OC(=O)c1cc(cc(N)c1)C(=O)O,633.15
3675,c1c(cc(c(c1F)F)Br)N,341.15
15450,Oc1ccc(C[C@](C)(NN)C(=O)O)cc1O,477.15
4224,Cc1ccc(c(c1)C)NC(=S)NN,424.15
964,c1cc(ccc1OCCO)Cl,303.15
13763,CCCCCCCCCCCl,242.15
6749,CC1CCCC(=O)O1,291.15
120,CC1(CCCCC1)C(=O)O,311.15
6794,C(C(=O)O)(Cl)Cl,283.15
18543,CC1=CN(C(=O)NC1=O)C2CCC(CO)O2,428.65
4228,B(c1ccc(cc1)/C=C/C(=O)O)(O)O,466.15
5579,CC(C)(C)c1ccc2cc1Cc3cccc(c3)Cc4cccc(c4)Cc5cccc(c5)C2,615.15
13683,O=[N+]([O-])c1ccc(cc1)C(=O)O,514.15
328,CC(C)(C)OC(=O)N1CCC(=O)CC1,347.15
4710,c1cc(c(cc1Br)F)I,321.15
3281,B(c1ccc(c(c1)Cl)Cl)(O)O,545.15
2370,c1cc(ncc1C#N)Cl,391.15
5522,CCCc1ccc(cc1)S(=O)(=O)Cl,294.15
2544,CCOc1ccccc1C(=O)C,313.15
8895,NCCc1ccc(O)cc1,437.15
15791,NS(=O)(=O)c1cc2C(=O)N(C(C)Nc2cc1Cl)c3ccccc3C,529.15
22260,FC(F)(F)c3ccccc3C2=C(NC)OC(c1ccccc1)C2=O,425.65
11077,O=C(Nc1ccc2oc(CCC(=O)C)c(c2c1)c1oc(C)cc1)C,405.15
19667,O=C(Cl)c1ccc(Br)cc1,315.15
10871,Brc1ccc2CC(=O)c2c1OC,391.15
22218,OC2[C@H](O)C(COc1ccccc1CO)O[C@H](O)C2O,480.15
2178,c1cc(sc1[N+](=O)[O-])Br,317.15
18131,Cc1cc(ccc1O)[N+]([O-])=O,369.15
4898,c1cc(c(cc1C(=O)O)F)Cl,465.15
5153,c1cc(ccc1CCl)F,255.15
1209,c1(c(c(c(c(c1F)F)O)F)F)O,442.15
13362,OC(=O)Cc1ccccc1,352.15
17080,COP(=S)(OC)SCN2C(=O)c1ccccc1C2=O,345.15
13068,CC1(C)CC=CCC1,199.15
20372,CC(C)(C)SSSSC(C)(C)C,275.45
9089,O=C1N(C)c2ccccc2C(O)=C1C1=NNC(=O)C1=CNc1c[nH0]ccc1,554.15
3123,c1cc(ccc1SCCC(=O)O)Br,384.15
78,CCCCCS,197.15
9736,O=C(NNc1ccccc1)C=CC,463.15
250,c1cc(c(cc1Cl)[N+](=O)[O-])[N+](=O)[O-],296.15
3766,c1cc(c(c(c1)Cl)F)O,309.15
22129,CCc2ccccc2C(=O)N(NC(=O)c1ccccc1)C(C)(C)C,450.65
9609,s1cc([nH0]c1C(=NNc1ccc(OC)cc1)C#N)c1ccc(C)cc1,419.15
22646,n1c(c(c(N)n1c2ccccc2)Cn4nnc3ccccc34)C(C)(C)C,397.0
13012,CC(C)CC(C)=O,189.15
10892,O=C1CCCC2Cc3ccccc3C(=O)C12,352.15
600,C1C/C=CC=C/CC1,220.15
9137,Oc1c(N=Nc2cc(cc(c2O)C(C)(C)C)C(C)(C)C)cc(cc1C(C)(C)C)C(C)(C)C,520.15
13415,Cc1ccc(Cl)c(N)c1,304.15
4550,Cc1cc(nc(n1)C)N,458.15
943,c1cc(sc1)C2CNCCN2,356.15
23317,C1=CC(=CC(=C1)NC2=C(C=CC=N2)C(=O)O)C(F)(F)F,477.15
17222,O=C(Oc1ccccc1)CCl,317.65
20277,OCCNCCNCCO,370.65
18315,COc2c3ccoc3nc1c(OC)c(OC)ccc12,450.15
9314,Sc1[nH0][nH0]c([nH0]1N=Cc1c(OC)cccc1OC)C(F)(F)F,451.15
19126,Clc1c(OC)c(Cl)c(Cl)cc1Cl,361.65
18676,CNC1(CCCCC1=O)c2ccccc2Cl,365.65
1561,c1ccc(cc1)c2ccc(cc2)c3nnc(o3)c4ccc(cc4)c5ccccc5,510.15
4869,B(c1ccc(cc1C)Cl)(O)O,467.15
15605,CC3CCC(O)CC3=CC=C1/CCCC2(C)C(CCC12)C(C)/C=C/C(C)C(C)C,399.15
14485,O=C2C(=C(C(=C2c1ccccc1)c3ccccc3)c4ccccc4)c5ccccc5,491.15
10189,O=C1C=C(NCCCc2ccccc2)C(=O)c2ccccc12,389.15
6213,c1cc2c(cc1F)[nH]c3c2CCNC3,497.15
3257,COc1cc(cc(c1OC)OC)CC(=O)O,393.15
14236,Clc1c(CC(=O)O)c(Cl)ccc1Cl,429.15
4541,c1cc(c(cc1N)C(F)(F)F)C#N,411.15
1782,c1cc(c(c(c1)F)/C=C/C(=O)O)F,398.15
14096,Brc2ccccc2c1ccccc1,275.15
6985,CCCCCCCCCCCC=O,285.15
13275,CC(CCC)CC(C)O,171.14999999999998
1095,C(C(C(CO)(F)F)(F)F)O,357.15
5544,c1ccc(cc1)c2csc(n2)c3ccncc3,366.15
1946,c1cc(c(cc1Cl)N)C#N,434.15
17085,O=Cc1c2ccccc2ccc1O,356.15
22618,COc1cc(cc(OC)c1)OC2OC(CO)C(O)C(O)C2O,443.15
21713,C1C=CCC=CCC1,203.15
677,c1ccc(cc1)C(=O)c2ccccc2C(=O)c3ccccc3,420.15
19857,NC1CC1,237.75
10797,O=[N+]([O-])c1ccc(cc1)C1OC(=O)c2ccccc2C1C(=O)OC,407.15
6789,c1ccc(cc1)CSCc2ccccc2,322.15
1392,Cc1cc(c(c(c1)C)N)C,268.15
18879,CC(C)CCCC(C)CCCC(C)CCCC1(C)CCc2c(O1)c(C)c(C)c(O)c2C,276.15
10661,O=[N+]([O-])c1cccc(c1)c1ccc(cc1)C(=O)OC,416.15
752,c1cc2ccc3cccnc3c2nc1,391.15
16320,NC(=O)OCCO,316.15
21931,ON=Cc1ccncc1,404.65
3737,c1ccc2c(c1)cc(cn2)Br,287.15
2976,c1ccc(c(c1)C#N)[N+](=O)[O-],382.15
6694,C1CCC(CC1)C=O,308.15
11980,O=C(OCC)C(C#N)=Cc1oc(cc1)c1ccccc1,390.15
3215,CC(C)(C)CC(=O)O,279.15
8989,NC(CCC(O)=O)C=C,482.15
12404,O=C(N)NN=C(O)Cc1ccccc1,441.15
9969,O=C1C=CC2(O)C3CCC4(C)C(=O)CCC4C3CCC32OC13,475.15
12305,O=C(OCC1OC(OC2C(OC(OC)C(OC(=O)C)C2OC(=O)C)COC(=O)C)C(OC(=O)C)C(OC(=O)C)C1OC(=O)C)C,404.15
1770,COc1cc(c(c(c1)F)C=O)F,348.15
17329,C=C(Cl)C(=O)O,339.15
19427,O=C(CC)c1ccc(Br)cc1,321.15
10912,O=C1OC(Cc2ccccc12)C1CCCCC1,346.15
11675,FC(F)(F)C(C(=O)Nc1ccccc1OC)C(F)(F)F,436.15
3022,c1ccc(cc1)c2nc3ccccc3s2,387.15
5401,Cc1ccc(cc1)c2ccccc2,319.15
7856,CN(C)C(=O)N,453.15
10100,O=C(OC1CCC2C3CCC4CC(O)(C#C)CCC4(C)C3CCC21C)C,469.15
6875,COC(=O)CCCCCCCCCCC(=O)OC,303.15
17604,c1cccc2CCCc12,221.75
13956,C(OCc1ccccc1)c2ccccc2,276.15
4619,c1ccc(cc1)CNC(=S)NN,403.15
19178,Clc2cc1Oc3cc(Cl)cc(Cl)c3Oc1c(Cl)c2,492.15
8719,c1ccc2c(c1)C(c3ccccc3O2)C(=O)N,518.15
8558,c1cc(ccc1/C=C/C(=O)O)C(F)(F)F,505.15
17474,O=CCC=O,345.15
14290,S=C(NNc1ccccc1)/N=N/c2ccccc2,441.15
12516,NC=1C(=NNC=1C)C,465.15
7968,CC(C)(C)OC(=O)N[C@@H](CC(=O)O)C(=O)O,390.15
12454,O=C(OCC)C=1N=C(C)CC=1C,399.15
10652,c1ccc(cc1)c1ccc2c(c1)c1CCCCc1c1CCCCc21,409.15
6825,CCOC(=O)OCC,230.15
10111,O=C1OC2(CCC1(C)C2(C)C)C(=O)Oc1cc(C)ccc1C1(Oc2cc(C)ccc2C(C)(C)C1)C,409.15
19423,CC(C)(C)c1cc(ccc1O)C(C)(C)c2ccc(O)c(c2)C(C)(C)C,387.55
8159,COc1ccccc1N,279.15
18210,c1cc5ccccc5cc1Nc2ccc(cc2)Nc3cc4ccccc4cc3,508.15
4423,Cc1ccnc(c1)c2cc(ccn2)C,447.15
12159,O=C1CC2C3CCC4CCCCC4(C)C3CCC2(C)C1,381.15
6862,C(I)I,279.15
6986,C(CCCCCC(=O)O)CCCCC(=O)O,402.15
9490,O=C(C)C(=CNc1ccccc1)Cc1ccccc1,405.15
15847,CC2(C)[C@H]1CC(=O)[C@]2(C)CC1,452.95
21582,CC(CC=CC)C(O)C1C(=O)NC(CC)C(=O)N(C)CC(=O)N(C)C(CC(C)C)C(=O)NC(C(=O)N(C)C(CC(C)C)C(=O)NC(C)C(=O)NC(C)C(=O)N(C)C(CC(C)C)C(=O)N(C)C(CC(C)C)C(=O)N(C)C(C(C)C)C(=O)N1C)C(C)C,422.65
7282,CN(C)P(N(C)C)N(C)C,229.15
2926,Cc1ccc2ccccc2c1,306.15
9825,O=C(OC1CCC2(C)C(CCC3C4CCC(O)(C=Cc5ccccc5)C4(C)CCC32)C1)C,435.15
9479,O=C(C)C=Cc1ccc(cc1)C=CC(=O)C,436.15
8733,CCC(C(=O)NC(=O)NC(C)=O)c1ccccc1,373.15
20467,OC(Cn1cncn1)(C(C)C2CC2)c3ccc(Cl)cc3,379.8
2013,c1(nnc(s1)N)C(F)(F)F,498.15
19849,S=C(SC(=S)N1CCCCC1)N2CCCCC2,383.15
5677,C[C@H](CCCC(C)C)[C@H]1CC[C@@H]2[C@@]1(CC[C@H]3[C@H]2CC[C@@H]4[C@@]3(CC[C@@H](C4)O)C)C,415.15
947,c1ccc2c(c1)cc([nH]2)c3ccc(c(c3)Cl)F,445.15
17706,F[Si](F)(F)c1ccccc1,255.15
2147,CCOc1ccc(cc1Br)[N+](=O)[O-],328.15
8788,CC(CN1CCOCC1)C(C(=O)N2CCCC2)(c3ccccc3)c4ccccc4,453.15
7129,CCOC(=O)c1cc([nH]n1)C(C)C,348.15
18165,CC(C)(C)c2cc(Sc1cc(C)c(O)c(c1)C(C)(C)C)cc(C)c2O,398.65
20113,Cc2c1ccccc1n(C)c2C,291.15
9699,O=C(OCC)C(C(=O)C)C(=O)C=Cc1ccc(OC)c(OCc2ccccc2)c1,481.15
21211,CCCCCCc1ccc2ccccc2c1,270.15
10955,O=C(OC)C1(C)c2ccccc2N=C1C,354.15
6841,CCOC(=O)CCC(=O)OCC,252.15
22676,O=C1N(C(=O)N(C(=O)N1C)C)C,449.0
2073,c1ccc(cc1)COc2ccc(cn2)Br,320.15
9730,O=NN1C(C=Cc2ccccc12)=CC(c1ccccc1)c1ccc(N(C)C)cc1,469.15
20447,O=C(O)COc1c(F)c(F)c(F)c(F)c1F,382.15
21753,C=C(C)/C=CC,348.65
7734,Cc1cc(c(c(c1C)S(=O)(=O)NCC(=O)O)C)C,440.15
885,C(C(=O)O)Sc1nnc(s1)S,440.15
11334,O=C(Nc1cccc(N=[N+]([O-])c2cccc(NC(=O)c3ccccc3)c2)c1)c1ccccc1,520.15
14621,COc1cc(ccc1OC)C(=O)O,453.15
15332,Clc1ccc(cc1Cl)[C@@H]3CC[C@H](NC)c2ccccc23,517.15
7329,C(I)(I)I,395.15
10200,O=C1C=CN=C2N(NC=C21)c1ccccc1,440.15
3895,CCc1cccc(c1)O,269.15
21157,OC3C(O)C(O)C(CO)OC3OC2OC=C1C(=O)OCC=C1C2C=C,464.15
22588,Nc1cccc(N)c1N,376.15
8249,C=CS(=O)(=O)c1ccccc1,342.15
16483,Oc1c(cc(Br)cc1Br)C(=O)O,501.15
8012,C1CCC(CC1)N2C(=O)C=CC2=O,363.15
22940,OC1=CC=C(C=C1)C(C=CC2=CC=C(C=C2)O)=O,478.65
10591,O=C1N(C(=O)C2C(=NOC12)C(=O)c1occc1)c1ccccc1C,477.15
19992,Nc1ccc(cc1)OCCCCCN3C(=O)c2ccccc2C3=O,386.65
23352,CC(=NC(=Nc1ccccc1)S)O,439.65
19525,c1ccc2c3Cc4cc5ccccc5cc4c3ccc2c1,447.65
1468,c1cc(c(cc1Cl)Cl)CO,332.15
10550,O=C1CC(C)(C)CC=2Nc3ccc4ccccc4c3C(c3ccc(O)cc3)C1=2,587.15
2722,c1cc(c(cc1[N+](=O)[O-])C=O)O,398.15
5419,CCCCc1ccc(cc1)c2ccc(cc2)C#N,323.15
20862,ClCCCCCCCCCCO,285.65
22456,Cc2ccc(/N=CN(C)/C=N/c1ccc(C)cc1C)c(C)c2,359.15
21681,CCC=CC(C)(C)C,135.74999999999997
12673,O=C(OCC)C1=C(NC(C)=C(C(=O)OCC)C1c1ccccc1)C,430.15
6041,c1c2cc(c(=O)oc2c(cc1Br)Br)C(=O)O,496.15
12061,O=C(C)c1c(O)c(cc(c1O)C(C)(C)C)C(C)(C)C,453.15
14588,C=C(C)C,133.14999999999998
2161,c1cc(c(cc1F)C#N)Br,363.15
9247,FC(F)(F)C(=O)C(=NNc1cccc([N+](=O)[O-])c1)C(=O)C,479.15
20972,O=C(c1cc(Cl)ccc1Cl)N(NC(=O)c2ccccc2)C(C)(C)C,486.65
20302,O=C(CCC(=O)O)OCCCC,281.75
13892,Clc1ccc(cc1Cl)C(C)=O,346.15
15733,CCN(CC)Cc1cc(ccc1O)Nc2ccnc3cc(Cl)ccc23,481.15
10116,O=C1C(=C)C2(OC(=O)C)CC(OC(=O)C)C3C1(C2OC(=O)C)C(OC(=O)C)CC1C(C)(C)CCC(OC(=O)C)C31C,553.15
7265,CCCCCCC=O,230.15
20428,O=C2c1n(cnc1N(C)C(=O)N2C)CCOC(=O)c3cccnc3,424.65
9307,ON=CC=1CCCC=1C#Cc1ccccc1,378.15
3936,Cc1ccc(cc1F)C#N,320.15
11725,S=C1NC(C)=C(C(=O)OCCC)C(N1)c1occc1,450.15
21712,C1=CC=CC=CCC1,190.15
15043,COP(=S)(OC)SCN1N=Nc2ccccc2C1=O,345.15
4207,B(c1cccc(c1)C=C)(O)O,401.15
14033,Brc1ccc(OC(C)=O)cc1,294.15
2149,Cc1ccc(cc1Br)[N+](=O)[O-],349.15
17122,Oc1ccccc1CCC,280.15
74,CC(=O)C(=NO)C(=O)c1ccccc1,402.15
18892,Oc2ccccc2C(=O)Oc1ccc(NC(C)=O)cc1,460.15
4016,C1CC(CNC1)O,331.15
17977,CCCCOCCOCCCC,204.05
13041,CCC(Cl)CC,168.14999999999998
14595,O=C(Nc1ccccc1)C[N+]([O-])=O,366.15
3932,Cc1ccc(cc1F)N,306.15
14670,Nc2ccc(SSc1ccc(N)cc1)cc2,350.15
18080,O=C(OCc1ccccc1)CCC(=O)OCc2ccccc2,322.65
15502,O=C(Nc1ccccc1C)C(C)NCCC,310.65
2509,c1ccc2c(c1)CC(=O)O2,323.15
7281,C1CCCNCC1,236.15
9244,Clc1ccc(cc1)C=NC=1N=NC(N=1)C(F)(F)F,507.15
19526,n1cnnc2ccccc12,348.95
4067,Cc1ccn(n1)c2ccccc2,310.15
13100,Clc1ccccc1,227.15
3145,C1COCCN1CCCN,258.15
20756,CC(O)CNCCN,223.15
8697,C[C@H](CCC(=O)O)[C@H]1CC[C@@H]2[C@@]1(CC[C@H]3[C@H]2[C@H](C[C@H]4[C@@]3(CC[C@H](C4)O)C)O)C,476.15
5131,c1c(cc(c(c1C(F)(F)F)F)[N+](=O)[O-])C(=O)O,395.15
7396,C[C@H]1[C@H]([C@H]([C@@H]([C@@H](O1)O)O)O)O,412.15
17702,FCCO,246.75
11560,OC(C)CCc1ccc(cc1)CCC(O)C,317.15
17339,Brc4c5Oc1c(Br)c(O)ccc1C3(OC(=O)c2ccccc23)c5ccc4O,558.15
19786,O=C(C)OCCCCOC(C)=O,285.15
20578,Clc1c2cccc(Cl)c2cc(Cl)c1Cl,414.15
2542,CCOc1cc(ccc1O)C,302.15
6073,c1cc2c(cc1Br)NC(=O)CO2,496.15
22204,NC(=O)C1=C(O)[C@@H](N(C)C)[C@@H]2CC4C(=C(O)[C@]2(O)C1=O)C(=O)c3c(O)ccc(Cl)c3[C@@]4(C)O,441.65
237,CC(OC(=O)Cl)Cl,208.15
16484,C1CC2CC1C3OC23,396.15
20010,O=C(CN3CCN(Cc1ccc2OCOc2c1)CC3)N4c6ccccc6Sc5ccccc45,414.65
18827,Clc1cc(NC(=O)OC(C)C)ccc1,314.15
5192,CSc1nc(cc(n1)O)C(F)(F)F,451.15
4766,COc1cc(ccc1Br)O,352.15
1620,c1cc(c(cc1F)C(=O)N)F,385.15
8793,Clc3ccc(COC(Cn1ccnc1)c2ccc(Cl)cc2Cl)cc3,360.15
1308,Cc1c([n+](ccc1[N+](=O)[O-])[O-])C,366.15
14374,C1CSCCS1,384.15
1582,Cc1cc(c(cc1Br)C)Br,346.15
20863,C=C(C)c2cc1c(ccc1C=O)c(C)cc2,331.15
2431,c1cc(c(c(c1)Cl)C(=O)N)[N+](=O)[O-],458.15
22916,Clc1c(OC)cc(Cl)c(Cl)c1Cl,361.15
1044,c1ccc2c(c1)C(=O)N(C2=O)CCS(=O)(=O)Cl,431.15
20739,Nc1cc(OC)ccc1C,320.15
5009,CCCCCc1ccc(cc1)c2ccc(cc2)C#N,296.15
7633,COC(=O)c1ccccc1,261.15
10931,Fc1cccc2CC(O)c21,329.15
22775,S=C2ON=C(c1cnccc1)N2c3ccc(cc3)C,432.5
5795,c1cc(c(cc1Br)C(=O)O)O,441.15
5491,c1cc(ccc1[N+](=O)[O-])OC=O,345.15
19765,Cc1ccc(NO)cc1,369.15
11797,Clc1[nH0]c(Cl)[nH0]c(Oc2cc(Oc3[nH0]c(Cl)[nH0]c(Cl)[nH0]3)cc(Oc3[nH0]c(Cl)[nH0]c(Cl)[nH0]3)c2)[nH0]1,513.15
13951,CC(C)c1ccccc1Br,214.15
1600,c1cc(c(cc1Cl)C(=O)O)Cl,426.15
19521,CCCCCC(Cl)=O,186.15
1849,CC(=O)Nc1ccc(cc1C(=O)O)Br,496.15
1752,c1cc(c(c(c1)Cl)N=C=S)Cl,316.15
2040,c1ccc2c(c1)nc(s2)N,401.15
7965,CC(C)(C)OC(=O)NO,330.15
5231,c1ccc(cc1)/C=C/C(=O)c2ccc(cc2)O,449.15
546,c1cc(cc(c1)CC(=O)O)CC(=O)O,448.15
6199,c1cc2cn[nH]c2c(c1)Br,401.15
5147,c1cc(ccc1C(=O)O)F,458.15
10737,ClC1Cc2cc(OC)c(C)cc21,314.15
12191,Clc1ccc(cc1)C1NC(=O)NC(C)=C1C(=O)OCC,458.15
10694,BrCc1c2ccccc2c(CBr)c(CBr)c1CBr,470.15
19059,CCc1cc(C)nc(C)c1,370.15
7169,CCOC(=O)CC(=O)C(C)C,264.15
16559,ClC2(Cl)C1(Cl)C(Cl)=C(Cl)C2(Cl)C(CCl)C1CCl,378.15
22685,OC3(c1c(cccc1)C(OC)(OC)c2c3cccc2)c4ccccc4,462.0
20867,CC=C(/C)C(=O)O,318.65
22119,Clc1ccc(cc1)/C(=NCCCC(N)=O)c2cc(F)ccc2O,407.15
14650,O=C(Nc1ccccc1)CC(C)=O,359.15
15302,CC(=O)[C@@]3(O)CC[C@H]2[C@@H]4C=C(C)C1=CC(=O)CC[C@]1(C)[C@H]4CC[C@@]23C,492.15
15574,CC(C)NCC(O)COc1ccc(cc1)COCCOC(C)C,373.15
10417,Sc1[nH0][nH0]c([nH0]1[nH0]1cccc1)C(F)(F)F,438.15
18748,S=P(SCSP(=S)(OCC)OCC)(OCC)OCC,260.15
17870,c1c3cc4cc5ccccc5cc4cc3cc2ccccc12,530.15
9318,O=C(OCC)CC=C(c1ccc(OC)cc1)C(C)(C)C(=O)OCC,419.15
14090,c1cc(ccc1)c3ccccc3c2ccccc2,329.15
4065,Cc1ccn(n1)C(=O)N,398.15
21256,OC1CC(C(=O)O)N(C1)C(=O)C,405.15
1294,c1ccc2c(c1)CCO2,252.15
15566,CN1C(=O)OC(C)(C)C1=O,319.15
2000,c1c(cnc(n1)N)I,492.15
2063,c1ccc(cc1)C(=O)c2ccccc2C(=O)O,402.15
21808,Clc1ccc(cc1Cl)C(=O)Nc2ccc3nn(nc3c2)C4CCCCC4,464.15
1507,CCC(=O)c1ccc(cc1O)O,373.15
6683,c1(nc(nc(n1)Cl)Cl)Cl,420.15
5577,CC(C)(C)c1ccc(cc1)C(=O)c2ccccc2,313.15
18581,O=C(O)C2=CN(CC)c1nc(ncc1C2=O)N3CCCC3,588.15
8089,CN1C(=O)c2ccccc2C1=O,407.15
5611,c1cc(cc(c1)Cl)c2[nH]nnn2,413.15
17040,CN1C(=O)N(C)C(=O)N(C)C1=O,449.65
17553,Oc2cc3CC4(O)COc1c(O)c(O)ccc1C4c3cc2O,413.15
5335,COc1ccc(cc1)CO,297.15
9546,S1C(=N)NC(=O)C1=NNc1ccc(C)cc1,538.15
4141,c1cc(cc(c1)[N+](=O)[O-])C(F)(F)F,268.15
7938,CC(C)[C@@H](C(=O)O)NC(=O)OCc1ccccc1,333.15
18736,OC(=O)Cc1ccc(cc1)c2ccccc2,433.65
13036,CC(C)(S)CC,169.14999999999998
6016,CCCCC(=O)CCCC,223.15
12224,FC(F)(F)C(C(=O)NCc1ccccc1)C(F)(F)F,467.15
19749,O=[N+]([O-])c1cc(cc(c1)[N+]([O-])=O)C(=O)OCC,367.15
22211,Oc1ccc(cc1)C(C=C)C(C=C)c2ccc(O)cc2,500.65
12949,O=C(OC)OC,276.15
2251,CC#CC(=O)O,350.15
3670,c1cc(c(nc1)C#N)Br,371.15
18002,O=C(O)COCC(=O)O,421.15
16726,C(OCCOCC1CO1)COCCOCC2CO2,260.15
17802,c5ccc6c1cc2cccc3ccc4ccc(c1c4c23)c6c5,436.75
13436,N#CCc1ccc(cc1)C#N,373.15
21440,S=C1C=CC=CN1,402.15
11689,O=C1NC(C)=C(C(=O)OCc2ccccc2)C(N1)c1ccccc1OC(=O)C,475.15
16939,CC(=O)N(C)C(C)=O,248.15
23138,ClCC(O)=O,334.65
14196,[2H]c4c3c2c(c([2H])c([2H])c1c([2H])c([2H])c([2H])c(c12)c([2H])c3[2H])c([2H])c4[2H],429.15
22448,Cc1cc(Cl)c(Cl)c(Cl)c1,318.65
23038,Brc1ccc(cc1)CC(=O)O,389.15
12963,CCC#CC(C)C,156.14999999999998
17108,Fc1nc(F)nc(F)n1,235.15
11910,O=C(O)CCCNC(=O)CCCCC(=O)NCCCC(=O)O,418.15
6697,C1CCC(CC1)O,297.15
20422,O=C(c1cc(O)ccc1)c2ccccc2,406.65
6058,c1cc(ncc1C(=O)N)N,520.15
4698,c1cc(c(cc1Br)Cl)I,307.15
10750,Brc1ccc(OC)c(c1C)C(=O)O,436.15
3320,c1ccc2c(c1)NC(=O)C(S2)CC(=O)O,461.15
15864,CN3[C@H]1CC[C@@H]3C[C@@H](C1)OC(=O)[C@H](CO)c2ccccc2,381.65
10464,O=C1OC=2c3ccc(OC)cc3CCC=2C(CC)C1(C)C,416.15
12446,CC(C)=C1C2C=CC1c1ccccc12,365.15
4773,Cc1cc(ccc1Br)C(=O)O,490.15
6575,C(Br)(Br)Br,282.15
20577,Cc2cc(C)nc(Nc1ccccc1)n2,369.45
4709,CCc1cc(ccc1NC(=O)C)Br,416.15
17056,c1cccc3c1c2ccccc2C3c4ccccc4,420.15
13653,Nc1ccccc1C(=O)OCC,287.15
8740,CCCSc2ccc1[nH]c(NC(=O)OC)nc1c2,481.15
19672,BrCCI,301.15
5785,c1c(cc(cc1C(=O)O)Br)C(=O)O,556.15
15965,CC(C)CCCCCOC(=O)c1ccccc1C(=O)OCCCCCC(C)C,269.15
13560,Nc1cc(ccc1O)[N+]([O-])=O,416.15
10270,S=C1NC2(c3ccccc3NC2=O)C=2CCCC=2C1C#N,584.15
20612,CCOCn1c(c(C#N)c(Br)c1C(F)(F)F)c2ccc(Cl)cc2,373.65
7225,c1ccc-2c(c1)Cc3c2ccc(c3)C=O,357.15
2311,c1cc(c(cc1C(F)(F)F)Cl)S(=O)(=O)Cl,310.15
18194,CCOc1ccc(cc1)C(=O)OCCN(CC)CC,446.15
12658,O=C1C=C2C(C)=CC3C4CC(=C)C(OC(=O)C)(C(=O)C)C4(C)CCC3C2(C)CC1,497.15
8391,c1ccc(c(c1)C(=O)Oc2ccccc2C(=O)O)O,408.15
20509,O=S(=O)(c1ccc(cc1)[N+]([O-])=O)C2(CCCCCC2)C(=O)OC(C)C,356.65
8677,COc1ccc(cc1)P(c2ccc(cc2)OC)c3ccc(cc3)OC,404.15
15167,OC(=O)[C@H]1C(=CCO)O[C@@H]2CC(=O)N12,390.9
12916,C/C(C)=CCC,138.14999999999998
2823,COc1ccc(cc1C(=O)O)OC(F)(F)F,337.15
4551,c1cnc(cc1N)Br,371.15
5336,COc1ccc(cc1)COC(=O)NN,349.15
11437,C(#Cc1ccc2ccccc2c1)c1ccccc1,390.15
14009,CCCCCCCCCC1CCCCC1,263.15
11353,O=[N+]([O-])c1cc(ccc1C=O)C=O,370.15
3749,c1(c(c(c(c(c1F)Cl)F)F)F)C(=O)O,363.15
10394,s1c2sc(c(N=C3SCCS3)c2c(N=C2SCCS2)c1C(=O)OCC)C(=O)OCC,471.15
16532,CCCCCCCCCCCCCCC=O,297.65
19547,FC(F)(C(F)(F)C(F)(F)I)C(F)(F)C(F)(F)C(F)(F)F,227.15
9079,O=C1N(C)c2ccccc2C(O)=C1C1=NNC(=O)C1=NNc1ccccc1,486.15
524,C1CCC(CC1)(C#CC#CC2(CCCCC2)O)O,448.15
19724,O=C(c1ccc(O)cc1)c2ccc(O)cc2,483.15
13732,BrCBr,220.15
20992,CCCP(=O)(O)O,346.95
21584,ClC=C/CCl,223.15
122,Cn1cnc2c1cccc2,334.15
15620,O=C1NC(=O)NC(=O)C1(CC(C)C)CC=C,411.65
9799,O=C(Nc1ccccc1C=Cc1ccccc1)c1ccccc1,371.15
22527,BrCc1ccc(CBr)cc1,417.65
2283,COc1ccc(c(c1OC)Cl)CO,344.15
2302,Cc1cc2ccccc2nc1Cl,356.15
11609,O=[N+]([O-])c1cc([N+](=O)[O-])c(NCC(=O)OCC)cc1NCC(=O)OCC,471.15
20423,O=[N+]([O-])c1cccc(C)c1O,343.15
14292,Fc1c(c(F)c(F)c(F)c1F)C(=O)c2ccccc2,310.65
5820,c1cc(c(cc1Cl)C(=O)O)F,422.15
14553,Nc2ccc3C(=O)c1ccccc1C(=O)c3c2,568.15
16689,CN1CCN(CC1)C3=Nc4ccccc4Sc2ccc(Cl)cc23,392.15
15173,FC(F)(F)c1ccc(cc1)C(/CCCCOC)=NOCCN,394.4
48,c1ccc2c(c1)cccc2CCO,335.15
15011,C(NCc1ccccc1)c2ccccc2,247.15
3185,C/C(=C/C(=O)O)/C(F)(F)F,302.15
14345,N(Nc1ccccc1)c2ccccc2,398.15
15774,O=C2C[C@@H]3CC[C@H]1[C@@H]4CC[C@](C)(O)[C@@]4(C)CC[C@@H]1[C@@]3(C)CO2,509.65
229,c1ccc2c(c1)cnnc2Cl,384.15
18126,O=C(Cl)c1ccc(cc1)C(Cl)=O,356.65
2824,COc1ccc(cc1N)C(F)(F)F,331.15
8772,CCCC(C)(COC(N)=O)COC(=O)NC(C)C,365.15
969,c1ccc(c(c1)C=O)Sc2ccc(cc2)Cl,346.15
3007,CCC#CC(=O)O,323.15
22967,Clc1cc(F)c(NC(=O)C)cc1,428.15
10942,O=C[nH0]1c2ccccc2c(C)c1C,362.15
18240,COc1cc(ccc1C(=O)O)OC,382.15
20588,Clc1ccc(cc1)N(C(C)C)C(=O)CSP(=S)(OC)OC,324.15
7210,C(CN)N,283.15
2944,c1ccc2cc(ccc2c1)O,395.15
10910,ClC(Cl)(Cl)C1OC(=O)c2ccccc2C1,392.15
20363,OCC(NCC(O)=O)(CO)CO,460.15
14016,NC(=O)c2ccccc2Cc1ccccc1,438.15
4433,c1ccc(cc1)Oc2ccc(cc2)C(=O)c3ccc(cc3)Oc4ccccc4,422.15
18246,O=C(c1ccccc1)c2ccccn2,315.15
18154,CC(C)C(=O)OCC,184.95
4161,C1C2CC3CC1CC3(C2)C(=O)O,379.15
3117,c1cc(cc(c1)O)CCC(=O)O,385.15
11232,O=C(OC1CC(C)CCC1C(C)C)C(c1ccccc1)c1ccccc1,326.15
5322,COc1ccc(cc1)C=O,274.15
13753,O=Cc1ccc(Cl)cc1Cl,346.15
18178,ClC1OCCOC1Cl,303.15
17993,ClC(=O)CCCCCCC,210.15
2419,c1cc(c(c(c1)Cl)CC#N)F,315.15
22028,CCN(CCO)C(=O)COC(=O)c1ccccc1,352.15
20232,C[Si](C)(Cl)O[Si](C)(C)O[Si](Cl)(C)C,220.15
13303,ClCC(Cl)Cl,236.15
7170,CCOC(=O)C(=NO)C#N,403.15
22041,OC1CCN(CC1)C(=O)COC(=O)c2ccccc2,394.65
1017,CCSc1c(cccn1)C(=O)Cl,324.15
17256,O=C(NC)c1ccccc1,355.15
350,c1ccc(cc1)Cn2c3ccccc3c(n2)O,438.15
14895,C=C=N,195.15
17820,CCCCSP(SCCCC)SCCCC,373.15
223,C1CCC(CC1)N2CCCC2=O,286.15
22747,O=C(c2cc1ccccc1cc2)C=Cc3cc(OC)c(OC)c(OC)c3,392.5
22705,O=C2C=C1CC[C@@H](C(=C)C)C[C@]1([C@@H](C2)C)C,310.0
2500,c1cnc(cc1CO)Cl,338.15
22390,Nc1cc(C)ccc1OC,326.15
564,CNc1c(c(=O)n(c(=O)n1C)C)C=O,476.15
22043,Oc1ccc(/C=C/C(=O)NCCCCCC)cc1O,415.15
10367,OC1c2ccc(OC)cc2CC21CCC(O)(CC2)c1ccc(cc1)C(C)(C)C,377.15
19163,O=C2OCCC2N(C(=O)CCl)c1c(C)cccc1C,418.65
3385,C=Cc1cc(cc(c1)C(F)(F)F)C(F)(F)F,281.15
3933,B(c1ccc(c(c1)F)C)(O)O,507.15
7959,CC(C)(C)OC(=O)N1CCC[C@@H]1C(=O)O,407.15
14516,[O-][N+](=O)c1cc([N+]([O-])=O)c(O)c2ccccc12,404.65
23088,C1(CC(=C1)C(=O)O)(C)C,343.15
3535,CC(C)(C)c1cc(cc(c1)N)C(C)(C)C,329.15
20546,CC(CC)NCC,168.84999999999997
23273,O=C(O[C@@H]1[C@H]3C(=C/[C@H](C)C1)\C=C/[C@@H]([C@@H]3CC[C@H]2OC(=O)C[C@H](O)C2)C)[C@@H](C)CC,447.65
20838,CCCCCCCCCc2cccc1ccccc12,281.15
21880,CCCCNC(=O)COC(=O)c1ccccc1,342.65
13611,Nc1cc(Cl)cc(Cl)c1,326.15
21594,Oc3cc(OC)cc2Oc1ccc(O)cc1C(=O)c23,539.65
15994,Clc1cc(cc(Cl)c1)C(=O)NC(C)(C)C#C,428.15
22650,O=C([C@@]1(c2c(c(O)c(OC)c(OC)c2OC1=O)C)Cc3ccccc3)C,412.0
10889,O=C1Cc2c1c(C)cc(C)c2C,371.15
12018,Fc1ccc(cc1)C1=C(C#N)C(=O)N(N)C(N)=C1C#N,577.15
7645,COC(=O)CC#N,250.15
14116,CC(CCCCCCCCCCCCC)CC,258.15
14708,CC(C)Oc1ccc(cc1)Nc2ccccc2,352.15
9589,s1cc([nH0]c1C(C#N)=Cc1c[nH0]ccc1)c1ccccc1,437.15
19496,[O-][N+](=O)c1cc2c(c(c1C)[N+]([O-])=O)C(C)(C)CC2(C)C,405.65
2833,COc1ccccc1C=O,310.15
20703,CC1CCC2C(C)C(=O)OCC12,333.65
22430,C=CC3CNCCC3CCC(=O)c2ccnc1ccccc12,332.15
9979,O=C1C(=C)C2(O)CC(OC(=O)C)C3C11C2OC(OC1CC1C(C)(C)CCC(OC(=O)C)C31C)(C)C,519.15
14549,OCC(N)(CO)CO,445.15
4095,Cc1c2ccccc2sc1C=O,362.15
3990,COc1ccc(cc1O)C=O,387.15
8060,c1cc(cnc1)C(=O)N,403.15
10565,FC(F)(F)C1(O)NC(O)(C(C(=O)OCC)C(c2ccc(OC)cc2)C1C(=O)OCC)C(F)(F)F,382.15
20321,CCC(O)CCCCCCCCCCCCC,323.15
16016,C=C(Cl)C=C,143.14999999999998
22607,Oc3ccc4C[C@@H]2C5CCCC[C@]5(CCN2CC1CC1)c4c3,461.15
20738,Fc1ccc(cc1F)C(=O)O,396.15
14799,O=S(O)(=O)c1ccccc1,316.65
2785,C(CC(=O)O)C(=O)C(=O)O,388.15
19999,[O-][N+](=O)c1ccc(cc1)n2cc(nc2C)[N+]([O-])=O,459.15
10771,[Si](OC1(C#N)c2ccccc2CCc2ccccc2C1(O[Si](C)(C)C)C#N)(C)(C)C,361.15
10686,O=C(OC)[nH0]1[nH0]c(C)cc1C(=O)OC,384.15
3880,CCOc1cccnc1[N+](=O)[O-],303.15
19148,Clc1cc3c(cc1Cl)oc2c3cc(Cl)cc2Cl,475.15
20121,O=C(CCCCC)OC(=O)CCCCC,232.15
19500,COc1ccc2NCCCc2c1,315.65
18251,CCC(C(N)=O)c1ccccc1,359.15
11975,O=C1C(=Cc2ccccc2)CCc2cc(OC)ccc21,348.15
7746,COc1ccccc1NC(=O)/C=CC(=O)O,417.15
18341,O=S(=O)(O)c2c(N)ccc1ccccc12,453.15
3945,c1c(cc(cc1C(F)(F)F)F)C(=O)N,389.15
2164,c1cc(ncc1F)Br,302.15
2886,Cc1ccc(cc1N)[N+](=O)[O-],380.15
10109,O=C1CC2CC(CCC2(C)C2CCC3(C)C(=O)CCC3C12)C(=O)C,510.15
4354,c1ccc(cc1)C(c2ccc(cc2)C(F)(F)F)O,333.15
5666,C(CCO)CC#CC#CCCCCO,323.15
172,CCCCCCCCCCCCCCCCS,294.15
639,CC(COC(=O)C)OC(=O)C,242.15
17075,O=C(O)C(CCCCCCCC)C(=O)O,389.15
5065,CCOc1ccc(cc1)CC(=O)O,362.15
1548,c1cc(c(cc1[N+](=O)[O-])[N+](=O)[O-])O,380.15
7435,CC(=C)C(=O)N,383.15
10932,OC1Cc2cc(OC)ccc21,311.15
10024,O=C1C(=C)C2CC(OC(=O)C)C3C1(C2OC(=O)C)C1OC(OC(=O)C)C32C(OC(=O)C)CCC(C)(C)C2C1,503.15
1036,CSc1nc2ccncc2o1,353.15
19698,O=C(C)OCC(COC(=O)C)(COC(C)=O)COC(C)=O,356.65
14419,CC(=C)C(=O)OC(O)CC,215.15
8418,CC(=O)NS(=O)(=O)c1ccc(cc1)N,456.15
9582,O=C1C=C(Oc2ccccc12)C=C1N(C)C(=NC1=O)NC(=O)C,518.15
21747,O=C(OCC)/C=C2/SC(N1CCCCC1)C(=O)N2C,413.15
10713,O=C1CC(c2ccccc21)C(=O)OC,318.15
18578,CC(C)NCC(O)COc1ccc(cc1)NC(C)=O,408.15
18130,O=C(Cl)c1cccc(c1)C(Cl)=O,316.65
8257,c1ccc(cc1)P(=O)O,357.15
12467,BrCC(Br)c1cccc(c1)C(Br)CBr,338.15
19720,Oc1ccnc2ccccc12,474.15
19434,Brc1ccc(Br)c2ccccc12,356.15
354,c1ccc(cc1)C(=O)c2cccc3c2cccc3,349.15
18310,O=C(OC1CCCCC1)c3ccccc3C(=O)OC2CCCCC2,339.15
5904,Cc1ccc(cc1CO)F,311.15
12954,N#CCCCC#N,244.15
1164,B(c1c(c(c(c(c1F)F)F)F)F)(O)O,526.15
21198,C/C(C)=CCCC=C(C)C,198.75
3395,Cc1c(cc(cc1Br)N)Br,364.15
14796,O=Cc1ccccc1,217.15
18370,CCC(C)(O)CCCC(C)C,304.65
12760,OCc1ccccc1OC1OC(CO)C(O)C(O)C1O,472.15
3127,c1cc(ccc1OCC(CO)O)Cl,353.15
9694,O=[N+]([O-])c1ccc(NN=C2Cc3c2ccc2ccccc32)c([N+](=O)[O-])c1,548.15
15138,CCCCOCCOP(=O)(OCCOCCCC)OCCOCCCC,203.15
8501,c1ccc(cc1)C(=O)S,290.15
18943,NC(CCCCN)C(=O)O,497.15
19608,COc1cc(C)ccc1OC,297.15
19191,O=C(NCCO[N+]([O-])=O)c1cccnc1,365.65
16535,N#CC(C#N)=C/c1ccccc1,357.15
3587,c1cc(c(nc1)Br)N,350.15
3557,Cc1c(cccc1OC(=O)C)C(=O)O,423.15
19734,c1ccccc1Cc2ccc(cc2)c3ccccc3,358.15
10962,O=C1N(C)C(OC(=O)c2ccccc2)c2ccccc21,366.15
13004,C1CCCCCC1,265.15
16708,Cc1ccc(C)cc1C=C,238.15
16005,CC(C)N2c1cc(C)ccc1C(=NC2=O)c3ccccc3,410.65
5171,c1cc(c(cc1F)O)C(=O)O,461.15
6743,CCCCCCCCCC=O,268.15
7398,CCCCC/C=CC/C=CCCCCCCCC(=O)O,261.15
11267,BrC(C1C(=O)N(N=C1C(=O)OCC)c1ccccc1)C1(Br)C(=O)N(N=C1C(=O)OCC)c1ccccc1,474.15
21386,O=C3O/C(=C/c1ccccc1)c2ccccc23,373.65
9484,ClCCN(CN1C(=S)SC(=Cc2ccc([N+](=O)[O-])cc2)C1=O)CCCl,557.15
13830,Cc2ccccc2c1ccccc1C,291.15
13890,Clc2ccccc2c1ccccc1,307.15
18176,Nc1ccc(N)c(C)c1,337.15
8177,c1c([nH]c(=O)[nH]c1=O)C(=O)O,619.15
11620,Clc1cc(CC(=O)c2ccccc2)c([N+](=O)[O-])cc1[N+](=O)[O-],406.15
7857,CCCCN(CCCC)CCCN,203.15
19642,O=C(CBr)c1ccc(Cl)cc1,369.65
2603,Cc1ccc(c(c1)F)C(=O)Cl,318.15
8609,CC(=O)OCCOCCOCCOC(=O)C,223.15
8061,c1ccc(cc1)NC(=O)c2cccnc2,393.15
3250,COc1cc(cc(c1OC)OC)C(=O)O,443.15
12601,O=C(CCC)c1ccc(O)cc1,364.15
15857,O=C3NC=Nc2c3ncn2[C@H]1CC[C@@H](CO)O1,434.65
709,c1ccn2c(c1)nnc2S,483.15
118,CC1(CCCC1)O,310.15
10214,O=C1C=C(NCc2cc(C)ccc2C)C(=O)c2ccccc12,437.15
4598,c1cc(c2cc[nH]c2c1)N,381.15
2042,c1ccc(cc1)c2ccccc2N,323.15
7419,c1ccc(cc1)C(C(=O)NN)O,403.15
6130,c1cc(c(c(c1)F)C(=O)O)O,433.15
317,c1cc(c(c(c1)Br)Cl)Cl,331.15
10566,Clc1cc(Cl)c(c(Cl)c1)C1c2c(OC(N)=C1C#N)[nH0]([nH0]c2C(F)(F)F)c1ccccc1,480.15
5315,COc1ccc(cc1[N+](=O)[O-])C(=O)N,448.15
23301,O=C(O)[C@H]2N(C(=O)OCc1ccccc1)CCC2,350.15
14457,OC(CNC)c1ccccc1,348.15
13419,CC(C)C(C(C)C)C(C)C,191.15
12873,C[C@@H]1C[C@H]1C,123.14999999999998
14993,O=C(C(c1ccccc1)c2ccccc2)N(C)C,406.65
6523,c1ccc(cc1)c2ccc(cc2)C(=O)O,498.15
5739,c1c(cnc(n1)Cl)Br,352.15
21583,CC=1C=CCC(C)(C)C=1/C=CC(C)=CC=CC(C)=CC=O,350.65
14953,C=C(C)C=O,192.15
5470,c1cc(ccc1C(=O)Cl)[N+](=O)[O-],346.15
14336,Clc2c1ccccc1c(Cl)c(Cl)c2Cl,455.15
16471,CC1OC1C,193.15
4163,CCCCCC(CC)O,228.15
13180,Cc1ccc(N)c(C)c1,289.15
403,c1ccc(cc1)/C=C/C=C/C(=O)/C=C/C=C/c2ccccc2,415.15
4911,c1cc(c(cc1N)[N+](=O)[O-])Cl,376.15
11422,ClCC(=O)c1ccccc1NC(=O)C,386.15
9365,O=C(C=CN(O)c1ccccc1)c1ccc2CCCCc2c1,421.15
6378,Cc1ccc(cc1)CS(=O)(=O)Cl,350.15
14744,[O-][N+](=O)c1ccc2CCc3cccc1c23,376.65
3539,Cc1cc(cnc1)C,264.15
6310,CC(=O)NN,337.15
9219,S1C(N(CC)C(=O)C1N1CCCCC1)=CC(=O)OCC,359.15
5517,B(c1ccc(cc1)CCCCC)(O)O,356.15
2594,c1cc(c(cc1I)F)N,329.15
22322,SC(=S)c1ccccc1O,322.15
19021,C/C(C)=CCC2C(=O)N(c1ccccc1)N(C2=O)c3ccccc3,429.65
21884,BrC(Br)C(F)F,211.85
18933,OC1C(CO)OC(O)C1O,368.15
6654,C[C@@H]1CNC[C@@H](O1)C,188.15
14266,NC(=O)/C=CC(=O)O,432.65
15867,CC(=O)N1CCN(CC1)c2ccc(cc2)OC[C@H]4CO[C@@](Cn3cncc3)(O4)c5ccc(Cl)cc5Cl,419.15
23342,Cc1cc(/C=C\2/C(=O)N=C(N(CC#N)c3ccccc3)S2)c(C)n1c1ccc(cc1)C(F)(F)F,455.65
1502,Cc1c(ccc(c1O)C(=O)C)O,427.15
21811,ClCC(=O)Nc1ccc2nn(C)nc2c1,449.65
678,c1ccc(cc1)C(=O)CCC(=O)c2ccccc2,419.15
20344,CC(C)S(=O)(=O)O,236.15
5851,c1cc(c(cc1Cl)C(F)(F)F)[N+](=O)[O-],295.15
7194,CCCCCCCCCCCCCCCCCC(=O)OCC,308.15
16301,CN(C)c1ccccn1,455.15
10095,Clc1ccc(OCOC2CCC3(C)C(=CCC4C5CCC(C(C)CCCC(C)C)C5(C)CCC43)C2)cc1,418.15
2939,CCCC(C)C(=O)O,188.15
12390,O=C1NC(=O)CCN1C,444.15
1850,CC(=O)Nc1ccc(cn1)Br,450.15
1070,c1cc(c(nc1)C(F)(F)F)C(=O)O,459.15
6784,c1ccc(cc1)COCc2ccccc2,277.15
14444,O=C1NC(=O)CCC1N3C(=O)c2ccccc2C3=O,543.15
10672,O=[N+]([O-])c1ccc2OC3(N(CCCCCCCCCCCCCCCCCC)c4ccccc4C3(C)C)C=Cc2c1,354.15
3392,c1c(cc(c(c1Br)O)Br)C=O,454.15
16802,CC1CCCC(C)C1C,206.25
18716,OC(=O)c1ccc(CCCC)cn1,370.15
10139,[nH0]1[nH0]c([nH0]2CCCCc12)CCN1CCN(CC1)c1ccccc1C,431.15
14606,CC(CC)N1N=CN(C1=O)c2ccc(cc2)N3CCN(CC3)c4ccc(cc4)OC[C@H]6CO[C@@](Cn5ncnc5)(O6)c7ccc(Cl)cc7Cl,439.35
8400,CC1(OCC(O1)CO)C,246.15
17423,CN2CC=3C(c1ccccc1C=3CC2)c4ccccc4,364.15
4893,c1c(cc(c(c1[N+](=O)[O-])Cl)[N+](=O)[O-])C(=O)O,434.15
8720,c1ccc2c(c1)c(=O)c3ccccc3o2,449.15
19594,[O-][n+]1onc2ccccc12,343.15
21688,O=C(OC)N/C(NC(=O)OC)=Nc2ccc(Sc1ccccc1)cc2NC(=O)COC,402.65
8498,CC(=S)N,385.15
22016,Fc1cc(ccc1S(=O)(=O)CCO)S(N)(=O)=O,438.15
16587,Clc2ccc(Oc1ccc(Cl)cc1)cc2,303.15
18095,N=C(Nc1ccccc1)Nc2ccccc2,423.15
6117,c1cc2cc(ccc2nc1)Cl,308.15
12716,Clc1ccccc1N1C(=Nc2ccccc2C1=O)C,399.15
6567,C[C@]12CC[C@H](C1(C)C)C[C@H]2O,480.15
5670,Cc1c(cnc(n1)N)C(=O)C,500.15
8949,COc4ccc3n1CCN(C)C2=NCCc(c12)c3c4,437.15
13330,CCc1cccc(C)c1C,223.15
574,CCOc1cccc(c1)OCC,284.15
21028,O=C(O)C(OC(C)=O)c1ccccc1,370.15
20484,FC(F)(F)C(F)(F)COCc1cc(ccc1Cl)n3nc(nc3c2ccccc2)C(N)=O,419.15
21069,OC(=O)Cc1ccc(C)cc1,366.15
15123,ClC(Cl)(Cl)C(Cl)=O,127.14999999999998
16698,Clc1ccc(cc1)c2ccc(Cl)cc2,422.45
21002,CC6C2C(CC3C4CCC1CC(O)CCC1(C)C4CCC23C)OC56CCC(C)CO5,458.15
22329,Cc1cc(ccc1)[Si](Cl)(Cl)Cl,247.15
8695,C(=O)(N)N,407.15
10514,Brc1ccc(cc1)C=1N2C(SC=1)=NC(=CC2=O)C(F)(F)F,444.15
19442,ClS(=O)(=O)c2cccc1ccccc12,341.15
2248,CC#CCO,271.15
15958,CCN(CC)c1c(cc(c(N)c1[N+]([O-])=O)C(F)(F)F)[N+]([O-])=O,371.15
5616,c1cc(cc(c1)OC(F)(F)F)c2[nH]nnn2,431.15
22285,c1cccc2OBOc12,285.15
13509,Clc1ccccc1CC#N,297.15
21577,COc1cc2C=CC(=O)Oc2cc1O,477.15
14390,Oc3ccc1ccccc1c3/N=N/c2ccccc2,405.15
997,c1ccc2cc(ccc2c1)C(=O)CBr,356.15
12926,C/C(C)=C(/C)C,199.15
11586,N(=Cc1ccccc1)c1cc2NC(Cc2cc1CCc1ccccc1)c1ccccc1,391.15
16935,NC(CCC(=O)OCC)C(=O)O,464.15
21123,Fc1c(C#N)c(F)c(F)cc1F,307.15
14572,O=Cc1ccco1,237.15
8032,CC(C)C[C@@H](C(=O)O)NC(=O)OCC1c2ccccc2-c3c1cccc3,427.15
1407,Cc1cc(c(c(c1CCl)C)CCl)C,379.15
21588,Oc1ccc2C=CC(=O)Oc2c1,503.65
20771,CC(C)C(CC)CCC(C)C1CCC2C3=CC=C4CC(O)CCC4(C)C3CCC12C,417.65
14021,CCCCCCCCCCCCCC=O,297.15
14254,CC(C)CCC[C@@H](C)CCC[C@@H](C)CCC[C@]1(C)CCc2c(O1)c(C)c(C)c(O)c2C,275.15
13841,Cc1ccc(cc1)c2ccc(C)cc2,394.15
11780,O=C(O)CCC1CCC2C3CCCC3(C)CCC2C1(C)CCC(=O)O,505.15
18849,CN(Cc1cc(Br)cc(Br)c1N)C2CCCCC2,511.15
693,C(COCCCl)OCCCl,241.15
10725,O=C1OC(C=C1O)(c1ccccc1)c1ccccc1,400.15
3443,CCC(=O)c1cc(c(c(c1)F)O)F,403.15
9174,O=[N+]([O-])c1ccc(C=Cc2cccc(c2)C=Cc2ccc([N+](=O)[O-])cc2[N+](=O)[O-])c([N+](=O)[O-])c1,516.15
4175,c1ccc(cc1)Oc2cccc(c2)O,315.15
13844,Clc1ccc(/C=C/C(=O)O)cc1,521.15
10458,P(CCCCCCP(c1ccccc1)c1ccccc1)(c1ccccc1)c1ccccc1,400.15
19941,O=C1CCCC(=O)N1,429.15
13382,OC(=O)c1cc(N)ccc1,446.15
16645,O=C2c3ccccc3C=Cc1ccccc12,361.65
11529,[nH0]1cc([nH0]c2ccccc12)c1cccc(c1)c1[nH0]c2ccccc2[nH0]c1,476.15
23067,C1=C(C(=NC(=N1)O)O)F,556.15
5497,c1cc(ccc1[N+](=O)[O-])OS(=O)(=O)C(F)(F)F,325.15
3875,CCOP(=O)(OCC)On1c(=O)c2ccccc2nn1,347.15
3626,CC(C)(C)c1cc(no1)N,385.15
21156,CCCB(O)O,380.15
16829,CC(C)Cc1ccc(cc1)CC(=O)O,359.15
6752,C1CCNC(=O)C1,310.15
5111,c1cc(c(cc1C(=O)O)C(F)(F)F)F,388.15
14157,CC(CCCCCCCCCCCCCCC)CC,274.15
16012,O=C2c1ccccc1c4ccc6c3c(ccc2c34)c5ccccc5C6=O,658.15
3555,CC(=O)Nc1cccc(c1)C(=O)O,524.15
10386,s1c([nH0][nH0]c1C(F)(F)F)N1C(=O)CCC1=O,494.15
22716,n2c(c1ccncc1)ccnc2N,354.5
11059,[P+]([O-])(c1ccccc1)(c1ccccc1)C1c2ccccc2Oc2ccccc21,434.15
2526,C1CCC(CC1)CCO,253.15
15032,O=C(O)CCCCCCCCCCCCCCCCCC,342.15
17493,C(=N/c1ccccc1)c2ccccc2,327.15
19395,Cc1ccc(CN)cc1,285.65
1168,c1ccc(cc1)c2c(c(c(c(c2F)F)F)F)F,385.15
16136,CC(C)C(C)C(=O)O,271.65
7892,c1ccc2c(c1)cccc2C#N,309.15
3149,CC(C)(C)OC(=O)NC(CC(=O)O)c1cccc(c1)OC,355.15
12006,Nc1ccc(C#Cc2ccc(N)cc2)cc1,509.15
13439,Nc1cc(Cl)ccc1O,416.15
1467,c1cc(c(cc1Cl)Cl)C(=O)Cl,291.15
8154,CCCCCCCCCCC,247.15
20133,Oc1ccc(C=O)c(O)c1O,433.15
13833,C(Cc1ccccc1)c2ccccc2,324.15
12153,O=C(OC)C=CC(=O)OC,375.15
16836,O=P(OCC)(OCC)ON3C(=O)c2cccc1cccc(c12)C3=O,450.15
21725,OC(C(C)N(C)C/C=C/c1ccccc1)c2ccccc2,348.15
4137,c1cc(cc(c1)S(=O)(=O)Cl)[N+](=O)[O-],334.15
19549,CC[Si](F)(F)CC,194.45
4150,c1cc(cc(c1)O)[N+](=O)[O-],369.15
6468,c1ccc(cc1)COC(=O)c2ccc(cc2)O,385.15
14017,CC(CCCCCCCCCCC)CC,241.15
16963,ClC3=C(Cl)C4(Cl)C2C(C1OC1C2Cl)C3(Cl)C4(Cl)Cl,433.15
6571,C1CCC(CC1)Br,216.15
15366,NC(=O)C[C@H](NC(=O)c1ccc2ccccc2n1)C(=O)N[C@@H](Cc3ccccc3)[C@H](O)CN4CC5CCCCC5C[C@H]4C(=O)NC(C)(C)C,622.99
20193,Clc1ccc(Br)s1,253.15
19091,O=C(Nc1ccc(C)cc1)NC(C)(C)c2ccccc2,476.15
15155,CC(NC)C1CCC(N)C(O1)OC3C(O)C(OC2OCC(C)(O)C(NC)C2O)C(N)CC3N,378.15
13779,N#Cc1ccc(cc1)c2ccccc2,359.15
867,C[C@@H](c1ccc2cc(ccc2c1)OC)C(=O)O,428.15
22822,n1nc(sc1C)N,498.0
20135,O=C2C=C/C(=Nc1ccc(cc1)N(C)C)C=C2,406.65
402,C(CCCCO)CCCCO,320.15
4428,Cc1ccc(cc1)C(=O)c2ccc(cc2)C,367.15
3057,Cc1ccc(c(c1)C(C)(C)C)O,325.15
22653,O=S(=O)(N3c1c(cccc1)N(/C(=C/c2cccc(Cl)c2)C3)S(=O)(=O)c4ccc(cc4)C)c5ccc(cc5)C,418.0
7060,CCOC(=O)Cc1ccc(c(c1)Cl)Cl,298.15
16548,O=C(Oc1cc(C)cc(c1)C(C)C)NC,360.15
14863,COC,135.14999999999998
10390,S1c2[nH0]c3ccccc3[nH0]c2SC1=C(C#N)C#N,494.15
11347,O=[N+]([O-])c1cc2CCC(=O)Nc2c([N+](=O)[O-])c1CCC(=O)OC,439.15
12212,N=1NC(C)=C(Cc2ccccc2)C=1C,392.15
3317,c1cc2c(cc1N)OCCCO2,352.15
12118,O=C(OC)c1cc2ccccc2cc1C(=O)OC,322.15
7865,c1ccc(cc1)NC(=O)Nc2ccccc2,515.15
12126,S1CCCSC1=C(C(=O)C)C(=O)C,364.15
6851,CCOCCOCCO,193.15
19545,FC(F)(F)C(N)=O,345.65
22871,O=C2C=CN(N1CCOCC1)C(=C2O)CC,531.65
6997,C([C@H]([C@@H]([C@H](C(=O)CO)O)O)O)O,437.15
22572,O=C(C)CC(=O)OC(C)C,245.85
706,c1c(c(cc(c1Cl)I)Cl)Cl,377.15
3491,COc1cc(cc(c1)OC)CC#N,328.15
15339,OCC(CO)OCn2cnc1c2NC(N)=NC1=O,523.15
4573,c1cc(c(cc1C#N)F)N,362.15
13247,CC(CC)CCCCC,165.14999999999998
15823,Cn1cnc2c1C(=O)NC(=O)N2C,630.15
19523,C(CNc1ccccc1)Nc2ccccc2,347.15
7054,CCOC(=O)c1cc(n[nH]1)c2ccco2,409.15
5580,CC(C)(C)c1ccc2cc1Cc3cccc(c3)Cc4cccc(c4)Cc5cccc(c5)Cc6cccc(c6)Cc7cccc(c7)C2,652.15
3151,c1cc(cc(c1)C#N)CBr,367.15
6617,c1cc(ccc1P(c2ccc(cc2)Cl)Cl)Cl,326.15
11991,O=C(OCC)C(C#N)=Cc1ccc(N(C)C)cc1,584.15
4022,Cc1ccc(cc1I)N,309.15
18111,Clc2cc(Nc1ccccc1)ccc2,347.15
2607,Cc1ccc(cc1F)[N+](=O)[O-],308.15
11630,Clc1cc(NC(=O)C(C)(C(F)(F)F)C(F)(F)F)ccc1F,345.15
9118,s1c2ccccc2[nH0]c1C=1C(=N)N(N=C(C=1C)C(=O)OCC)c1ccccc1,421.15
9182,O=C1N(c2ccccc2)c2ccccc2C(O)=C1C(=NNC(=O)c1ccc(OC)cc1)C,491.15
2429,Cc1ccc(c(n1)Cl)C(=O)O,433.15
16630,O=C(OCCC)c1ccccc1,221.55
3815,c1cc(c(cc1N)Cl)[N+](=O)[O-],432.15
17597,OC(=O)c1cc(ccn1)C(=O)O,522.15
21067,Nc3ncnc2c3ncn2C1OC(CC1O)CO,498.65
835,COc1ccccc1N2CCNCC2,310.15
13256,CCC(CC)(CC)CC,240.15
19237,Cc1cc(C)c(Br)c(C)c1NC(=O)CN(CC(=O)O)CC(=O)O,472.15
8624,COC(=O)c1cc(cc(c1)C(=O)OC)C(=O)OC,419.15
1173,Cc1c(c(c(c(c1C)C)C(=O)C)C)C,359.15
17690,Fc1cc(ccc1O)[N+]([O-])=O,394.15
8102,CCCCCCCCC(=O)O,283.15
16117,Cc1ccc(NC(=O)N(C)C)cc1Cl,421.25
8098,CCCCCCCC,216.15
4951,B(c1ccc(cc1)Cl)(O)O,546.15
15194,CC2NCCOC2c1ccccc1,412.15
16634,Oc1ccc(cc1OC)CCCO,338.15
23255,[O-][N+](=O)NC/1=N/CCN\1Cc2cnc(Cl)cc2,413.25
17299,O=C2C=Cc1ccccc1N2C,347.15
7795,CCOC(=O)N1C(=O)c2ccccc2C1=O,354.15
21738,NN=C2/c1ccccc1C(=O)C2C(=O)C(c3ccccc3)c4ccccc4,515.15
3407,Cc1cc(cc(c1)Br)Br,312.15
18834,O=C(NC(C)C)OCC(C)(COC(=O)N)CCC,365.15
15784,O=C(O)[C@H](CCC(=O)O)NC(=O)c1ccc(cc1)NCc2cnc3NC(N)=NC(=O)c3n2,523.15
8963,CC(C)(Oc1ccc(Cl)cc1)C(=O)NC(=O)NCN2CCOCC2,373.15
1997,c1cc(c(cc1F)O)N,411.15
18946,C/C(C)=CCCC(C)C2CCC3(C)C=4CCC1C(C)(CCC(O)C1(C)C)C=4CCC23C,413.65
19692,CP(C)C,188.15
5629,c1ccc(cc1)S(=O)(=O)c2ccc(s2)S(=O)(=O)Cl,377.15
4002,C1C2CC3(CC1CC(C2)(C3)O)CC(=O)O,400.15
22811,O=C4N3[C@H](c2cc1OCOc1cc2CC3)Cc5ccc(O)c(OC)c45,482.0
4753,Cc1cc(cc(c1Br)C)O,388.15
22340,Cc3ccc(/N=N/c1c2ccccc2ccc1O)c(C)c3,439.15
16956,O=S1(=O)OCCO1,372.15
3681,c1cc(c(cc1C=O)Br)F,304.15
7448,COC(=O)c1ccc2cn[nH]c2c1,416.15
17409,Brc1c(C)c(O)c(Br)c(Br)c1Br,481.15
13135,N#Cc1ccccc1C,286.15
3985,c1cc(c(c(c1)O)[N+](=O)[O-])C(=O)O,452.15
18807,CC(=O)Oc1ccc(cc1)C(/c2ccc(OC(C)=O)cc2)=C3/CCCCC3,408.65
9205,S1c2[nH0][nH0]c([nH0]2NC1c1ccccc1O)c1ccc(O)cc1,514.15
18015,O=S(O)(=O)CCS(=O)(=O)O,446.15
4277,CC(C)(C)OC(=O)NC1CCNCC1,437.15
3666,c1cc(c(c(c1F)C=O)F)Br,328.15
8412,C(CC(=O)O)C(=O)O,460.15
17139,Brc1cc(Br)c(Br)cc1Br,455.15
6520,c1ccc(cc1)c2ccc(cc2)C(=O)Cl,386.15
21580,Oc1ccc2C=CC(=O)Oc2c1O,535.15
15464,CC(C)(CC)C(=O)O[C@H]3C[C@@H](C)C=C2C=C[C@H](C)[C@H](CCC1C[C@@H](O)CC(=O)O1)[C@H]23,409.65
11831,S1CN(C[nH0]2c1[nH0][nH0]c2c1cccc([N+](=O)[O-])c1)c1ccccc1C,513.15
16928,Brc1ccncc1,273.65
1204,c1c(c(nc(c1Cl)Cl)Cl)Cl,364.15
2883,Cc1ccc(cc1N)C(F)(F)F,311.15
8613,CCP(=S)(CC)CC,368.15
9257,O=C(ON=C(C)C(C)=COC(=O)c1ccccc1)c1ccccc1,505.15
7242,c1cc(oc1)CN,203.15
2637,COc1cccc(c1C(=O)N)F,465.15
21942,CC(=O)n2ncc1c2ncnc1O,525.15
877,CSCC(=O)O,287.15
23204,O=C4[C@]3(CC[C@@H]2c1ccc(O)cc1CC[C@H]2[C@@H]3CC4)C,532.15
4379,c1cc(ccc1C(c2ccc(cc2)O)(C(F)(F)F)C(F)(F)F)O,433.15
11957,O=[N+]([O-])c1ccccc1c1oc(cc1)C=C1N=C(OC1=O)c1ccccc1,483.15
3908,c1cc(c(cc1C#N)F)C(F)(F)F,320.15
10763,[nH0]1c(C)cc2ccccc2c1c1ccccc1,360.15
7688,CCCCCCCCCCCCCCCCCC(=O)OC,313.15
21873,CCCCCCCC/C=CCCCCCCCO,279.65
8075,CC(=O)NC,300.15
14635,O=S(=O)(O)CCCNC(CO)(CO)CO,503.15
13161,BrC=C/C,160.14999999999998
6479,c1ccc(cc1)COC(=O)Cl,253.15
4711,c1c(c(cc(c1N)F)Br)C(F)(F)F,309.15
17135,CC(I)CCC,223.15
12476,O=C1CC(c2ccccc21)C(=O)O,389.15
989,c1ccc(c(c1)c2ccno2)O,458.15
2682,CCCC#CC,183.15
9702,S=C(Nc1ccccc1C)C(=NNC(=N)N)c1ccccc1,480.15
17707,CN(C)c1ccc(cc1)c2ccc(cc2)N(C)C,467.15
11196,O=C1Nc2ccccc2C1=NC1C(N=C2c3ccccc3NC2=O)C2(C)CCC1C2(C)C,507.15
7787,c1ccc(cc1)COC(=O)NO,341.15
16099,CC(C)(C)c2cccc1ccccc12,261.85
3823,c1c(cncc1Cl)F,299.15
8446,CC(C)(C)OOC(=O)c1ccccc1,280.15
18106,Brc2ccc(Oc1ccccc1)cc2,291.87
5159,c1cc(ccc1O)F,319.15
21388,CN2CCCN=C2/C=C/c1cccs1,451.65
654,COc1cc(c(cc1OC)[N+](=O)[O-])[N+](=O)[O-],406.15
5812,B(c1cc(c(cc1F)F)Cl)(O)O,493.15
2892,Cc1ccc(cc1N=C=O)[N+](=O)[O-],324.15
16179,CCOP(=S)(OCC)SC(CCl)N2C(=O)c1ccccc1C2=O,341.15
21981,O=C(OCC)C(C)n1nc2ccccc2n1,312.65
5636,Cc1ccc(nc1)c2ccc(cn2)C,389.15
9612,s1cc([nH0]c1C(=NNc1ccc(F)cc1)C#N)c1ccc(C)cc1,469.15
3044,C1CNC(=O)CN1,405.15
21433,CC=CC=CCCCCCCCO,305.15
8445,CC(C)(C)OC(=O)NCC=C,310.15
18941,O=CC(C)=O,211.15
6159,CC(=CCCC(=O)C)C,206.15
13515,O=C(C)Oc1ccc(N)cc1,347.15
12569,Clc1[nH0]c(Cl)c(C#N)c(C)c1,386.15
6022,Cc1cc(cc(c1C)C)C(C)(C)C,305.15
5092,CC(=O)c1ccc(cc1OC)F,325.15
13569,CCCCCCCCC(C)C,224.15
11211,O=C(O)C1CCC(OC1(C)C)(C)C(O)(CCC)CCC,385.15
11221,O=C(OC)C1CCC(OC1(C)C)(C)C(O)(c1ccccc1)c1ccccc1,364.15
17502,O=C(Nc1ccccc1)NN,401.15
21404,Fc1cc(cc(F)c1F)C(=O)O,371.15
18788,COP(=O)(OC)OC=C(Cl)Cl,213.15
3659,c1ccc(cc1)C(=O)c2cccc(c2)Br,349.15
3326,COc1c(=O)c(=O)c1OC,328.15
9465,s1c2ccccc2[nH0]c1C(=NNc1ccc(F)cc1)C(=O)N,432.15
15033,CCCCCNCCCCC,229.15
2663,C(CF)O,246.15
20029,O=S(=O)(NC(=O)Nc1nc(OC)cc(OC)n1)c2ncccc2C(=O)N(C)C,415.15
11673,FC(F)(F)C(C(=O)Nc1ccccc1[N+](=O)[O-])C(F)(F)F,429.15
23066,c1c(c(=O)[nH]c(=O)[nH]1)F,556.15
1927,c1cc(c(c(c1)[N+](=O)[O-])N)C(=O)O,484.15
18812,CC(CC)C(=O)OC2CCC=C3C=CC(C)C(CCC1CC(O)CC(=O)O1)C23,425.15
14132,Brc1cc(Br)c(N)cc1,351.15
22037,O=S(=O)(CCOC(C)=O)c1ccc(s1)S(=O)(N)=O,388.15
2880,Cc1cc(ccc1C(=O)O)[N+](=O)[O-],427.15
13562,C[C@]12CC[C@H](C[C@@H]1O)C2(C)C,480.15
9494,O=[N+]([O-])c1cc(C#N)ccc1C=Cc1ccccc1C=O,483.15
23211,C(C)(C)(C)OC(=O)N[C@H]1[C@@H]([C@@H](C[C@@H]1C(=O)OCC)O)[C@H](C)NC(=O)OC(C)(C)C,417.65
22817,[O-][N+](=O)c1ccc(cc1)[C@H]4C(C(=O)OC)=C(NC(=C4C(=O)On3nnc2ccccc23)C)C,490.5
20923,Cc1nonc1C,266.15
16195,ClC=CCCl,223.15
4620,c1ccc(cc1)CC2(CCNCC2)O,353.15
942,c1ccc2c(c1)[nH]c(n2)c3ccccn3,496.15
22314,ClC(F)(F)C(=O)O,298.15
21509,Oc2cc3CCC1C4CCC(O)(C#C)C4(C)CC(OC)C1c3cc2,553.15
16577,CCN(CC)c1ccc(cc1)/N=N/c2ccccc2,370.65
16522,Cc1c(C)c(C)c(C)c(O)c1C,401.15
8368,c1cc(c2cccnc2c1)C=O,369.15
8627,COP(=O)(OC)OC,227.15
16692,Clc1ccc2OC(=O)C=Cc2c1,438.15
12156,O=C(OC1CCC2(C)C3CCC4(C)C(CCC4C(C)CCCC(C)C)C3CC(OC(=O)C)C2(O)C1)C,437.15
6727,C1CCC(C1)N,188.15
21252,CC(C)CC(=O)OC1CC4(COC(C)=O)C(C=C1C)OC3C(O)C(OC(C)=O)C4(C)C23CO2,424.65
22064,O=S(=O)(CCCOC(C)=O)c1ccc(s1)S(=O)(N)=O,377.15
12817,S(CCNC(=NC#N)NC)Cc1[nH0]c[nH]c1C,414.15
18198,OC(CNC)c1ccc(O)cc1,457.65
22167,O=C(OC)C(NC(=O)C2=CN(CC)c1nc(C)ccc1C2=O)C(C)CC,415.15
2623,Cc1ccc(c(c1)C(=O)O)F,434.15
8534,C/C=C/C=C/CO,304.15
16615,CCCCCCCCCCCCCCCCCCCCc1ccccc1,317.15
8371,c1cc2cccnc2c(c1)C(=O)O,460.15
17217,O=C(Nc1ccccc1)CCCCC,368.15
737,C#CC(c1ccccc1)(c2ccccc2)O,319.15
17701,FP(=O)(NC(C)C)NC(C)C,338.15
18974,OC(C(O)C(=O)O)C(O)C(O)CO,404.15
14057,Ic1cccc(N)c1,298.15
14879,CCCCCCCCCCCCN,302.15
14249,CC=CC=O,197.15
18696,O=C1CCC3C2Cc5ccc(O)c4OC1C3(CCN2C)c45,539.65
9513,N#CC(=Cc1ccc(N(C)C)cc1)c1[nH0]c2ccccc2[nH0]1C,424.15
10187,O=[N+]([O-])c1cc([N+](=O)[O-])cc(c1)C(=O)Nc1[nH0]cccc1,474.15
6495,c1ccc(cc1)C=C(C#N)C#N,357.15
755,C(CCCCCC#N)CCCCC#N,291.15
22786,O=C(OC)C2=C(C(=O)OC)[C@]4(c1ccccc1[C@@H]2c3ccccc34)CCl,442.0
17593,Clc1ccc(cc1)Nc2ncnc(N)n2,506.65
15802,O=C(N1CCN(CC1)c3nc2cc(OC)c(OC)cc2c(N)n3)C4CCCO4,546.15
20496,O=C(COc1nnc(s1)C(F)(F)F)N(c2ccc(F)cc2)C(C)C,349.15
19476,Oc1ccc(NC(=O)CCC)cc1,412.65
6200,c1cc(cc2c1ccnc2O)Br,522.15
16453,CCc1ccc(C=C)cc1,223.45
8084,CN(C=O)c1ccccc1,284.15
15047,CCCCCCCCCCCCCCCCCCN,329.15
20968,O=[N+]([O-])c1ccc(Cl)cc1C(=O)OC,321.65
5682,Cc1cc(n(n1)C)N,348.15
22544,Fc1ccc(cc1)C(=O)OCC,299.15
15653,COc1ccc(cc1)C3C(=O)c2ccccc2C3=O,429.65
23448,C1=CC(=CC=C1N)S(=O)(=O)NC2=NC=CS2,473.15
7557,COC(=O)c1cccc(c1)[N+](=O)[O-],352.15
8569,c1ccc(cc1)/C=C/C=O,265.15
9661,Clc1cccc(Cl)c1C1Nc2[nH0]c([nH0][nH0]2C(N)=C1C#N)C(F)(F)F,597.15
15734,Cc2nnc(NS(=O)(=O)c1ccc(N)cc1)s2,481.15
5961,Cc1ccc2c(c1)nn[nH]2,354.15
21514,O=[N+]=O,263.85
7868,CC(=O)NCCC(=O)O,350.15
1269,COc1ccc(c(c1F)F)C(=O)O,496.15
13733,O=C(CCCCCCC)OCC,226.15
12697,OC1CCC2(C)C(CCC3C4CCC(O)C4(C)CCC32)C1,440.15
19168,CN1C=C(C(=O)C(=C1)c2cc(ccc2)C(F)(F)F)c3ccccc3,427.65
6998,C([C@H]([C@@H]([C@@H](C(=O)CO)O)O)O)O,408.15
11283,CC12C3CC(C(=C(c4ccccc4)c4ccccc4)C31c1ccccc1)C2(C)C,437.15
8669,C(CP(CCC#N)CCC#N)C#N,371.15
22703,O=S2(=O)OC[C@@H](C(=O)OC)N2Cc1ccccc1,228.0
9045,O=C1N(C)c2ccccc2C(O)=C1C1=NNC(=O)C1=CCc1ccccc1,522.15
20365,O=C(CC)c1ccc(O)cc1O,372.15
23139,Clc1cc2nccc(c2cc1)NC(C)CCCN(CC)CC,362.65
19755,O=C(Nc1ccccc1)C(=O)Nc2ccccc2,527.15
5127,Cc1cc(ccc1F)C(=O)O,440.15
9327,Sc1[nH0][nH0]c([nH0]1N=Cc1cc(OC)ccc1OC)C(F)(F)F,418.15
1545,c1cc(c(cc1[N+](=O)[O-])[N+](=O)[O-])S(=O)(=O)Cl,375.15
739,COC(=O)C1(CC1)C(=O)O,322.15
11572,o1c(cc(c2ccccc2)c1C)c1ccccc1,317.15
10875,O=C1Cc2cc(OC)cc(C)c21,356.15
1674,c1ccc(cc1)c2ccc(o2)c3ccccc3,361.15
16121,O=C(Nc1ccccc1)c2ccccc2I,410.15
2567,CCCCC(CC)COC(=O)C,228.15
6984,C([C@@H]1[C@H]([C@@H]([C@@H](C(O1)O)O)O)O)O,403.15
6795,CC[Si](CC)(Cl)Cl,176.14999999999998
4732,Cc1cc(ccc1NC(=O)C)Br,429.15
773,C1CCC(C1)(C(=O)O)C(F)(F)F,310.15
17249,Clc1nc2ccccc2o1,280.15
8521,c1ccc(cc1)S,258.15
22896,C1(=CC=CC=C1)C(\C=C\C2=CC=CC=C2)=O,330.15
17025,O=C1C=C2CCC3C4CCC(O)(CC=C)C4(C)C=CC3=C2CC1,393.15
18,CCCCCCCCCCCCCCCO,319.15
2244,Cc1ccccc1Br,246.15
3203,c1cc(cc(c1)C(F)(F)F)C(=O)c2cccc(c2)C(F)(F)F,374.15
7288,c1ccc(cc1)[Si]2(O[Si](O[Si](O2)(c3ccccc3)c4ccccc4)(c5ccccc5)c6ccccc6)c7ccccc7,453.15
5204,Cc1cc(ccc1O)C(=O)C,381.15
13708,Clc1cc(ccc1)C(=O)OC,294.15
6923,CCCCS(=O)CCCC,306.15
19841,FC1(F)OC1(F)F,155.14999999999998
11998,S=C(N)C(C#N)=Cc1ccc(N(C)C)cc1,462.15
11197,O=[N+]([O-])c1ccc(cc1)C=NC1C(N=Cc2ccc([N+](=O)[O-])cc2)C2(C)CCC1C2(C)C,443.15
13968,O=[N+]([O-])c1ccc(cc1)c2ccccc2,387.15
20280,OC(=O)C2C(C(C2c1ccccc1)C(=O)O)c3ccccc3,501.15
12921,CC1(CC)CC1,143.14999999999998
6665,c1ccc(cc1)/C=Cc2ccccc2,275.15
3240,c1c(cc(c(c1F)F)F)C#N,319.15
16929,O=C1CCCC1C,198.15
3309,c1cc(c(cc1C#N)F)F,323.15
10358,S(c1ccccc1N)C(=O)c1ccccc1,378.15
363,c1ccc2c(c1)C(=O)c3c(cc(c(c3C2=O)N)Br)Br,500.15
11017,O=C1N2c3ccccc3N(C)C2=C(C#N)c2cc([nH0]c(C)c12)C,594.15
11789,O=C(C)C1CCC2(C)C(CCC3C4CCC(O)C4(C)CCC32)C1,418.15
4726,c1c(coc1C=O)Br,329.15
8738,ONC(=O)CS(=O)C(c1ccccc1)c2ccccc2,432.15
16855,O=[N+]([O-])c1cc(cc(c1O)C(C)(C)C)[N+]([O-])=O,399.15
1641,COc1ccc(c(c1)S(=O)(=O)Cl)OC,387.15
22073,O=C(OCC)CN(C)C(=O)COC(=O)c1ccccc1,312.65
1172,Cc1c(c(c(c(c1F)F)F)F)F,243.15
4500,c1cc(cc(c1)NC(=S)NN)C(F)(F)F,394.15
13465,O=C(N)c1ccccc1C=C,425.15
21826,Clc2ccc(Cn1cncn1)cc2,340.15
3364,CC1CC(CC(=O)C1=O)(C)C,364.15
17513,CCCCC(C(=O)O)C(=O)O,377.65
12665,O=C(OC)c1cc(OC)c(OC)c(OC)c1,358.15
1410,c1cc2c(c(c1)F)c(nc(n2)N)N,520.15
12479,O=C1OC(=O)c2c1cccc2C,389.15
18829,CC(=O)C2(OC(C)=O)CCC1C3C=C(Cl)C4=CC(=O)CCC4(C)C3CCC12C,486.15
6666,C/C(=C/C(=O)O)/C(=O)O,363.15
11332,O=C(Oc1cccc(N=[N+]([O-])c2cccc(OC(=O)c3ccccc3)c2)c1)c1ccccc1,448.15
17199,NNC=O,328.15
14900,Oc1ccc(cc1)C(=O)OCC,390.15
2131,CC(=O)Nc1ccc(cc1Br)F,391.15
1797,CC(=O)c1c(cccc1OC)OC,343.15
15378,[O-]C(=O)C([O-])=O,462.65
7727,C(=O)/C(=C(C(=O)O)/Cl)/Cl,400.15
4575,COc1cc(ccc1N)C(=O)O,460.15
5190,COc1cc(ccc1C=O)O,431.15
8167,CCCCCCCC=O,286.15
15732,CC(=O)NCC(=O)O,479.15
12410,O=[N+]([O-])c1cccc2c(cccc12)C=O,409.15
523,c1cc(ccc1OCC(F)(F)F)OCC(F)(F)F,349.15
3089,Cc1c(c(no1)c2c(cccc2Cl)F)C(=O)O,475.15
19911,O=C(O)COc1ccc(C)cc1,414.15
11619,Clc1cc(c([N+](=O)[O-])cc1[N+](=O)[O-])C(C#N)C(=O)OCC,382.15
1996,c1cc(c(cc1F)C(=O)O)N,456.15
11819,S1CN(C[nH0]2c1[nH0][nH0]c2c1ccccc1OC)C(C)C,480.15
11602,Clc1c(Cl)c(Cl)c2C(=O)c3cc(ccc3C(=O)c2c1Cl)C=O,456.15
2831,COc1ccc(cc1C(=O)O)[N+](=O)[O-],430.15
8269,c1ccc2c(c1)C(OC2=O)CC(=O)O,424.15
7489,COC(=O)c1cccoc1=O,349.15
19005,OC1C(O)C(CO)OC(O)C1O,443.15
19271,ClC(Cl)(Cl)C(Cl)F,177.84999999999997
20598,O=C(O)c1c(Cl)ccc2cc(Cl)cnc12,547.15
1299,CC1=CC(=O)C(=C(C1=O)OC)OC,332.15
6273,c1ccc(cc1)c2c3ccccc3c(c4c2cccc4)c5ccccc5,524.15
5499,c1cc(ccc1CC#N)[N+](=O)[O-],389.15
6447,c1ccc(cc1)C(C(=O)c2ccccc2)O,407.15
15613,c3ccc4Sc5ccccc5N(CC2CN1CCC2CC1)c4c3,403.65
15126,O=C(O)CCCCCCCCCCCC,314.65
10151,O=C(O)C(c1ccccc1)C(C)c1ccccc1,402.15
7067,CCOC(=O)c1c(c2ccccc2o1)N,352.15
20777,F/C(F)=C(/Cl)C(F)(F)F,143.14999999999998
18494,CC(C)(C)CC(C)(C)c1ccc(OCCO)cc1,269.15
15116,CCCCOB(OCCCC)OCCCC,203.15
8747,NC1=NCC(O1)c2ccccc2,409.15
5680,c1cc(cc(c1)Cl)n2c(c(cn2)C#N)N,458.15
11549,O=[N+]([O-])c1ccc(NN=C(Cc2ccccc2)C(O)Cc2ccccc2)cc1,395.15
16781,Clc1cc2Oc3cc(Cl)c(Cl)cc3Oc2cc1Cl,578.15
1537,Cc1ccc(c(c1)C)OCC(=O)O,414.15
23410,CC(=O)[C@H]1CC[C@@H]2[C@@]1(CC[C@H]3[C@H]2CCC4=CC(=O)CC[C@]34C)C,403.15
19095,O=S(=O)(Nc1cc(ccc1C)NC(C)=O)C(F)(F)F,449.15
5555,c1ccc(cc1)c2c[nH]cn2,417.15
3010,c1ccc(cc1)Oc2ccccc2C(=O)O,386.15
17107,O=C1CCCCN1,312.65
16684,O=C(OCCCCOC(=O)C(=C)C)C(=C)C,499.43
7328,CCI,165.14999999999998
12486,S=C1C=C(OC(C)=C1)C,415.15
4185,c1ccc(cc1)C2c3ccccc3C(=O)O2,390.15
15146,O=C1C=CNC(=O)N1,603.15
9549,S1C(=N)NC(=O)C1=NNc1ccccc1[N+](=O)[O-],547.15
11496,[O-][N+](=Nc1ccccc1)c1cc(c([N+]([O-])=Nc2ccccc2)cc1C)C(C)C,400.15
13647,OC(=O)c1ccccc1C(C)=O,389.15
22302,CCOCCCCCCCCC,253.15
20385,OC(=O)c1ccc(Cl)cc1[N+]([O-])=O,417.15
22389,NC2CCC(CC1CCC(N)CC1)CC2,288.15
13147,CC=Cc1ccccc1,244.15
4582,c1cncc(c1N)[N+](=O)[O-],476.15
22408,Clc1cc(Br)ccc1,251.65
7367,CCCCCCCCCCCCCCCC(=O)OC(C)C,285.15
10681,O=C(OCC)C=1N=NC(C)C=1C(=O)OCC,372.15
143,CCCCCCCCCCCCCCCCI,295.15
20734,O=C1CCCC2CCCCC12,306.15
21319,Cc2c(Nc1ccccc1C(=O)O)cccc2Cl,480.4
9344,O=C1C(=CC(=O)N)C2CCC1(C)C2(C)C,425.15
14141,CCCCCCCCCI,253.15
1212,C(CC(=O)O)c1c(c(nc(c1F)F)F)F,425.15
21504,ClCCCCCCCCCO,301.15
9261,O=C(N)NN=C(C)C1CC2(C)CCC1C2(C)C,509.15
14086,N#Cc1ccccc1I,328.15
19971,CCCC(CCC)C(N)=O,398.15
5994,CCCCCCSc1nnc(s1)S,348.15
4272,c1ccc(cc1)CNc2ccc(cc2)O,357.15
14923,Fc1c(F)c(F)c(F)c(F)c1F,277.04999999999995
17540,O=C2C=C(Oc1ccccc12)c3ccccc3,373.15
786,c1ccc2c(c1)cccc2CCl,305.15
11049,Oc1ccc(C)cc1C(O)CC,416.15
14785,CC(N)C(=O)O,537.15
18168,O=C1CCCO1,229.85
15792,O=C(C=1NC(=O)NC=1C)c2ccc(SC)cc2,529.15
12379,Clc1ccc(cc1)C(=O)NNC(=O)c1ccc(Cl)cc1,533.15
7853,Cc1ccc(cc1)N(C)C,248.15
22131,Cc2ccc(C)cc2C(=O)N(NC(=O)c1ccccc1)C(C)(C)C,470.65
19520,Clc1ccc(Cl)nn1,340.65
13016,CC(C)(C)C(C)=O,221.15
14873,CC(C)(C)OOC(C)(C)C,233.15
14259,C[C@@H](O)[C@@H](C)O,289.15
4626,c1ccc(cc1)COc2ccnc(c2)O,469.15
17380,O=[N+]([O-])c1cc(cc(O)c1)[N+]([O-])=O,398.25
19047,Clc1ccccc1CSC(=O)N(CC)CC,282.15
23020,C1=CC(=C(C=C1C(=O)O)Cl)Cl,481.15
154,Cc1cc(c(c(c1C)C)C)I,304.15
11468,O=[N+]([O-])c1c2NCCCc2c([N+](=O)[O-])c2CCCNc12,460.15
18374,Clc3ccc(CC(O)(c1ccc(C)cc1)c2ccc(OCCN(CC)CC)cc2)cc3,376.15
8055,CCCCCCP(=O)(O)O,382.15
19550,Fc1cc(F)c(N)c(F)c1,308.15
8926,OC(=O)c1ccccc1OP(O)(O)=O,441.15
156,c1ccc2c(c1)CCC2O,325.15
3085,C#CCOc1c(cccc1Cl)Cl,317.15
1552,CC(C)(C)c1ccc(c(c1)C(C)(C)C)O,328.15
13393,O=[N+]([O-])c1cccc(N)c1,387.15
556,c1ccc(cc1)Oc2cccc(c2)Oc3ccccc3,333.15
2148,c1c[n+](c(cc1[N+](=O)[O-])Br)[O-],418.15
11987,Brc1ccc(cc1)c1oc(cc1)C=C1N=C(OC1=O)c1ccccc1,453.15
495,c1cc(c(cc1Br)F)Br,307.15
20266,O=C(C)O[Si](C)(OC(C)=O)OC(=O)C,313.65
2321,c1c(cc(c(c1[N+](=O)[O-])N)Cl)[N+](=O)[O-],427.15
17296,Brc1cccc(Br)c1Br,360.65
151,c1ccc(c(c1)[N+](=O)[O-])I,323.15
22785,Fc2ccccc2C=C(/c1ccccc1)C(=O)O,442.0
20211,O=[N+]([O-])c1ccc(O)cc1O,395.15
19696,Oc2ccc(c1ccccc12)C4(OC(=O)c3ccccc34)c6ccc(O)c5ccccc56,527.15
1364,c1c(cc(c(c1Cl)N)Cl)Cl,350.15
15696,O=C3CC4CCC2C(CCC1(C)C2CCC1O)C4(C)CC3,454.15
3720,c1cc(cc(c1)Br)S(=O)(=O)N,429.15
7127,CCOC(=O)c1cc2cc(ccc2[nH]1)F,423.15
9533,O=C(C=Cc1ccc(OC)cc1OC)c1ccccc1,343.15
17272,ClCc1ccccc1Cl,256.15
5471,c1cc(ccc1CO)[N+](=O)[O-],367.15
18948,O=C(O)C1CCCCN1,537.15
4823,CCC(=O)c1ccc(cc1)Br,319.15
15479,Clc3cc4CCc1cccnc1C(=C2/CCN(CC2)C(=O)OCC)/c4cc3,408.15
12653,CC1(C)CC(C)(c2ccccc21)c1ccccc1,323.15
16727,Clc1cc(NC(=O)OC(C)C#C)ccc1,318.65
4136,c1cc(cc(c1)[N+](=O)[O-])C(=O)N,415.15
12388,O=C1CCC2C3CCC4CC=CCC4(C)C3CCC12C,377.15
2121,c1c(cc(c(c1F)N)Br)F,313.15
6858,C(C(=O)O)(F)F,272.15
992,C=CCSc1c(cccn1)C(=O)O,420.15
13273,CC(C)CCCC(C)O,168.14999999999998
15871,C/C(C)=CCN2CC[C@@]1(C)c3cc(O)ccc3C[C@@H]2[C@@H]1C,419.15
16149,CC(=O)C3(OC(C)=O)CCC2C4C=C(Cl)C1=CC(=O)C=CC1(C)C4CCC23C,441.15
19489,Cc1nnc(N)s1,497.65
15630,CC(=O)N1CCN(CC1)c2ccc(cc2)OC[C@@H]4CO[C@](Cn3cncc3)(O4)c5ccc(Cl)cc5Cl,419.15
7366,CC(C)OC(=O)Nc1ccccc1,361.15
21999,NC(=O)C(CCCC)n2nnc1ccccc12,391.15
3565,CC(=O)c1cccc(c1)S(=O)(=O)Cl,316.15
5840,COc1ccc(cc1C(=O)O)Cl,372.15
16667,Clc1ccc(cc1)CCC2c3cc(OC)c(cc3CCN2C)OC,383.65
22658,O=S(=O)(N3c1c(cccc1)N(/C(=C/c2ccc(OC)cc2)C3)S(=O)(=O)c4ccc(cc4)C)c5ccc(cc5)C,425.0
12861,N#CCC#N,307.15
8911,CC(Cc1ccccc1)NC(C#N)c2ccccc2,358.15
4151,c1cc(cc(c1)[N+](=O)[O-])N=C=O,325.15
16075,Cc3cc(OP(=O)(Oc1cc(C)ccc1C)Oc2cc(C)ccc2C)c(C)cc3,352.95
14271,CC(C)CCC[C@@H](C)[C@H]4CC[C@@H]3[C@]4(C)CC[C@H]2[C@H]3CC=C1C[C@@H](O)CC[C@@]12C,422.15
14130,Ic1ccccc1[N+](=O)[O-],324.15
23107,C1C2C(C(C1Cl)Cl)C3(C(=C(C2(C3(Cl)Cl)Cl)Cl)Cl)Cl,377.15
13502,OCc1ccc(cc1)C(C)=O,327.15
10313,O=C1N(CCOCC(=O)NC(C)C(=O)NC(CCC(=O)O)C(=O)O)C(=O)c2ccccc21,467.15
22460,Oc1ccccc1C(=O)OCC,274.15
17760,NNc1cc(Cl)ccc1Cl,375.65
13204,OCc1ccc(N)cc1,348.15
4321,CSc1ccc(cc1)C#N,335.15
3161,B(c1cccc(c1)SC)(O)O,433.15
2630,c1cc(c(c(c1)F)C(=O)O)C(F)(F)F,359.15
3174,c1cc(c(c(c1)OC(F)(F)F)O)C=O,332.15
2565,CCCC(C(CC)CO)O,233.15
23345,O=C1N=C(N(C(C)=O)C2=CC=CC=C2)S/C1=C\C3=C(C)N(C(C)=C3)C4=CC=C(C(F)(F)F)C=C4,583.15
21554,Clc1ccc(cc1)C2SC(=O)N(C2C)C(=O)NC3CCCCC3,381.4
17000,Oc1c(Cl)c(Cl)cc(Cl)c1Cl,388.15
3114,COc1ccc(cc1F)C(=O)CCC(=O)O,444.15
10833,O=C1N2c3ccccc3CCC2Cc2ccccc12,403.15
21282,O=C(O)CC(C)n2nnc1ccccc12,423.15
13920,O=C(O)c1ccc(OCCCC)cc1,420.15
17661,N#CC#N,245.25
2460,c1ccc(c(c1)CO)Cl,343.15
14914,OCC(O)CO,290.95
11810,O=C(CC(C)(C)C(=O)O)c1cc(C)ccc1C,391.15
21370,C/C(Cl)=C/C(=O)O,334.15
8092,CCCCN(CCO)CCO,203.15
7798,CCCCCCCCC(=O)NCO,358.15
8997,CN(C)CCOC2=Cc1ccccc1Sc3ccc(Cl)cc23,363.15
12886,CCCCN,224.15
20708,OC(C(=O)OCC)(c1ccccc1)c2ccccc2,307.15
7776,C#CCCCN1C(=O)c2ccccc2C1=O,362.15
14201,[2H]C([2H])([2H])OC(=O)C(=C([2H])[2H])C([2H])([2H])[2H],225.15
15489,CC(N)COc1c(C)cccc1C,477.15
23162,C1(CCCC1)O,255.65
3140,Cc1ccc(cc1)C(=O)/C=C/C(=O)O,412.15
12472,ClC(Cl)(Cl)COC(=O)NC(c1ccccc1)C(=O)O,415.15
5338,COc1ccc(cc1)c2ccccc2,361.15
17822,CC2=CC(C)(C)Nc1ccccc12,299.65
16931,O=C(CCCCCCCCCCCCCCCCCCC)OC,327.65
7118,CCOc1ccc(cc1C(=O)OCC)C(=O)C,326.15
6937,CCCOCCC,151.14999999999998
16410,CC2(CC(C)(C)c1ccccc12)c3ccccc3,325.65
17451,Oc1ccc(cc1O)C(O)CN(C)C,422.15
3918,c1cncc(c1I)F,361.15
5529,CC(=O)c1ccc(cc1)Oc2ccccc2,323.15
5398,Cc1ccc(cc1)CBr,308.15
11360,O=[N+]([O-])c1cc(ccc1C(O)Cc1[nH0]c2ccccc2cc1)C(O)Cc1[nH0]c2ccccc2cc1,445.15
14380,O=C(CCCCC(=O)c1ccccc1)c2ccccc2,380.15
17285,Oc1c(cc(Cl)cc1Cl)[N+]([O-])=O,395.15
18861,CNC(=O)Oc1cccc2OC(C)(C)Oc12,402.65
10740,O(C)c1cc2CCc2cc1OC,364.15
16821,OC1(CCCCC1)c2ccccc2,336.65
8320,Cc1ccc(cc1)CC(=O)O,365.15
15699,CC(C)(C)c2cc(C)c(CC1=NCCN1)c(C)c2O,455.15
11112,O=C1C(CCC(=O)Nc2ccc(C)cc2)C2CCC1(C)C2(C)C,387.15
5269,c1cc(ccc1CC(=O)O)I,411.15
1861,CC(=O)c1c(cc(s1)c2ccccc2)N,394.15
10891,c1ccc(cc1)C1(C=CC=CC1)c1ccccc1,330.15
23351,Cc1cc(/C=C\2/C(=O)N(c3ccccc3)/C(=N/c3ccccc3)/S2)c(C)n1c1ccc(cc1)C(F)(F)F,499.65
17488,CCCCCCCCCCCCCCCC(=O)OCCCCCCCCCCCCCCCC,327.15
9225,O=[N+]([O-])c1ccc(cc1)C=NNc1ccccc1,439.15
1,c1ccc(c(c1)N)N2CCCCC2,319.15
2706,Cc1cc(ncc1[N+](=O)[O-])O,462.15
13327,CCCc1ccccc1C,213.15
10691,O=C(OC)C1Cc2c(CC1C(=O)OC)c1CC(C(=O)OC)C(Cc1c1CC(C(=O)OC)C(Cc21)C(=O)OC)C(=O)OC,535.15
9196,O=C1N(c2ccccc2)c2ccccc2C(O)=C1C(=NCc1c[nH0]ccc1)C,495.15
6957,c1ccc(cc1)C(c2ccccc2)C(=O)O,420.15
2155,Cc1c2cc(ccc2sc1Br)Cl,379.15
4011,CC(CC(=O)O)O,311.15
534,CN1CCCN(CCN(CCCN(CC1)C)C)C,308.15
11962,O=C1OC(=CC1=Cc1oc(cc1)c1ccccc1OC)CC(C)C,362.15
5823,c1c(cnc(c1I)NN)Cl,410.15
16969,O=C1CCC(O1)c2ccccc2,309.65
11875,S1CN[nH0]2c1[nH0][nH0]c2c1ccccc1OC,396.15
12352,OC1CCC2(C)C(CCC3C4CCC(O)(C)C4(C)CCC32)C1,437.15
15323,C[N+](C)(C)CCCCCCCCCCCCCCCC,513.15
19837,BrCC(N)=O,362.15
18157,Oc2ccc(Cl)cc2Sc1cc(Cl)ccc1O,447.15
19389,Clc1ccc(cc1)OC(C)(C)C(=O)OCCOC(=O)c2cccnc2,373.15
8683,c1c(cc(cc1C(F)(F)F)P(c2cc(cc(c2)C(F)(F)F)C(F)(F)F)c3cc(cc(c3)C(F)(F)F)C(F)(F)F)C(F)(F)F,373.15
9743,O=C1N(N=C(C1=CC1C(=O)N(N=C1C(=O)OCC)c1ccccc1)C(=O)OCC)c1ccccc1,453.15
14260,OC[C@@H](O)[C@@H](O)CO,395.15
15124,FC(F)(C(F)(F)C(=O)O)C(F)(F)C(F)(F)C(F)(F)C(F)(F)F,303.15
9088,O=C1N(C)C(=CC=C)C(=CC)C(O)=C1C1=NNC(=O)C1=CNc1cc[nH0]cc1,511.15
16562,COP(=S)(OC)SCC(=O)N(C)C=O,298.65
6464,c1ccc(cc1)COc2ccc3ccccc3c2,370.15
22920,C1=CC=C2C(=C1)C=CC=C2[N+](=O)[O-],335.15
8107,C[C@H](Cc1ccc(c(c1)O)O)[C@@H](C)Cc2ccc(c(c2)O)O,459.15
14904,C=C(C)C(=O)OCC,198.15
1910,Cc1cc(c(c(c1)Br)N)C(=O)O,477.15
20040,Cc3ccc(C)c2c3C(=O)c1ccccc1C2=O,413.65
18094,O=C(Nc1ccccc1)CCC(=O)O,421.65
17517,Oc1cc(O)c(O)cc1,413.65
19010,CC(C)CCCC(C)C1CCC2C3=CC=C4CC(O)CCC4(C)C3CCC12C,423.65
18722,OCC(=O)C4(O)CCC3C2CC(F)C1=CC(=O)C=CC1(C)C2C(O)CC34C,483.65
1317,Cc1cccc(c1C)C(=O)Cl,275.15
4368,CCC(=O)c1ccc(cc1)C(F)(F)F,309.15
8313,Cc1ccc(cc1)C(=O)O,453.15
17882,N#CCc2cccc1ccccc12,305.65
13854,CCc1ccc(Br)cc1,230.15
6080,c1cc2c(cc1Br)scn2,326.15
2601,Cc1ccc(c(c1)F)C(=O)O,461.15
6568,C(C(=O)O)Br,320.15
22584,O=[N+]([O-])c1cccc([N+]([O-])=O)c1Cl,361.15
12746,OC(C)(C#CC(O)(C)CC)CC,326.15
13276,CC(=O)OCCCCC,173.14999999999998
7995,CCCCOC(=O)c1ccccc1,251.15
9142,Oc1c(cc(cc1C(C)(C)C)C(=Nc1ccc(C)cc1)Nc1ccc(C)cc1)C(C)(C)C,480.15
3768,c1cc(c(nc1)O)Cl,454.15
5077,CCc1ccncc1,182.15
22341,OCC(O)C(=C)C(=O)OC1CC(C)=CCCC(CO)=CC2OC(=O)C(=C)C12,416.15
9599,Fc1ccc(NN=C2C(=O)N(C)C(=O)N(C)C2=O)cc1,464.15
4631,COc1cc(ccc1OCc2ccccc2)C=O,336.15
240,C1C2CC3CC1CC(C2)(C3)Cl,438.15
16053,NCc1cccnc1,252.05
15424,O=P(O)(O)OC[C@H]3O[C@@H](n2cnc1c(N)ncnc12)[C@H](O)[C@@H]3O,458.65
23306,CC(=O)NC1=NC2=C(C(=N1)O)N=CN2COCCOC(=O)C,477.15
18043,ClCCC(=O)O,314.15
11461,O=C(Nc1ccccc1CCc1ccccc1)C,390.15
7465,COc1cc(c(cc1OC)N)C(=O)OC,402.15
1867,CC(=O)c1ccc(s1)I,401.15
18039,O=C1CC(C)=NN1,494.15
2521,c1ccc(c(c1)C#N)S(=O)(=O)Cl,340.15
1820,Cc1cccc(c1[N+]#[C-])C,347.15
2410,c1cc(c(c(c1)Cl)C=NO)F,399.15
8243,c1ccc(cc1)N=C=S,252.15
6637,C[C@H](CCCC(C)C)[C@H]1CC[C@@H]2[C@@]1(CC[C@H]3[C@H]2CC=C4[C@@]3(CC[C@@H](C4)Cl)C)C,370.15
16576,[O-][N+](=O)c2ccc(/N=N/c1ccccc1)cc2,406.15
4565,c1c(cc(c(c1F)N)F)O,422.15
14917,FC(F)(C(F)(F)C(=O)O)C(F)(F)C(F)(F)C(F)(F)C(F)(F)C(F)(F)C(F)(F)F,339.65
13929,CCCCCCCCC1CCCCC1,253.15
21363,COc2ccc(/C=C/c1ccc(OC)cc1)cc2,487.65
6391,c1ccc2c(c1)Cc3ccccc3C2=O,430.15
2118,c1cc(c(cc1C(F)(F)F)Br)S(=O)(=O)N,435.15
10050,O=C1CCC2(C)C(CCC3C4=CCC(=O)C4(C)CCC32)C1,424.15
3779,CC(C)(C#C)Cl,212.15
21896,ClC=C(/Cl)C(/Cl)=CCl,269.15
4961,c1cc(ccc1C(F)(F)F)Cl,237.15
2809,COc1ccc2ccccc2c1C=O,356.15
498,C(C(=O)C(=O)CBr)Br,391.15
11445,O=[N+]([O-])c1ccc2c([N+]([O-])=C(c3cccc(c3)C3=[N+]([O-])c4cc([N+](=O)[O-])ccc4C3=O)C2=O)c1,560.15
918,CC1([C@H]2CC[C@@]1(C(=O)C2)CS(=O)(=O)O)C,473.15
13390,OCc1ccccc1CO,337.15
13264,N#Cc1ccccc1C#N,413.15
4284,c1cc(ccc1CC(=O)O)CBr,452.15
21795,CCCC(O)CCC=CC=CC#CC#CC=CCO,360.15
228,C1CC1(C#N)C(=O)O,419.15
20907,O=C(OC(=O)C(c1ccccc1)c2ccccc2)C(c3ccccc3)c4ccccc4,371.15
2741,CC(C)(C(=O)O)O,352.15
13329,CC(C)Cc1ccccc1,222.15
11703,O=C1NC(C)=C(C(=O)OC)C(N1)c1ccc2OCOc2c1,513.15
14348,C=CCN1C(=O)N(CC=C)C(=O)N(CC=C)C1=O,297.15
9271,O=C(N)NN=CC(=NNC(=O)N)C,528.15
18761,CC(C)CCCC(C)C1CCC2C3CCC4CC(O)CCC4(C)C3CCC12C,458.65
11113,O=C(OC1CC(C)CCC1C(C)C)C(=Cc1ccccc1)C(=O)c1ccccc1,338.15
6001,c1cc(oc1C#N)[N+](=O)[O-],336.15
4897,c1cc(c(cc1C=O)F)Cl,320.15
5583,CC(C)(C)c1ccc(cc1)O,372.15
7867,C=CC(=O)NC(CO)(CO)CO,409.15
1128,c1cc2c(cc1C(=O)O)OC(O2)(F)F,429.15
18947,OC(C=O)C(O)C(O)CO,379.65
10400,O=C1Oc2ccccc2c2[nH0]c(N)c(C#N)cc12,562.15
1567,c1cc(c(cc1C(F)(F)F)S(=O)(=O)Cl)C(F)(F)F,334.15
10298,Clc1[nH0]c(c[nH0]c1C(C)(C)C)C(=O)Nc1ccccc1C,388.15
1706,CCCc1cc(c(c(c1)Br)N)Br,329.15
3153,c1cc(cc(c1)S(=O)(=O)Cl)C(=O)O,408.15
10364,Clc1ccc(NC(=O)NNC(=O)OCC)cc1,467.15
11523,O=[N+]([O-])c1cc(ccc1CCC(=O)C)CCC(=O)C,331.15
7299,c1cc(ccc1O)O,444.15
19893,[O-][N+](=O)c2ccc(C)c1ccccc12,344.65
23037,C1=CC(=CC=C1C(=O)O)Br,526.15
6240,c1cc2cc([nH]c2c(c1)[N+](=O)[O-])C(=O)O,538.15
9824,O=[N+]([O-])c1cc2N3N(N3c3ccccc3)c2cc1CC(=NNc1ccccc1)c1ccccc1,471.15
2925,CC(C(=O)N)C(=O)N,482.15
10490,o1[nH0]c2c(c([nH0][nH0]c2c2ccccc2)C)c1C,453.15
23209,C(C)(C)(C)OC(=O)N[C@H]1[C@@H]([C@@H](C[C@@H]1C(=O)OCC)[C@@H](C)NC(=O)OC(C)(C)C)O,414.65
12444,O=C(Nc1ccc(OC)cc1)c1ccccc1,426.15
2721,Cc1ccc(nc1)O,458.15
7509,COC(=O)c1cc(c(c(c1)Br)O)Br,397.15
21299,O(C2OCC1C(OCC12)c3ccc4OCOc4c3)c5ccc6OCOc6c5,366.65
20732,Nc1ccc(cc1)C(=O)OCc2ccccc2,384.15
20727,O=C(O)C(O)CCC,307.15
13799,COC(=O)c1ccccc1C(=O)O,356.15
15154,CC(=O)CCCCN2C(=O)c1n(C)cnc1N(C)C2=O,378.15
19463,O=C(OCCOC(=O)c1ccccc1)c2ccccc2,346.65
14783,Nc3ncnc2c3ncn2[C@@H]1O[C@H](CO)[C@@H](O)[C@H]1O,507.15
16344,Clc1c(O)cc(Cl)c(Cl)c1Cl,389.65
10832,O=C1N2C=Cc3ccccc3C2=Cc2ccccc12,420.15
15749,O[C@@H]3CNC=Nc1c3ncn1[C@H]2C[C@H](O)[C@@H](CO)O2,493.15
9053,O=[N+]([O-])c1cccc(c1)C=C1C(=O)NN=C1C=1C(=O)N(C)c2ccccc2C=1O,534.15
1505,c1cc(c(cc1O)O)C(=O)NN,514.15
6054,Cc1c(ccc(n1)N)C#N,438.15
19353,Clc2cc(Cl)cc(Cl)c2c1ccc(Cl)cc1,338.15
4225,c1cc(ccc1CCN)S(=O)(=O)N,424.15
22185,OC=1c4ccccc4OC(=O)C=1C(C2=C(O)c3ccccc3OC2=O)C(=O)OCC,427.15
21995,NS(=O)(=O)c1cc2c(s1)C(O)CCS2(=O)=O,437.15
6768,C=CCOC(=O)c1ccccc1C(=O)OCC=C,203.15
3199,c1c(cc(cc1C(F)(F)F)C(F)(F)F)C(c2cc(cc(c2)C(F)(F)F)C(F)(F)F)O,421.15
6449,c1ccc(cc1)C(=O)c2ccccc2,322.15
7951,CC(C)(C)OC(=O)N1CC(=O)C[C@H]1C(=O)OC,311.15
14626,O=[N+]([O-])c1cc(cc(c1)[N+]([O-])=O)C(Cl)=O,342.15
23178,CN1C(=O)CN=C(C2=C1C=CC(=C2)Cl)C3=CC=CC=C3,403.15
15804,Oc1ccc(cc1)C=3Oc2cc(O)cc(O)c2C(=O)C=3O,550.15
4435,c1cnccc1SSc2ccncc2,349.15
11357,O=[N+]([O-])c1cc(ccc1C=NCC(OCC)OCC)C=NCC(OCC)OCC,311.15
18254,O=C(C)c1ccc(O)cc1O,419.15
13668,OCc1ccc(cc1)C(=O)OC,324.15
14645,ICC#COC(=O)NCCCC,339.15
15706,COc1c(cc(cc1OC)C(=O)NCc2ccc(OCCN(C)C)cc2)OC,461.85
3775,Cc1c(cccc1Cl)C#N,295.15
16374,Nc1cnc(N)cc1,383.45
5596,c1cc(c(cc1Cl)Cl)c2[nH]nnn2,436.15
22318,Clc1ccc(s1)C(CC(O)c2ccc(Cl)cc2)C3=C(O)c4ccccc4OC3=O,377.15
9297,ON=Cc1c[nH0]ccc1C,453.15
22264,O=C1CC(CC(=O)/C1=C(/O)C2CC2)C(O)=O,417.55
4174,c1ccc(cc1)Oc2cccc(c2)CO,279.15
20239,c1nc(ccc1)c2nc(nc(n2)c3ccccn3)c4ccccn4,483.15
8737,COc1cc(C)c(C=CC(C)=CC=CC(C)=CC(O)=O)c(C)c1C,501.15
9216,O=C(O)CCc1ccccc1,322.15
18192,O=C(OOC(=O)c1ccccc1)c2ccccc2,378.15
15581,O=C(O)CCCCCCCC(=O)O,379.65
10143,S=C1NC(=O)C(CC)(CC(=C)C)C(=O)N1,433.15
23339,Cc1cc(C=O)c(C)n1c1ccc(cc1)C(F)(F)F,359.15
8543,C1CC[C@@H]([C@H](C1)O)F,294.15
983,CCCCCCCCc1cnc(nc1)c2ccc(cc2)OCCCCCC,333.15
8033,CSCC[C@@H](C(=O)O)NC(=O)OCC1c2ccccc2-c3c1cccc3,407.15
5480,Cc1ccc(c(c1)C)[N+](=O)[O-],279.15
14894,CC(N)=S,388.15
10486,s1c([nH0]c(C)c1N=Nc1ccc(OC)cc1)CC#N,432.15
4657,c1ccc(cc1)CC2CCNCC2,280.15
6414,c1ccc(cc1)C(c2ccccc2)O,339.15
15386,O=C1C=C(CO1)[C@H]3CC[C@]4(O)[C@@H]2CC[C@]5(O)C[C@H](C[C@@H](O)[C@]5(CO)[C@H]2[C@H](O)C[C@]34C)O[C@@H]6O[C@@H](C)[C@H](O)[C@@H](O)[C@H]6O,473.15
3150,B(c1cccc(c1)CBr)(O)O,488.15
18657,CC(=O)C3CCC4C2CC(C)C1=CC(=O)CCC1(C)C2C(O)CC34C,429.65
15861,Clc2cc(Cl)ccc2Oc1ccccc1CC(=O)O,408.15
9265,ON=C1C=CC2CCC1(C)C2(C)C,419.15
5969,Cc1ccc(c(c1)O)[N+](=O)[O-],328.15
14998,C=CCN(C)C,273.15
11891,S1c2[nH0][nH0]c([nH0]2NC1c1ccc(OC)cc1)c1ccc(OC)cc1,425.15
15454,C=C1C(C[C@@H](O)C[C@@H]1O)=CC=C2/CCC[C@]3(C)[C@H](CC[C@@H]23)[C@H](C)CCCC(C)(C)O,386.15
22881,O=C1C[C@H]3CC[C@@]4(O[Si](C(C)(C)C)(C)C)CC[C@@H]2C[C@@H]1[C@]234,331.15
1391,Cc1c(cc(cc1OC)OC)OC,301.15
18928,CC(=O)C1CCC2C3CC=C4CC(O)CCC4(C)C3CCC12C,465.15
7437,CC(=C)C(=O)Cl,213.15
18503,Clc1cccc(c1)N2CCN(CC2)CCCN3N=C4C=CC=CN4C3=O,360.15
8802,C1CCN(CC1)CCC(c2ccccc2)c3ccccc3,314.15
20091,O=C(CC(C)C(=O)O)c1ccccc1,414.15
371,CC(=O)c1cccc2c1cccc2,283.15
6146,COc1ccc2cc(ccc2c1)C(=O)O,466.15
18917,O[C@H]1[C@H](C(C)C)CC[C@@H](C)C1,316.15
9775,O=[N+]([O-])c1cc([N+](=O)[O-])c(cc1C=Cc1cccc2OCOc21)C=Cc1cccc2OCOc21,488.15
17964,ClC(Cl)(Cl)CO,292.15
22371,ClC(F)(F)C(Cl)(F)F,179.14999999999998
2212,c1ccc(cc1)c2ccccc2Br,274.15
5603,COc1ccccc1c2[nH]nnn2,428.15
8881,CC1=C(C)C(=O)C(=C(C)C1=O)C(CCCCCC(O)=O)c2ccccc2,401.15
5417,CC(C)CCC(=O)O,238.15
4938,COc1cc2c(cc1OC)ncnc2Cl,459.15
13434,N#CCc1ccccc1C#N,353.15
3158,COC(=O)c1cccc(c1)N=C=O,310.15
9158,O=C(N)NN=C1C(=CO)C2CCC1(C)C2(C)C,479.15
463,c1ccc(cc1)Oc2ccc(cc2)Oc3ccccc3,346.15
615,c1cc(cc(c1)CO)CO,331.15
6380,c1ccc(cc1)CS(=O)(=O)N,376.15
16762,CC[SiH](Cl)Cl,166.14999999999998
11298,O=COCC1C(=O)C2(C)CCC1C2(C)C,347.15
12995,CC=C(C)C(C)C,159.14999999999998
8181,Cc1ccccc1C=O,238.15
13511,Clc1ccc(CC#N)cc1,304.15
16574,CN(C)c2ccc(/N=N/c1ccc(cc1)[N+]([O-])=O)cc2,509.15
2716,COc1ccc(c(c1)C=O)O,288.15
18866,OC(CNCCCC)c1ccc(O)cc1,397.15
19228,CC(C)(C)C(Br)C(=O)NC(C)(C)c1ccccc1,453.25
21549,O=C3C=C4C(=C)CC2C(CCC1(C)C2CCC1=O)C4(C)C=C3,462.65
10003,O=[N+]([O-])C1C2OC(Nc3ccccc32)(C)CC1c1ccccc1,467.15
13639,O=C(N)c1ccccc1C(C)=O,395.15
18471,COc1ccc(NC(C)=O)cc1,404.15
7389,CNC[C@@H](c1ccc(c(c1)O)O)O,491.15
14356,c1cccc2scnc12,275.15
21913,OC2=CC(=O)N(C)c1ccccc12,543.15
7769,CC(C(=O)O)NS(=O)(=O)c1ccc(cc1)c2ccc(cc2)OC,452.15
6221,c1cc2c(cc(=O)oc2cc1O)C(F)(F)F,452.15
20066,Cc1csc(N)n1,318.65
21576,Oc1ccc(cc1)C3=CC(=O)c2c(cc(O)cc2O)O3,620.65
7037,CCOC(=O)c1c(nc(s1)N)c2ccccc2,445.15
15474,O[C@H](CO)[C@H](O)[C@@H](O)CO,377.15
11646,FC(F)(F)C(F)(F)C(F)(F)C(F)(F)C(F)(F)C(F)(F)C(F)(F)C(F)(F)C(=O)Nc1ccc(OCCCC)cc1,410.15
15897,CC(c1ccccc1)n2cncc2C(=O)OCC,340.15
10570,FC(F)(F)c1[nH0][nH0](c2OC(N)=C(C#N)C(c21)c1ccc(C)cc1)c1ccccc1,478.15
15511,O=C1NC(=S)NC(=O)C1(CC=C)C(C)CCC,405.65
17842,C=CC(=O)OCCCC,208.55
6358,CC(C)(c1ccccc1)C(=O)O,354.15
20327,CCCCC(CC)C(Cl)=O,340.65
6691,C1CCCC(CC1)N,255.15
20648,O=C(O)CCC(=O)c1cc(Cl)c(cc1)C2CCCCC2,436.15
15881,O[C@H]([C@H](O)CO)[C@H](O)[C@@H](O)CO,384.15
1030,CSc1[nH]c2ccccc2n1,477.15
9164,[O-][N+](=Nc1ccc(N)cc1)c1ccc(N=Nc2ccc(N)cc2)cc1,520.15
9488,O=C(C=CNc1ccc(C)cc1)c1ccc2CCCCc2c1,412.15
1577,c1cc(c(cc1Br)N)Br,327.15
15859,Oc3cc4CC[C@@H]1[C@H](CC[C@]2(C)[C@@H](O)[C@H](O)C[C@@H]12)c4cc3,555.15
9947,O=C1C(C)C2CC(OC(=O)C)C3C45CCCC(C)(COC4OC(=O)C)C5CC(OC(=O)C)C13C2OC(=O)C,377.15
3793,c1cc(c(cc1C#N)Cl)F,343.15
17551,O=[N+]([O-])c1c(O)ccc([N+]([O-])=O)c1O,420.65
21280,O=C(OCc1ccccc1)c2ccccc2C,403.65
2917,CC1C(=O)CCC1=O,487.15
5586,CCC(C)(C)c1ccc(cc1)S(=O)(=O)Cl,320.15
14605,O=[N+]([O-])c1cc(cc(C(C)CC)c1O)[N+]([O-])=O,328.15
6326,C=CC#N,189.15
21815,[O-][N+](=O)c1ccc(cc1)C(=O)Nc2ccc3nn(C)nc3c2,553.15
1515,B(c1ccc(cc1OC)OC)(O)O,391.15
2371,c1cc(c(cc1F)N)Cl,299.15
3432,c1c(cc(cc1Cl)Cl)N=C=O,303.15
4239,CC(=O)C=Cc1cccs1,297.15
1390,COc1cc(c(c(c1)OC)C#N)OC,415.15
893,c1cc(ccc1OCC(=O)Cl)Cl,292.15
21102,N#Cc1ccnc2ccccc12,376.65
14037,Clc1cc(Cl)c(Cl)c(Cl)c1,326.15
18910,C#CC3(O)CCC2C4CCc1cc(ccc1C4CCC23C)OC5CCCC5,380.65
15187,N#CC(C)(C)c1cc(cc(c1)C(C)(C)C#N)Cn2cncn2,403.29
2933,Cc1cnc(cn1)C(=O)O,439.15
21966,NC(=O)c1ccccc1OCOC(C)=O,365.65
10937,O=C(N)[nH0]1c2ccccc2c(C)c1C,461.15
21592,Oc1ccc(cc1O)C=3Oc2cc(O)ccc2C(=O)C=3O,603.15
22557,O=[N+]([O-])c1ccccc1CC,260.85
1129,c1ccc(cc1)C(=O)C(F)F,322.15
731,c1ccc2c(c1)c3c([nH]2)CCCC3,392.15
11110,ClCCOc1ccc(cc1)C=CC(=O)c1ccc(OCCCl)cc1,356.15
3084,c1cc(c(cc1Cl)Cl)CCC(=O)O,364.15
7297,c1c2c(cc(c1Cl)S(=O)(=O)N)S(=O)(=O)NCN2,542.15
4588,CC(=O)Nc1ccc(cc1)N,436.15
12496,O=C(O)c1cc2ccccc2c2ccccc21,526.15
2795,c1cc2c(cc1[N+](=O)[O-])sc(n2)S,525.15
7601,COC(=O)c1ccc(cc1)I,388.15
798,COc1ccc(cc1)n2ccnc2,339.15
17118,N#CCCCCCC#N,241.75
178,CCCCCCCS,230.15
11469,O=C1Nc2cc3NCCCc3cc2CC1,508.15
17558,I/C(I)=C(/I)I,460.15
13798,Clc1cc(Cl)cc(Cl)c1,338.15
9830,S1c2[nH0][nH0]c([nH0]2NC1C=CC)c1cccc([N+](=O)[O-])c1,496.15
17174,[O-][N+](=O)OCCC,173.14999999999998
21113,O=C1C(OC)=CC(C)C2CC3OC(O)CC4C(C)=C(OC)C(=O)C(C12C)C34C,500.15
198,CCN1CCNC(=O)C1=O,383.15
14643,Cc3cc(/N=N/c2c1ccccc1c(cc2O)S(=O)(=O)O)c(O)cc3,573.15
16932,ClCCCCC(=O)O,291.15
12940,CC(=O)OCC,189.15
16268,NC(=O)C(CC(C)N(C)C)(c1ccccc1)c2ccccc2,410.15
11772,O=C1CCC2C3CCC4CC5(OCCO5)CCC4(C)C3CCC12C,426.15
21550,COC1C(O)C(C)OC(O)C1,374.15
17927,Nc1ccc(cc1)S(=O)c2ccc(N)cc2,448.15
17524,OC1Cc2ccccc2CC1,288.65
13277,CC(C)CC(=O)OCC,174.14999999999998
21378,O=C(OCC)C(=C/c1ccccc1)/C#N,324.15
15103,C1CCCS1,177.14999999999998
7533,COC(=O)c1cccc(c1)Br,305.15
21454,CCCC[SiH3],135.14999999999998
15855,CNCCCN2c3ccccc3CCc1ccccc12,298.15
66,c1ccc(cc1)n2cccc2,332.15
4712,COc1c(cc(cc1F)Br)[N+](=O)[O-],328.15
11452,BrC(c1cccc(c1)C(Br)C(Br)C(=O)O)C(Br)C(=O)O,498.15
15689,Oc1c(I)cc(Cl)c2cccnc12,451.65
21094,O=C1C=CC(=CO1)C2CC6OC63C4CCC5CC(O)CCC5(C)C4CCC23C,428.15
5033,CCN(CC)c1ccc(cc1)C=O,313.15
6915,C[SiH](C)c1ccccc1,149.14999999999998
2572,CCc1ccccn1,210.15
19486,CCC(CC)COC(=O)CCCCCCCC(=O)OCC(CC)CC,228.15
17006,[O-][n+]1ccccc1C,322.15
21407,Cc1csc(S)n1,362.45
6222,Cc1cc(n2c(n1)ncn2)O,556.15
787,C1CCN(CC1)C(=O)CC#N,361.15
3332,COc1ccc(cc1OC)C(=O)O,454.15
23057,C1=CC(=CC=C1C(=O)O)[N+](=O)[O-],513.15
6008,c1cc2cnccc2c(c1)[N+](=O)[O-],381.15
8334,c1cc(nc(c1)C(=O)Cl)C(=O)Cl,332.15
16655,O=C(C)Nc1c(C)cccc1C,456.15
19761,NC(=O)COc1ccccc1,375.15
13448,Oc1ccc2ccccc2c1,396.15
19998,Clc1ccc(cc1)C(OC(=O)c2cccnc2)C(C)C,334.15
1191,B(c1ccc(c(c1F)F)F)(O)O,476.15
12478,Nc1ccccc1CCc1ccccc1N,306.15
515,c1cc(ccc1OCC2CO2)OCC3CO3,384.15
16862,C=CC(=O)OCCCCCCCC(C)C,173.14999999999998
4476,c1ccc(cc1)c2c(oc(n2)S)c3ccccc3,526.15
10232,O=[N+]([O-])c1ccc([nH0]2[nH0]cc(c2)C(=O)O)c([N+](=O)[O-])c1,534.15
21641,CC(C)C(C)/C=C/C(C)C1CCC2C3=CC=C4CC(O)CCC4(C)C3CCC12C,391.15
17417,Brc2cc3ccccc3c1ccccc12,337.65
18570,CC(C)N(C(=O)CCl)c1ccccc1,350.15
14622,O=C1C=C(C)CC(C)(C)C1,265.15
6191,c1cc2cc[nH]c2c(c1)N,364.15
14175,ICCI,354.15
7237,C(=C/C#N)C#N,370.15
5753,c1cc(ncc1Br)O,453.15
2068,c1ccc(cc1)CNc2ccccn2,368.15
21835,Clc2ccc(OP(=S)(NC(C)=N)Oc1ccc(Cl)cc1)cc2,378.15
8236,c1ccc(cc1)OCC(=O)O,373.15
16252,Cc1cc(Cl)c(Cl)cc1Cl,355.54999999999995
15905,OCCN1CCN(CC1)CCCN2c4ccccc4Sc3ccc(Cl)cc23,370.05
1462,c1cc(c(cc1Cl)Cl)C(=O)NN,442.15
15207,O=C(CP(=O)(CCCCc1ccccc1)OC(OC(=O)CC)C(C)C)N2C[C@@H](C[C@H]2C(=O)O)C3CCCCC3,424.15
4576,Cc1cc(ccc1N)C(=O)O,443.15
9856,Brc1ccc(NN=C2C(=O)NC(=S)NC2=O)cc1,541.15
19318,Cc2cc1ncccc1c3nc(N)n(C)c23,570.15
7349,c1c[n+](ccc1C(=O)O)[O-],543.15
4818,CS(=O)(=O)c1ccc(cc1)Br,375.15
18423,CC,90.36
220,CC(C)(C)C(C1CCCC1)O,322.15
12632,O=[N+]([O-])c1c(C)ccc2C(=O)c3ccccc3C(=O)c12,541.15
18255,CC(C)C1CCC(C)CC1=O,267.15
4248,c1cc(ccc1C2(CCNCC2)O)Cl,412.15
17442,N#CSC,268.15
6487,c1ccc(cc1)CSc2ccccc2,314.15
7036,CCOC(=O)c1c(csc1N)C,354.15
9456,O=C(N)NN=C(C)C(C)Cc1ccccc1,385.15
12433,BrC(Br)=Cc1ccccc1,348.15
5650,CC1CC(=O)NC(=O)N1,492.15
17632,Oc3cccc2C(=O)c1cc(cc(O)c1C(=O)c23)CO,496.65
20014,O=C(NN)c1ccc(N)cc1O,468.15
22872,Brc1cccc5c1[C@]4(c2ccccc2[C@@H]5c3c(ccc(c34)C)C)Cc6ccccc6C,532.75
18582,c1cc(cc2OCOc12)CN3CCN(CC3)c4ncccn4,371.15
2881,Cc1cc(ccc1N=C=O)[N+](=O)[O-],356.15
18169,Clc1cccs1,201.25
901,c1ccc(c(c1)C(=O)O)N(CC(=O)O)CC(=O)O,490.15
7164,CCOC(=O)c1[nH]ccn1,450.15
11594,O=[N+]([O-])c1ccc(c(NC(=O)c2ccccc2)c1)C(=O)OCC,452.15
2181,c1c(cc(c(c1Cl)N)Br)C(F)(F)F,304.15
8488,c1ccc(cc1)N=P(c2ccccc2)(c3ccccc3)c4ccccc4,403.15
9713,BrC(c1ccccc1)C(Br)c1cc(C=Cc2ccccc2)c([N+](=O)[O-])cc1[N+](=O)[O-],485.15
8219,Cc1c(c(c(c(c1C)C)C#N)C)C,432.15
22166,COc1cc(ccc1OC)C(=O)N(NC(=O)c2ccccc2)C(C)(C)C,478.65
20254,Clc1c(OCC(=O)O)c(Cl)ccc1Cl,421.15
6772,c1ccc2c(c1)OCCOCCOc3ccccc3OCCOCCO2,435.15
20225,BrCc1ccccc1Br,304.15
14436,CC(O)c1ccccc1,293.15
14678,[O-][N+](=O)c1ccc(cc1)N=Nc2ccc(O)c3ccccc23,548.15
11440,O=C(c1ccc2ccccc2c1)C(O)c1ccccc1,425.15
18909,Clc1cc(OCC(=O)O)c(Cl)cc1Cl,426.15
16172,O=C(C)NC(CCC(N)=O)C(=O)O,470.15
20977,ClCC(Cl)(Cl)C(Cl)(Cl)Cl,299.15
7257,c1ccc(cc1)OCC2CO2,277.15
2580,COc1cccc(c1F)C=O,322.15
7966,C[C@@H](C(=O)O)NC(=O)OC(C)(C)C,355.15
20898,c1ccc(cc1)c2nc(on2)c3ccccc3,382.15
2156,c1cc(c(cc1Cl)C(=O)O)Br,427.15
4340,c1cc(ccc1CBr)OC(F)(F)F,296.15
9562,O=[N+]([O-])c1ccc(cc1)c1oc(cc1)C=CC(=O)c1oc(C)cc1,452.15
23478,Clc4ccccc4C/2=N/Cc1nnc(n1c3c\2cc(Cl)cc3)C,497.15
13743,Nc1ccc(cc1Cl)[N+]([O-])=O,381.15
1073,c1ccc(c(c1)CC(=O)O)C(F)(F)F,373.15
17065,Cc1cc(C)nc(N)n1,425.15
4530,CC(=O)c1ccc(cc1)N=C=O,307.15
3159,CS(=O)c1cccc(c1)CC(=O)O,384.15
20075,O=C(CCCCCC)c1ccccc1,289.54999999999995
2987,c1ccc(c(c1)CC#N)[N+](=O)[O-],356.15
1882,CC(=O)c1ccc[nH]1,363.15
5974,Cc1c(nc(s1)c2ccncc2)c3ccccc3,357.15
3729,CN(C)c1cccc(c1)Br,284.15
490,CC(CCCBr)Br,239.15
1181,Cc1c(c([nH]c1C)C)C,378.15
1375,B(c1c(cc(cc1F)F)F)(O)O,508.15
5014,CC(=O)Nc1ccc(cc1)C#N,478.15
16234,Nc1ccc(Cl)c(C)c1,356.65
17010,O=C(CCCCCCCCCCCCCCCCCCCCC)OC,327.15
4758,c1cc(ccc1C(=O)CCCl)Br,333.15
10304,Clc1c2OC(Oc2c(Cl)c(Cl)c1Cl)(c1ccccc1)c1ccccc1,426.15
6040,c1ccc2c(c1)c3c([nH]2)CCCCCC3,347.15
2841,COCCO,188.15
4180,c1ccc(cc1)n2cnc3ccccc3c2=O,412.15
4086,Cc1cc(ccc1[N+](=O)[O-])O,401.15
21359,Cc1ccc2cnccc2c1,358.65
2887,Cc1ccc(cc1S(=O)(=O)Cl)[N+](=O)[O-],317.15
8876,CCC(=O)OC(Cc1ccccc1)(C(C)CN(C)C)c2ccccc2,348.15
12271,O=[N+]([O-])c1cc([N+](=O)[O-])cc(c1)C(=O)NCCc1ccccc1,477.15
6671,c1ccc2c(c1)ccc(=O)o2,343.15
14997,CN(C)CCCCCCCC,216.15
9211,S=C(N)C1=Cc2ccccc2OC1=N,527.15
17750,FC(F)(F)c1ccc(Cl)cc1Cl,247.15
21025,c1ccc(cc1)c2oc(c(c2c3ccccc3)c4ccccc4)c5ccccc5,448.15
12581,O=[N+]([O-])c1ccc(c(c1)C(=O)O)C(=O)O,435.15
22876,O=C(OC)[C@@H](O)[C@H]1C(=C)C1,314.65
5602,c1cc(oc1)c2cc(n[nH]2)C(=O)O,493.15
22369,SCc1ccccc1,243.15
13921,Brc1ccccc1CC#N,272.15
5730,c1c(cnc(c1N)N)Br,430.15
14745,[O-][N+](=O)c1ccc2C(=O)NC(=O)c2c1,454.15
5296,Cc1cc(c(c(c1S(=O)(=O)Cl)C)C)OC,331.15
12979,C[C@H]1CC[C@H](C)C1,139.14999999999998
20391,O=CNC(C(=O)OCC)C(=O)OCC,321.65
19484,Nc1ccc(cc1)S(=O)(=O)NCc2ccccc2,444.15
17696,FC(F)(C(F)(F)C(F)(F)C(F)(F)C(F)(F)C(F)(F)C(F)F)C(F)(F)CO,329.15
10171,[O-][N+](=Nc1c[nH0][nH0](c2ccccc2)c1C#N)c1c[nH0][nH0](c2ccccc2)c1C#N,538.15
10065,O=C(OCC)C(C)(C)C1(O)CCC2(C)C(CCC3C4CCC(OCc5ccccc5)C4(C)CCC32)C1,420.15
11538,O=C(OCCc1ccc(cc1)CCOC(=O)Nc1ccccc1)Nc1ccccc1,486.15
7669,COC(=O)CS(=O)(=O)C,334.15
6869,CC(C)NC(C)C,212.15
18618,OC(c1ccc(O)cc1)C(C)NC(C)CCc2ccccc2,384.65
12992,C[C@H]1CCC[C@@H]1C,155.14999999999998
10472,O=C1N(CCc2ccccc2)C(C)=CC=2OC(N)=C(C#N)C(c3ccc(OC)cc3)C1=2,537.15
9943,O=C(OC1CCC2C3CC=C4CC5(OCCO5)CCC4(C)C3CCC21C)C,469.15
9643,Clc1ccc(NN=C(C(=O)C)C(=O)C(F)(F)F)cc1,398.15
14892,ClC(=O)C(Cl)=O,264.15
12661,O1C(N)=NCC1c1ccccc1,409.15
23177,CN1c2ccc(cc2C(=NCC1=O)c3ccccc3)Cl,405.15
6681,C(C#N)C(=O)NN,381.15
5428,CCCCc1ccc(cc1)O,295.15
9190,O=C1N(c2ccccc2)c2ccccc2C(O)=C1C(=Nc1ccc(O)c(C)c1)C,505.15
3786,CC(=O)c1ccc(c(c1)Cl)F,312.15
1784,c1cc(c(c(c1)F)O)F,311.15
7116,CCOC(=O)Cc1ccncc1,292.15
16878,O=S(=O)(N(CC)CC)c1ccc(cc1)C(=O)O,466.15
4683,c1c(c(cc(c1F)Br)F)O,325.15
10046,OC1CCC2(C)C(=CCC3C2CCC2(C)C(O)CCC32C)C1,456.15
18008,CCCCNC,198.15
2038,c1ccc(c(c1)C#N)N,320.15
9281,ON=C(Cc1ccccc1)c1ccc2ccccc2c1,402.15
19040,OCCN(CCO)c1ccc(NCCO)c(c1)[N+]([O-])=O,368.65
12435,O=C(O)C(C)c1ccc(C)cc1,314.15
22090,O=C(C)Oc1ccccc1C(=O)OCC(=O)N(CC)CC,349.65
7876,CC(=O)N[C@@H](CS)C(=O)O,383.15
3340,COc1ccc(cc1OC)O,354.15
21351,C1C=CCCC=CCCC=CC1,256.15
5911,c1cc(c(cc1F)CC#N)[N+](=O)[O-],344.15
21498,NC(=O)OC(CC)C1CCCCC1,401.65
18011,O=C(OCCCCCCCC)CCCCC(=O)OCCCCCCCCCC,223.15
8514,c1cc(sc1)S(=O)(=O)Cl,303.15
2031,c1ccc2cc3cc(ccc3cc2c1)N,510.15
17197,O=C(O)COC,280.85
7235,C(=O)O,281.15
12755,O=C(N(Cc1ccc(cc1)c1ccccc1c1[nH0][nH0][nH0][nH]1)C(C(=O)O)C(C)C)CCCC,389.15
15327,O=C(O)c1ccc(cc1)C=C(/C)c2ccc3c(c2)C(C)(C)CCC3(C)C,513.65
13983,O=[N+]([O-])c1ccc(Br)cc1,399.15
1079,CCOC(C(Cl)(Cl)Cl)O,323.15
15451,N[C@@H](CCCNC(=N)N)C(=O)O,494.15
20821,O=C(O)C1CC(=O)N(CCCCCCCCCCCC)C1,312.15
17726,O=C(C)Nc1ccc(F)cc1,427.15
19517,Oc1cc(O)c(Cl)cc1Cl,386.15
5649,CC1CNC(=O)NC1=O,537.15
15300,CCN(CC)CCOC(=O)c1cc(OCCCC)c(N)cc1,489.65
19341,CCOO,173.14999999999998
14506,Nc1c(C)cc(C)c(N)c1C,363.15
3862,Cc1cc(cnc1)C#N,357.15
2936,CC1CCCO1,137.14999999999998
3917,c1cc(c(cc1CC(=O)O)F)O,405.15
1689,c1c(c(nc(c1F)N)N)F,433.15
14347,O=S1(=O)CCCO1,305.15
305,c1ccc(c(c1)F)Br,265.15
4056,COc1cccc(c1)C(=O)O,379.15
18794,OCC(=O)C4C(C)CC3C2CCC1=CC(=O)C=CC1(C)C2(F)C(O)CC34C,490.15
9837,O=C(N)NN=C(C)C(=O)Nc1ccc(OC)cc1,500.15
17615,COc1cc(OC)c(cc1OC)C(=O)O,418.15
9706,Brc1ccc(Nc2[nH0]c(N)[nH0][nH0]c2c2ccccc2)cc1,476.15
2313,c1cnc(c(c1C(F)(F)F)C(=O)O)Cl,432.15
21138,CC1(C)c2ccccc2NC1=O,427.45
18327,O=C3c2cccc1cccc(c12)C3=O,534.15
19512,OC1=C(c2ccccc2NC1=O)c3ccccc3,541.15
9030,S(C)C(N)=C(C#N)C(SC)=Nc1ccccc1,450.15
2062,c1ccc(cc1)C(=O)C2C(=O)c3ccccc3C2=O,381.15
6470,c1ccc(cc1)COC(=O)c2ccc(nc2)O,453.15
17400,CN(c1ccc(O)cc1)C(=O)C(Cl)Cl,448.15
6477,c1ccc(cc1)COC(=O)NN,341.15
5452,c1cc(c(cc1S(=O)(=O)Cl)C(F)(F)F)[N+](=O)[O-],337.15
11279,O=C([nH0]1c2[nH0]c3ccccc3cc2c2ccccc12)C,460.15
21897,Oc1cc2c(cc1)cccc2Cl,374.15
9906,O=[N+]([O-])c1ccccc1c1oc(cc1)C=CC(=O)c1occc1,442.15
4270,C1CNCCC1CN,297.15
8531,Cc1ccccc1,180.15
21716,CC=CC=C(/C)C,198.95
9095,O=C1N(C)c2ccccc2C(O)=C1C1=NNC(=O)C1=CNc1ccccc1C,561.15
18785,OC(CCCN1CCCCC1)(c2ccccc2)c3ccccc3,377.65
16972,Nc1cc(N)nc(N)n1,523.15
3365,CC(CC(=O)O)CC(C)(C)C,203.15
5515,CCCCCCCCOc1ccc(cc1)C#N,298.15
11781,O=C(OC1CCC2C3CCC4CC(O)CCC4(C)C3CCC21C)c1ccccc1,467.15
23438,O=S(=O)(Nc1nc(cc(n1)C)C)c2ccc(N)cc2,472.65
15310,CC[C@]3(O)C=4C=C5c6nc7ccc(OC(=O)N1CCC(CC1)N2CCCCC2)cc7c(CC)c6CN5C(=O)C=4COC3=O,495.65
2395,Cc1cc(ccc1Cl)[N+](=O)[O-],316.15
18397,CC(=O)OC1CC2CCC1(C)C2(C)C,302.15
5506,COc1ccc(cc1)S[N+](=O)[O-],342.15
924,CC1(COC(=N1)c2c(cccc2OC)OC)C,342.15
8134,CCCOC(=O)CC,197.15
12070,O=C(NCc1ccccc1C)c1ccccc1,391.15
17737,FCCCCCCCCCCO,295.15
11706,O=C1NC(C)=C(C(=O)OCCC(C)C)C(N1)c1occc1,449.15
8671,c1cc(sc1)P(c2cccs2)c3cccs3,302.15
3124,c1cc(ccc1CCC(=O)O)C(=O)O,563.15
7620,COC(=O)c1ccc(nc1)N,428.15
6559,c1ccc(cc1)SCSc2ccccc2,310.15
21567,CC3CC2C(CCC1(C)C2CCC1(O)C#CC)C4(C)CCC(=O)C=C34,375.15
9145,S=C(NC(C)(C)C)c1cc(c(O)c(c1)C(C)(C)C)C(C)(C)C,477.15
12720,c1ccc2c(c1)c1ccccc1c1ccccc21,472.15
9846,Clc1ccc(NN=C(C#N)C(=O)OCC)cc1,435.15
20506,O=C(OC)c3cccc(Cl)c3NS(=O)(=O)c1nc2cc(F)nc(OCC)n2n1,490.15
22771,O=S(=O)(N(Cc1ccc(N)cc1)C)c2ccc(cc2)C,428.0
9627,Brc1cc(Br)c(N=Nc2sc([nH0]c2C)C(C#N)=Cc2ccc(F)cc2)c(Br)c1,444.15
5798,c1cc(sc1S(=O)(=O)Cl)Br,314.15
5882,CCOc1ccc2c(c1)nc([nH]2)S,522.15
9782,O=[N+]([O-])c1cc(N)c(cc1C=Cc1ccccc1)C=Cc1ccccc1,384.15
11348,O=[N+]([O-])c1cc2CCC(=O)Nc2cc1CCC(=O)O,531.15
17857,Nc1ccc(cc1)Sc2ccc(N)cc2,381.65
6103,Cc1c(ncnc1Cl)O,475.15
6748,C[C@H](CCC(=O)O)[C@H]1CC[C@@H]2[C@@]1(C(=O)C[C@H]3[C@H]2C(=O)C[C@H]4[C@@]3(CCC(=O)C4)C)C,510.15
13009,CCC(CC)CC,154.14999999999998
9082,O=C1N(C)c2ccccc2C(O)=C1C1=NNC(=O)C1=C1c2ccccc2c2ccccc21,568.15
18405,BrC(Br)(Br)C(C)(C)O,442.15
18195,Nc1ccc(cc1)C(=O)OCC(C)C,337.65
15966,Brc1cc(Br)cc(Br)c1C,343.15
20529,ClC(Cl)[Si](C)(C)Cl,225.15
5540,c1ccc(cc1)c2c3ccccc3c(=O)[nH]n2,513.15
421,c1cc2ccc(cc2c(c1)O)O,455.15
16081,NC(=O)CN1Cc2ccccc2OC1=O,477.15
16555,CCCCOCOCCCC,215.05
3956,c1cc(cc(c1)F)C#N,257.15
5606,c1cc(c(cc1c2[nH]nnn2)Cl)Cl,434.15
21015,O=C(O)C45CCC3(C)C(=CCC2C3(C)CCC1C2(C)CCC(O)C1(C)C)C5C(C)C(C)CC4,557.15
11380,O=C(Nc1ccc(N(Nc2ccccc2)C(=O)C)cc1)C,472.15
1725,c1c(cc(c(c1Cl)O)Cl)F,322.15
1184,c1ccc(cc1)COC[C@@H]2[C@H]([C@@H]([C@H](C(O2)O)OCc3ccccc3)OCc4ccccc4)OCc5ccccc5,426.15
9974,O=C1CCC2C3C(CCC12C)C1(C)CCC(OC(=O)C)CC1CC13OCCO1,513.15
16788,Cc2nccc1ccccc12,283.15
21215,ClC(Cl)(F)C#N,163.14999999999998
904,c1ccc(cc1)CCBr,217.15
8346,c1cnccc1C=NO,405.15
17245,S=C(OCC)C(=S)OCC,300.15
7797,c1ccc(cc1)C(=O)NCO,368.15
6089,c1cc2c(cc1Cl)N(C(=O)CO2)CCC(=O)O,421.15
2080,c1ccc(cc1)COc2ccccc2C(=O)O,350.15
7928,CSCC[C@@H](C(=O)O)NC(=O)OCc1ccccc1,342.15
13853,CC(CCCCCCCCC)CC,220.15
22087,O=C(COC(=O)c1ccccc1)N2CCCC2C(=O)OC,345.65
7933,c1ccc(cc1)COC(=O)N[C@@H](CO)C(=O)O,392.15
10846,O=C1[nH0+]2ccccc2Cc2cc(C)cc(C)c12,360.15
12177,FC(F)(F)C(C(=O)N(C(C)C)C(C)C)C(F)(F)F,326.15
9316,O=[N+]([O-])c1ccc(NN=C2Cc3ccccc32)c([N+](=O)[O-])c1,476.15
20244,O=S1OCCO1,262.15
9927,O=C1C(=C)C2CC(OC(=O)C)C3C45COCC(C)(CCC4)C5CC(OC)C13C2OC(=O)C,433.15
7211,CC=C1CCCC1,143.14999999999998
6533,c1ccc(c(c1)[N+](=O)[O-])SSc2ccccc2[N+](=O)[O-],467.15
5209,c1cc(c(cc1CC(=O)O)[N+](=O)[O-])O,420.15
2646,c1ccc(cc1)Oc2cccc(c2C#N)F,365.15
10073,BrC1C(OC(=O)C)C2C3CCC(C(C)CCC(=O)OC)C3(C)CCC2C2(C)CCCCC12,432.15
16825,CC(O)COCCC,193.15
10622,O=C1N(C(=O)C2C(=NOC12)C(=O)c1ccc(C)cc1)c1ccc(O)cc1,393.15
20142,O=C(CCCCCCCCCCCCCCC)OCCC,293.54999999999995
23470,C1=CC=C2C(=C1)SC3=CC=CC=C3S2,432.15
1478,c1cc(c(cc1Cl)Cl)CC#N,333.15
692,COP(=O)(c1ccccc1P(=O)(OC)OC)OC,354.15
19848,OCCOc2cccc1ccccc12,318.15
6365,c1ccc(cc1)C(C#N)C2CCCCC2,327.15
20725,CC(CC)OC(=O)CCCCCCCCCCCCCCCCC,302.04999999999995
7370,CC(C)P(c1ccccc1)c2ccccc2,313.15
1301,COc1cccc(c1OC)C=NO,372.15
7837,CN(C)c1ccc(cc1)[N+](=O)[O-],438.15
14877,CCCCCCCCCCCCCCCCCCCCCCO,343.15
3715,COc1cccc(c1)Br,275.15
20274,Oc1ccc(cc1OC)C#N,359.15
5037,CCN(CC)c1ccc(cc1)N=C=S,305.15
4399,c1cc(ccc1C(=O)C(=O)c2ccc(cc2)Br)Br,498.15
13840,N(=N/c1ccccc1)c2ccccc2,342.15
11294,O=C(N=C1N(c2cc3N(C(=NC(=O)C)C(=Cc3cc2C=C1c1ccccc1)c1ccccc1)C(=O)C)C(=O)C)C,512.15
7354,CC(C)CCN,213.15
16122,CCN(CC)C(=O)C(C)Oc2cccc1ccccc12,348.15
8750,CCOC(=O)C2(CCN(CCc1ccc(N)cc1)CC2)c3ccccc3,356.15
20329,CC1(C)CC(O)CCC1,284.65
1436,c1cc(c(c(c1O)Cl)[N+](=O)[O-])Cl,360.15
507,CC(=O)OCC#CCOC(=O)C,301.15
16017,O=C(N)C1(CC)OC1CCC,363.15
5402,Cc1ccc(c(c1)O)O,341.15
5930,c1cc(oc1CO)C=O,307.15
22416,O=C(C)C1C(=O)C=C(C)OC1=O,382.15
8947,CN1CCC(C1)CN3c2ccccc2Sc4ccccc34,360.15
23240,C1=CC(C2C1C3(C(=C(C2(C3(Cl)Cl)Cl)Cl)Cl)Cl)Cl,368.15
12242,O=C1CC2C(C3CCC(C(C)CCC(=O)O)C13C)C(O)CC1CC(O)CCC12C,494.15
17303,[O-][N+](=O)c2cccc1c2cccc1[N+]([O-])=O,492.15
4386,COc1ccc(cc1)C(c2ccc(cc2)OC)(c3ccc(cc3)OC)O,352.15
12744,c1ccc2c(c1)Cc1ccccc12,389.15
10310,[P+]([O-])(OCCCCN1C(=O)c2ccccc2C1=O)(C)CCCCN1C(=O)c2ccccc2C1=O,387.15
17667,FC(F)(F)c1ccc(cc1)C(=O)O,492.65
20485,Clc2c(C(=O)NCc1ccc(cc1)C(C)(C)C)n(C)nc2CC,334.65
8693,CCCCCCCCCCC(=O)O,301.15
17027,Clc3ccccc3C2=NC(O)C(=O)N(C)c1ccc(Cl)cc12,479.15
1539,Cc1ccc(c(c1)C)C=C,209.15
9121,s1c2ccccc2[nH0]c1C(C#N)=Cc1ccccc1O,462.15
1211,c1c(c(c(c(c1F)F)NN)F)F,362.15
15284,NC2=NCC3c4ccccc4Cc1ccccc1N23,479.65
20214,OC(=O)c1ccc(o1)C(O)=O,615.15
2560,CCc1cccc(c1N)C,248.15
13107,CC(CC)CCCC,152.14999999999998
13029,CC(C)C(C)(C)O,263.15
11569,O=[N+]([O-])c1ccc(cc1)CC(C#N)c1ccccc1,407.15
12668,OC(c1ccccc1)(c1ccccc1)C1CCNCC1,433.15
390,C#CCCCCCCCCC(=O)O,315.15
17848,CC(C)(C)c1ccc(OCC(C)OS(=O)OCCCl)cc1,241.45
17576,C1CCSCS1,327.15
10064,O=C1CC2CCCCC2(C)C2CC(=O)C3(C)C(CCC3C(C)CCC(=O)OC)C12,413.15
3590,C1CC(=CC(=O)C1)N,404.15
11350,O=C1Nc2cc(ccc2CC1)CCC(=O)OC,416.15
8435,CC(=O)CC(=O)OC(C)(C)C,235.15
6719,C1CCC(C1)C#N,197.15
15540,BrC(Cl)C(F)(F)F,155.14999999999998
16890,Nc1ccc(S)cc1,319.15
14693,OC(=O)c1ccc(cc1)C(=O)c2ccccc2,471.15
946,COc1ccc(cc1OC)CCN,284.15
15576,Oc1cc(cc(O)c1)C(O)CNC(C)C,373.15
14327,CC(OCC)OCC,173.14999999999998
23328,Cc1cc(c(C)n1c1ccc(cc1)F)C(=O)OCC(=N)O,450.65
18558,COc3ccc2CC1c4c(CCN1C)cccc4c2c3O,396.65
2547,CCOc1ccccc1C(=O)O,293.15
13007,CC(C)(CC)CC,139.14999999999998
272,CCCCCCBr,188.15
3618,Cc1c(nnc(n1)N)C,484.15
19736,O=C(C)OC(OC(C)=O)c1ccco1,326.45
7008,CCCCCCCC/C=CCCCCCCCCCCCC(=O)O,304.15
18831,Oc4cc5CCNC(CC1CC2c3cc(OC)c(OC)cc3CCN2CC1CC)c5cc4OC,388.65
9269,O=C1C(=NO)C(=O)C2(C)CCC1C2(C)C,382.15
22018,Oc3ncnc1c3cnn1C(=O)c2ccccc2,544.15
4633,COc1cc(ccc1OCc2ccccc2)/C=C/[N+](=O)[O-],396.15
17130,Cc1ccc(cc1)S(=O)(=O)NC,351.65
7707,CP(=O)(O)O,378.15
8982,CC(C)(C)NCC(O)c1ccccc1Cl,362.15
22479,ClCOCCl,231.65
14312,ClC(Cl)C(Cl)(Cl)Cl,244.15
10762,[nH0]1c2c([nH0]c3ccccc13)c1ccccc21,476.15
13945,O=[N+]([O-])c1cccc(c1C=O)[N+]([O-])=O,392.15
14342,O=C3c1ccccc1C(=O)c2c3ccc(O)c2O,554.15
5599,c1ccc(c(c1)c2[nH]nnn2)Br,455.15
9290,O=C(O)C(=NO)Cc1ccc(OC)cc1,432.15
15989,Cc1cc(Cl)cc(Cl)c1,299.15
10355,Brc1ccc(cc1)C1C=2C(=O)Oc3ccccc3C=2OC(NC(=O)CCl)=C1C(=O)OCC,431.15
3637,c1ccc2c(c1)cc(c(=O)o2)N,409.15
19797,BrC(Cl)(Cl)C(Br)(Cl)Cl,475.65
599,c1cc(sc1)C=CC(=O)c2cccs2,372.15
1652,CC(=CC=C(C)C)C,285.15
19074,Clc1cc(Cl)c(Cl)c2Oc3ccccc3Oc12,401.15
8106,C1CC2CC1CC2=O,368.15
1893,CC(C)(CO)N,299.15
7833,CC(C)N(C=O)C(C)C,283.15
22777,O=C(N1[C@H]([C@@H](C)CCC1)C)[C@@]3(c2ccc(OCC)cc2)CC3(Cl)Cl,433.0
19713,Oc1ccccc1C(=O)OCCC,370.15
262,CCCCS(=O)(=O)Cl,244.15
375,CC(=O)N1CCc2c1ccc(c2)Br,393.15
1466,c1cc(c(cc1Cl)Cl)C(F)(F)F,247.15
12615,O=C1N(C)c2[nH0]c[nH0](CC3OCCO3)c2C(=O)N1C,417.15
13543,O=[N+]([O-])c1cc(CO)ccc1,305.15
16226,O=[N+]([O-])OC(CO[N+](=O)[O-])C(CO[N+]([O-])=O)O[N+]([O-])=O,334.15
5696,c1cc(ncc1N)F,364.15
17627,C/C(C)=CCc1c(ccc2C=CC(=O)Oc12)OC,356.65
19175,O=[N+]([O-])c1cc(cc(c1)C(=O)OC(C)C)C(=O)OC(C)C,338.15
21146,Nc1ccc(cc1)C(=O)OCCCCCCCCCCCC,355.15
19634,Oc1cc(cc(O)c1)c2cc(O)cc(O)c2,583.15
941,CCCCOCCOCCOC(=O)C,241.15
9663,Clc1ccc(c(Cl)c1)C1Nc2[nH0]c([nH0][nH0]2C(N)=C1C#N)C(F)(F)F,579.15
15882,O=C1NC(=O)NC(=O)C1(CC=C)C(C)CC,382.15
13353,N#CCCCCCCC#N,270.15
10905,O=C1OC2(Cc3c(C)c(C)c(C)c(C)c13)C(=O)c1ccccc1C2=O,530.15
18186,CCN(CC)C(=S)SC(=S)N(CC)CC,304.15
22098,O=C(COC(=O)c1ccccc1OC(C)=O)N2CCOCC2,370.65
21030,CC4CCC5(C)CCC3(C)C(=CCC2C3(C)CCC1C2(C)CCC(O)C1(C)C)C5C4C,459.15
6578,C(C(=O)C(=O)O)Br,351.15
20221,O=C1CCCCCCCC1,307.15
20681,Brc1cc(Br)c(C)cc1,263.45
298,c1ccc(cc1)C(CCBr)c2ccccc2,314.15
22082,O=S(=O)(c1csc(c1)S(=O)(N)=O)c2ccc(OC)cc2,443.15
17241,O=C1CCCN1,296.15
7977,CC(C)(C)OC(=O)N1CCC[C@H]1C(=O)O,407.15
11463,O=C1NC(=O)C(Cc2cccc(c2)CC2C(=O)NC(=O)NC2=O)C(=O)N1,545.15
2035,c1ccc(c(c1)N)S(=O)(=O)N,428.15
10450,O=C(Nc1ccc(c(NC(=O)c2ccccc2)c1)c1ccc(NC(=O)c2ccccc2)cc1NC(=O)c1ccccc1)c1ccccc1,552.15
10164,O=C(N)C1Nc2ccccc2C1(C)C,442.15
10291,Brc1cccc(NC(=O)c2[nH0]c(Cl)c[nH0]c2)c1,373.15
17883,O=C(O)c1cc(nc2ccccc12)c3ccccc3,487.65
13397,OC(=O)c1cc(O)ccc1,476.15
23408,CCCN(CC1CC1)C2=C(C=C(C=C2[N+](=O)[O-])C(F)(F)F)[N+](=O)[O-],305.15
14220,CC(O)(P(O)(=O)O)P(=O)(O)O,472.15
8844,CCc2c(C)[nH]c3CCC(CN1CCOCC1)C(=O)c23,453.15
6828,CCOC=C(C(=O)OCC)C(=O)OCC,240.15
7130,CCOC(=O)c1cc2cc(ccc2[nH]1)OC,429.15
20208,Brc1cc(Br)c(Br)s1,302.15
7954,C[C@H](C(=O)O)NC(=O)OC(C)(C)C,356.15
16626,CCCCF,139.14999999999998
22156,O=C(OC)C(NC(=O)C2=CN(CC)c1nc(C)ccc1C2=O)C(C)C,428.15
13990,O=[N+]([O-])c1cc(ccc1Cl)[N+]([O-])=O,326.15
3144,c1cc(cc(c1)O)N2CCOCC2,403.15
18028,Oc1cccnc1,400.65
14547,O=C(C)Oc1ccccc1C(=O)O,412.15
7371,CC1(OC(=O)CC(=O)O1)C,367.15
22802,Fc2ccccc2/C=C1/C(=O)CCCCCC1,465.5
5594,C=Cc1ccc(cc1)c2ccccc2,389.15
19658,Oc2ccc3C(=O)c1ccc(O)cc1C(=O)c3c2,626.95
14466,ClC(Cl)(Cl)C(N)=O,415.15
20415,NCCCN1CCN(CCCN)CC1,288.15
19515,Cc1ccc2Sc3ccc(C)cc3Sc2c1,396.15
2076,c1ccc(cc1)COc2ccc(cn2)O,365.15
4103,CC1CCC(=O)C1,215.15
7493,COC(=O)c1cccc(c1)CBr,317.15
5968,Cc1ccc(c(c1)C(=O)O)[N+](=O)[O-],408.15
15470,CC(O)(CCC)C1C[C@]65C=CC1(OC)C2Oc4c(O)ccc3C[C@H]6N(C)CC[C@]25c34,488.65
23258,Clc1ccc(cc1)C(=O)n3c2ccc(OC)cc2c(c3C)CC(=O)OCC,369.15
17965,C=CC(C)(C)O,245.15
6754,COc1ccc(cc1)CC(=O)c2ccc(cc2)OC,384.15
2575,c1cc(c(c(c1)C(F)(F)F)F)C(=O)N,369.15
14389,Oc4ccc1ccccc1c4/N=N/c3ccc(N=N/c2ccccc2)cc3,472.15
16284,CN1Cc2cc3OCOc3cc2CC1,339.15
4042,C(CS)C(=O)O,291.15
17751,OCCN1CCN(CC1)CCCN3c4ccccc4C=Cc2ccccc23,373.65
12853,CNC,181.15
4078,Cc1ccc[nH]c1=O,413.15
14246,CN(C)c1ccc(/C=C/C=O)cc1,408.15
7754,Cc1ccc(n1c2ccc(cc2)C(=O)C)C,384.15
14166,O=[N+]([O-])c1cc(Br)ccc1Br,355.15
9462,O=C1C(=Cc2ccccc2)C2CCC1(C)C2(C)C,370.15
15960,Cc1sccc1C,224.15
4603,c1cc2c(cc1N)C(=O)NC2=O,563.15
14252,CC=CC=CC(=O)O,407.15
1985,c1cc(c(cc1Cl)C(=O)N)N,444.15
7774,CC(C)C(C(=O)O)NS(=O)(=O)c1ccc(cc1)c2ccc(cc2)OC,451.15
9726,O=C(N)NN=C1CC(C)CCC1C(C)C,490.15
16709,C=Cc1ccc(Br)cc1,280.85
16156,CC(C)(C)C1CCCCC1O,318.15
15560,CC(=O)CC(=O)O,309.65
10530,s1c2ccccc2[nH0]c1C(C#N)=C(C)C1=Cc2ccccc2OC1=O,429.15
12172,O=[N+]([O-])c1cc([N+](=O)[O-])c(c([N+](=O)[O-])c1)C(=O)OC,429.15
20411,CCCCCCCOC(=O)CCCCC,238.75
4054,COc1cccc(c1)S(=O)(=O)N,405.15
21657,OC1CC(O)C(/C=C/C(O)CCCCC)C1C/C=C/CCCC(=O)O,303.15
5229,C=CC(=O)OCCCCO,161.14999999999998
12370,O=C(NCc1c[nH0]ccc1C)C,365.15
13666,COc1cc(ccc1OC)C=O,317.15
7454,COC(=O)c1ccc(cc1O)O,391.15
1268,COc1ccc(c(c1F)F)N,312.15
864,CC(C)(C)OC(=O)N[C@@H](CCc1ccccc1)C(=O)O,351.15
21192,Cc1ccccc1[Si](Cl)(Cl)Cl,247.65
4942,CC(=O)Nc1ccc(cc1)Cl,452.15
2253,COc1ccc(c(c1OC)C(=O)O)C=O,420.15
19052,Cc1c(cc(cc1N)[N+]([O-])=O)[N+]([O-])=O,447.65
16755,Clc1ccc(CO)cc1Cl,309.15
19950,CC(C)C2(Cc1ccco1)C(=O)NC(=O)NC2=O,442.15
10348,N=1N(c2ccccc2)C(CC=1c1ccc2ccccc2c1)c1ccc(N(C)C)cc1,459.15
7940,C[C@](c1ccc2ccccc2c1)(C(=O)O)NC(=O)OC(C)(C)C,371.15
609,C(NC(=O)NCO)O,399.15
4651,c1ccc(cc1)COc2ccc(cc2)N=C=S,337.15
21535,Oc4cc5OCC1C(Oc2c3C=CC(C)(C)Oc3ccc12)c5cc4,450.65
15886,CN4CCCCC4CCN1c3ccccc3Sc2ccc(SC)cc12,346.15
5919,B(c1cc(ccc1OC)C=O)(O)O,433.15
14022,O=C(C)Oc1cc(ccc1)c2ccccc2,307.15
7148,CCOC(=O)CBr,235.15
13648,OC(=O)c1cccc(c1)C(C)=O,445.15
10635,O=C(Oc1ccc(N=Nc2ccc(cc2)CCCC)cc1)CC,359.15
22316,OC(=O)C(=C)c1ccccc1,379.65
20134,OC(=O)c1c(N)cccc1Cl,432.15
5581,CC(C)(C)c1ccc(c(c1)O)O,328.15
21144,OC1C(O)C(O)C(CNC(=O)N(CCCl)N=O)OC1OC,384.15
5060,CCOc1ccc(cc1)C#N,335.15
22613,Oc1ccc(/C=C/C(=O)CCC)cc1O,404.65
9615,Clc1ccc(C=C(C#N)c2[nH0]c3ccccc3[nH]2)c(Cl)c1,523.15
8044,CCCCCCC,182.15
17046,S=C1SCCS1,308.15
8386,c1ccc(c(c1)/C=N/O)O,330.15
14629,CC(C)(C)c1cc(cc(O)c1)C(C)(C)C,361.15
19424,O=[N+]([O-])OCC(CO[N+](=O)[O-])(CC)CO[N+]([O-])=O,324.65
9311,Brc1cccc2c(cccc12)C=NO,407.15
2776,c1cnc(cc1C(=O)N)I,438.15
13667,COc1cc(cc(OC)c1)C=O,320.15
19376,BrC(Br)C(=O)C(Br)(Br)Br,352.65
18873,OC3C(O)C(O)C(CO)OC3OCC2OC(OC(C#N)c1ccccc1)C(O)C(O)C2O,497.65
23437,CC1=NC(=NC=C1)NS(=O)(=O)C2=CC=C(C=C2)N,508.15
7189,CCC(=O)OCC,200.15
13731,N#Cc1c(Cl)cccc1Cl,416.15
5573,B(c1ccc(cc1)C(C)(C)C)(O)O,467.15
6135,c1cc2c(cc1O)OCC2=O,514.15
10553,O=C1CC(C)(C)CC=2Nc3c4ccccc4ccc3C(c3ccc(N(C)C)cc3)C1=2,545.15
5247,Cc1cc(ccc1N)I,359.15
3981,Cc1c(c(=O)cco1)O,436.15
11085,O=C(C)C(C(=O)C)C(c1oc(C)cc1)c1oc(C)cc1,333.15
16663,CN(C)C(=O)NC3CC1CC3C2CCCC12,450.15
13158,N#Cc1cc(O)ccc1,355.15
2172,c1cc(c(cc1[N+](=O)[O-])N)Br,412.15
22048,O=C(C)Oc1ccccc1C(=O)OCC(=O)OCC,324.65
8718,CC1=C(C(=O)c2ccccc2C1=O)C/C=C(C)/CCC[C@H](C)CCC[C@H](C)CCCC(C)C,253.15
7452,COC(=O)c1ccc2c(c1)nsn2,364.15
15553,O=[N+]([O-])OC(CO[N+]([O-])=O)CO[N+](=O)[O-],286.65
5197,c1cc(c(cc1C#N)C(F)(F)F)O,446.15
17793,c1cccc3c1ccc2cccnc23,325.15
13210,Oc1ccccc1OC,301.15
11671,FC(F)(F)C(C(=O)Nc1ccc(cc1)C(=O)C)C(F)(F)F,447.15
21361,BrCC=CCBr,326.54999999999995
15995,CCNc1nc(C)c(CCCC)c(O)n1,433.15
22526,ClCC(=O)OC(=O)CCl,319.15
22031,O=C(c1csc(c1)S(=O)(N)=O)c2ccc(O)cc2,465.65
3809,B(c1ccc(c(c1)Cl)C)(O)O,500.15
19172,Cc2cc(C(=O)N(OC)C1CCCCC1)c(C)o2,306.15
10079,OC1CCC2(C)C3CCC4(C)C(CCC4(O)C(O)C)C3CCC2(C)C1,492.15
12488,O=C1CCCCC1c1ccccc1,330.15
18265,O=[N+]([O-])c1ccc(O)cc1C(F)(F)F,349.15
5543,c1ccc(cc1)c2csc(n2)c3cccnc3,327.15
15681,Cc1ccc(cc1)N(CC2=NCCN2)c3cc(O)ccc3,447.65
11864,S1c2[nH0][nH0]c([nH0]2NC1c1ccc(OC)cc1)c1ccc([N+](=O)[O-])cc1,426.15
15519,NS(=O)(=O)c1ccc(cc1)n3nc(cc3c2ccc(C)cc2)C(F)(F)F,430.65
10401,O=C1Oc2ccccc2c2[nH0]c(C)c(cc12)C(=O)OC,488.15
18975,c1cccc2oc3ccccc3c12,359.65
18687,O=C(OC6C(OC(=O)c1cccnc1)C(OC(=O)c2cccnc2)C(OC(=O)c3cccnc3)C(OC(=O)c4cccnc4)C6OC(=O)c5cccnc5)c7cccnc7,527.75
17653,BrC(Br)(Br)[N+]([O-])=O,283.15
8745,CCCN(CCC)C(=O)Cc1c(nc2ccc(Cl)cn12)c3ccc(Cl)cc3,413.15
1384,CC(C)c1cc(c(c(c1)C(C)C)S(=O)(=O)N=[N+]=[N-])C(C)C,315.15
18634,CC(C)(C)NCC(O)COc2cccc1CC(O)C(O)Cc12,403.15
9036,ClC1C2OC(CC2)C(C)(C)C1O,345.15
13095,CCCCCC=CC,185.15
297,c1c(cc(cc1C(F)(F)F)Br)C(F)(F)F,257.15
8635,CP(=O)(C)C,414.15
22085,Oc2ccc(/C=CC(=O)NCCc1ccccc1)cc2O,431.15
18902,NC(=N)c1ccc(N)cc1,455.15
3867,c1cc(cc(c1)N=C=O)C#N,326.15
18876,NCCC(O)C(=O)NC3CC(N)C(OC1OC(CN)C(O)C(O)C1O)C(O)C3OC2OC(CO)C(O)C(N)C2O,476.65
2077,c1ccc(cc1)COc2ccccc2N,310.15
15029,O=NN(c1ccccc1)c2ccccc2,339.65
15675,Oc1ccc(cc1O)C(O)CNC(C)C,443.65
14209,[2H]C([2H])([2H])C(=O)C([2H])([2H])[2H],180.15
23119,C1=CC=C(C=C1)C(C(=O)C2=CC=CC=C2)O,410.15
15216,CC(=O)N(CC)c1cccc(c1)c2ccnc3c(cnn23)C#N,431.15
2537,CCCCCCCCCCC(=O)C,292.15
16578,O=C2c1ccccc1C(=O)c3c2c(ccc3NCCO)NC,460.15
16395,c1cc(ccc1)N2CCCCC2,277.85
7362,CC(C)OC(=O)c1ccc(cc1)O,358.15
6636,C[C@H](CCCC(C)C)[C@H]1CC[C@@H]2[C@@]1(CC[C@H]3[C@H]2CC=C4[C@@]3(CC[C@@H](C4)OC(=O)c5ccccc5)C)C,422.15
7498,COC(=O)c1ccc(c(c1)N)N,380.15
13482,OC(=O)c1ccc(C=C)cc1,415.15
9009,Clc1ccc2[nH0]c(sc2c1)NC=C1C(=O)c2cc(C)ccc2OC1OCC,420.15
22362,ClC(Cl)(Cl)C(C)(C)O,370.15
6553,c1ccc(cc1)P(CP(c2ccccc2)c3ccccc3)c4ccccc4,392.15
10770,O=C1c2ccccc2CCc2ccccc2C1=O,405.15
16131,O=C(c1ccccc1)c2ccncc2,345.15
4654,c1ccc(cc1)COc2cc[n+](cc2)[O-],447.15
320,CC(C)(C)OC(=O)n1cccc1C=O,324.15
7135,CCOC(=O)c1cc2cc(c(cc2[nH]1)N)OC,438.15
17755,Fc1ccc(cc1[N+]([O-])=O)S(=O)(=O)c2cc([N+]([O-])=O)c(F)cc2,466.65
11984,S(C)C(Nc1ccccc1)=C(C#N)C#N,353.15
2654,c1ccc(c(c1)F)S(=O)(=O)Cl,303.15
12142,Clc1ccc(cc1)C=C(C#N)C(=O)OCC,411.15
13721,Nc1ccccc1Br,303.15
886,c1cc(ccc1F)SCC#N,307.15
5002,c1cnc(cc1C#N)I,352.15
19798,O=S(=O)(Nc1cc(C)ns1)c2ccc(N)cc2,465.15
21574,COc1ccc(cc1)C3=COc2cc(O)ccc2C3=O,529.65
17310,Cc1c(cccc1N)[N+]([O-])=O,365.15
244,c1cc(ccc1F)Cl,251.15
14758,CC(C)c2cc3ccc1c(cccc1C)c3cc2,372.15
8207,C(CCCCCCC(=O)O)CCCCCCC(=O)O,387.15
16527,Cc2cccc1CCCCc12,250.15
5983,Cc1cc(cc(c1)C(=O)O)C(=O)O,572.15
2363,c1cc(c(cc1C(F)(F)F)N)Cl,282.15
16513,CN(C)CCOC(=O)C(=C)C,243.15
1161,CC1=Nc2ccccc2C1(C)C,280.15
18291,O=C1C(CC(=O)N1C)c2ccccc2,345.15
287,c1cc(c(cc1Cl)[N+](=O)[O-])Br,343.15
13650,O=C(N)c1ccccc1C(N)=O,495.15
18636,Oc1ccc(CCNC)cc1O,461.65
10068,O1C(c2ccccc2)C2C=3CCCCC=3C1C(C#N)(C#N)C2(C#N)C#N,441.15
10680,ClC1c2ccccc2C1=NNc1ccc([N+](=O)[O-])cc1[N+](=O)[O-],501.15
12450,O=C1C=CC2C3C=CC(C3)C12,329.15
23179,c1ccc2c(c1)ccc3c2cc4ccc5ccccc5c4c3,543.15
8681,B(O[Si](C)(C)C)(O[Si](C)(C)C)O[Si](C)(C)C,238.15
1170,C(C(=O)O)Oc1c(c(c(c(c1F)F)F)F)F,382.15
21955,NS(=O)(=O)c1cc2SCCC(O)c2s1,430.65
10374,s1c2sc(c(NC(=O)c3ccccc3)c2c(NC(=O)c2ccccc2)c1C(=O)OCC)C(=O)OCC,560.15
22551,CC1CCCC2(C)CC3OC(=O)C(=C)C3C=C12,349.15
6792,C(=O)(C(C(=O)N)(Br)Br)N,478.15
21435,O=C(COC(=O)c1ccccc1)N2CCCCCC2,380.65
18243,C1CCC2CCCCC2C1,242.85
277,CCCCBr,161.14999999999998
20176,ClCc1ccc2ccccc2c1,321.65
15946,CC1CC(C)CC(C)C1,165.74999999999997
19436,CC(C)(C)c2ccc3C(=O)c1ccccc1C(=O)c3c2,372.15
3121,c1cc(ccc1C(=O)CCC(=O)O)Br,420.15
8579,Cc1ccccc1P(c2ccccc2C)c3ccccc3C,398.15
17695,O=C3CCC2C1CCC4=CC(=O)CCC4(C)C1C(=O)CC23C,495.15
17416,CC(=O)Oc1cc(C)c(OC(C)=O)c2ccccc12,386.15
8339,c1ccnc(c1)C(=O)N,379.15
3406,c1c(cc(c(c1C(=O)O)O)Br)Br,499.15
15475,O=C(C)Oc1c(C)c(C)c(cc1C)OCC(O)CNC(C)C,379.15
13861,COc2ccccc2c1ccccc1,304.15
20924,CCB(Cl)CC,188.55
13128,CC(C)(C)CC(C)O,213.15
931,CCOc1ccccc1OCCBr,315.15
691,C[Si](C)(CC[Si](C)(C)Cl)Cl,310.15
19259,BrC(Br)C(Br)(Br)Br,329.65
6364,c1ccc(cc1)/C=C(C#N)/C(=O)O,448.15
18293,CCN(C(=O)N(CC)c1ccccc1)c2ccccc2,352.15
9021,O=[N+]([O-])c1ccccc1O,318.15
10273,O=C(OCC)CCCOc1ccccc1NC(=O)c1ccc2CC3(CCC(CC3)c3ccc(cc3)C(C)(C)C)Cc2c1,385.15
22861,[O-][N+](=O)c1ccc(N/N=C/C(C)C)c(c1)[N+]([O-])=O,459.65
16428,Cc2cc4ccccc4c1ccc3ccccc3c12,391.15
9141,Oc1c(cc(cc1C(C)(C)C)C(=Nc1ccccc1)Nc1ccccc1)C(C)(C)C,404.15
7108,CCOC(=O)c1ccc(cc1)OC,281.15
8975,CC34CCC1C(CCC2=CC(=O)CCC12C)C3CCC4O,426.15
4319,B(c1ccc(cc1)SC)(O)O,483.15
2965,c1ccc(c(c1)N)[N+](=O)[O-],345.15
3969,c1cocc1C(=O)O,395.15
4926,Cc1ccc(c(c1)[N+](=O)[O-])Cl,280.15
20860,O=[N+]([O-])c1ccc(C)cc1Cl,297.15
14616,O1CC1C2CC3OC3CC2,164.14999999999998
13971,O=C(N)c1ccc(Br)cc1,464.15
3092,c1ccc(c(c1)CCC(=O)O)Cl,369.15
12748,O=C1NCCC(=O)C1(CC)CC,375.15
18467,Nc1ccncc1N,493.15
15790,N=C(N)N(C)CC(=O)O,528.15
12515,O=C1C=CC(=O)C2C3C=CC(C3)C12,346.15
3982,Cc1c(cccc1O)C(=O)O,417.15
1404,C=CCOc1nc(nc(n1)OCC=C)OCC=C,300.15
6124,Cc1ccc2cc(ccc2n1)F,327.15
1094,C(C(C(C(CO)(F)F)(F)F)(F)F)O,351.15
17353,C1=CC=CCC1,184.15
15972,ClC3=C(Cl)C4(Cl)C2C(C1OC1(Cl)C2Cl)C3(Cl)C4(Cl)Cl,417.15
2843,COc1cc(ccc1O)O,362.15
4815,c1cc(ccc1O)Br,337.15
16473,O=C2NCNC2(c1ccccc1)c3ccccc3,456.15
5956,COc1ccc2c(c1)cc[nH]2,327.15
21066,Cc1ccc(O)c(Cl)c1C,300.15
19014,O=C2CCC1C3CC=C4CC(O)CCC4(C)C3CCC12C,413.65
13374,Cc1cc(ccc1)[N+](=O)[O-],289.15
21117,OC5OCC(Cc1ccc2OCOc2c1)C5Cc3cc4OCOc4cc3,404.65
18173,Oc1cc(Cl)c(Cl)cc1Cl,342.15
21419,Oc1ccc(cc1OC)C=CCO,347.15
18443,Ic1cc(CC(N)C(=O)O)cc(I)c1O,486.15
13179,Cc1cccc(C)c1N,285.15
12205,O=C1OCc2c1c(C)ccc2C,361.15
18286,O=C(Oc1cccc2cccnc12)c3ccccc3,392.15
14407,FC(F)(F)c1ccc(Cl)cc1,237.15
4686,c1c(cc(c(c1Cl)S(=O)(=O)Cl)Cl)Br,318.15
4922,c1cc(c(cc1O)[N+](=O)[O-])Cl,400.15
15833,N[C@H]3[C@H](O)[C@@H](O)[C@H](CN)O[C@@H]3O[C@H]2[C@H](N)C[C@H](N)[C@@H](O)[C@@H]2O[C@@H]1O[C@@H](CO)[C@H](O)[C@H]1O,466.65
6785,c1ccc(cc1)CC(=NO)Cc2ccccc2,396.15
5877,COc1cc(cc(c1O)Cl)C=O,437.15
9548,Brc1ccc(NN=C2SC(=N)NC2=O)cc1,557.15
16459,O=C(O)C1CCCC1,266.15
2345,COc1ccc(c(c1)Cl)O,315.15
8430,c1cc(ccc1C(=O)O)C(=O)OCCBr,446.15
4586,Cc1c(c(nc(n1)C)N)Cl,438.15
22053,O=C(c1coc(c1)S(=O)(N)=O)c2ccc(OC)cc2,454.15
14597,CC(=O)OC(C(=O)c1ccccc1)c2ccccc2,355.15
23056,O=[N+]([O-])c1ccc(C(=O)O)cc1,515.15
18907,Clc1cc(Cl)ccc1OCCCC(=O)O,391.15
8378,c1cc(cc(c1)OCC(=O)O)OCC(=O)O,467.15
21268,OC7C(O)C(O)C(CO)OC7OC(=O)C6(C)CCCC2(C)C6CCC51CC(=C)C(CCC12)(OC4OC(CO)C(O)C(O)C4OC3OC(CO)C(O)C(O)C3O)C5,471.15
17937,ClC=1C(=O)C(Cl)=C(Cl)C(=O)C=1Cl,563.15
21468,CC(=O)OCCOCn2cnc1c2N=C(N)NC1=O,515.15
6197,c1cc2c(cc1Br)CNCC2,307.15
13097,C[C@@H]1CCC[C@H](C)C1,197.15
14456,OCc2ccccc2O[C@@H]1O[C@H](CO)[C@@H](O)[C@H](O)[C@H]1O,472.15
15179,O[C@@H]1CC[C@H](C[C@H]1OC)/C=C(C)[C@H]2OC(=O)[C@@H]4CCCCN4C(=O)C(=O)[C@]3(O)O[C@H]([C@H](C[C@@H](C)CC(C)=C[C@@H](CC=C)C(=O)C[C@H](O)[C@H]2C)OC)[C@H](C[C@H]3C)OC,399.15
6401,CCCCCCCCCCCCCCCCCCCCCC(=O)O,349.15
5695,c1cc(c(cc1N)C#N)F,367.15
2941,B(c1ccc2ccccc2c1)(O)O,540.15
7381,CC(C)CC(=O)O,240.15
21148,Nc2cc3C(=O)c1ccccc1C(=O)c3cc2Cl,554.65
18004,C1CCCCN1,266.15
13834,O=[N+]([O-])c1cc(C)ccc1[N+]([O-])=O,329.15
5578,CC(C)(C)c1ccc(cc1)CBr,283.15
10338,ClC1(Cl)C(=O)C(Cl)(Cl)C2OC1C=C2C,363.15
9993,OC1(C#C)CCC2C3CCC4CC5(OCCO5)CCC4(C)C3CCC21C,471.15
7905,CN(C)Cc1ccccc1,198.15
19788,N#CCNCC#N,343.15
19098,Clc1c(OC)c(Cl)ccc1Cl,318.15
1048,c1ccc(c(c1)C(=O)N)OC(F)(F)F,427.15
6782,c1ccc(cc1)COC(=O)OCc2ccccc2,302.15
12662,O1CC(Oc2ccccc12)CNC(=N)N,437.15
19276,CN1CCC(CC1)(C(=O)OCC)c2cccc(O)c2,383.15
1609,c1cc(ncc1Cl)Cl,334.15
2415,c1cc(c(c(c1)Cl)CO)F,316.15
2017,c1cc(c(c(c1)Cl)C#N)N,408.15
2971,c1ccc(c(c1)[N+](=O)[O-])SCl,347.15
12317,O=C(OCC)NNC(=O)NCCCC,370.15
14038,Brc1ccc(cc1)C(=O)OC,354.15
13567,O=C(N)c1ccc(Cl)cc1,446.15
2931,CC1CCCCN1,269.15
15406,O=C(O)[C@@H](O)[C@@H](O)C(O)=O,442.15
21494,S=C1NCC(C=C)O1,323.15
16508,CCc1ccc(O)cc1O,371.65
17490,O=C1C=CC=CC=C1,266.15
13001,C[C@@H]1CCC[C@@H]1C,219.15
1814,Cc1cccc(c1NC(=O)C)C,454.15
14586,N#Cc1cccc(C#N)c1C,409.15
14448,OCCOCCOC,203.15
22523,CC(=O)OCC(=O)[C@@]3(O)CCC2C1CCC4=CC(=O)CCC4(C)C1C(=O)CC23C,495.15
11533,O=[N+]([O-])c1cc(CCOC(=O)c2ccccc2)c([N+](=O)[O-])cc1CCOC(=O)c1ccccc1,431.15
2123,Cc1cc(c(c(c1)Br)N)C,317.15
13704,Clc1ccc(OC(C)=O)cc1,282.15
19934,CC(C)CB(CC(C)C)CC(C)C,185.15
22923,C(C)(C)(C)OC(=O)N(NC(=O)OC(C)(C)C)C1=CC(=C(C=C1)OCCCCCCCC)OCCCCCCCC,329.15
17600,Cc1cc(C)c(O)cc1C,345.15
7701,C(SC#N)SC#N,378.15
20624,Clc2c(N)c(ccc2Oc1ccccc1)[N+]([O-])=O,354.65
17109,C=C1CC(=O)O1,266.65
18709,OC(=O)CNCP(=O)(O)O,462.65
9170,O=C1c2ccc(C#N)cc2[N+]([O-])=C1c1ccc(cc1)C1=[N+]([O-])c2cc(C#N)ccc2C1=O,633.15
808,CCOc1ccc(cc1)C(C)O,320.15
22535,Brc1ccc3CCc2cccc1c23,325.15
22426,O=S(N)(=O)c1cc(c(cc1Cl)N=CC=C(/C)O)S(=O)(=O)NCC=C,479.15
19669,BrCCOc1ccccc1,312.15
4906,B(c1ccc(c(c1)C)Cl)(O)O,513.15
3722,c1cc(cc(c1)Br)C(=O)NN,429.15
13122,CC(C)(C)C(C)(C)C,374.15
12734,S(Sc1ccc([N+](=O)[O-])cc1)c1ccc([N+](=O)[O-])cc1,455.15
3962,c1cc(cc(c1)F)O,285.15
20749,CCC(CC)c1ccncc1,398.65
2671,B(c1ccccc1C=O)(O)O,391.15
18786,ClC4=C(Cl)C5(Cl)C1C(C3CC1C2OC23)C4(Cl)C5(Cl)Cl,501.15
9417,O=C1C(=NNc2ccccc2)C(=O)C2(C)CCC1C2(C)C,390.15
18148,FC(F)(F)c1cc(O)ccc1,271.35
4552,CC(=O)Nc1ccc(cc1Cl)N,405.15
16991,c1cc(ccc1)c2ccncc2,350.65
6009,Cc1cc(cc(c1)[N+](=O)[O-])C,344.15
17831,O=C(O)CNCC(=O)O,520.65
5737,c1cc(c(cc1Br)O)Cl,330.15
8479,CO[Si](OC)(OC)OC,278.15
18437,O=C1CC(=O)NC(=O)N1,521.15
3164,CSCCC=O,215.15
6763,c1cc(sc1)SSc2cccs2,328.15
1657,Cc1ccc(c(c1)N)C,288.15
22552,O=C(CC(=O)OCC)C(C)C,264.15
7549,COc1cccc(c1[N+](=O)[O-])C(=O)OC,416.15
4266,c1cc(ccc1N2CCOCC2)[N+](=O)[O-],423.15
21952,NS(=O)(=O)c1cc2SCCC(=O)c2s1,486.65
16806,CC(O)CCCCCCCCCCC,296.15
23030,O=C(Nc1ccc(cc1)C(=O)O)C,533.15
5316,COc1ccc(cc1[N+](=O)[O-])C(=O)O,461.15
9673,FC(F)(F)C1=NNC(=O)C1=NNc1cccc(C)c1,428.15
22092,CC(O)CN(CC(C)O)C(=O)COC(=O)c1ccccc1,378.65
1001,c1ccc(c(c1)C(=O)O)OCC(=O)O,462.15
4198,C1CN2CCC1C(C2)O,494.15
2418,c1cc(c(c(c1)Cl)CC(=O)O)F,395.15
3575,c1cc(ccc1n2ccc(n2)N)Cl,381.15
17345,CC(C)C(Br)Br,283.65
9772,O=[N+]([O-])c1cc(NC(=O)C)c(cc1C=Cc1ccccc1)C=Cc1ccccc1,500.15
3558,Cc1c(cccc1OC(=O)C)C(=O)Cl,306.15
18929,O=P(O)(O)OP(=O)(O)O,334.15
12458,O=[N+]([O-])c1cccc(N)c1[N+](=O)[O-],395.15
3854,C(CCl)C(=O)Cl,241.15
4887,c1cc(c(cc1CO)C(F)(F)F)Cl,318.15
17141,Oc1ccc(Cl)cc1C=O,373.45
13058,Nc1ccc(N)cc1,415.15
22695,Fc3cccc(Cl)c3C=1OC(=O)c2ccccc2C=1,514.0
5313,CC(=O)c1ccc(c(c1)[N+](=O)[O-])OC,371.15
16223,Cc1ccc(Cl)c(Cl)c1Cl,316.65
19960,CCCCCCCCCCCCCCCCCC(=O)OCCCCCCCCCCCCCCCC,330.15
4524,CC(=O)c1ccc(cc1)S(=O)(=O)Cl,357.15
13699,Clc1ccc(NC(C)=O)cc1,451.15
4827,c1cc(ccc1S)Br,348.15
18930,O=C(O)c1ccccn1,409.65
807,c1ccn(c1)c2ccc(cc2)F,324.15
3907,c1cc(c(cc1C(=O)O)F)C(F)(F)F,448.15
14333,Clc1c(c(Cl)c(Cl)c(Cl)c1Cl)[N+]([O-])=O,414.65
19013,OC(=O)Cc1cccnc1,417.15
7023,CCOC(=O)c1ccc2cn[nH]c2c1,398.15
1956,COc1cccc2c1nc(s2)N,429.15
10637,O(CCC)c1ccc(N=Nc2ccc(cc2)CCCC)cc1,340.15
9343,O=C(COC(C)=C(C#N)c1ccccc1)c1ccccc1,384.15
15161,OCCN1C[C@H](O)[C@@H](O)[C@H](O)[C@H]1CO,387.15
11404,O=C1NC(=O)C(CC)(C(=O)N1)C1CCC(OC)CC1,513.15
21269,OC1C(C)OCC(O)C1O,385.15
2402,Cc1ccc(c(c1Cl)C=O)F,300.15
5184,c1cc(c(cc1O)C(F)(F)F)C(=O)O,433.15
17457,ClCCN(CCCl)c1ccccc1,318.15
14698,O=C(Cl)c1ccc(Cl)cc1,286.15
22491,Fc1c(F)c(F)c(F)c(N)c1F,308.65
21711,C=CC=CC#C,192.15
10283,Clc1[nH0]c(c[nH0]c1C(C)(C)C)C(=O)Nc1c(C)cccc1C,419.15
12719,c1ccc2c(c1)c1ccccc21,388.15
8095,CCCCCCCCCCCCCCCCCCCCCCCCCCCC,335.15
9890,O=C(O)C(=Cc1ccccc1)Cc1ccccc1,431.15
20342,CCSCCSCC,453.15
18323,CC(C)(C)C(=O)C2C(=O)c1ccccc1C2=O,382.15
17387,CC1CCCCC1C,223.25
15086,CC=1CCC[C@](C)(C)C=1/C=CC(C)=CC=CC(C)=CC(=O)O,462.65
20160,O=C(O)C[Si](C)(C)C,314.15
7566,COC(=O)c1ccc(cc1)C(F)(F)F,287.15
11126,BrC(N(O)c1ccccc1)C(Br)c1ccccc1,398.15
14719,O=[N+]([O-])c1ccc(cc1)C(Cl)=O,348.15
22614,CN1C3CC2CC1C(O)C3O2,381.65
5368,Cc1ccc(c(c1)[N+](=O)[O-])N,390.15
6928,CCCCCCOCCCCCC,230.15
9603,Clc1ccc(cc1)c1[nH0]c(sc1)C(=NNc1ccc(C)cc1)C#N,482.15
19213,Clc1ccc2oc3c(c2c1Cl)c(Cl)cc(Cl)c3Cl,483.15
8901,Cc1cccc(OCC(O)CNC(C)(C)C)c1C,330.15
20283,COc1ccc(CCCC(=O)O)cc1,330.65
11795,Oc1ccc(cc1)Cc1ccc(OCC#C)cc1,333.15
17369,CC1CCC(C)CC1,236.25
11268,O=C1N(N=C(C(=O)OCC)C1CC1C(=O)N(N=C1C(=O)OCC)c1ccccc1)c1ccccc1,452.15
7384,C=C(CC(=O)O)C(=O)O,440.15
19666,Oc1cc(Br)c(O)cc1,384.65
20657,Clc2c(C)c(Cl)ccc2OC(C)C(=O)Nc1ccccc1,419.65
18983,CN2C(=O)CCC2c1cnccc1,314.15
22773,[O-][N+](=O)c1cccc(c1)[C@]2(O)c3ccccc3C(=O)N2CC(=O)OC,431.0
9460,O=C(N)NN=C(Cc1ccccc1)CC(C)C,362.15
2462,c1ccc(c(c1)/C=C/[N+](=O)[O-])Cl,321.15
19886,c1ccccc1C2CC2,242.15
16652,C[C@@H]1CCC[C@@H](C)C1,183.05
12942,CC(C)[N+]([O-])=O,180.15
11708,O=C1NC(C)=C(C(=O)OC(C)(C)C)C(N1)c1occc1,481.15
16455,c1cc(ccc1)c2ccncn2,329.15
9454,FC(F)(F)C(=O)C(=NNc1ccc([N+](=O)[O-])cc1)C(=O)C,413.15
21236,CC(C)(C)C(C)(CC)CC,230.65
6509,c1ccc(cc1)c2cc(=O)c3c4ccccc4ccc3o2,437.15
589,CCC(CC)(CBr)CBr,313.15
13136,N#Cc1ccc(C)cc1,301.15
16549,Cc1ccc(C)c2cccnc12,277.65
8848,COC3CC1(C)C(CCC1(O)C#C)C4CCc2cc(O)ccc2C34,553.15
4624,c1ccc(cc1)COc2ccc(c(c2)F)C(=O)O,440.15
6845,CCOC(=O)c1ccc(cc1)C(=O)OCC,318.15
14343,Cc2cc1ccccc1n2C,329.65
18412,BrC(Cl)(Cl)Cl,267.45
10850,O=C1N2C=CC(C)CC2=Cc2ccccc12,362.15
8869,CN2C(=C(O)c1ccccc1S2(=O)=O)C(=O)Nc3ccccn3,471.15
19543,FC(F)(F)c1cccc(CC(=O)O)c1,350.15
9424,FC(F)(F)C1=NN(c2ccccc2)C(=O)C1=NNC=1C(=O)N(N(C)C=1C)c1ccccc1,459.15
5454,Cc1c[n+](ccc1[N+](=O)[O-])[O-],409.15
1449,Cc1cc(cc(c1C#N)Cl)Cl,353.15
19066,c1ccc3ccccc3c1Cc2ccccc2,332.65
15849,O=C(O)C=3N4C(=O)[C@@H](NC(=O)Cn1cnnn1)[C@H]4SCC=3CSc2nnc(C)s2,463.15
11454,O=C(OC)C#Cc1cccc(C#CC(=O)OC)c1,366.15
20110,C(CN1CCCCC1)N2CCCCC2,272.65
17280,Cc2cccc1cc3ccccc3cc12,358.65
9803,Brc1cc(C#CC(=O)O)cc(c1)C=CC(=O)O,434.15
1587,C1=C(C(=O)C=C(C1=O)Cl)Cl,433.15
6686,C1CCCCCC(CCCCC1)O,351.15
13558,c1cc(ccc1)c2ccccc2,342.15
18103,c1ccccc1Nc2ccc(cc2)/N=N/c3ccccc3,363.15
8806,FC(F)(F)c1ccc(cc1)C2CNC(=O)CO2,389.15
3961,c1cc(cc(c1)F)C(C(=O)O)O,369.15
8923,CCC(=O)N(C1CCN(CC1)CCc2ccccc2)c3ccccc3,356.15
6078,B(c1cnc(cc1C)Br)(O)O,437.15
17274,Cc1cc(C)ccc1C(O)=O,363.15
10956,O=[N+]([O-])c1ccccc1C(C)(C#N)C(=O)OCC,341.15
22333,CCC(CC)(CC)OO,275.65
4006,c1cc(cc(c1)O)C(=O)NN,431.15
4939,Cc1cc(c(cc1N=C=O)N=C=O)Cl,335.15
20996,Clc1ncc(CNC(=N/[N+]([O-])=O)NC)s1,449.95
18395,O=C2NC(=O)NC(=O)C2(CC=C)C1C=CCC1,412.65
5898,COc1ccc(cc1C#N)F,390.15
14365,C1CCOCO1,231.15
20452,BrCCCCCCCCCCCBr,439.15
14011,O=C(Cc1ccccc1)Cc2ccccc2,306.15
16968,c1cc(ccc1)c2cccnc2,437.15
11460,O=C1Nc2ccc(cc2CC1)CCC(=O)OC,407.15
13157,C=Cc1ccc(N)cc1,299.15
1260,B(c1ccnc(c1Cl)Cl)(O)O,410.15
14391,O=S(=O)(CCn1c(cnc1C)[N+]([O-])=O)CC,400.65
310,c1cc(c(cc1[N+](=O)[O-])Cl)Br,334.15
1716,c1cc(c(c(c1[N+](=O)[O-])Cl)C#N)Cl,381.15
2052,c1cnc(cc1CO)N,356.15
4668,CC(=Cc1cc(cs1)Br)[N+](=O)[O-],362.15
4298,CCOC(=O)c1ccc(cc1)N=C=O,303.15
3783,c1cc(c(cc1N)Cl)SC(F)(F)F,316.15
1008,c1ccc(cc1)P(c2ccccc2)c3ccccc3C(=O)O,451.15
7347,c1cnccc1C(=O)N,430.15
10377,O=C1N(N=C2Oc3ccccc3C=C21)C(=O)C,443.15
20531,CCCCCCCCCCCCCCCCCC[SiH3],302.15
9878,Clc1ccc(NN=C2C(=O)NN=C2C)cc1,489.15
13159,N#Cc1ccccc1O,367.15
2773,c1ccc(c(c1)N=C=S)I,311.15
13026,CC(C)OC(C)C,187.15
12948,CC(C)(C)S,274.15
16474,CC(C)c1cccc(C)c1O,258.65
1987,c1cc(c(cc1Cl)C#N)N,369.15
20037,O=S(=O)(NC(=O)Nc1nc(C)nc(OC)n1)c2ccsc2C(=O)OC,449.15
7279,C[Si](C)(C)N[Si](C)(C)C,195.15
2672,c1ccc(c(c1)C=O)OCC(=O)O,406.15
16260,Nc2cccc1c3ccccc3Cc12,398.65
9175,O=[N+]([O-])c1ccc2c([N+]([O-])=C(c3ccc(cc3)C3=[N+]([O-])c4cc([N+](=O)[O-])ccc4C3=O)C2=O)c1,567.15
17358,C=C=CCC,135.84999999999997
249,c1c(cc(cc1Br)Br)Cl,366.15
8185,Cc1ccccc1C(=O)NN,396.15
5884,CCc1ccc(nc1)C,202.15
20751,Nc1cc(O)c(Cl)cc1Cl,368.65
22632,O=C(O)[C@H]2c1ccccc1C(=O)CC2,368.0
6589,CCCC(=O)N,388.15
13780,COC(=O)c1ccccc1C(N)=O,373.15
20494,[O-][N+](=O)/N=C2NCCN2Cc1cnc(Cl)cc1,417.15
627,c1c(cc(c(c1F)[N+](=O)[O-])F)F,277.15
19309,OC(=O)CCOCC(CC)CC,305.65
13272,CC(C)CCCCCO,167.14999999999998
4765,COc1cc(ccc1Br)N,371.15
21630,Cc1c(C)c(/C=CC(C)=CC=CC(C)=CC(=O)O)c(C)cc1OC,502.15
16512,O=C2c1ccccc1C(=O)c3c2c(N)cc(OC)c3N,515.15
21073,O=C2CC3CCC1C4CCC(C)(O)C4(C)CCC1C3(C)CO2,509.65
19647,Nc1ccc(cc1)S(=O)(=O)Nc2ccc(cc2)S(N)(=O)=O,410.15
13782,O=C(C)Oc1ccccc1C(N)=O,411.15
12427,O=C1Oc2ccccc2C=C1C#N,450.15
6995,c1ccc(c(c1)CO)O[C@H]2[C@@H]([C@H]([C@@H]([C@H](O2)CO)O)O)O,472.15
19912,Clc1cc2C(=O)OC(=O)c2cc1Cl,461.15
6305,CC(OC)OC,160.14999999999998
21820,Clc1ccc(cc1)C=C3/CCC(C)(C)C3(O)Cn2cncn2,413.15
19304,CC(=O)CCCCCCCCCCCCC,312.65
19949,O=[N+]([O-])c1ccc(cc1)C(=O)c2ccccc2,411.15
12392,O=[N+]([O-])c1cccc(NC(=O)Nc2cccc([N+](=O)[O-])c2)c1,507.15
17570,CCCCCCCCCCCCCCCCCCCCCCCCCCCCCC(=O)O,366.75
19745,CC(C)(C)c1cc(cc(C)c1O)C(C)(C)C,324.15
15472,OCCSSCCO,299.15
10703,O=C(OC)C=1C(=NNC=1C)C,356.15
9220,O=C(N)NN=CC=C(C)C(C)(C)C,421.15
4247,c1cc(ccc1C(=O)c2ccncc2)Cl,381.15
22977,O=C(O)C(=O)CCC(=O)O,388.65
11273,O=C1N(N=C(C)C1Cc1ccccc1O)c1ccccc1,413.15
9107,s1cc([nH0]c1C(=NNc1ccc(O)cc1)C#N)c1ccc(OC)cc1,509.15
9497,O(C)c1ccccc1NN=C(C#N)c1[nH0]c2ccccc2[nH0]1C,474.15
17480,CC(C)CC(N)=O,410.15
11241,O=C(NNc1ccccc1)CCc1ccccc1,390.15
1273,Cc1ccc(c(c1F)F)C(=O)N,433.15
5698,c1cc2c(cc1N)nc([nH]2)S,515.15
7678,COC(=O)CS(=O)(=O)c1ccccc1,303.15
10988,O(C)c1ccc2c([nH0](C)c3CCCCc32)c1,369.15
9590,s1cc([nH0]c1C(=NNc1cc[nH0]cc1)C#N)c1ccc(OC)cc1,529.15
3358,c1cc(c(cc1C#N)[N+](=O)[O-])[N+](=O)[O-],363.15
16567,Cc1cc2ccc3ccccc3c2cc1,331.15
22243,CCOP(=S)(ON=C(C#N)c1ccccc1)OCC,279.25
19854,O=[N+]([O-])c2ccc(CCc1ccc(cc1)[N+]([O-])=O)cc2,454.15
15235,O=C(O)[C@@H]3[C@@H](O)C[C@@]2(O)C[C@@H](O)C[C@@H](O)[C@H](O)CC[C@@H](O)C[C@@H](O)CC(=O)O[C@@H](C)[C@H](C)[C@H](O)[C@@H](C)C=CC=CC=CC=CC=CC=CC=C[C@H](O[C@@H]1O[C@H](C)[C@@H](O)[C@H](N)[C@@H]1O)C[C@@H]3O2,443.15
6513,C1CCC(CC1)C2CCCCC2,277.15
16079,Oc1ccc(OCCC)cc1,329.65
4567,c1cncc(c1N)Br,340.15
13255,CC(C)(C)CC(C)(C)C,206.15
10848,O=C1N2CCc3ccccc3C2Cc2ccccc12,446.15
20396,Clc1nc(NCC)nc(NCC(=O)OCC)n1,501.15
1961,Cc1ccc(c(c1)N)O,409.15
4992,c1cc(ccc1S)Cl,323.15
4891,c1cc(c(cc1CC(=O)O)C(F)(F)F)Cl,356.15
14330,ClC=1C(Cl)=C(Cl)C(Cl)(Cl)C=1Cl,264.15
6226,c1cc(cc2c1ccnc2)O,500.15
20779,CC(Cl)C(Cl)CC,195.85
20481,CC(C)(C)c1nc(SCC(=O)OCC)n(n1)C(=O)N(C)C,326.15
1251,c1cc(c(c(c1)Cl)Cl)S(=O)(=O)N,493.15
3176,c1cc(cc(c1)N)C(F)(F)F,279.15
3359,Cc1ccc(c(c1)[N+](=O)[O-])[N+](=O)[O-],329.15
307,CCc1ccccc1Br,205.15
20742,OC2COC1C(O)COC12,335.65
21841,CC=2CN(/N=C/c1cccnc1)C(=O)NN=2,490.15
20601,O=C(OCCOCC)C(C)Oc1ccc(cc1)Oc2ncc(cc2Cl)C(F)(F)F,333.15
12580,c1ccc2cc(ccc2c1)c1ccc2ccccc2c1,460.15
22215,CCC(CC)C(=O)OCCOCCOCCC(=O)OC(CC)CC,263.15
22152,O=[N+]([O-])c1cc(ccc1)C(=O)N(NC(=O)c2ccccc2)C(C)(C)C,495.65
12225,O=C1CCC2C3CCC4CC(O)(CCC4(C)C3CCC12C)CC,388.15
1051,c1ccc(c(c1)OC(F)(F)F)S(=O)(=O)Cl,304.15
14519,O=C1C=C(Cl)C(=O)C=C1Cl,434.65
11410,N(c1ccc(cc1)c1ccccc1)=C(Nc1ccc(cc1)c1ccccc1)CNc1ccc(cc1)c1ccccc1,463.15
9221,S1C(=NN=Cc2ccccc2OC)N(N=C1C(=O)C)c1ccccc1[N+](=O)[O-],452.15
10234,O=C1C=C(NCc2ccc(OC)cc2)C(=O)c2ccccc12,437.15
4763,c1cc(c(cc1S(=O)(=O)N)F)Br,412.15
9062,O=C1N(CC)c2ccccc2C(O)=C1C=C1C(=O)NN=C1C=1C(=O)N(C)c2ccccc2C=1O,568.15
1874,CC(=O)c1cc2ccccc2o1,344.15
19134,O=C1CCCCCCCCCCC(=O)OCCO1,291.15
13682,O=[N+]([O-])c1ccccc1C(=O)O,421.15
22642,O=C(O)[C@H]2c1ccccc1C(=O)C2,386.0
5831,c1cc(c(cc1Cl)N)I,314.15
21221,CC(Cl)(Cl)CC,199.15
191,c1ccc(c(c1)[N+](=O)[O-])F,265.15
12901,CC(C)CC#C,168.14999999999998
13233,C1CCCCCCCC1,284.15
12629,Clc1ccc(cc1)C(=O)c1c2ccc(OC)cc2[nH0](CC(=O)O)c1C,515.15
4485,c1c(ncnc1Cl)Cl,339.15
9783,O=C(Nc1cc(NC(=O)C)c(cc1C=Cc1ccccc1)C=Cc1ccccc1)C,497.15
3924,COc1ccc(cc1F)S(=O)(=O)Cl,352.15
9940,O=C1CC2C(C)C(=O)C34C1C1(C)C(=O)CCC(C)(C)C1CC4OC(OC23)(C)C,470.15
22890,O=C4\C=C3/[C@@H]([C@H]2CC[C@]1([C@@H](CC[C@]1(C#C)O)[C@@H]2CC3)CC)CC4,509.15
19290,CCCCC(Cl)=O,163.14999999999998
18813,Oc1ccc(Cl)c2cccnc12,403.15
15198,Nc5ncnc1c5ncn1[C@@H]4O[C@H](COP(=O)(O)OP(=O)(O)OC[C@H]3O[C@@H](N2C=C(CC=C2)C(N)=O)[C@H](O)[C@@H]3O)[C@@H](O)[C@H]4O,414.15
16061,COc1c(cc(cc1OC)C(=O)NCCCCCC(=O)O)OC,395.15
3303,Cc1c(ccc(c1F)F)C(=O)O,427.15
15549,N#CC(C)(C)O,254.15
18074,Clc1ccc(/N=C=O)cc1,303.15
13304,c1ccc2CCCCc2c1,238.15
17888,O=S(=O)(NC(C)=O)c2ccc(NC(=O)c1ccccc1C(=O)O)cc2,469.15
1806,COc1cccc(c1OCC(=O)O)OC,354.15
3871,C1CC(CC=C1)C=O,275.15
3791,c1cc(c(cc1S(=O)(=O)N)Cl)F,382.15
22056,O=S(=O)(c1coc(c1)S(=O)(N)=O)c2ccc(C)cc2,458.15
14154,BrCCCCCCCCCCCCO,307.15
2786,c1nnc(s1)S,416.15
9259,O=C(N)NN=C(C)CC(C)c1ccc(C)cc1,419.15
1717,c1cc(nc(c1[N+](=O)[O-])Cl)Cl,337.15
2696,c1cc(c(c(c1)[N+](=O)[O-])O)C=O,383.15
1848,CC(=O)Nc1ccc(cn1)N,422.15
10623,O=[N+]([O-])c1cccc(N2C(=O)C3ON=C(C(=O)c4ccccc4)C3C2=O)c1,446.15
19064,OC(=O)c1cc(N)ccc1Cl,461.15
12852,O=C1CCC2(C)C(CCC3C4CCC(O)C4(C)CCC32)C1,394.15
6622,Cc1ccccc1P(c2ccccc2C)Cl,330.15
3435,c1c(cncc1Cl)Cl,338.15
16526,Brc1c(C)c(C)c(Br)c(Br)c1Br,535.15
6771,c1ccc2c(c1)CSc3ccccc3C2=O,360.15
20482,O=C(NN(C(=O)c1ccccc1)C(C)(C)C)c2ccccc2,451.65
6992,c1ccc(cc1)C[C@H](CO)N,365.15
19067,ClCC(=O)N(CC(=O)OCC)c1c(cccc1CC)CC,322.65
19357,O=P(C)(F)OC1CCCCC1,243.15
21354,CC=CC(=O)OC,231.15
21628,O=C(CCCCCCC/C=CC/C=CCCCCC)OC,238.15
11601,Clc1c(Cl)c(Cl)c2C(=O)c3cc(ccc3C(=O)c2c1Cl)C(OC(=O)C)OC(=O)C,445.15
1117,c1cc(ccc1C(=O)C(Br)Br)F,310.15
1756,c1c(nc(cn1)Cl)Cl,327.15
16881,OC2c3ccccc3CCc1ccccc12,365.15
6751,CCCCCCCCCC1CCCC(=O)O1,406.15
870,CC(C)(C)OC(=O)N1CCS[C@@H]1C(=O)O,365.15
9104,s1c(N=Nc2ccccc2)c([nH0]c1C(=NNc1ccc(OC)cc1)C#N)C,452.15
721,c1cc(c(c(c1)Cl)Cl)Cl,327.15
10997,O=C1CCN2CCCCC2C1,481.15
17270,Nc1cccc2ncccc12,383.15
20177,Oc1cc(O)cc(C)c1C(=O)OCC,405.15
21455,O=CC(Cl)=C(Cl)C(=O)O,400.15
8347,c1cc2c(nc1)nccn2,416.15
15588,CC=1C(=O)C(C)=C(C)C(=O)C=1C,384.65
10938,O[nH0]1c2ccccc2c(C#N)c1C,432.15
19474,OS(=O)(=O)c2ccc(Nc1ccccc1)cc2,479.15
19583,OCc1ccc(F)cc1,296.15
314,c1cc(c(cc1F)F)Br,269.15
22256,Clc1ccc(cc1)C(CCC)(Cn2cncn2)C#N,338.65
19452,BrCc1ccccc1CBr,368.15
20371,Nc1ccc(Cl)cc1C#N,370.15
5850,c1cc(c(cc1Cl)C(=O)O)[N+](=O)[O-],411.15
6129,c1cc(c(c(c1)F)C=O)O,311.15
5447,CC(=O)Nc1ccc(cc1C(F)(F)F)[N+](=O)[O-],421.15
3129,c1cc(ccc1CCC(=O)O)Cl,392.15
16279,Clc1cccc(C)c1NC(=O)CNCCCC,318.65
15632,C/C(C)=CCN1CC[C@@]2(C)c3cc(O)ccc3C[C@@H]1[C@@H]2C,419.45
18380,OC(CC(=O)OCCCC)(CC(=O)OCCCC)C(=O)OCCCC,253.15
910,CC1([C@@H]2CC[C@]1(C(=O)C2)CS(=O)(=O)Cl)C,339.15
3968,B(c1cccc(c1)C=O)(O)O,384.15
21704,CC/C(=CC)C(C)C(=O)CC,347.65
10165,Clc1ccc2oc3CCC(C)c4cc(oc4c3c2c1)C,366.15
336,CC(C)(C)OC(=O)N1CC(C1)O,313.15
21544,OC(=O)c1c(Br)cccc1Br,423.65
20001,Oc1ccc(cc1)CC(=O)NCCNCC(O)COc2ccccc2C#N,392.15
2985,c1ccc(c(c1)N=C=S)[N+](=O)[O-],348.15
10878,O=C1Cc2cc3OCOc3cc21,399.15
15916,OCC(=O)[C@H]4CC[C@@H]2[C@]4(C)C[C@H](O)[C@@H]1[C@@]3(C)CCC(=O)C=C3CC[C@H]12,418.15
11669,FC(F)(F)C(C(=O)Nc1ccc(OCCCC)cc1)C(F)(F)F,445.15
13907,O=S(N)(=O)c1ccc(Cl)cc1,418.15
11001,O=C1C=CC2=CC(=O)C=CC2=C1,405.15
4820,c1cc(ccc1CC#N)Br,320.15
16691,CCCC(=O)OCC=C,193.15
12100,ClCN1N=C(OC1=S)c1oc2ccccc2c1,573.15
16732,CCC1(O)CCCCC1,307.65
22071,OC(=O)C2CCCN2C(=O)COC(=O)c1ccccc1,389.65
7243,CCC1CCC(=O)O1,255.15
23297,CN(C)C(=O)NC1=CC=C(C=C1)Cl,447.15
14079,BrC(C)(CC)CBr,203.15
11874,S1c2[nH0][nH0]c([nH0]2NC1c1ccc([N+](=O)[O-])cc1)COc1ccccc1,457.15
14520,OC=1C(=O)C(Cl)=C(O)C(=O)C=1Cl,556.15
8263,c1c(cc(cc1O)O)O,491.15
18678,Oc1ccc(cc1)C(O)C(C)NC(C)COc2ccccc2,376.15
6855,CCCCCCOCCOCCO,233.15
8597,C1CCC(CC1)P(C2CCCCC2)C3CCCCC3,350.15
19936,O=C(C)CC(=O)OCC=C,188.15
6901,COC(=O)C(=O)OC,325.15
18050,C[Si]1(C)O[Si](C)(C)O[Si](C)(C)O[Si](C)(C)O[Si](C)(C)O[Si](C)(C)O[Si](C)(C)O1,247.15
9949,O=C1C(C)C2(O)CC(OC(=O)C)C3C1(C2O)C(O)CC1C(C)(C)CCC(OC(=O)C)C31C,507.15
16436,ClC(Cl)(Cl)CC(Cl)(Cl)Cl,246.15
1445,c1c(c(nc(n1)Cl)Cl)[N+](=O)[O-],303.15
19077,O=C(OC)C2C1C=CC(C1)C2C(=O)OC,311.15
14821,CC(O)CC,158.14999999999998
1695,c1ccc(cc1)COc2cccc(c2C#N)OCc3ccccc3,396.15
11084,Clc1ccc(O)c(c1)C(c1oc(C)cc1)c1oc(C)cc1,358.15
16152,Brc1c(c(Br)c(Br)c(Br)c1Br)c2c(Br)c(Br)c(Br)c(Br)c2Br,648.15
13383,OC(=O)c1ccc(N)cc1,462.15
17958,CCC(N)(CO)CO,310.65
1630,CC1=CCS(=O)(=O)C1,336.15
269,CCCCCCCCBr,218.15
1881,CC(=O)c1ccccn1,282.15
14523,CC(C)(C)c1cc(O)c(cc1O)C(C)(C)C,491.15
13900,OC(=O)c1ccc(Cl)cc1Cl,432.15
5074,CCN1CCOCC1,210.15
5509,B(c1ccc(cc1)CCCCCCCCC)(O)O,357.15
22117,O=C(c1ccc(Cl)cc1)N(NC(=O)c2ccccc2)C(C)(C)C,485.65
19404,O=C(CCCC)c1ccccc1,263.75
19868,O=C(O)c2ccc3c1ccccc1C(=O)c3c2,614.15
2535,CN(C)c1ccccc1C(=O)O,345.15
11069,Clc1ccc2oc3CCC(C)(c4cc(oc4c3c2c1)C)c1ccc(OC)cc1,417.15
21923,O=C(O)C=C(/C)C(=O)O,477.65
14680,O=C(CCCN(C)N=O)c1cccnc1,345.15
186,c1cc(ccc1F)I,253.15
11971,O=[N+]([O-])c1cccc(c1)c1oc(cc1)C=C1N=C(OC1=O)c1ccccc1,418.15
5558,c1ccc(cc1)NC(=O)NN,397.15
23008,ClCc1c(c(cc(c1C)C)C)C,342.65
20671,O=C1NC(CCCCCC(=O)O)SC1,412.65
6587,CCCC=O,174.14999999999998
17618,O=C(O)c1ccoc1,395.65
23441,CC1=CC(=NO1)NS(=O)(=O)C2=CC=C(C=C2)N,441.15
3915,c1cc(c(cc1C=O)F)O,396.15
446,C(CCN)CCN,282.15
22132,Cc2cc(C)ccc2C(=O)N(NC(=O)c1ccccc1)C(C)(C)C,468.65
14031,BrC(CC)CBr,208.15
17228,Clc1cc(cc(Cl)c1O)[N+]([O-])=O,400.15
7124,CCOC(=O)c1c(snn1)Br,350.15
2440,CC(=O)CC(=O)Nc1ccccc1Cl,378.15
3103,c1cc(cc(c1)O)C2CNCCN2,457.15
11088,S=C=Nc1cc(OC)c(OC)cc1C(c1oc(C)cc1)c1oc(C)cc1,364.15
7692,COC(=O)C(F)(F)F,195.15
6094,Cc1ccc(c(c1F)C#N)Cl,330.15
9486,s1cccc1C(=O)C(=NNc1c[nH0]ccc1)C(=O)C(F)(F)F,424.15
18537,O=S(=O)(Nc1ncc(cn1)OC)c2ccc(N)cc2,488.15
22717,Clc1nc(nc(c1)N2CCCCC2)SC,357.0
13223,CC(C)(C)C1CCCC1,177.14999999999998
16913,Oc1ccc(cc1)C2CCCCC2,406.15
687,CS(=O)(=O)Nc1ccccc1NS(=O)(=O)C,486.15
5208,c1ccc(cc1)c2ccc(c(c2)[N+](=O)[O-])O,340.15
17160,CCCCCCCCCCCCC#N,282.85
8417,C([C@@H]1[C@H]([C@@H]([C@H]([C@H](O1)O[C@]2([C@H]([C@@H]([C@H](O2)CO)O)O)CO)O)O)O)O,461.15
10345,O=C(OCC)c1[nH0][nH0](C[nH0]2[nH0]c(cc2C)C(=O)OCC)c(C)c1,403.15
4920,c1cc(c(cc1CO)[N+](=O)[O-])Cl,336.15
21963,CCCC(=O)n2ncc1c2ncnc1O,496.65
5462,c1cc(ccc1C(=O)N)[N+](=O)[O-],473.15
13757,Nc1ccc(cc1)C2CCCCC2,326.15
20853,O=C(O)CCCCCCBr,304.15
20518,N#CCC(CC)C#N,232.15
1289,c1cc(c(c(c1)F)F)CC(=O)O,391.15
12773,OC1Cc2cccc(OCC(O)CNC(C)(C)C)c2CC1O,397.15
21854,BrC(Br)(Br)C(Br)C3C(C(=O)OC(C#N)c2cccc(Oc1ccccc1)c2)C3(C)C,416.15
10692,BrCc1c(C)c(C)c(CBr)c(CBr)c1CBr,478.15
10335,S=C(N)[nH0]1[nH0]c(SC)c(c1N)C(=O)OCC,422.15
22968,C(C(=O)N)I,366.65
20326,BrC(Cl)C(Br)Cl,247.15
22393,OC(C(O)C(=O)OCC)C(=O)OCC,290.15
11905,O(C1=NC(=Nc2[nH0]c3ccccc3[nH0]21)c1ccccc1)c1ccccc1,520.15
23023,COC1=C(C=C(C=C1)C(=O)O)OC,454.15
15830,CSc3ncnc1c3ncn1[C@@H]2O[C@@H](CO)[C@H](O)[C@H]2O,437.15
15735,Oc1ccc(cc1OC)C([O-])=O,484.65
12158,OC1CCC2C3CCC4CCCCC4(C)C3CCC21C,439.15
18263,Cc1cc(C)ccc1S(O)(=O)=O,330.15
18814,Clc2cc(Cl)ccc2Cc1cc(ccc1O)C(C)(C)CC(C)(C)C,351.15
12453,O=C1Cc2ccccc21,287.15
6079,c1cc(ncc1c2ccc(nc2)Br)Cl,517.15
5457,c1cc(ccc1CS(=O)(=O)Cl)[N+](=O)[O-],365.15
19897,C=C(C)C(=O)NCO,236.15
11349,O=C1Nc2cc(ccc2CC1)CCC(=O)OCC,397.15
12057,O=C(Nc1ccc(C)cc1)c1cccc2ccccc21,447.15
18532,Cc2cc(NS(=O)(=O)c1ccc(N)cc1)nc(C)n2,516.15
4131,CC(=O)c1cccc(c1)[N+](=O)[O-],351.15
16351,Cc1cc(C)ccc1C(C)C,191.15
17420,Cc2cccc1c2cccc1C,355.15
15408,OC(C(O)CO)C(O)C(O)CO,441.15
19338,CC(C)(C)N(CCO)CCO,315.15
4134,c1cc(cc(c1)[N+](=O)[O-])C=O,331.15
17033,Cc3cccc2c3ccc1ccccc12,396.15
9275,O=C1C(C=NNC(=O)N)=C(C)C=CC1C(C)C,495.15
861,CC(C)C[C@@H](CC(=O)O)NC(=O)OC(C)(C)C,327.15
13404,CCCCCCCC(C)=C,209.15
16575,O=C3c2c(ccc1ccccc12)C(=O)c4ccccc34,443.15
1942,Cc1cc(nc(n1)N)C,426.15
10295,Clc1[nH0]c(c[nH0]c1C(C)(C)C)C(=O)Nc1cccc(C)c1,372.15
4331,CC(=O)c1ccc(cc1)C#Cc2ccccc2,374.15
14119,Ic1ccc(CC#N)cc1,321.15
3970,c1cocc1C#N,302.15
21048,O=C3C=CC=C2N3CC1CN(C)CC2C1,410.15
12851,O=C1CCC2C3CCC4CC(O)CCC4(C)C3CCC12C,447.15
13193,Cc1cc(O)ccc1C,336.15
2775,CC(C)I,183.15
4145,c1cc(cc(c1)[N+](=O)[O-])CCl,318.15
21417,CS(=O)c1ccc(cc1)/C=C3/c2ccc(F)cc2C(CC(=O)O)=C3C,456.15
2411,c1cc(c(c(c1)Cl)C(=O)N)F,414.15
17478,CC(N)CC(=O)O,466.15
15457,O=C1C(=O)N(CC)CCN1C(=O)NC(c2ccc(O)cc2)C(=O)N[C@@H]5C(=O)N4C(=C(CSc3nnnn3C)CS[C@@H]45)C(=O)O,442.15
1546,c1cc(c(cc1[N+](=O)[O-])[N+](=O)[O-])C(=O)O,454.15
6953,c1ccc(cc1)S(=O)c2ccccc2,344.15
3135,c1cc(ccc1CCC(=O)O)O,402.15
13232,Cc1ccc(Cl)cc1,280.15
15627,CC=2C=C(C1CCCCC1)N(O)C(=O)C=2,417.15
22596,COC(=O)c1ccc(C)cc1C,271.15
14715,Cc1cc(S)c(S)cc1,304.15
3805,COc1ccc(cc1Cl)C(=O)O,490.15
21984,CC(C)NC(=O)COC(=O)c1ccccc1,402.65
19160,Clc1cc2Oc3c(Cl)cc(Cl)c(Cl)c3Oc2cc1Cl,479.15
15160,O=C(Nc1cc(c(cc1)[N+]([O-])=O)C(F)(F)F)C(C)C,385.15
6774,B(c1cccc2c1oc3c2cccc3)(O)O,562.15
14062,Ic1cccc(O)c1,316.15
16848,ON=C(/C1CC1)C2CC2,349.65
17641,CN([N+]([O-])=O)c1c(cc(cc1[N+]([O-])=O)[N+]([O-])=O)[N+]([O-])=O,404.65
10020,O=C1C(=C)C2(OC(=O)C)CC(OC(=O)C)C3C11C2OC(OC1CC1C(C)(C)CCC(OC(=O)C)C31C)(C)C,494.15
18643,O=C(O)Cc1cc2N(C)c3ccccc3Sc2cc1,417.15
3327,CC(=O)c1ccc(c(c1)OC)OC,322.15
7382,CC(C)CC(=O)OC(=O)CC(C)C,208.15
1262,c1c(c(sc1S(=O)(=O)Cl)Cl)Cl,329.15
17359,O=C(CC(C)=O)OCCCC,237.55
19940,Oc1ccccc1S,278.65
13117,CC(=O)CCCCC,238.15
13455,Clc1ccccc1Cl,256.15
6582,c1ccc(cc1)C(=C(c2ccccc2)Br)c3ccccc3,387.15
18771,OC(CN1CCN(CC1)c2ccccc2)CO,378.15
5021,c1ccc(cc1)c2ccc(cc2)C#N,359.15
12583,O=[N+]([O-])c1cccc(c1C(=O)O)C(=O)O,485.15
14995,Nc1ccc(cc1)N(C)C,308.15
11413,N(c1ccc(C)cc1)=C(Nc1ccc(C)cc1)CNc1ccc(C)cc1,409.15
9802,BrC(c1cccc(c1)C=CC(=O)O)=C(Br)C(=O)O,487.15
18241,CC(=O)N(CCCC)c1ccccc1,297.65
4108,Cc1cccc(c1)C(=O)NCC(=O)O,412.15
5213,c1c(nc(nc1O)S)C(F)(F)F,524.15
3255,COc1cc(cc(c1OC)OC)N=C=O,313.15
7323,c1cc2cc[nH]c2c(c1)C=O,361.15
2690,COc1cc(cc(c1O)C=O)[N+](=O)[O-],413.15
14501,Brc1cc(Br)cc(Br)c1N,394.15
4627,COc1cc(ccc1C=O)OCc2ccccc2,369.15
20343,CCCCCCCCCCCCCCCCC#N,307.15
1319,Cc1c([nH]c2c1cccc2)C,379.15
16590,Clc1c([N+]([O-])=O)c(Cl)c(Cl)c(OC)c1Cl,376.15
5162,c1cc(sc1)C(=O)c2ccc(cc2)F,370.15
7226,c1ccc-2c(c1)Cc3c2c(ccc3)C(=O)O,465.15
19598,BrC=1C(=O)C(Br)=C(Br)C(=O)C=1Br,566.15
12192,O=C(c1ccccc1)c1ccccc1N=Nc1ccccc1C(=O)c1ccccc1,478.15
17519,O=CCC(O)C(O)CO,364.15
4529,CC(=O)c1ccc(cc1)OCC(=O)O,446.15
11667,FC(F)(F)C(C(=O)Nc1cc(ccc1OC)c1ccccc1)C(F)(F)F,484.15
12380,[nH]1c2ccc(N(C)C)cc2c(CC)c1C,373.15
9941,O=C(OC1CCCCCC1OC(=O)Nc1ccccc1)Nc1ccccc1,447.15
20901,O=C(CC(=O)OCCCC)OCCCC,190.15
18062,CC(C)CCOC(=O)CCC,199.95
6336,C(CCC(=O)NN)CC(=O)NN,454.15
6982,C([C@H](C(=O)O)O)C(=O)O,375.15
10066,O=C1CC2CCCCC2(C)C2CCC3(C)C(CCC3C(C)CCC(=O)O)C12,418.15
917,C[C@@]12CC[C@@H](C1)C([C@@H]2O)(C)C,314.15
18889,CCOc1ccc2nc3cc(N)ccc3c(N)c2c1,499.15
13288,CCC(O)CCCCC,228.15
570,C(CI)CI,253.15
17832,CC(O)(C)C#CC(C)(C)O,368.15
3414,c1c(cc(c(c1S(=O)(=O)Cl)O)Cl)Cl,352.15
21150,CC(C)C2CCC3(C)CC(O)C1(C)CCC23O1,387.15
14806,c1cc2c3ccc4cccc5ccc(cc2cc1)c3c45,449.15
7031,CCOC(=O)c1c(csc1N)c2ccc(cc2)OC,348.15
6837,CCOC(OCC)Oc1ccccc1,247.15
13878,OCc1ccc(Br)cc1,349.15
14026,Clc2cccc1cc3ccccc3cc12,350.15
14232,O[C@@H]2[C@@H](O)[C@@H]1O[C@H]8O[C@H](CO)[C@@H](O[C@H]7O[C@H](CO)[C@@H](O[C@H]6O[C@H](CO)[C@@H](O[C@H]5O[C@H](CO)[C@@H](O[C@H]4O[C@H](CO)[C@@H](O[C@H]3O[C@H](CO)[C@@H](O[C@H]2O[C@@H]1CO)[C@H](O)[C@H]3O)[C@H](O)[C@H]4O)[C@H](O)[C@H]5O)[C@H](O)[C@H]6O)[C@H](O)[C@H]7O)[C@H](O)[C@H]8O,563.15
2217,CCCCC(C(=O)O)Br,277.15
22281,Oc1cc(O)cc2C=CCCCC(=O)CCCC(C)OC(=O)c12,437.65
22038,C=CCN(CC=C)C(=O)COC(=O)c1ccccc1,315.65
2827,COc1ccc(cc1C#N)C(F)(F)F,305.15
20295,O=C1CCCN1CCCCCC,277.15
4996,c1ccc2c(c1)C(CCO2)O,313.15
17722,CCF,129.95
3262,COc1ccc(cc1OC)c2cc(=O)c3ccc(c(c3o2)OC)OC,480.15
20015,CC1(C)C=CC=C(C=C1)C(=O)O,361.65
6838,CCOC(=O)C(c1ccccc1)C(=O)OCC,289.15
21866,O=C(OCN1C(=O)CCC1=O)c2ccccc2OC(C)=O,390.65
5741,CCOc1ccc(cc1C=O)Br,342.15
650,COCCOC,204.15
11094,O=C(NCc1ccccc1C(c1oc(C)cc1)c1oc(C)cc1)C,338.15
18642,NS(=O)(=O)c2cc1c(CCCS1(=O)=O)cc2C,509.65
15407,NCC(=O)O,513.15
5395,Cc1ccc(cc1)C(c2ccccc2)O,325.15
7082,CCOC(=O)N1CCNC(C1)c2ccccc2,336.15
20787,O=C(O)C(C)CCCCCCCCCC,295.15
3521,c1c(cc(cc1[N+](=O)[O-])[N+](=O)[O-])C(F)(F)F,324.15
10922,[Si](C)(C)(C)C#CC1(O)Cc2ccccc21,320.15
20439,Oc1ccc(Cl)cc1CC=C,321.15
4478,c1ccc(cc1)P(c2ccccc2)c3cccc4c3Oc5c(cccc5P(c6ccccc6)c7ccccc7)N4,532.15
5660,c1cc2c(cc(c(c2nc1)O)Cl)Cl,454.15
9788,BrC([N+](=O)[O-])=Cc1cccc(c1)C=C(Br)[N+](=O)[O-],426.15
67,c1ccc(cc1)N2CCNCC2,291.15
10776,O1CCOC11Cc2ccccc2C2(OCCO2)Cc2ccccc21,417.15
13519,OCc1ccc(cc1)C(N)=O,408.15
19215,Clc2cc3oc1c(cc(Cl)cc1Cl)c3c(Cl)c2,450.15
17642,O=C(c1c(O)cc(cc1O)OC)c2ccccc2,403.65
3839,c1cc(cc(c1)Cl)C(=O)O,430.15
15715,O=C(O)C(CCC=C(/C)C)=C1[C@@H]2C[C@@H](O)[C@H]3[C@@]4(C)CC[C@@H](O)[C@@H](C)[C@@H]4CC[C@]3(C)[C@@]2(C)C[C@@H]1OC(C)=O,465.65
17375,Clc1ccc(OCC(=O)O)cc1Cl,412.15
8305,Cc1ccc(cc1)S(=O)(=O)N,411.15
919,CC1([C@H]2CC[C@@]1(C(=O)C2)CS(=O)(=O)Cl)C,339.15
10701,ClCc1c(C)ccc2c1ccc(C)c2CCl,501.15
165,CCCCCCN,254.15
20973,O=S(=O)(c1ccc(C)cc1)C2(CCCC2)C(=O)OC(C)C,345.65
19116,CNC(=O)Oc1ccccc1OC(OC)CCl,353.15
6644,c1ccc2c(c1)c(=O)c(co2)C=O,425.15
14334,Fc1cc(F)c(F)c(F)c1F,225.15
16285,O=C(O)c1cc2ccccc2cc1N,489.65
14282,CC(=O)[C@@]3(OC(C)=O)CC[C@H]2[C@@H]4C[C@H](C)C1=CC(=O)CC[C@]1(C)[C@H]4CC[C@@]23C,481.15
4594,c1cc(ccc1C(=O)O)N,461.15
10698,O=C(OC)[nH0]1[nH0]c(C)cc1,306.15
13299,O=Cc1ccc(C#N)cc1,375.15
2850,COc1ccccc1CC#N,341.15
12638,s1c2ccccc2c(CC2=NCCN2)c1C,429.15
23391,CCC1(C(=O)NC(=O)NC1=O)C2=CC=CC=C2,449.15
4460,c1c(c(cc(c1F)F)O)C#N,435.15
20355,Clc1ccc(CC(C)(C)O)cc1,307.15
14908,FC(F)F,113.14999999999998
6623,C(Cl)(Br)Br,251.15
9306,O=[N+]([O-])c1ccc(NN=C2Cc3cccc(C)c32)c([N+](=O)[O-])c1,501.15
21651,O=[N+]([O-])c2ccc(/C=N/NC(=O)c1ccc(O)cc1)o2,571.15
8490,c1ccc(cc1)c2c(c(sc2c3ccccc3)c4ccccc4)c5ccccc5,455.15
9867,O=[N+]([O-])c1ccc(cc1)C=CC(=O)c1ccccc1,434.15
2735,c1ccc(cc1)C(=O)c2ccccc2O,312.15
5669,CC(=O)c1ccc2c(c1)CCO2,331.15
12031,Clc1ccccc1C(=O)c1cc(OC)c(OC)cc1[N+](=O)[O-],395.15
22321,Oc2cc(O)ccc2/N=N/c1ccc(cc1)[N+]([O-])=O,473.15
2378,c1cc(c(cc1I)C(=O)O)Cl,432.15
15623,CCC(=O)N(c1ccccc1)C2(COC)CCN(CC2)CCN3N=NN(CC)C3=O,413.95
4172,B(c1cccc(c1)Oc2ccccc2)(O)O,414.15
12391,O=C(OCC(OC(=O)C)C(OC(=O)C)C(OC(=O)C)C(OC(=O)C)C(=O)O)C,383.15
12742,Clc1ccc(O)c([N+](=O)[O-])c1,362.15
16103,Clc1cc(OC)c(OC)c(Cl)c1Cl,339.15
19224,NC(=O)C3(CCCNC(C)C)c1ccccc1c2ccccc23,367.65
14010,C=CCCCCCCCCCCCCC,269.15
365,C1C2CC3CC1CC(C2)(C3)CCO,347.15
2103,c1cc(c(cc1C(=O)CBr)Cl)Cl,330.15
689,c1ccc(cc1)P(c2ccccc2)c3ccccc3P(c4ccccc4)c5ccccc5,460.15
18221,Brc1ccc(cc1)c2ccccc2,364.65
21629,Clc1cc(C(=CCl)OP(=O)(OC)OC)c(Cl)cc1Cl,369.15
9732,O=C(C=CO)CCc1ccccc1,423.15
5710,c1cc2c(cc1N)CCC2,308.15
16034,O=C=Nc1cccc(c1)/N=C=O,323.15
15228,O=S(CC(N)=O)C(c1ccccc1)c2ccccc2,438.15
1093,C(C(C(C(C(CO)(F)F)(F)F)(F)F)(F)F)O,342.15
18965,O=C,181.15
6718,C1CCCC1,179.14999999999998
23314,C1=CC(=CN=C1)C(=O)O,509.75
15899,Clc1cc(OP(=S)(OC)OC)c(Cl)cc1Cl,314.15
16544,O=C(CCC)OCCCCCC,195.15
203,CCc1ccc(cc1)C#Cc2ccc(cc2)OC,308.15
21044,O=[N+]([O-])c1cc(ccc1Br)C(=O)O,476.65
22259,O=C(OCC)c1ccccc1S(=O)(=O)NN(C=O)c2nc(cc(Cl)n2)OC,454.15
4933,c1c2c(cc(c1[N+](=O)[O-])Cl)C(=O)NC2=O,474.15
10006,O=C(OC)C(C)(C)C1=CCC2(C)C(CCC3C4CCC(O)C4(C)CCC32)C1,423.15
23452,CC1=C(ON=C1C)NS(=O)(=O)C2=CC=C(C=C2)N,467.15
1230,c1cc(c(nc1)C(F)(F)F)C(F)(F)F,271.15
15796,Oc1ccc(cc1)C3(OC(=O)c2ccccc23)c4ccc(O)cc4,535.65
7957,CC(C)(C)OC(=O)N[C@H](Cc1ccccc1)C(=O)O,360.15
22428,CC(=O)C3(O)CCC2C4C=CC5=CC(=O)C1CC1C5(C)C4CCC23C,473.65
21017,C=C(C)C4CCC5(CO)CCC3(C)C(CCC2C3(C)CCC1C2(C)CCC(O)C1(C)C)C45,523.15
20031,O=C(O)CC(Br)C(=O)O,434.15
4251,c1cc(ccc1C(=O)c2ccncc2)F,359.15
15020,NC(=O)c1cccnc1,403.15
13440,O=C(C)OCCCCCC,193.15
12226,FC(F)(F)C(C(=O)Nc1cccc([N+](=O)[O-])c1)C(F)(F)F,473.15
19109,O=C1C=C/C(=NC(C)=O)C=C1,347.65
4334,CC(C)(C)Oc1ccc(cc1)O,425.15
10744,O=C(O)C1Cc2cc3OCOc3cc21,423.15
22925,C(C)(C)(C)OC(=O)N(NC(=O)OC(C)(C)C)C1=CC(=C(C(=C1)SCCCCCCCCCC)SCCCCCCCCCC)SCCCCCCCCCC,323.65
16767,OCc1ccc(Cl)cc1Cl,332.65
13680,CCCCCCCCCCC#N,267.15
7485,COc1ccc(cc1C(=O)OC)[N+](=O)[O-],374.15
12945,CC(C)CS,128.14999999999998
4886,c1cc(c(cc1C#N)C(F)(F)F)Cl,339.15
857,CCC(C)[C@H]1C(=O)OC(=O)N1,339.15
16754,c1cc(ccc1c2ncc(o2)c3ccccc3)c4ncc(o4)c5ccccc5,518.15
6539,c1cc(ccc1SCSc2ccc(cc2)Cl)Cl,320.15
18945,NC(=O)CCCCC1CCSS1,401.15
22539,Fc1cc(F)c(F)c(F)c1,225.15
12682,c1ccc2c(c1)CCc1ccccc12,307.15
10539,O=C1N(C(=O)C2C(=NOC12)C(=O)c1ccccc1)c1ccc(OC)cc1,439.15
8841,CCN(CC)CCNC(=O)c1cc(Cl)c(N)cc1OC,420.15
6859,c1cc(oc1)CSCc2ccco2,304.15
10973,O=[N+]([O-])c1cc2OCCOc2cc1C(c1oc(cc1)CC)c1oc(cc1)CC,359.15
19461,O=C(Oc1ccc2ccccc2c1)c3ccccc3,380.15
10625,Clc1cc(Cl)c(N=Nc2c3N=C(C)C=C([nH0]3[nH0]c2N)C(F)(F)F)c(Cl)c1,463.15
954,c1ccc(cc1)COc2ccc(cc2)CCO,359.15
7404,c1cc(cc(c1)O)C[C@@H](C(=O)O)N,538.15
5944,CC(C)c1cc(n[nH]1)C(=O)O,428.15
16999,O=C1CCCCCCCN1,351.15
18959,O=CC(=O)O,371.15
53,c1ccc(cc1)C(c2ccccc2)(c3ccccc3)n4ccnc4,495.15
6410,c1ccc(cc1)S(=O)(=O)O,321.15
3516,c1c(cc(c(c1[N+](=O)[O-])O)[N+](=O)[O-])C(=O)O,524.15
11748,OC(C)C(O)c1ccc2cc(OC)ccc2c1,388.15
489,c1cc(c(cc1Cl)F)Cl,277.15
13145,O=C(OCC)OCC,230.15
15935,O[C@@H]1CC(=O)[C@H](C/C=CCCCC(=O)O)[C@H]1/C=C/[C@@H](O)CCCCC,340.15
18196,Nc1ccc(cc1)C(=O)OCCC,348.15
21217,CC(C)(C)C(C)N,253.15
17374,O=[N+]([O-])OCCN(CCO[N+]([O-])=O)CCO[N+]([O-])=O,381.15
23085,O=C(Nc1ccccc1)C,387.45
20038,C[Si](Cn1cncn1)(c2ccc(F)cc2)c3ccc(F)cc3,327.15
11705,O=C1NC(C)=C(C(=O)OCc2ccccc2)C(N1)c1occc1,468.15
2972,c1ccc(c(c1)[N+](=O)[O-])S(=O)(=O)N,464.15
21707,CC=CC(=O)OC2CC4OC1C=C(C)C(=O)CC1(C)C2(C)C34CO3,391.15
2942,c1ccc2cc(ccc2c1)C(=O)O,457.15
3163,CSc1cccc(c1)CC(=O)O,352.15
2618,c1cc(c(cc1I)C#N)F,345.15
8235,c1ccc2c(c1)Nc3ccccc3O2,429.15
11618,Clc1cc(c([N+](=O)[O-])cc1[N+](=O)[O-])C(c1ccccc1)C(=O)c1ccccc1,404.15
11763,BrC1C(=O)CCC2(C)C1CCC1C3CCC(C(C)CCC(=O)O)C3(C)CCC12,463.15
11577,O=C(Nc1ccccc1c1o[nH0]c(c2ccccc2)c1c1ccccc1)C,463.15
2854,CCC(=C)C,136.14999999999998
3439,B(c1cc(cc(c1OC)F)F)(O)O,387.15
1892,c1ccc(c(c1)C(=O)c2cc(ccc2N)Cl)Cl,361.15
22727,O=C2C4=C(C(=O)c1ccccc12)C3(CC3)C45CC5,376.5
15768,OCC(=O)[C@@]4(O)CC[C@@H]3[C@]4(C)C[C@H](O)[C@H]2[C@H]3CCC1=CC(=O)C=C[C@@]12C,508.15
13006,N#CCC(=O)OC,260.15
11767,O=C1CC2CC(OCCC)CCC2(C)C2CCC3(C)C(CCC3OCCC)C12,434.15
17889,O=C(O)c1ccccc1C(=O)OC(C)(C#C)CC,370.15
670,CCC(CBr)Br,208.15
22842,O=C(O)[C@@]2(C(=O)OC)[C@@H]1CCC[C@@H]12,410.4
15240,O=P(O)(O)OP(=O)(O)OP(=O)(O)OC[C@H]3O[C@@H](n2cnc1c(N)ncnc12)[C@H](O)[C@@H]3O,449.15
14896,C=COCC,158.14999999999998
9471,O=C(C=Cc1ccc(N)cc1)c1ccccc1,424.15
20540,Clc1cc(cc(Cl)c1Cl)[N+]([O-])=O,345.65
897,COc1ccc(cc1OC)SCC(=O)O,375.15
3306,c1cc(c(cc1N)F)F,294.15
8026,CCNc1ccccc1,209.15
10858,O=C1Cc2c1c1CC(=O)c1c(C)c2C,434.15
2890,Cc1nc2cc(ccc2s1)[N+](=O)[O-],406.15
14394,OCCCCCCCCCCc1ccccc1,309.15
23169,O=C[C@H](O)[C@@H](O)[C@@H](O)[C@H](O)CO,440.15
8397,CCC(C)c1ccccc1,198.15
14005,O=C2c1ccccc1C(=O)c3ccccc23,557.15
16386,CCC(C(C)CC)C(N)=O,386.9
14162,Ic1cc(Cl)cc(Cl)c1,329.15
11996,s1cccc1C=C1N=C(OC1=O)c1ccccc1,440.15
634,c1c(cc(cc1C(=O)Cl)C(=O)Cl)C(=O)Cl,309.15
12508,Nc1ccccc1Cc1ccccc1N,328.15
16915,CCc2cccc1ccccc12,259.25
21863,CC(=O)Nc1ncc2ncn(COCCO)c2n1,454.15
21904,F[Si](F)(F)OCC,151.14999999999998
6476,c1ccc(cc1)COC(=O)N,360.15
15169,OCC(=O)[C@]3(O)[C@@]4(C)C[C@H](O)[C@@]2(Cl)[C@@H](CCC1=CC(=O)C=C[C@@]12C)[C@@H]4C[C@@H]3C,391.65
4177,c1ccc(cc1)OCCC(=O)O,371.15
21676,O=P(OC)(OC)OC(/C)=C/C(=O)OC,287.1
23158,C1(CCCCC1)C(=O)O,303.15
11064,Clc1ccc2oc3CCC(C)(c4cc(oc4c3c2c1)C)c1ccccc1OC,471.15
10531,s1c2ccccc2[nH0]c1C1=C(OC(C)=C(C(=O)OCC)C1c1ccc(N(C)C)cc1)N,488.15
5991,Cc1ccc(c(c1)C(=O)O)O,426.15
22058,O=S(=O)(c1coc(c1)S(=O)(N)=O)c2ccc(O)cc2,448.15
18949,OC1C(O)C(C)OC(O)C1O,412.65
2581,Cc1cccc(c1F)C(=O)O,388.15
21507,OCC(=O)C(O)C(OC1OC(CO)C(O)C(O)C1O)C(O)CO,442.15
11999,N=1CCN=C2C=1c1cccc3cccc2c13,368.15
8385,c1ccc(c(c1)/C=N/N)O,370.15
18991,O=C(O)CCC(C)C2CCC1C3C(O)CC4CC(O)CCC4(C)C3CC(O)C12C,471.15
10674,Clc1[nH0]c(N)[nH0]c(C)c1CCCC,435.15
9447,O=C(Nc1cccc(c1)C=CC(=O)c1ccccc1)C,377.15
2104,c1c(cc(c(c1C(F)(F)F)Br)N)C(F)(F)F,308.15
22694,Brc4cc3c(N2Cc1c(c(Br)cc(Br)c1)N(C2)C3)c(Br)c4,498.33
20261,FC(F)(C(F)(F)C(F)(F)C(F)(F)C(F)(F)C(F)(F)C(F)(F)C(F)(F)F)S(=O)(=O)NCC,369.15
3764,c1cc(c(c(c1)Cl)F)C#N,315.15
4234,COCCc1ccc(cc1)O,317.15
4994,CCCCC(=O)c1ccc(cc1)Cl,304.15
5057,B(c1ccc(cc1)OCC)(O)O,440.15
17042,O=C1OC(=O)C3C1C2CC3C=C2,437.65
4434,c1ccc(cc1)c2ccc(cc2)C(=O)c3ccc(cc3)c4ccccc4,511.15
11676,FC(F)(F)C(C(=O)NC(C)c1ccccc1)C(F)(F)F,410.15
717,c1c(c(cc(c1Cl)Cl)Cl)Cl,413.15
3816,c1cc(c(cc1S(=O)(=O)Cl)Cl)[N+](=O)[O-],311.15
6773,c1ccc2c(c1)c3ccccc3o2,354.15
11186,BrC(c1ccccc1)C1OC(=O)C2(C)CCC1C2(C)C,414.15
10738,ClC1(Cc2ccccc21)c1ccccc1,333.15
14671,CC=4N(C)N(c1ccccc1)C(=O)C=4CC=3C(=O)N(c2ccccc2)N(C)C=3C,428.15
9813,ClC(=Cc1ccccc1)c1cc2c([nH0](c(c3ccccc3)c2OC(=O)C)C(=O)C)cc1[N+](=O)[O-],331.15
23248,c1(c(c(c(c(c1C)C)C)C)C)C,437.15
22201,Oc1c(O)c(Br)c(C(=O)O)c(Br)c1O,423.15
9288,O=[N+]([O-])c1cc([N+](=O)[O-])c(cc1CC(=O)OCC)C(=NNc1ccccc1)C(=O)OCC,428.15
6811,CCOP(=O)(CN1C(=O)c2ccccc2C1=O)OCC,335.15
3893,CCc1c(c(on1)C)C(=O)O,396.15
9359,O=C(N)NN=C(OC(=O)C)C=Cc1ccccc1,447.15
15129,FC(F)(F)C(=O)OC(=O)C(F)(F)F,210.15
10655,Clc1ccc(OC(=O)c2ccc(Oc3ccc(cc3)C(=O)Oc3ccc(Cl)cc3)cc2)cc1,422.15
3700,c1cc(c(cc1C(=O)O)Br)[N+](=O)[O-],475.15
7374,c1ccc2c[n+](ccc2c1)[O-],377.15
18172,CC1OC(=O)C(C)OC1=O,390.65
6314,CC(=O)C,179.14999999999998
12816,Fc1cc2c(N(C=C(C2=O)C(=O)O)C2CC2)cc1N1CCNCC1,539.15
3645,c1ccc(cc1)C(=O)CC(=O)C(F)(F)F,312.15
18160,O=[N+]([O-])c1cc(ccc1Cl)C(=O)O,455.95
192,c1ccc(c(c1)F)I,231.15
13414,Cc1cc(Cl)c(N)cc1,280.15
816,CC(c1ccc(cc1)N)O,343.15
22611,Cc1ccccc1N(C)C(C)=O,328.65
15810,[O-]C(=O)/C=C/C([O-])=O,560.15
6160,Cc1ccc2c(c1[N+](=O)[O-])cccn2,390.15
15641,O=[N+]([O-])c1ccc(cc1)C(O)C(CO)NC(=O)C(Cl)Cl,423.65
19071,Brc1ccc2Oc3cc(Br)ccc3Oc2c1,466.15
4390,CC(CCC(=O)O)(c1ccc(cc1)O)c2ccc(cc2)O,446.15
11164,S=C(Nc1ccccc1)N1CC(CC1c1ccccc1)c1ccccc1,461.15
4927,c1cc(c(cc1C(=O)O)S(=O)(=O)N)Cl,531.15
5552,c1ccc(cc1)CCCC(=O)O,324.15
10799,O=C(OC(C)(C)C)C(c1ccccc1)C(=O)Cc1ccccc1,356.15
21402,Clc1ccccc1NC(N)=S,419.15
238,CCCCCl,150.14999999999998
12207,O=C(OC)CC(C)CCC1C(O)(C)CCC2C(C)(C)CCCC21C,343.15
22657,O=C(N4C(=O)[C@@]2(O[C@@H]3OC(=N[C@]23c1ccccc1)C)c5ccccc45)C,424.0
11169,O=C(O)C1C(CC(O)c2ccccc2)C2CCC1(C)C2(C)C,392.15
19504,O=S(N)(=O)c1cc(c(N)cc1Cl)S(N)(=O)=O,527.65
4236,CC(C)(C#Cc1ccccn1)O,356.15
5618,CCN(CC)c1ccc(cc1)C=C2C(=O)NC(=S)S2,436.15
20035,Clc3ccccc3c1nnc(nn1)c2ccccc2Cl,455.15
8640,C[Si](C)(C)N=C=O,224.15
5097,Cc1cc(ccc1S(=O)(=O)N)F,454.15
14665,Cc1cc(cc(Br)c1O)C3(OS(=O)(=O)c2ccccc23)c4cc(C)c(O)c(Br)c4,514.15
2242,c1c(sc(n1)Br)C(=O)O,455.15
19575,Cc1ccc(F)cc1[N+](=O)[O-],300.15
3552,CC(C)(CO)C1OCC2(CO1)COC(OC2)C(C)(C)CO,472.15
22284,Oc2cc(ccc2/C=C/c1ccc(cc1)C(=N)N)C(=N)N,508.15
8328,c1cc2ccc3cccc4c3c2c(c1)cc4,423.15
5628,CCSc1[nH]nnn1,349.15
10602,Fc1ccc(N2C(=O)C3ON=C(C(=O)c4ccc5ccccc5c4)C3C2=O)cc1,467.15
4507,CC(=O)Nc1ccc(cc1[N+](=O)[O-])C(=O)O,499.15
21646,CC=NO,318.15
12174,O=C1CC2C(CCC3CCCCC32C)C2CCC(C(C)CCC(=O)OC)C12C,382.15
14453,CC1(N=C(NC1=O)c2ncccc2C(=O)O)C(C)C,444.65
16530,CC(C)(N=C=O)c1cccc(c1)C(C)(C)N=C=O,263.15
15093,ClS(=O)(=O)O,193.15
20228,c1ccc2NCCNc2c1,372.15
2294,Cc1cc(nc(c1C#N)Cl)C,372.15
11803,O=CNC(c1ccccc1)C(O)c1ccccc1,478.15
23313,O=C(OCC(c1ccc2c(c1)ccc(OC)c2)C)C,334.15
21635,CC(C)C(CC)/C=C/C(C)C2CCC1C3=CCC4CC(O)CCC4(C)C3CCC12C,441.65
14318,FC(F)(F)CC(F)(F)F,175.14999999999998
19979,CCCCCCCCCCCCCCCCC=O,309.15
8690,c1ccc2c(c1)c(c[nH]2)CCN,387.15
7081,CCOC(=O)CCOc1ccccc1,296.15
4733,Cc1cc(ccc1N)Br,331.15
8912,CCCC1C(=O)N3N(C1=O)c2cc(C)ccc2N=C3N(C)C,501.15
13045,Cc1cc(N)ccc1,243.15
19516,c1ccc2Oc3ccccc3Nc2c1,429.15
22536,Brc1ccc(cc1)N(CC)CC,311.15
11281,BrC(c1ccccc1)=C(Br)C(Br)=C(Br)c1ccccc1,509.15
14955,CN,180.15
22538,O=C(CNc1ccccc1)OCC,331.15
16980,CCC(C(=O)O)c1ccc(cc1)c2ccccc2,397.15
22441,CC(CC)C(=O)NC2CCC(=O)N(CCc1ccccc1)C2=O,381.65
11510,O=[N+]([O-])c1ccc2c([N+]([O-])=C(c3cccc4ccccc43)C2=O)c1,496.15
5520,CCCCCOc1ccc(cc1)C(=O)O,396.15
18031,CC(C)CC(C)OC(=O)C,209.15
11821,S1CN(C[nH0]2c1[nH0][nH0]c2c1c[nH0]ccc1)c1ccccc1C,475.15
2700,COc1cc(c(c(c1)OC)C(=O)O)O,434.15
1700,c1c(cc(c(c1Br)N=C=O)Br)F,317.15
13596,O=C(O)CCCCCCCC,285.15
19157,[O-][N+](=O)c3ccc2C(=O)c1ccccc1C(=O)c2c3[N+]([O-])=O,614.15
6968,Cc1ccc(cc1)S(=O)(=O)c2ccc(cc2)C,430.15
23442,O=S(=O)(Nc1nnc(OC)cc1)c2ccc(N)cc2,455.65
16322,O=[N+]([O-])c1cc(Cl)cc(c1N)[N+]([O-])=O,420.15
6219,c1cc2c(cc1O)NC(=O)CC2,505.15
19954,Oc1c(cc(Cl)cc1Cl)C(=O)Nc2ccc(Cl)cc2,415.65
86,CCCCCCCCCCCCCCCCCCS,305.15
21322,CC1c2cc(OC)c(OC)c(O)c2CCN1C,424.65
21298,CC(=O)OCC(=O)C4(O)CCC3C2CC(C)C1=CC(=O)C=CC1(C)C2C(O)CC34C,479.65
18978,O=C(O)C1CCC(=O)N1,457.85
15346,O=C(O)c1ccccc1c2ccc(cc2)Cn3c4cc(cc(C)c4nc3CCC)c6nc5ccccc5n6C,535.15
17413,Cc1cccc2ccc(C)cc12,259.25
136,COc1cccc2c1cccc2,278.15
6972,CC(C)(C)OC(=O)CC(=O)OC(C)(C)C,267.15
11087,S1C(=Nc2cc(OC)c(OC)cc2C1c1oc(C)cc1)c1oc(C)cc1,421.15
19238,CC1(N=C(NC1=O)c2nc3ccccc3cc2C(=O)O)C(C)C,494.15
15721,O=C1CC[C@H]5[C@H]2Cc4ccc(OC)c3O[C@@H]1[C@]5(CCN2C)c34,471.15
1200,COc1ccc(c(c1OC)OC)C#N,329.15
6121,B(c1ccc(nc1)OCC)(O)O,376.15
15748,O=C2c3c(O[C@@]21C(=CC(=O)C[C@H]1C)OC)c(Cl)c(OC)cc3OC,493.15
12127,Clc1ccc(cc1)c1[nH0]c(sc1)NC(=O)c1ccccc1,393.15
20689,O=C(c2c(OCC(=O)c1ccc(C)cc1)n(C)nc2C)c3ccc(Cl)c(C)c3Cl,406.45
14125,Brc1ccc(Br)c(C)c1,278.15
13622,Clc2cccc1ccccc12,253.15
6296,Cc1c2ccccc2cc3c1cccc3,353.15
3927,COc1ccc(cc1F)C(=O)Cl,343.15
14387,[O-][N+](=O)c1ccc(cc1)/N=N/c2c3ccccc3ccc2O,523.15
22123,O=C(c1ccccc1Br)N(NC(=O)c2ccccc2)C(C)(C)C,468.65
3606,COc1ccc(cc1N)C(=O)N,431.15
2330,c1cc(c(cc1F)Cl)C(=O)O,458.15
11707,O=C1NC(C)=C(C(=O)OCCCCC)C(N1)c1occc1,439.15
2187,COc1cccc(c1O)Br,337.15
195,C#CC1(CCCC1)O,298.15
12356,O=C1NN(c2ccccc2)C(=O)C1,464.15
17186,CC(=O)CC(=O)CC(=O)C,322.15
15954,ClC2CC1CCC2C1,268.15
14638,Nc1cc(Cl)c(F)cc1,318.65
2668,c1cnc(cc1C(=O)O)F,619.15
16625,Cc1nc2ccccc2nc1C,378.15
18452,CN(C)c2ccc(/N=N/c1ccccc1)cc2,390.15
15195,OC(Cn1cncn1)(Cn2cncn2)c3ccc(F)cc3F,412.15
2761,Cc1cc(c(c(c1)I)N)C,338.15
2032,c1ccc(c(c1)C(=O)N)N,385.15
17028,OP(=O)(Oc1ccccc1)Oc2ccccc2,340.65
5103,c1cc(c(cc1F)[N+](=O)[O-])N,365.15
13652,O=C(N)c1ccc(cc1)C(N)=O,605.15
1637,COc1ccc(c(c1)N)OC,353.15
8312,Cc1ccc(cc1)S(=O)(=O)C[N+]#[C-],385.15
11173,O=C(OCC1(C)CCC(C)C1(C)C)c1ccccc1C(=O)OCC1(C)CCC(C)C1(C)C,353.15
21819,CCCCCCCCC=CCCCCCCCC#N,272.15
3074,C=Cc1ccccc1C(=O)O,367.15
7296,c1ccc(cc1)C=NC(c2ccccc2)N=Cc3ccccc3,377.15
3278,c1cc(c(cc1C=O)Cl)Cl,316.15
8003,CCCCc1ccccc1,185.15
19874,BrCC(=O)CBr,299.15
8326,c1cnc(cn1)C(=S)N,473.15
13516,NC(Cc1ccccc1)CO,365.15
7352,CC(C)CCOC(=O)C,195.15
13450,O=C(C)c1ccc(C#N)cc1,331.15
10751,O=C(O)c1ccccc1CC=C,357.15
7829,CCNC(=O)C(=O)NCC,453.15
16446,ClCCN(CCCl)c1ccc(cc1)CC(=O)OC2CCC3(C)C4CCC5(C)C(CCC5C4CC=C3C2)C(C)CCCC(C)C,363.15
7697,B(C)(O)O,365.15
14427,Cc1ccccc1N=O,346.65
5668,CSc1ccc(cc1)c2[nH]nnn2,488.15
21670,CC/C(=CC)C(=O)NC(N)=O,471.15
10659,O=[N+]([O-])c1cccc(c1)c1ccc(cc1)C(=O)C,381.15
17063,Cc1cc(C)cc(C)c1C=C,236.15
18425,O=[N+]([O-])c1ccc(cc1)C(O)CNC(C)C,371.15
8933,O=C3N(CCCCN1CCN(CC1)c2ncccn2)S(=O)(=O)c4ccccc34,410.15
5307,COc1ccc(cc1C(F)(F)F)C(=O)O,443.15
20298,NNc1ccccn1,319.75
21257,O=C1C=C(CO1)C2CCC3(O)C4CCC5(O)CC(CCC5(C=O)C4CCC23C)OC6CC(OC)C(O)C(C)O6,421.15
12855,C1CCC1,182.15
18257,Cc1ccc(C)cc1[N+](=O)[O-],248.15
19296,COCCOC=1C(=O)C(=C(OCCOC)C(=O)C=1N2CC2)N3CC3,353.15
11035,O=C(O)CC1CCC2C3CCCC3(C)CCC2C1(C)CC(=O)O,502.15
5488,c1cc(ccc1[N+](=O)[O-])OC(=O)CBr,359.15
16678,c1ccccc1Cc2ccncc2,285.54999999999995
8024,CC(C)(C)CCl,253.15
10748,Brc1ccc(cc1OC)CC(=O)O,377.15
16873,Oc3ccc4CC2C(C)C(C)(CCN2CCc1ccccc1)c4c3,454.15
690,C(CSCC(=O)O)SCC(=O)O,383.15
12013,S=C1SC(=Cc2ccccc2)C(=O)N1CN1CCOCC1,394.15
16986,Clc1c(OC)c(OC)c(Cl)c(Cl)c1Cl,363.15
10103,O=[N+]([O-])c1ccc[nH0]c1NN,438.15
1014,CCS(=O)(=O)CCO,311.15
869,CC(C)(C)OC(=O)N[C@H](CC(=O)O)c1ccc(cc1)Br,417.15
1993,C1CC1c2nnc(s2)N,487.15
10626,FC(F)(F)C=1[nH0]2[nH0]c(N)c(N=Nc3ccc4ccccc4c3)c2N=C(C)C=1,519.15
11949,Clc1ccc(cc1)C=C(C#N)C(=O)N,374.15
14839,BrC#N,325.15
14924,FC(F)(F)C(F)(F)F,173.14999999999998
10558,FC(F)(F)C1=NN(c2ccccc2)C(=O)C1C(O)c1ccc(N(C)C)cc1,444.15
7610,COC(=O)c1ccc(o1)N,406.15
5283,CC(C)c1ccc(cc1)/C=C/[N+](=O)[O-],310.15
4370,CC(=O)c1ccc(cc1)SC(F)(F)F,303.15
1361,c1c(cc(c(c1Br)O)Br)Br,362.15
17910,O=[N+]([O-])c1cc(ccc1Cl)C(F)(F)F,270.65
1629,Cc1cc(ccc1F)F,238.15
12625,Clc1cc(Cl)cc(c1)C=O,341.15
1551,Cc1ccc(cc1[N+](=O)[O-])[N+](=O)[O-],342.15
23135,c1ccc2c(c1)C=Cc3ccccc3N2C(=O)N,463.35
17721,BrC(Cl)(Cl)F,167.14999999999998
8252,C#Cc1ccccc1,228.15
10442,O=C1OC(OC(=O)C1=NNc1ccccc1C)(C)C,379.15
14631,OCCOCCOCCOCCOCCOCCOCCCCCCCCCCCC,300.15
5039,CN(C)c1ccc(c(c1)OC)C=O,332.15
18730,OCC(O)COC(=O)c3ccccc3Nc1ccnc2c(cccc12)C(F)(F)F,452.65
22681,Clc1ccc(cc1)CC2=NNC(=O)N2N,454.0
5694,c1cc(c(cc1N)C(=O)O)F,464.15
5119,c1cc(c(cc1C(=O)O)O)F,489.15
1134,C(C(=O)O)C(C(=O)O)(F)F,415.15
10996,Oc1c(OC)cc2CCN(C)C(CC(C)C)c2c1Oc1c(OC)cc2CCN(C)C(CC(C)C)c2c1O,437.15
10278,O=C(OCC)C(C)C(=O)CC(O)CC1CC=C(C)C1(C)C,405.15
10451,O=C1N(C)c2ccccc2C(NN)=C1,489.15
4017,C(CO)C#N,227.15
10409,O=C1Oc2ccccc2C(N)=C1CN1CCCC1,470.15
2424,Cc1cccc(c1N)Cl,275.15
4138,c1cc(cc(c1)[N+](=O)[O-])C(=O)NN,427.15
12048,S1c2[nH0][nH0]c([nH0]2N=C1c1ccc(OC)cc1)C,450.15
859,CC(C)(C)OC(=O)N[C@H]1CCCNC1,398.15
2962,c1cc(c(cc1C(F)(F)F)N)[N+](=O)[O-],373.15
2426,Cc1cccc(c1C(=O)N)Cl,438.15
21783,COc1ccc(cc1)C(CC)=C(CC)c2ccc(OC)cc2,397.15
17748,Oc1c(cc(Cl)cc1Cl)C(=O)O,493.65
7674,CCCCCCCCCCCCCCCC(=O)OC,304.15
18163,CC(C)N(CCO)C(C)C,234.15
22507,Fc1cc(F)c(F)cc1F,277.65
18485,Cc2cccc(C)c2NC1=NCCCS1,413.15
18202,S=C1Sc2nc3ccccc3nc2S1,453.15
16753,Nc1c(cc(cc1Br)[N+]([O-])=O)[N+]([O-])=O,426.65
4937,c1nc2c(c3c(s2)CCC3)c(n1)Cl,378.15
10896,O=C1c2ccccc2CC(c2ccccc2)C1C(=O)C,340.15
5285,CC(C)c1ccc(cc1)O,333.15
8367,B(c1cccc2c1cccn2)(O)O,419.15
12905,C=C(C)C(=C)C,197.15
2093,c1ccc2c(c1)CC(C2=O)Br,311.15
21627,CC=CCl,138.34999999999997
11336,O=C(Nc1cccc(N=Nc2cccc(NC(=O)C)c2)c1)C,545.15
11683,FC(F)(F)C(C(=O)NCCCC)C(F)(F)F,367.15
7817,c1ccc(cc1)C(=O)NNC(=O)c2ccccc2,512.15
1920,c1cc(c(nc1)N)F,314.15
82,CCCCCC(C=C)O,224.15
17200,NC=NO,387.65
13318,BrC=CCC,173.14999999999998
20752,O=C(Nc1nc(cc(OC(F)F)n1)OC(F)F)NS(=O)(=O)c2ccccc2C(=O)OC,469.15
4396,c1cc(ccc1Cc2ccc(cc2)N)N,363.15
8475,O=P(OC(C)C)(OC(C)C)CCP(=O)(OC(C)C)OC(C)C,309.15
18845,Clc4ccccc4C2=NCc1nnc(C)n1c3sc(Br)cc23,486.15
1813,Cc1cc(=O)cc(o1)C,407.15
1271,COc1ccc(c(c1F)F)CN,307.15
15226,O=S(=O)(NC(=O)NC(C)C)c2cnccc2Nc1cc(C)ccc1,437.15
2994,c1c(csc1[N+](=O)[O-])C=O,353.15
22312,O=C(O)c1cc2ccccc2o1,465.65
15674,CC=5N=C1CCCCN1C(=O)C=5CCN2CCC(CC2)c4noc3cc(F)ccc34,443.15
15438,Oc1ccc(C[C@H](N)C(=O)O)cc1O,550.15
21608,Cc1ccc(cc1)C(=CCN2CCCC2)/c3ccccn3,333.15
20753,O=C1NC(=O)NC(=O)C1(CC)C(CC)CCC,395.15
2642,COc1cccc(c1CBr)F,293.15
9280,ON=C(Cc1ccccc1)c1ccc2CCc3cccc1c32,411.15
19638,c3cccc4ccc(Nc1cc2ccccc2cc1)cc34,445.35
18689,IC1=CN(C(=O)NC1=O)C2CC(O)C(CO)O2,536.15
20723,O=C(OCC1CCCO1)CCCCCCCCCCCCCCCCC,295.15
4195,c1cc(cnc1)CC(=O)N,396.15
13032,NCCCCCO,308.15
12768,Clc1ccc2Sc3ccccc3N(CCCN3CCN(CC3)CCO)c2c1,367.15
12360,O=C(O)c1cc(OC)ccc1C,420.15
3849,c1cc(cc(c1)Cl)CC(=O)O,352.15
23365,Clc2ccc(c1cc(Cl)c(Cl)cc1Cl)c(Cl)c2Cl,352.15
21565,NC(=O)COC(=O)c1ccccc1,394.15
16194,C[Si](C)(O[Si](C)(C)C)O[Si](C)(C)C,193.15
15253,O=C(NC1CCCCC1)NS(=O)(=O)c2ccc(cc2)C(C)=O,462.15
19233,O=C(OCC)C(C)Oc1ccc(cc1)Oc2cnc3cc(Cl)ccc3n2,349.65
16193,CC(O)CN(CC(C)O)CC(O)C,318.15
3554,CC(=O)c1cccc(c1)NC(=O)C,400.15
18579,COc1cc(cc(OC)c1OC)C3C2C(=O)OCC2C(O)c4cc5OCOc5cc34,501.15
13237,Nc1ccccc1Cl,271.15
2600,COc1ccc(cc1)C(=O)c2ccccc2F,329.15
20296,O=C1CCC(CC1)c2ccccc2,352.65
1518,COc1ccc(c(c1)OC)C(=O)O,382.15
4117,Cc1cccc(c1O)C(=O)O,438.15
10825,O=C1c2cccc(OCC)c2C1=O,401.15
5755,c1cc(ncc1Br)I,388.15
5633,c1cc(ncc1C(F)(F)F)C=O,305.15
8399,C1[C@H]([C@@H]([C@@H](C=C1C(=O)O)O)O)O,459.15
21340,CC=CC(=O)O,345.15
13065,CCCC#CCCC,170.14999999999998
7162,CCCCCC(=O)OCC,206.15
14256,OC[C@@H](O)COCc1ccccc1,300.65
11737,O=C(O)c1ccccc1C(CC)C(=O)O,443.15
15441,NS(=O)(=O)c4cc1c(NC(NS1(=O)=O)C3CC2C=CC3C2)cc4Cl,500.65
1988,c1ccc(cc1)C(=O)c2cc(ccc2N)Cl,371.15
7737,c1cc(c(cc1Cl)NC(=O)/C=CC(=O)O)Cl,415.15
16901,CN(C)CCN2c3ccc(Cl)cc3Nc1ccccc1C2=O,438.65
10561,FC(F)(F)C1=NN(c2ccccc2)C(=O)C1C(O)c1ccc(C)cc1,530.15
201,CCc1ccc(cc1)I,256.15
22431,O=[N+]([O-])Cc1ccc(C)cc1,284.65
19145,Clc1cc(cc(Cl)c1N)C(=O)O,564.65
15166,O=C(O)c1ccc(cc1)n3nc(nc3c2ccccc2O)c4ccccc4O,389.65
4855,c1cc(c(cc1Cl)F)C#N,333.15
22159,Nc1ccc(cc1)S(=O)(=O)Nc2ccc3nn(nc3c2)C4CCCC4,480.15
9741,O=[N+]([O-])c1ccc(cc1)C1=NN(c2ccccc2)C(=O)C1=NNc1ccccc1,513.15
12502,Brc1ccccc1c1ccccc1Br,354.15
15950,OC1CCC(Cl)CC1,355.65
18822,CC2(C)OC1(C)CCC2CC1,274.65
3765,c1cc(c(c(c1)Cl)F)CBr,311.15
20410,O=C(OCC)c1ccc2OCOc2c1,291.65
13452,ClCCC(Cl)Cl,214.15
6432,c1ccc2c(c1)cc(s2)C(=O)NN,459.15
7846,CN(C)C(OC)OC,188.15
19890,Cc1c(Cl)c(C)c(Cl)c(Cl)c1Cl,496.15
12253,Oc1cc2CCNCc2cc1OC,495.15
16402,ClP(Cl)(Cl)=S,238.15
16433,O=C(OCCCCCCCCCCC)c1ccccc1C(=O)OCCCCCCCCCCC,308.65
23381,N1=N\C=C/C=N\N=N1,419.15
887,c1c(nc[nH]1)CC#N,410.15
6261,Cc1cccc2c1nccc2,193.15
6989,CCCCCCCCCCCC(=O)Cl,256.15
6043,Cn1c(c(c(=O)n(c1=O)C)C=O)NCCOC,410.15
10808,OC1OC(Cc2ccccc21)c1ccc(OC)cc1,387.15
19552,O=[N+]([O-])c1cc(N)ccc1F,370.65
19333,OCN(CO)c1nc(nc(n1)N(CO)CO)N(CO)CO,410.15
1424,COc1ccc(cc1Br)Br,335.15
16523,Cc1cc(O)nc(n1)C(C)C,446.1
15924,O=C(OCC)NCCOc1ccc(cc1)Oc2ccccc2,326.65
19581,FC(F)(F)Oc1ccccc1,223.15
112,Cn1cc(nc1)C(=O)O,515.15
8160,c1ccc2c(c1)C(=O)NS2(=O)=O,502.15
21941,Fc2ccc(Cn1cncn1)cc2,337.15
16199,BrP(Br)Br,231.65
4559,Cc1cc(c2ccccc2n1)N,437.15
20715,O=C(CC#N)c1ccc(N)cc1,431.85
11442,ClCC(=O)c1cc(c([N+](=O)[O-])cc1[N+](=O)[O-])C(=O)CCl,421.15
11254,Brc1cccc2cc(ccc12)C=NNc1ccccc1,424.15
23462,O=C5\C=C4/C(C3CCC2(C(CCC2OC(=O)Cc1ccccc1)C3CC4)C)(C)CC5,402.15
8566,CCC([C@H]1CC[C@@H](CC1)O)(C)C,299.15
16311,Oc1c(cccc1C(C)CC)C(C)CC,231.15
10758,BrCc1c([N+](=O)[O-])cc([N+](=O)[O-])cc1[N+](=O)[O-],339.15
17266,CN(C(=O)N(C)c1ccccc1)c2ccccc2,395.15
19477,COB1OB(OC)OB(OC)O1,283.15
16835,FC=O,130.95
3731,c1cc(cc(c1)Br)CC(=O)O,374.15
22271,Clc2c(NC(CC)c1ccc(OC(F)F)cc1)ncnc2C,320.45
4986,c1cc(ccc1CC#N)Cl,303.15
2763,Cc1cc(ccc1I)[N+](=O)[O-],375.15
13794,COc1cc(cc(OC)c1)C(C)=O,307.15
21492,CC1(CC(CC(N1[O])(C)C)NC(=O)NP(=O)(N2CC2)N3CC3)C,375.65
1855,CC(=O)Nc1ccccc1O,481.15
15599,Cc2cc(nnc2NCCN1CCOCC1)c3ccccc3,395.15
12812,Clc1ccccc1C([nH0]1c[nH0]cc1)(c1ccccc1)c1ccccc1,420.15
999,c1ccc(c(c1)CBr)C#N,345.15
389,CCCCCCCCCCC(CCCCCCCCCC)O,345.15
11599,Clc1c(Cl)c(Cl)c2C(=O)c3c([N+](=O)[O-])c(ccc3C(=O)c2c1Cl)C=O,540.15
6426,c1ccc2c(c1)C=CS2(=O)=O,411.15
17860,OC(C)C(=O)OCCCC,245.15
18624,O=[N+]([O-])c1cc(cc(c1)[N+]([O-])=O)C(N)=O,457.15
10578,Clc1ccc(cc1)C1c2c(OC(N)=C1C#N)[nH][nH0]c2C(F)(F)F,294.15
22499,CCc1cccc(CC)c1N,276.65
8112,CCCCCOC(=O)C,173.14999999999998
17376,Clc1cc(OCC(=O)O)ccc1,383.15
4997,c1ccc2c(c1)C(=O)CCO2,311.15
19356,CC(=O)NC13CC2CC(CC(C1)C2)C3,421.65
14211,[2H]C1([2H])C([2H])([2H])C([2H])([2H])OC1([2H])[2H],167.14999999999998
22549,Clc1cc(Cl)cc(Br)c1N,356.65
4796,c1ccc(cc1)C(=O)c2ccc(cc2)Br,354.15
4769,Cc1cc(ccc1Br)N,354.15
17677,c1ccc2CCC=Cc2c1,265.15
11065,o1c2CCC(C)(c3cc(oc3c2c2cc(C)ccc12)C)c1ccccc1OC,452.15
4173,c1ccc(cc1)Oc2cccc(c2)C(=O)O,421.15
18919,Oc1ccc(cc1O)C2Oc3cc(O)cc(O)c3CC2O,487.15
22490,Fc1c(C=O)c(F)c(F)c(F)c1F,293.15
1907,c1ccc(cc1)COc2cccnc2N,366.15
4946,c1cc(ccc1CS(=O)(=O)Cl)Cl,368.15
8560,CC[C@H]1CC[C@@H](CC1)C(=O)O,323.15
6033,c1ccc2c(c1)c3ccccc3[nH]c2=O,564.15
7619,COC(=O)c1ccc(o1)[N+](=O)[O-],353.15
1151,C1CSC(SC1)CCC2SCCCS2,407.15
17951,ClC(Cl)C(=O)OC,221.25
19555,FC(F)(C(F)(F)C(=O)O)C(F)(F)C(=O)O,353.15
21422,COc2ccccc2C=C(c1ccccc1)C(=O)O,431.15
9689,O=[N+]([O-])c1ccc(NN=C(C)C=C(C)C#Cc2ccccc2)c([N+](=O)[O-])c1,471.15
7106,CCOC(=O)C(c1ccc(cc1)O)O,403.15
22136,COc1ccc(cc1)C(=O)N(NC(=O)c2ccccc2)C(C)(C)C,494.65
4287,c1cc(ccc1CCl)C#N,352.15
2230,CC(C)Br,184.15
174,CCCCCC#C,192.15
18287,O=S(=O)(O)c2cc(cc1ccc(N)cc12)S(=O)(=O)O,547.15
8752,Nc2ncnc3n(Cc1c(F)cccc1Cl)cnc23,518.15
3408,c1(c(c(nc(c1Cl)F)F)Cl)F,298.15
1538,Cc1ccc(c(c1)C)N=C=S,300.15
2292,c1cc(c(c(c1F)CO)Cl)F,320.15
9523,O=[N+]([O-])c1cc(ccc1O)c1ccc(O)cc1,455.15
1363,Cc1c(cc(cc1Br)Br)Br,342.15
4357,c1ccc(cc1)C(=O)c2ccc(cc2)C(F)(F)F,391.15
18504,C2CCCc3cccc(NC1=NCCN1)c23,415.65
18908,Clc1cc(Cl)ccc1OCC(=O)OC,392.15
680,CC(CN)N,236.15
13050,C1C=CC=CCCC1,220.15
3664,c1c(cnc(c1Br)Cl)Cl,312.15
18045,NC(=O)OCC(Cl)(Cl)Cl,337.15
508,C1CC(=O)CCC1=O,351.15
166,CCCCC=C,133.14999999999998
13689,COc1c(cccc1OC)OC,318.15
21428,O=C(/C=C/c1ccccc1)OCC=Cc2ccccc2,317.15
22845,C1#C[C@](O)(CC[C@@](O)(C#CCCCC1)C)C,417.15
1914,c1cc(c(c(c1)Cl)N)C#N,368.15
7263,C(=O)(C(C(C(F)(F)F)(F)F)(F)F)O,255.15
10728,O=C(Nc1ccccc1)C1Cc2ccccc21,434.15
1104,CC1(CCCC(N1)(C)C)C,214.15
12067,Clc1ccc(cc1)C(=O)c1ccc(OC)c(OC)c1,382.15
2610,B(c1cc(ccc1F)C(F)(F)F)(O)O,380.15
9944,O=C1c2c(O)c(c(O)c(O)c2C2(C)CCCC(C)(C)C2C1=O)C(C)CO,512.15
5310,Cc1cc(cc(c1OC)C)N,337.15
20477,O=C(OCC)C(Cl)Cc1cc(c(F)cc1Cl)N2N=C(C)N(C2=O)C(F)F,251.05
11108,O=C(C=Cc1ccc(OC(=O)c2occc2)cc1)c1ccccc1,388.15
11156,O=C1OC(=O)C2(OC1(C)CC2)C(C)C,382.15
152,CC(C)CI,180.15
13422,CC(C)(C)C(C)C(C)(C)C,234.15
2832,COc1ccc(cc1O)[N+](=O)[O-],378.15
23376,C1(=C(C(=C(C(=C1Cl)Cl)Cl)Cl)Cl)[N+](=O)[O-],417.15
19802,Cc1c(cc(c(C)c1[N+](=O)[O-])[N+]([O-])=O)[N+]([O-])=O,457.15
3551,COc1cccc2c1cc(c(c2)OC)C=O,410.15
20523,C#CC1(O)CCCC1,300.15
21760,ON=C(/C)c1ccccc1,333.15
12541,OC(c1ccccc1OC)(c1ccc(OC)cc1OC)c1ccc(OC)cc1OC,410.15
4538,c1c(cn[nH]1)N,348.15
14367,O=C(Nc1ccccc1)Nc2ccccc2,511.15
22905,FC1=C(C=CC=C1)\C(C(=O)O)=C/C2=C(C=CC=C2)[N+](=O)[O-],485.65
10014,O=C1CC2CCCCC2(C)C2CCC3(C)C(CCC3C(C)CCC(=O)OC)C12,366.15
12278,O=C(Oc1cccc(NC(=O)c2ccccc2)c1)c1ccccc1,426.15
20451,ClS(=O)(=O)c1cccs1,301.15
15088,S=P(SC1OCCOC1SP(=S)(OCC)OCC)(OCC)OCC,253.15
18375,Cc1ccc(cc1)OP(=O)(Oc2ccc(C)cc2)Oc3ccc(C)cc3,350.65
22342,Cc1cc(C)c(O)cc1O,399.65
5141,COc1ccc(cc1)F,228.15
11814,O=C(OC)c1cc(OC)c(C)c(OC)c1,377.15
21970,NS(=O)(=O)c1ccc(SCCO)c(F)c1,383.15
3450,CC(=O)c1cc(cc(c1)F)F,312.15
16589,Cc1ccc2nc3SC(=O)Sc3nc2c1,443.15
13156,O=C(O)CCC(=O)O,461.15
2749,c1ccc2c(c1)CC(C2)O,343.15
18233,COc1cc(ccc1/N=C=O)c2ccc(N=C=O)c(OC)c2,387.15
19624,Brc2c1ccccc1c(Br)c3ccccc23,499.15
12707,N(=Nc1ccc(C)cc1)c1ccc(C)cc1,413.15
19493,CCCCCCCCCCCCCCCCCCN=C=O,293.15
13131,CC(C)(C)C(O)CC,278.15
12251,O=C(O)CCC(C)Cc1ccccc1,329.15
10179,Fc1ccc(cc1)C(=NO)c1ccc(F)cc1,413.15
5810,c1cc(c(cc1Cl)CC#N)C(F)(F)F,335.15
5634,c1c(c(=O)[nH]c(=O)[nH]1)C(F)(F)F,526.15
11580,OC(c1ccccc1)(c1ccccc1)c1ccccc1N,395.15
19540,FC(F)(C(=O)OC(=O)C(F)(F)C(F)(F)C(F)(F)F)C(F)(F)C(F)(F)F,230.15
13926,CCc2ccc(Cc1ccccc1)cc2,249.15
22503,Cc1cc(N)cc(C)c1,282.95
1380,c1c(cc(c(c1F)NN)F)F,372.15
21872,O=C(O)C(C)(C)n1nc2ccccc2n1,425.65
14901,OC(c1ccc(Cl)cc1)(c2ccc(Cl)cc2)C(=O)OCC,309.15
3832,B(c1cccc(c1)Cl)(O)O,456.15
21979,O=C(O)CCC(C)n2nnc1ccccc12,359.15
4776,Cc1cc(ccc1Br)O,332.15
4276,CC(C)(C)OC(=O)Nc1ccncc1I,354.15
4958,c1cc(ccc1C#N)Cl,365.15
23024,O=C(O)Cc1ccc2OCOc2c1,401.65
20706,OC2CC1C=CC2C1,378.15
16662,O=C1C=3CCCC=3NC(=O)N1C2CCCCC2,589.15
7415,C(C(=O)NN)C(=O)NN,427.15
3252,COc1cc(cc(c1OC)OC)C(=O)Cl,353.15
19920,C[Si](C)(C)N=C=N/[Si](C)(C)C,250.15
16673,COc1ccc(cc1)c2ccc(OC)cc2,448.15
19459,COc1cc(ccc1OC)CC#N,335.9
21240,COc1ccnc2ccccc12,314.15
20928,O=C1CC2CCCCC2C1,261.15
14300,Oc1cc(ccc1OC)C(C)=O,362.65
15523,CN1CCN(CC1)C2=Nc4cc(Cl)ccc4Nc3ccccc23,456.65
14270,COc1cc(ccc1OC)CC(=O)O,371.15
12327,O=C1N2C=CC=CC2=Cc2ccccc12,439.15
11546,BrC(c1ccccc1)C(=O)C(=O)C(Br)c1ccccc1,397.15
15639,CCC1(CCC(=O)NC1=O)c2ccc(N)cc2,422.65
15042,Cc1cc(ccc1SC)OP(=S)(OC)OC,280.15
14208,[2H]c1c([2H])c([2H])c([2H])c([2H])c1[2H],279.95
2468,c1cc(ccc1F)S(=O)(=O)CCCl,342.15
21034,OCC(=O)C2(O)CCC1C3CCC4=CC(=O)CCC4(C)C3CCC12C,488.15
16654,O=C2c1ccccc1C(=O)C(C)=C2C,400.15
11757,O=C1CCC2(C)C(CCC3C4CC(=O)CC4(C)CCC32)C1,436.15
13869,CCCCN(CCCC)CCCC,203.15
16998,O=C(NN)c1ccccc1O,421.65
9583,Brc1ccc2OC=C(C=C3N(C)C(=NC3=O)NC(=O)C)C(=O)c2c1,533.15
6696,C1CCC(CC1)S,243.15
3180,c1ccc(cc1)C(c2cccc(c2)C(F)(F)F)O,336.15
15089,O=C(O)CCCCCCCCCCCCCCCCC,341.15
17806,c1cc2ccc3ccc7ccc6ccc5ccc1c4c2c3c7c6c45,710.45
8275,CC(=O)C(C)(C)C,220.15
9065,Brc1cc([N+](=O)[O-])cc([N+](=O)[O-])c1NN=C1C(=O)NN=C1C=1C(=O)N(C)c2ccccc2C=1O,465.15
11030,Clc1ccccc1NC(=S)C(=O)c1ccccc1,392.15
20956,O=C(OCN1C(=O)C(NC1=O)(c2ccccc2)c3ccccc3)CC,443.75
4557,c1cc(c(cc1N)F)C(=O)O,483.15
7812,c1ccc(c(c1)C=NCCCN=Cc2ccccc2O)O,325.15
12839,Clc1ccc(cc1)C(=O)[nH0]1c2ccc(OC)cc2c(CC(=O)OCC(=O)O)c1C,423.15
6297,c1ccc2c(c1)cc3ccccc3c2[N+](=O)[O-],414.15
23326,Cc1cc(C=O)c(C)n1c1ccc(cc1)F,390.65
14534,CC(C)(C)c1cc(C)cc(c1O)C(C)(C)C,344.15
23142,O=C(O)\C=C\c1ccccc1,406.15
1132,C(C(F)F)O,245.15
10642,O=C(Nc1ccc(OCCCCCCCC)cc1)c1ccc(cc1)CC,416.15
10521,O=C1N(N)C(=CC(C)=C1C#N)c1ccccc1,462.15
20535,S=P1(SP(=S)(S1)c2ccc(OC)cc2)c3ccc(OC)cc3,502.15
22533,O=CCc1ccc(C)cc1,313.15
2871,CC(C)(C#C)O,276.15
12996,C=C(C)C(C)(C)C,163.14999999999998
19164,CC(C)N1CCC(CC1)N(c2ccc(Cl)cc2)C(=O)Cc3ccccc3,536.15
1772,COc1cc(c(c(c1)F)C#N)F,328.15
10593,O=[N+]([O-])c1cccc(N=Nc2c3N=C(C)C=C([nH0]3[nH0]c2N)C)c1,537.15
1913,c1cc(c(nc1)N)Br,339.15
14212,OCC(=O)[C@@]4(O)CC[C@@H]2[C@]4(C)C[C@H](O)[C@@H]1[C@@]3(C)CCC(=O)C=C3CC[C@H]12,493.15
9256,O=[N+]([O-])c1ccc(NN=CC=2CCCCC=2C=Cc2ccccc2)c([N+](=O)[O-])c1,436.15
12602,O=C(OC(C)C)c1[nH0]cc2[nH]c3ccc(OCc4ccccc4)cc3c2c1COC,423.15
14188,O=C(c1ccc(Br)cc1)c2ccc(Br)cc2,448.15
15417,NC(=O)C1=C(O)[C@@H](N(C)C)[C@@H]2C[C@H]4C(=C(O)[C@]2(O)C1=O)C(=O)c3c(O)cccc3[C@@]4(C)O,438.15
18545,Fc1ccc(cc1)C(=O)CCCN2CCC4(CC2)C(=O)NCN4c3ccccc3,464.95
19392,O=C(O)CNc1ccccc1,400.65
1105,CC1=CC(=O)OC(O1)(C)C,280.15
20231,O=C(NCO)c1cccnc1,414.65
17076,CCOP(=O)(OP(=O)(OP(=O)(OP(=O)(OCC)OCC)OCC)OCC)OCC,233.15
20868,O=[N+]([O-])c1ccc(cc1)C(O)C(CO)NC(=O)CN=N#N,380.15
4956,c1ccc(cc1)C(=O)C(=O)c2ccc(cc2)Cl,340.15
8307,Cc1ccc(cc1)S(=O)(=O)Cl,342.15
22831,O=C(OC)[C@@H](N2C(=O)[C@@H]3[C@@H]1C=C[C@@H](C1)[C@@H]3C2=O)CSSC[C@@H](C(=O)OC)N5C(=O)[C@@H]6[C@@H]4C=C[C@@H](C4)[C@@H]6C5=O,373.15
19149,Clc3cc2c(oc1c2ccc(Cl)c1Cl)c(Cl)c3,437.15
3696,Cc1ccc(cc1Br)N,300.15
7778,Cc1ccc(cc1NC(=O)/C=CC(=O)O)Cl,393.15
20025,C(CN1CCOCC1)N2CCOCC2,348.15
628,c1c(cc(c(c1Cl)I)Cl)Cl,328.15
2451,c1ccc2c(c1)[nH]c(n2)Cl,456.15
19913,CC1=CC(=O)N(N1)c2ccccc2,401.15
23451,O=S(=O)(Nc1onc(c1C)C)c2ccc(N)cc2,464.15
2176,c1cc(ncc1[N+](=O)[O-])Br,411.15
19702,[O-][N+](=O)c1cccc2cccc(Cl)c12,368.95
20069,Cc1cccnn1,457.15
2787,Cn1ccnc1S,419.15
12297,N#CCc1[nH0][nH0](C)c2[nH0]c[nH0]c(N)c21,410.15
1196,c1ccc(cc1)C(=O)c2ccc(c(c2O)O)O,414.15
18060,CCC(=O)OCCC,197.25
7618,Cc1cc(cnc1)C(=O)OC,317.15
4444,c1cc(ccc1c2coc3cc(cc(c3c2=O)O)O)O,573.15
11128,O=C(OCC)C(=CN(O)c1ccccc1)c1ccccc1,348.15
15514,O=C4CC[C@@H]3[C@]4(C)CC[C@H]2[C@H]3CC=C1C[C@@H](O)CC[C@@]12C,413.65
5722,c1ccc(cc1)COc2ccc3c(c2)c(c[nH]3)C=O,514.15
20810,Clc1c2cc(Cl)c(Cl)c(Cl)c2cc(Cl)c1Cl,391.45
10695,c1cc2c3CCc3ccc2c2CCc12,436.15
18753,CCC(CO)NCCNC(CO)CC,362.15
4967,c1cc(ccc1CS)Cl,293.15
18601,CC(C)(C)NC[C@@H](O)COc1ccccc1C2CCCC2,343.15
10410,O=C1Oc2ccccc2C(N)=C1CN(CC)CC,406.15
19710,[O-][N+](=O)c2cccc1cnccc12,383.15
4009,c1ccc(cc1)C(=O)c2cccc(c2)O,387.15
15515,Clc1ccc3c(c1)C(=NCC(=O)N3CC2CC2)c4ccccc4,418.65
3583,CC(C)(CN)CO,343.15
23243,O=C2c3c(O[C@H](c1ccc(OC)c(O)c1)C2)cc(O)cc3O,500.65
18020,BrCCCCl,214.25
18852,CC(C)NCC(O)COc1ccc(cc1)CCOCC2CC2,344.15
12424,O=C(OCC)C=1C(N=NC=1C)C,392.15
8277,C1CNCCN1,383.15
3667,COc1ccc(c(c1C(=O)O)OC)Br,419.15
12474,OC1OC2COC(OC2C(O)C1O)c1ccccc1,447.15
12782,Fc1ccc(cc1)C(CCCN1CCN(CC1)CC(=O)Nc1c(C)cccc1C)c1ccc(F)cc1,432.15
10211,[nH0]1[nH0](ccc1)c1cccc(NNc2cccc([nH0]3[nH0]ccc3)c2)c1,443.15
3423,c1c(cc(cc1Cl)Cl)C(=O)N,433.15
10717,O=C(OC)C1(C=C(OC)c2ccccc21)C(=O)OC,387.15
8199,COc1ccc(cc1OC)Cc2c3cc(c(cc3ccn2)OC)OC,420.15
18793,CC(=O)OCC(=O)C2CCC1C3CCC4=CC(=O)CCC4(C)C3CCC12C,430.15
19596,Oc1c(Cl)c(Cl)c(OC)c(Cl)c1Cl,389.15
21781,Cc1c(C)c(/C=CC(C)=CC=CC(C)=CC(=O)NCC)c(C)cc1OC,452.65
5366,Cc1c(c(c(c(c1F)F)CBr)F)F,315.15
17313,[O-][N+](=O)c1ccc3CCc2cccc1c23,376.15
2895,Cc1cccc(c1N)[N+](=O)[O-],368.15
14122,CC(C)c1cc(c(cc1C(C)C)C(C)C)C(C)C,392.15
1296,c1cc(c(c(c1)O)O)C(=O)O,479.15
3642,c1ccc2c(c1)cc(cn2)N,367.15
20216,Clc1ccc(N=N#N)cc1,293.15
21787,O=C1C=COC1C,291.15
23136,C1=CC=C2C(=C1)C3=CC=CC=C3N2,520.15
22918,c32c(c1cccc(c1C2)C)cccc3,358.15
8548,CCCCC/C=C/C,185.15
5451,c1cc(c(cc1N)C(F)(F)F)[N+](=O)[O-],400.15
10685,O=C(OC)[nH0]1[nH0]c(C)c(c1C)C(=O)OC,363.15
15449,CC2(C)[C@@H]1CC(=O)[C@@]2(C)CC1,453.15
7866,C=CC(=O)NCCNC(=O)C=C,415.15
19127,Clc1cc(OCC(=O)OC(C)CC)c(Cl)cc1Cl,312.15
12867,CC#CCC,164.14999999999998
14607,Oc1ccccc1C(C)CC,285.15
9797,O=[N+]([O-])c1ccc(C=Cc2ccccc2C=O)c([N+](=O)[O-])c1,459.15
11755,O=C(O)CC(C)C1CCC2C3C=CC4CC(O)CCC4(C)C3CC(O)C21C,454.15
13979,OC(=O)c1cc(Br)ccc1,430.15
9738,Brc1cccc2cc(ccc12)C=NO,451.15
14385,OC(=O)[C@@H]1CCCN1C(=O)[C@H](C)CS,379.15
6474,c1ccc(cc1)COC(=O)c2ccccc2,292.15
8811,Cc1cc(no1)C(=O)NCCc2ccc(cc2)S(=O)(=O)NC(=O)NN3CCCCCC3,462.15
492,C(CCBr)CBr,253.15
11691,Clc1ccc(cc1)C1NC(=O)NC(C)=C1C(=O)OC,445.15
21078,CC(=O)OC(C)C#N,198.15
1116,c1cc(sc1)c2cccs2,305.15
5637,CC1(C(=O)NC(=O)N1)C,449.15
5085,c1cc(c(cc1F)C(F)(F)F)C(=O)O,396.15
1757,c1cc(nc(c1)Cl)Cl,359.15
11486,O=C(Nc1cc(N=Nc2ccccc2)c(C)c(NC(=O)C)c1)C,528.15
20272,Oc1c(cccc1OC)CO,334.65
22385,O=C(Cl)c1ccccc1C(Cl)=O,288.65
6353,C=CCC(C(=O)O)C(=O)O,377.15
22418,OC2=C(Cc1c(O)c(C(=O)CCC)c(O)c(C)c1O)C(=O)C(=C(O)C2(C)C)C(=O)CCC,429.15
23379,O=C(O)CCCC,239.15
23474,N[C@@H]1C(C[C@H]1C(=O)O)(C)C,428.15
3644,c1ccc(cc1)NC2=CC(=O)CCC2,450.15
19167,O=C1CCCCCN1CCCCCCCCCCCC,266.15
14350,ClN1C(=O)N(Cl)C(=O)N(Cl)C1=O,522.15
12001,O=C(c1ccc(C)cc1)c1ccc(OC)c(OC)c1,382.15
20205,CO[Si](CCCCCCCCCCCCCCCCCC)(OC)OC,288.15
11185,O=C1OC(C2CCC1(C)C2(C)C)C(O)c1ccccc1,429.15
1696,c1cc(ncc1c2ccnc(c2)Br)Br,464.15
2295,c1ccc(cc1)c2cc(c(nc2)Cl)C#N,418.15
14794,O=C1CCCCCN1,342.15
14696,O=[N+]([O-])c1cc(ccc1Cl)C(Cl)=O,326.65
5939,c1cc2c(cc[nH]2)cc1I,372.15
22309,C/C(C)=CCC=2C(=O)c1ccccc1C(=O)C=2O,412.65
9968,O=C(OC1CCC2(C)C3CCC4=C(CCC4(C)C(OC(=O)C)C)C3CCC2(C)C1)C,391.15
11033,Clc1ccc(NC(=S)C(=O)c2ccccc2)cc1,496.15
3313,c1cc(c(cc1C(C(=O)O)O)F)F,367.15
14824,Oc1ccc(cc1)C(=O)OCCCC,341.65
20333,OS(=O)(=O)c1ccc(cc1)c2ccc(cc2)S(=O)(=O)O,345.65
9784,O=C(Nc1cc(N)c(cc1C=Cc1ccccc1)C=Cc1ccccc1)C,491.15
9915,Clc1ccc(C=C(C#N)c2scc([nH0]2)c2ccc(OC)cc2)c(Cl)c1,416.15
215,CN(C)/C=C/[N+](=O)[O-],376.15
1072,c1ccc2c(c1)Nc3cc(ccc3S2)C(F)(F)F,462.15
8682,C[Si](C)(C)P([Si](C)(C)C)[Si](C)(C)C,297.15
22492,COc1c(OC)c(ccc1OC)C(C)=O,288.95
19867,O=C(C)C(c1ccccc1)c2ccccc2,319.15
7006,C1CCC(=O)NCC1,343.15
13379,OC(=O)c1ccccc1N,419.15
8652,c1ccc(cc1)OP(=O)(Oc2ccccc2)Oc3ccccc3,323.15
13705,CC(=O)CCCCCCCCC,286.15
15384,CC(=O)S[C@@H]4CC1=CC(=O)CC[C@]1(C)[C@H]5CC[C@@]3(C)[C@@H](CC[C@]23CCC(=O)O2)[C@H]45,407.65
25,CCCc1ccc(cc1)[N+](=O)[O-],259.15
23416,C1=CC2=C3C(=C1)C=CC4=CC=CC(=C43)C=C2,424.15
10601,Brc1ccc(N2C(=O)C3ON=C(C(=O)c4ccc5ccccc5c4)C3C2=O)cc1,459.15
7659,CC(C)C(=O)OC,188.15
13401,CCc1ccccc1Cl,190.15
5690,c1(c(c(c(c(c1I)N)I)C(=O)O)I)C(=O)O,541.15
9744,O=C1N(N=C(C)C1=CC1C(=O)N(N=C1C)c1ccccc1)c1ccccc1,454.15
22579,ClCCCOc1ccccc1,285.15
21861,CC=2CCCC(C)(C)C=2/C=CC(C)=CC=CC(/C)=CC=CC=C(/C)C=CC=C(/C)C=CC1=C(C)CCCC1(C)C,456.15
12721,O=C(OCC)C1(CCN(CC1)CCc1ccc(N)cc1)c1ccccc1,356.15
9171,O=[N+]([O-])c1cc(C#N)ccc1C=Cc1ccccc1C=NNc1ccccc1,455.15
10847,O=C1N2CCc3ccccc3C2=Cc2ccccc12,374.15
11908,O=C(NO)CCCNC(=O)CCCCC(=O)NCCCC(=O)NO,436.15
630,c1c(cc(cc1Br)Br)Br,396.15
21934,O=P(OC)OC,213.15
8707,COc1cc(ccc1O)C=O,355.15
20664,O=C(OC)CSc3cc(/N=C1SC(=O)N2CCCCN12)c(F)cc3Cl,379.15
6614,C(C(=O)Cl)Cl,251.15
5243,CCC(=O)c1ccc(cc1)O,423.15
1102,CC1(C=C(C(N1)(C)C)C(=O)N)C,454.15
19660,Oc2cccc1cc(O)ccc12,411.15
2204,c1ccc(c(c1)S(=O)(=O)Cl)Br,323.15
23252,O=C4\C=C2/[C@]([C@H]1[C@@H](O)C[C@@]3([C@@](O)(C(=O)CO)CC[C@H]3[C@@H]1CC2)C)(C)CC4,491.15
12903,CCC#CCC,170.14999999999998
11477,O=C(OCC)C(C(=O)C)C(=O)c1ccc(cc1)C(=O)C(C(=O)OCC)C(=O)C,372.15
11308,O=C1N(N=C(C1)c1cccc(c1)C1=NN(c2ccccc2)C(=O)C1)c1ccccc1,536.15
13767,Clc1cc(OC)cc(Cl)c1,313.15
15064,O=I(=O)(=O)O,395.15
12512,O=C(Oc1ccc(OC(=O)C)c2ccccc12)C,397.15
23486,CN(C)c1ccc(cc1)C(C(=O)NC(C)(C)C)N(C)C(=O)CCCc5ccc4ccc3cccc2ccc5c4c23,467.15
18591,OC(C(C)N)c1ccccc1,350.9
17356,NC(=O)OCCCC,326.15
14890,SCCS,232.15
719,COc1cccc(c1OC)OC,317.15
13839,Cc1ccc(cc1[N+](=O)[O-])[N+]([O-])=O,342.15
6155,Cc1ccc2c(c1)C(=O)CC2,331.15
19187,CC3(C)C(C(=O)OC(C#N)c2cccc(Oc1ccccc1)c2)C3(C)C,320.15
18950,Oc1ccc(cc1O)C(O)CNC,484.65
4025,c1cc(cc(c1)I)C=O,329.15
8224,C(C(C(C(C(F)(F)F)(F)F)(F)F)(F)F)(C(C(C(C(F)(F)F)(F)F)(F)F)(F)F)(F)F,257.15
17908,Nc1ccc(cc1)S(O)(=O)=O,561.15
15493,FC(F)(F)c1cc2NC(NS(=O)(=O)c2cc1S(N)(=O)=O)Cc3ccccc3,495.15
19176,Clc1c(COC(=O)NC)cccc1Cl,325.15
16093,O=C2c1ccccc1C(=O)c3c2c(N)c(cc3O)Oc4ccccc4,458.15
18606,O=C(NC(c1ccccc1)C(O)C(=O)OC5CC6(O)C(OC(=O)c2ccccc2)C3C(C)(C(O)CC4OCC34OC(C)=O)C(=O)C(OC(C)=O)C(=C5C)C6(C)C)c7ccccc7,489.65
5818,c1cc(c(cc1Cl)S(=O)(=O)N)F,408.15
11956,Brc1oc(cc1)C=C1N=C(OC1=O)c1ccccc1,395.15
3866,c1cc(cc(c1)C(=O)O)C#N,495.15
2745,c1ccc(c(c1)O)OCC(=O)O,401.15
11867,Clc1ccc(cc1)C1Sc2[nH0][nH0]c([nH0]2N1)c1cccc([N+](=O)[O-])c1,472.15
10343,OCc1[nH0][nH0](c2[nH0]cccc2)c(C)c1,318.15
22827,O=C(NN=Cc1ccc(N(C)C)cc1)c2nccnc2,527.0
11950,O=C1Oc2ccccc2C(NC2CCCCC2)=C1,467.15
21267,OC=1C(=O)C(=O)C(=O)C=1O,423.15
19611,O=C1C=CC=CO1,260.65
4214,CC(=O)c1ccc(cc1)n2ccnc2,389.15
12096,s1c2sc(c(C)c2c(C)c1C(=O)OCC)C(=O)OCC,460.15
15193,Cc1ccccc1S(=O)(=O)NC(=O)c5ccc(Cc3cn(C)c2ccc(cc23)NC(=O)OC4CCCC4)c(OC)c5,412.15
19643,Oc1ccc(CCN(C)C)cc1,390.65
1401,Cc1cc(c(c(c1)C)N=C=S)C,335.15
12828,O=C(N)Cc1ccc(OCC(O)CNC(C)C)cc1,419.15
3253,COc1cc(cc(c1OC)OC)C=CC(=O)O,400.15
21877,O=C(OCC)C2(C)CC(=NN2c1ccc(Cl)cc1Cl)C(=O)OCC,324.15
19045,COc1nc(NCC)nc(NC(C)(C)C)n1,396.65
2158,c1cc(c(cc1F)N)Br,317.15
8578,Cc1cccc(c1)P(c2cccc(c2)C)c3cccc(c3)C,373.15
17058,c1ccc2CCc3ccccc3c2c1,307.65
20564,CC(C)C=3CCC1C(=CCC2C(C)(CCCC12C)C(=O)O)C=3,446.65
7011,CCS(=O)(=O)Cl,203.15
20187,Cc1cc(C)c(C)c2ccccc12,328.65
10197,Clc1ccc(cc1)CNC(=O)c1cc([N+](=O)[O-])cc([N+](=O)[O-])c1,474.15
3841,c1ccc(cc1)C(=O)c2cccc(c2)Cl,356.15
18199,O=C(OC(=O)c1ccccc1)c2ccccc2,315.65
19557,FC(F)(C(=O)O)C(F)(F)C(=O)O,392.15
11849,S1c2[nH0][nH0]c([nH0]2NC1c1ccccc1O)c1ccc(OCC)cc1,450.15
2100,C(C(CO)([N+](=O)[O-])Br)O,400.15
1673,c1ccc(cc1)C2C(=O)C(=C(S2(=O)=O)c3ccccc3)O,513.15
10293,O=C(Nc1ccccc1OC)c1[nH0]cc([nH0]c1)C(C)(C)C,351.15
4213,c1cc(ccc1C#N)c2cc[nH]n2,414.15
7480,COC(=O)c1c2ccccc2ccc1O,353.15
17932,O=[N+]([O-])c1cc(C)ccc1O,309.65
14562,FC1=CN(C(=O)NC1=O)[C@H]2C[C@H](O)[C@@H](CO)O2,423.65
20030,Cc2nc(NC(=O)NS(=O)(=O)c1ccccc1OCCCl)nc(OC)n2,459.15
11515,O=[N+]([O-])c1ccc(cc1)C(=O)N1c2cc(CCC(=O)C)c([N+](=O)[O-])cc2CCC1C,446.15
8547,c1ccc(c(c1)/C=C/C(=O)O)[N+](=O)[O-],520.15
17845,OCNC(=O)NCO,399.15
14823,O=C(OCCCC)[C@@H](C)Oc1ccc(cc1)Oc2ccc(cn2)C(F)(F)F,278.15
16923,OCC(C)c1ccccc1,260.15
19604,Oc1c(CCCCCCCCCCCCCCC)cccc1O,332.65
16363,CCCCCCCCCCCCCCCCCCC1CCCCC1,314.75
14609,O=C1CC(=O)NC(=S)N1,507.15
18135,Oc1cc(cc(O)c1O)C(=O)OC,534.65
18156,Cc2ccccc2NC(=N)Nc1ccccc1C,452.15
9388,O=C(C=Cc1ccccc1)c1cccc(c1)C(=O)C=Cc1ccccc1,415.15
10070,O=C1C(C)C2CC(OC(=O)C)C3C45CCCC(C)(COC4O)C5CC(O)C13C2O,493.15
10860,O=C1Cc2c3CC(=O)c3c(C)c(C)c21,480.15
18400,CC2(C)C1CCC2(C)C(=O)C1Br,350.15
2005,Cc1cnc(s1)N,370.15
19621,COc1ccc(C=O)c(c1OC)C(=O)O,423.15
15887,OCC(=O)[C@@]3(O)[C@H](O)C[C@H]2[C@@H]4CCC1=CC(=O)C=C[C@]1(C)[C@@]4(F)[C@@H](O)C[C@@]23C,543.15
15233,NC1=NC(=O)N(C=C1)[C@@H]2O[C@H](CO)[C@@H](O)C2(F)F,441.79
13411,O=Cc1cc(Cl)ccc1,291.15
2257,c1ccc(c(c1)C(=O)O)OP(=O)(O)O,437.15
20111,Nc1ccc(cc1)S(=O)(=O)c2ccc(cc2)[N+]([O-])=O,443.15
5574,CC(C)(C)c1ccc(cc1)S(=O)(=O)Cl,355.15
9083,O=C1N(C)c2ccccc2C(O)=C1C1=NNC(=O)C1=C1c2ccccc2NC1=O,552.15
5355,COc1ccc(cc1)/C=C/c2ccccc2,410.15
6093,Cc1ccc(c(c1F)C(=O)O)Cl,409.15
7935,C[C@H]([C@@H](C(=O)O)NC(=O)OCc1ccccc1)O,371.15
1519,COc1ccc(c(c1)OC)C#N,367.15
22715,Brc2c(OC/C=C)cccc2OCC=Cc1ccccc1,354.0
1378,c1c(cc(c(c1F)O)F)F,323.15
18971,O=C(O)C(C)O,325.95
15206,CCN(CC)CCOc1cccc(OCCN(CC)CC)c1OCCN(CC)CC,420.65
20958,O=C(CCCC)c1ccc(N)cc1,347.65
13200,Nc1cccc(OC)c1,273.15
21369,CC(Cl)=C/C(=O)O,334.15
5842,COc1ccc(cc1N=C=O)Cl,333.15
7122,CCOC(=O)c1c(n[nH]c1N)C,381.15
16211,N#Cc1nc(C#N)nc(C#N)n1,392.15
12820,O=C(OCC(C)(COC(=O)NC(C)C)CCC)N,365.15
5832,c1cc2c(cc1Cl)nc([nH]2)S,573.15
9821,O=[N+]([O-])c1cc([N+](=O)[O-])c(cc1C)C=Cc1ccccc1NC(=O)C,525.15
12718,O=C(OCCN(CC)CC)C(O)(c1ccccc1)c1ccccc1,324.15
522,CC(CO)c1ccc(cc1)C(C)CO,417.15
19991,NS(=O)(=O)c3cc1c(NC(NS1(=O)=O)Cc2ccc(F)cc2)cc3Cl,512.15
15372,O[C@@H](c1ccccc1)[C@@H](C)N,465.15
234,c1ccc2c(c1)ccnc2Cl,307.15
12180,OC1(C#C)CCC2C3CCC4CCCCC4(C)C3CCC21C,428.15
6318,CC(=O)c1ccccc1,293.15
11992,Fc1ccccc1C=C1N=C(OC1=O)c1ccccc1,422.15
22089,CCCCN(CCCC)C(=O)COC(=O)c1ccccc1,298.15
1948,c1cc(c(cc1Cl)N)O,413.15
6361,c1ccc(c(c1)C(C(=O)O)Br)Cl,380.15
22810,O[C@H]5[C@@H]([C@@]4([C@@]([C@H]2[C@]3([C@@]1([C@H](C(C)(C)[C@@H](NC)CC1)CC2)C3)CC4)(C)C5)C)[C@@H](NC)C,480.5
21739,OC1(/C=CC(C)=CC(=O)O)C(C)=CC(=O)CC1(C)C,433.15
11684,FC(F)(F)C(C(=O)NCC=C)C(F)(F)F,390.15
15927,Cl[C@@H]1[C@@H](Cl)[C@@H](Cl)[C@H](Cl)[C@@H](Cl)[C@H]1Cl,385.65
22437,CCCCP(Cl)(CCCC)(CCCC)CCCC,354.65
2224,c1cc(c(nc1)Br)C(=O)O,527.15
22382,Cc1ccc(C=O)cc1,267.15
15246,O=C(N[C@@H](CCC(=O)O)C(=O)O)c1ccc(s1)N(C)Cc2ccc3NC(C)=NC(=O)c3c2,455.15
16209,Cc1cccc2ncccc12,292.15
5571,CC(C)(C)c1ccc(cc1)OC,291.15
4523,Cc1c(cnn1c2ccccc2)C(=O)C,377.15
5793,c1cc2c(cccn2)c(c1)Br,319.15
5738,c1cc(ncc1Br)Cl,343.15
19008,Nc3ncnc1c3ncn1C2OC(CO)C(O)C2O,508.65
4728,c1cnc(cc1Br)O,476.15
7818,c1ccc(cc1)CN(Cc2ccccc2)c3ccccc3,343.15
8859,C=CCC1(C(=O)NC(=O)NC1=O)c2ccccc2,429.15
23405,O=C(CO)[C@@]3(O)CC[C@H]2[C@@H]4CC\C1=C\C(=O)\C=C/[C@]1(C)[C@H]4C(=O)C[C@@]23C,507.15
15275,COc1ccc(cc1C(O)CNC(=O)CN)OC,474.65
2437,Cc1cc(nc2c1ccc(c2)OC)Cl,385.15
14087,N#Cc1ccc(I)cc1,398.15
11989,Clc1ccc(cc1)C=C1N=C(OC1=O)c1ccccc1,466.15
3167,c1ccc(cc1)S(=O)(=O)c2ccsc2,389.15
18193,OC(COC(N)=O)c1ccccc1,384.65
21193,CN2CCC65C3C=CC(O)C6Oc4c(OCc1ccccc1)ccc(CC23)c45,405.15
13752,O=Cc1c(Cl)cccc1Cl,344.15
15920,Clc1ccc2N=C(C)NS(=O)(=O)c2c1,600.3499999999999
14027,O=C(C)Oc1ccc(cc1)c2ccccc2,361.15
7016,CCO/C(=C(C#N)/C(=O)OCC)/C,345.15
13386,OCCOc1ccccc1,286.15
15998,Oc1c(C)cccc1C(=O)OC,302.15
12641,O=C1N2N(c3cc(C)ccc3N=C2N(C)C)C(=O)C1CCC,501.15
20814,O=C(CCCCCCCC)OCCCCC,246.15
4945,CC(c1ccc(cc1)Cl)C(=O)O,330.15
15649,O=C4CC[C@@]3(C)C(CC[C@@H]2[C@@H]3CC[C@@]1(C)[C@H]2CC[C@@H]1O)=C4,428.15
12237,O=C([nH0]1c2ccccc2c(C)c1C)C,347.15
6046,CC(=O)c1ccc2c(c1)CCCC2,252.15
9227,O(C=Nc1[nH0]([nH0]cc1C#N)c1[nH0]c[nH0]c2[nH0]([nH0]cc21)C)CC,428.15
5585,Cc1ccc(cc1)C(C)(C)C,210.15
5590,c1ccc(cc1)C(c2ccccc2)(c3ccccc3)c4ccc(cc4)N,531.15
1228,c1c(c(c(nc1F)F)F)C(=O)O,393.15
18691,CC(=O)OCC(=O)C4(O)C(C)CC3C2CCC1=CC(=O)C=CC1(C)C2(F)C(O)CC34C,536.15
13341,O=C(C)c1ccccc1N,293.15
13333,Cc1cccc(C)c1CC,257.15
14743,CC1=CNC(=S)NC1=O,539.15
8244,c1ccc(cc1)OC(=O)c2cccnc2,345.15
21191,ClC(Cl)(Cl)C(Cl)COCC(Cl)C(Cl)(Cl)Cl,223.15
16237,O=C(CCCCCCCCCCCCCC)OC,291.65
6555,B1(OCC(CO1)(C)C)B2OCC(CO2)(C)C,456.15
15373,C[C@@H](CC)[C@H](N)C(=O)O,442.15
12145,O=[N+]([O-])c1cc([N+](=O)[O-])c(NC(=O)C)cc1NC(=O)C,521.15
159,c1ccc(cc1)C(=O)C2(CCCCC2)O,321.15
1589,c1c(cnc(c1I)Cl)Cl,325.15
15369,NCCCNCCCCNCCCN,301.15
5565,c1cncnc1CO,350.15
7190,CCOS(=O)(=O)c1ccc(cc1)C,305.15
20449,Nc1cc(OC)ccc1[N+]([O-])=O,404.15
10576,FC(F)(F)c1[nH0][nH]c2OC(N)=C(C#N)C(c21)c1ccc(OC)cc1,477.15
15061,CC(O)CCC,223.15
13364,Cc1ccccc1C(O)=O,378.15
1556,CC(=O)CC(=O)C,250.15
2828,COc1ccc(cc1CBr)C(F)(F)F,309.15
436,C(CCO)CCO,257.15
15592,CN(C)[C@H]3C[C@@H](C)O[C@@H](O[C@@H]2C(C)[C@H](O[C@H]1C[C@@](C)(OC)[C@@H](O)[C@H](C)O1)[C@@H](C)C(=O)O[C@H](CC)[C@@](C)(O)[C@H](O)[C@@H](C)N(C)C[C@H](C)C[C@@]2(C)O)[C@@H]3O,387.15
23096,CC1=C(C(=O)N(N1C)C2=CC=CC=C2)N(C)C,380.95
17972,CC(=O)OCCCCCCCCCCCC,274.45
2780,B(c1ccccc1C(C)C)(O)O,359.15
3701,c1c[n+](cc(c1[N+](=O)[O-])Br)[O-],426.15
5686,Cn1c(cc(n1)c2ccccc2)N,400.15
4727,Cc1cc(c(cc1Br)O)C(=O)C,361.15
17622,O=C2CC(Oc1ccccc12)c3ccccc3,350.15
2951,c1ccc2cc(ccc2c1)CC#N,356.15
2555,CCC(=C)CC,141.14999999999998
10350,Clc1ccccc1C1N(N=C(C1)c1ccc2ccccc2c1)C(=O)C,446.15
20178,ClC(Cl)(Cl)S(Cl)(=O)=O,413.65
17881,Oc2cc(O)cc1ccccc12,396.65
12737,O=CNc1ccccc1C,326.15
6465,c1ccc(cc1)COC(=O)Cc2cccc(c2)O,353.15
7355,CC1=CC(=O)CC(C1)(C)C,265.15
15717,O=C(O)[C@H](CCC(=O)O)NC(=O)c1ccc(cc1)N(C)Cc2nc3c(nc2)nc(N)nc3N,468.15
7823,CCN(CC)CCCN,213.15
12449,O=C(OCC)c1[nH0][nH0](C)c(C)c1,360.15
21784,CC(=O)/C=N/O,342.15
15271,Clc2ccccc2C[N+](CC)(CC)CCNC(=O)C(=O)NCC[N+](Cc1ccccc1Cl)(CC)CC,470.65
5185,c1cc(c(cc1O)C(F)(F)F)C#N,395.15
8549,CC/C=C/C,137.14999999999998
5242,C1CNCCC1O,361.15
18514,O=C(c1ccc(s1)C(C)C(=O)O)c2ccccc2,369.15
2092,c1ccc2c(c1)CC(C2O)Br,403.15
10207,O=C(Oc1ccc(OCC)cc1)c1ccccc1,377.15
11948,O=C(Nc1ccc(cc1)CCCC)c1ccc(OC)cc1,420.15
187,c1cc(cc(c1)F)[N+](=O)[O-],275.15
20397,Oc1ccc(Br)c(O)c1,376.15
20039,CCO[Si](c1ccccc1)(c2ccccc2)c3ccccc3,338.15
19810,O=C(CCl)CC(=O)OCC,265.15
21224,O=C1C=CC(=CO1)C3CCC4(O)C5CCC2CC(O)CCC2(C)C5C(O)CC34C,527.15
1381,c1c(cc(c(c1I)O)I)I,431.15
20832,OCC(O)COc1ccccc1OCCC,343.15
8605,CCOC(OCC)OCC,212.15
15743,Oc1ccccc1/C=C/C(=O)O,490.15
11528,O=C(N1c2cc3ccc([nH0]c3cc2CCC1C)C)c1ccccc1,428.15
19559,O=[N+]([O-])c1cc(cc(c1Cl)C(F)(F)F)[N+]([O-])=O,336.15
15038,c1cc3ccccc3cc1Nc2ccccc2,381.15
21720,O=[N+]([O-])c2cc(/C=C/C(=O)c1ccccc1)ccc2,418.65
21058,CSc3ncnc2c3ncn2C1OC(CO)C(O)C1O,437.15
8448,CC(C)(C)c1ccccc1,215.15
11390,N(=Nc1ccc(N=Nc2ccc(N=Nc3ccccc3)cc2)cc1)c1ccccc1,506.15
23384,C1=CC2=C3C(=C1)C4=CC=CC5=C4C(=CC=C5)C3=CC=C2,551.15
7295,c1ccc(cc1)NNc2ccccc2,398.15
18619,COc3c5OCOc5cc4CCN(C)C(C2OC(=O)c1c(OC)c(ccc12)OC)c34,449.15
8068,CC[N+](=O)[O-],184.15
12935,CN(C)C(C)=O,253.15
9959,O=C1CCC2(C)C=3CCC4C(=O)CCC4C=3CCC2C1,411.15
9764,O=[N+]([O-])c1cc(NC(=O)C)c(C=Cc2ccccc2)c([N+](=O)[O-])c1C=Cc1ccccc1,444.15
24,CCC[N+](=O)[O-],165.14999999999998
3363,Cc1ccc(c(c1)S)S,303.15
1088,C(C(F)(F)F)OC(=O)C(F)(F)F,208.15
12866,C1C=CCC1,138.14999999999998
10886,O=C1Cc2ccc(C)cc21,319.15
11590,O=[N+]([O-])c1ccc2c([nH0](c(c3ccccc3)c2C(=O)c2ccccc2)C(=O)c2ccccc2)c1,477.15
22521,O=C(C)c1ccc(F)cc1,228.15
19225,O=C(Nc1nc(C)cc(C)n1)NS(=O)(=O)c2ccccc2C(=O)OC,475.15
10503,Clc1ccc(N2C(=O)C3ON=C(C(=O)c4ccc(Cl)cc4)C3C2=O)cc1,425.15
12306,O=C(O)CCCCC(=O)c1cc(OC)ccc1OC,349.15
17079,CN(C)S(=O)(=O)N(SC(Cl)(Cl)F)c1ccc(C)cc1,369.15
15906,O=C1NC(=O)NC(=O)C1(CC)C3=C[C@H]2CC[C@H](C2)C3,486.15
22550,Fc1c(C)c(F)c(F)c(F)c1F,243.35
11944,Clc1ccc(cc1)C=C1C(=O)NN(c2ccccc2)C1=O,595.15
6337,C(CCC#N)CC#N,275.15
17611,O=C2C=COc1ccccc12,332.15
18383,C=2CC3C1C=CC(C1)C3C=2,305.15
276,CCCCCCCCCCBr,243.15
12413,O=C1OC2(OC1c1ccccc1)CCCCC2,360.15
19337,O=C(OCC)Cc2cccc1ccccc12,361.65
20021,Clc1ccccc1OC(C)C(=O)O,386.15
3906,c1cc(c(cc1N)F)C(F)(F)F,329.15
5845,Cc1ccc(cc1N)Cl,296.15
23147,C1=CC2=C3C4=C1C=CC5=C4C6=C(C=C5)C=CC7=C6C3=C(C=C2)C=C7,711.15
1137,COc1ccccc1c2ccccc2OC,427.15
19151,Clc1cc2oc3cc(Cl)c(Cl)c(Cl)c3c2cc1Cl,498.15
18108,CCOC(CC(CCC)OCC)OCC,173.14999999999998
13324,CCCc1ccc(C)cc1,209.15
2490,CC(C)Cl,156.14999999999998
16165,CC(C)(C)SCSP(=S)(OCC)OCC,243.95
7742,c1ccc(cc1)C(=O)NCCCl,376.15
14482,Oc2ccc(Cl)cc2Cc1cc(Cl)ccc1O,443.15
13127,CCC(O)CCCC,203.15
3935,Cc1ccc(cc1F)C(=O)O,443.15
15072,CC(=O)[C@H]2CC[C@H]3[C@@H]4CCC1=CC(=O)CC[C@]1(C)[C@H]4CC[C@]23C,401.15
2384,Cc1ccc(c(c1)O)Cl,319.15
8016,CCCCCCCCCCCCCCCCCCCCCC,318.15
7084,CCOC(=O)c1ccc(cc1)n2cccc2,348.15
16499,N#CSCc1ccccc1,316.15
1863,CC(=O)c1c(ccs1)Br,316.15
15688,Cc2cc(CC(=O)O)n(C)c2C(=O)c1ccc(Cl)cc1,451.65
19503,O=[N+]([O-])c1ccc(cc1)C(=O)OCCCC,308.65
364,C1C2CC3CC1CC(C2)(C3)CO,390.15
9094,O=C1N(C)c2ccccc2C(O)=C1C1=NNC(=O)C1=CNc1cccc(C)c1,537.15
19203,CC=1C=C(CC(C)CC(C)(C)C)N(O)C(=O)C=1,381.15
22577,O=C(/C=C/c1ccco1)c2ccccc2,320.15
18354,CC(C)(c1ccc(O)cc1)c2ccc(O)cc2,426.15
3802,c1cc(c(cc1C#N)Cl)O,421.15
15309,O=C(OCCl)[C@@]4(OC(=O)OCC)CC[C@@H]3[C@]4(C)C[C@H](O)[C@H]2[C@H]3CCC1=CC(=O)C=C[C@@]12C,495.15
3536,CC(C)(C)c1cc(cc(c1)C(C)(C)C)C(=O)O,434.15
3825,c1cc(nnc1NN)Cl,410.15
6642,C[C@H](CCC(=O)O)[C@H]1CC[C@@H]2[C@@]1([C@H](C[C@H]3[C@H]2[C@@H](C[C@H]4[C@@]3(CC[C@H](C4)O)C)O)O)C,474.15
21895,BrCOCBr,239.15
12991,CC=C(C)CCC,154.14999999999998
18330,O=C2c1ccccc1C(=O)C2C(=O)C(c3ccccc3)c4ccccc4,419.65
23279,O=C2N(C(=O)NC2(c1ccccc1)CC)C,408.15
13527,ClCC=Cc1ccccc1,254.15
7269,C(=C(Cl)Cl)(C(=C(Cl)Cl)Cl)Cl,252.15
20826,Cc1nc2cc(ccc2o1)c3ccccc3,336.15
7929,CCCC[C@@H](C(=O)O)NC(=O)OCc1ccccc1,330.15
12982,C=CC(C)(C)CC,139.14999999999998
7166,CCOC(=O)Cc1c[nH]c2c1cccc2,316.15
12869,C=CC=CC,186.15
5867,c1c(cncc1Cl)C(=O)O,443.15
4761,c1cc(c(cc1N)F)Br,341.15
882,c1ccc(cc1)CSCC(=O)O,335.15
13893,Clc1ccc(cc1)c2ccccc2,351.15
22143,Clc1ccc(cc1)C(=O)Nc2ccc3nn(nc3c2)C4CCCC4,453.15
557,c1ccc(cc1)C(=O)CC(=O)c2ccccc2,351.15
1960,Cc1cccc2c1nc(s2)N,411.15
13331,CCc1ccc(CC)cc1,230.15
1207,c1c(c(c(c(c1F)F)C#N)F)F,307.15
7684,COC(=O)c1ccnnc1,339.15
16859,OC(=O)CC(CC(=O)O)C(=O)O,439.15
12021,Brc1ccc(cc1)c1oc(cc1)C=C1C(=O)NC(=O)NC1=O,528.15
10485,s1c([nH0]c(C)c1N=Nc1ccc([N+](=O)[O-])cc1)CC#N,507.15
19595,COc2c3ccoc3nc1ccccc12,406.65
3630,c1cc(cc(c1)S(=O)(=O)N)N,414.15
1708,c1cc(cc2c1cc(cc2)Br)Br,438.15
1140,CCC(C(C)(C)C)O,268.15
19546,FC(F)(C(F)(F)C(F)(F)F)C(F)(C(F)(F)F)C(F)(F)F,154.14999999999998
6207,c1cc2c(ccnc2cc1Cl)O,553.15
21600,CC(=O)c4c(O)c(Cc2c(O)c(c1OC(C)(C)C=Cc1c2O)C(=O)/C=C/c3ccccc3)c(O)c(C)c4O,485.15
20114,CCCCCS(=O)CCCCC,331.15
20721,O=[N+]([O-])c1cc(ccc1)C(OC(C)=O)OC(C)=O,345.15
2660,c1ccc(cc1)c2ccccc2F,347.15
14852,C=CCOC(=O)OCCOCCOC(=O)OCC=C,269.15
1307,CC(C)C(=C)C,116.14999999999998
18951,NC(CCCNC(N)=O)C(=O)O,508.65
16212,NCCCCCCCCN,325.15
12452,O=[N+]([O-])c1ccc(N=Nc2ccc([N+](=O)[O-])cc2)cc1,485.15
19218,CC1(OC(=CC1=O)C(=O)O)c2ccccc2,449.15
6905,COC(=O)c1cccc(n1)C(=O)OC,394.15
11927,S=C1NC(C)=C(C(=O)OCC)C(N1)c1ccccc1,478.15
14072,CC(CCCCCCCCCCCC)CC,251.15
9429,O=C1N(N=C(C)C1=NNc1cccc(O)c1)CN1CCCCC1,478.15
2151,c1cnc(cc1CO)Br,334.15
20219,O=C=Nc1cccc(c1)[N+]([O-])=O,324.15
23143,C(=C\CC)\C,121.74
21344,CC(=C/c1ccccc1)C(=O)O,353.15
13283,CC(C)CC(O)CCC,192.15
5004,CN1CCC(CC1)(C#N)c2cccc(c2)OC,318.15
15996,CCCCCC(O)CCCCC,298.15
1627,c1cc(c(cc1F)CC(=O)O)F,398.15
19840,FC(F)(F)C#CC(F)(F)F,155.74999999999997
9714,O=C(O)C=C(C)c1ccc(C)cc1,408.15
358,c1cc2ccc3ccc(c4c3c2c(c1)cc4)N,391.15
138,CCCI,172.14999999999998
8491,CCCCCCCCCCCCCCCCCCCCCCCCCCCCCCCCCCCCCCCCCCCC,361.15
16766,N=C1NCCS1,358.45
11181,O=C(OCC(=O)C1(C)CCC(C)C1(C)C)c1ccccc1,355.15
340,CC(C)(C)OC(=O)n1cccc1[Si](C)(C)O,328.15
4857,c1cc(c(cc1Cl)F)CC#N,312.15
17823,Oc1ccc(Cl)c2CCCc12,365.15
9569,O=[N+]([O-])c1ccc(cc1)c1oc(cc1)C=C1N=C(OC1=O)c1ccccc1,481.15
13865,O=Cc1ccc(Br)cc1,330.15
17330,CC(C)C(C)N,223.15
10582,O=C1N(C(=O)C2C(=NOC12)C(=O)c1occc1)c1ccc(OC)cc1,410.15
5498,c1cc(ccc1CC(=O)O)[N+](=O)[O-],427.15
8556,CC/C=C/CC(=O)O,284.15
10913,O=C1OC(Cc2ccccc12)c1ccc(OC)cc1,381.15
1932,c1cc(ccc1c2csc(n2)N)Cl,442.15
2352,c1cc(c(cc1[N+](=O)[O-])Cl)N,381.15
15848,CNC(=O)Oc1cccc2CC(C)(C)Oc12,424.65
3236,COc1cc(c(c(c1)F)F)F,293.15
12355,OCC1OC([nH0]2c[nH0]c3c2[nH0]c[nH0]c3N)C=C1,463.15
9493,O=[N+]([O-])c1ccc(NN=C(C)C=C(C)c2ccc(cc2)c2ccccc2)c([N+](=O)[O-])c1,474.15
21413,O=C(/C=C/c1ccco1)/C=C/c2ccco2,333.65
3807,Cc1ccc(cc1Cl)NC(=O)C,377.15
1936,c1c(c(cc(c1F)F)N)C(=O)O,455.15
5619,CN(C)c1ccc(cc1)/C=C2/C(=O)NC(=S)S2,551.15
14973,O=C(O)CCCCCCCCCCCCC,328.25
18800,CC(=O)C4(O)CC(OC1CC(N)C(O)C(C)O1)c5c(O)c3C(=O)c2c(OC)cccc2C(=O)c3c(O)c5C4,481.65
20623,O=C(c2c(OCC(=O)c1ccccc1)n(C)nc2C)c3ccc(Cl)cc3Cl,384.65
6139,c1ccc(cc1)c2cc(=O)c3cc(ccc3o2)O,508.15
785,c1cn(cn1)C(=O)C(C(C(F)(F)F)(F)F)(F)F,284.15
8036,c1ccc2c(c1)-c3ccccc3C2COC(=O)N4CCC[C@H]4C(=O)O,388.15
8315,Cc1ccc(cc1)N,317.15
22875,O=C(c1ccc(Cl)cc1)CC,308.65
18556,O=C(OCC)C(CCc1ccccc1)NC(C)C(=O)N3C(CC2CCCC23)C(=O)O,382.15
2169,COc1ccc(c(c1)C(=O)N)Br,433.15
17294,Brc1cccc(Br)c1O,329.65
14138,Brc1cc(Br)c(O)cc1,313.15
18693,CCN(CCO)CCCC(C)Nc1ccnc2cc(Cl)ccc12,363.15
11826,S1CN(C[nH0]2c1[nH0][nH0]c2c1ccccc1)c1[nH0]cccc1,497.15
16346,O=C1CCCC1C2CCCC2,260.15
6591,CCCC(=O)NN,317.15
4458,c1c(c(c(=O)[nH]n1)Cl)Cl,475.15
14325,ClC(F)(F)C(Cl)(Cl)F,238.15
7597,COC(=O)c1ccc(cc1)O,400.15
9370,O=[N+]([O-])c1cc([N+](=O)[O-])c(cc1C=Cc1ccc2OCOc2c1)C=Cc1ccc2OCOc2c1,488.15
4652,c1ccc(cc1)COc2ccc(cc2)CC#N,341.15
442,c1c(c(cc(c1[N+](=O)[O-])F)F)[N+](=O)[O-],347.15
19799,c1ccccc1C(=C(c2ccccc2)c3ccccc3)/c4ccccc4,498.15
9591,s1cc([nH0]c1C(=NNC=1C(=O)N(N(C)C=1C)c1ccccc1)C#N)c1ccccc1,500.15
22019,O=C(N/N=C/c1ccccc1O)c2ccncc2,505.15
20636,CCC(C)C1C=C(C(C1)C(C)CC)C(O)CC(O)C(O)C(=O)O,469.15
9649,Clc1ccc(NN=C2C(=O)N(N=C2C(F)(F)F)c2ccccc2)cc1,453.15
20874,FC(F)CO,244.95
5744,c1cc(c(cc1Br)C#N)F,352.15
15747,O=S(=O)(Nc1ccccn1)c3ccc(/N=N/c2cc(C(=O)O)c(O)cc2)cc3,493.15
17438,BrC(=C)C,147.14999999999998
15845,O=C1NC(=O)NC(=O)C1(CC(Br)=C)C(C)CC,404.65
20083,Clc1ccc(OC)nn1,357.65
11951,FC(F)(F)C(C(=O)Nc1ccccc1)C(F)(F)F,439.15
929,c1ccc(c(c1)OCCN)Cl,313.15
22528,Cc1ccnc(C)c1,209.15
8767,CC(C)CC1(CC=C)C(=O)NC(=O)NC1=O,411.15
18213,COc1cc(ccc1OC(C)=O)CC=C,303.65
11120,O=C(Nc1ccc(C)cc1)C(C)c1ccc(C)cc1,378.15
14730,O=C1CC(=O)CC(C)(C)C1,421.65
11738,O=C(NC(CO)c1ccccc1)Cc1ccccc1,413.15
13790,C#CCCCCCCCCCCC,268.15
22445,S=P(=S)SP(=S)=S,558.15
21249,C/C(C)=CCC(=C)C,287.15
2011,c1ccc(cc1)c2ccc(nc2)N,408.15
17297,[O-][N+](=O)c1cccc2cccnc12,363.15
7611,COC(=O)c1ccc(o1)Br,337.15
19657,COc1c(ccc2COC(=O)c12)OC,375.65
16028,O=C(CCCCCCCCCCCCC)OC,292.15
20690,CC(N)(CC)C(=O)O,589.65
23256,C1=CC=C2C(=C1)C(=CN2)CC(=O)O,441.65
18990,CC(C)CCCC(C)C1CCC2C3CC=C4CC(O)CCC4(C)C3CCC12C,414.65
6564,Cc1cc(c(c(c1)C2(CCCCC2)C)O)Cc3cc(cc(c3O)C4(CCCCC4)C)C,408.15
21251,Cc1cc(ccc1)O[Si]23OCCN(CCO2)CCO3,439.15
16390,CC(C)(C)c1cc(cc(c1O)C(C)(C)C)CC,317.15
11172,O=C1C(C(=O)OCC2(C)CCC(C)C2(C)C)C2CCC1(C)C2(C)C,419.15
7835,CN(C)c1cccc(c1)[N+](=O)[O-],332.15
3361,Cc1ccncc1C,262.15
12966,CC(C)CC#CC,180.15
10135,O=C(OC1OC(C#N)CC1OC(=O)c1ccc(C)cc1)c1ccc(C)cc1,384.15
18019,C=NCC#N,402.15
1141,CCC(C)(C)C,173.14999999999998
21846,Cc3nn(C)c(Oc1ccccc1)c3/C=N/OCc2ccc(cc2)C(=O)OC(C)(C)C,375.15
21998,NC(=O)C(CCCC)n1nc2ccccc2n1,374.65
15007,O=C(C)N[C@@H](CCSC)C(=O)O,378.65
15434,Cc1ccccc1N3C(C)=Nc2ccccc2C3=O,386.15
16743,C=C(CCl)CCl,259.15
18454,O=C1Nc2ccccc2O1,411.15
3134,COc1cc(ccc1O)CCC(=O)O,363.15
6990,CCCCCCCCCCCCCCCCCCCCCCCCCCCCCCCC,343.15
19627,Cc1c(C)ccc(O)c1C,354.15
21409,C/C(=C/c1ccccc1)c2ccccc2,355.15
18626,[O-][N+](=O)c2cc(Oc1ccccc1)c(cc2)NS(C)(=O)=O,416.9
17858,Nc2ccc(Oc1ccccc1)cc2,356.15
1823,c1c(cc(c(c1[N+](=O)[O-])O)[N+](=O)[O-])F,328.15
10081,OC1CCC2C3CCC4CC5(OCCO5)CCC4(C)C3CCC21C,485.15
3259,Cc1cc(c(c(c1)OC)OC)OC,309.15
10213,O=C1C=C(NCc2[nH0]cc(C)cc2)C(=O)c2ccccc12,408.15
4020,Cc1cc(c(c(c1C)I)C)C,352.15
22128,O=C(NN(C(=O)c1ccc(C#N)cc1)C(C)(C)C)c2ccccc2,472.65
3500,Cc1cnc(c(c1[N+](=O)[O-])C)CO,340.15
2658,c1ccc(c(c1)C(F)(F)F)F,224.15
17514,O=[N+]([O-])c1cc(cc(C)c1O)[N+]([O-])=O,359.75
13749,O=C(CCC(=O)OCC)OCC,253.15
10516,S1C2=NC(=O)c3ccccc3N2N=C1C(=O)c1cccc2ccccc21,514.15
1819,Cc1cccc(c1O)C,319.15
7461,CC(=O)Nc1ccc(cc1C(=O)OC)Cl,403.15
5624,COc1ccc(cc1)c2[nH]nnn2,510.15
17815,C1CN1,195.25
21278,CC1(C)CCCCC1O,281.15
7064,CCOC(=O)c1cc(cc(c1)[N+](=O)[O-])[N+](=O)[O-],365.15
9342,O=C1OC(=CCN=[N+]=[N-])C(OC)=C1OC,329.15
12336,O=C1OC(C)(C)C2CCCCC12,353.15
4669,c1cc(c(cc1Br)c2ccno2)O,484.15
9428,ClC(=O)C=Cc1ccc(cc1)C=CC(Cl)=O,444.15
5476,c1ccc(cc1)C(=O)/C=C/c2ccc(cc2)[N+](=O)[O-],437.15
23311,CC(C1=CC2=C(C=C1)C=C(C=C2)OC)C(=O)O,428.15
15670,Cc2cc(NS(=O)(=O)c1ccc(N)cc1)no2,440.15
1856,CC(=O)Nc1nccs1,476.15
2282,COc1ccc(c(c1OC)Cl)C#N,375.15
23485,CC(C)(C)NC(=O)C(N(CCCCCCC)C(=O)\C=C\C)c2cc3ccccc3c1ccccc12,453.15
13392,O=Cc1cc(O)ccc1O,371.15
6439,c1ccc2c(c1)OCCOCCOCCOCCO2,353.15
6031,c1cc(ncc1C=O)N2CCCCC2,316.15
386,CCCCCCCCCCCC(=O)CCCCCCCCCCC,340.15
1628,c1cc(c(cc1F)NN)F,348.15
11777,O=C1CC2CC(OC(=O)C)CCC2(C)C2CCC3(C)C(=O)CCC3C12,437.15
21818,CC(=C/C(=O)O)C1CCCCC1,358.65
22725,N2=N[C@@H](c1c(cccc1)C=C2[C@H](C)C(C)(C)C)C,375.5
13851,O=[N+]([O-])c1cc(ccc1N)[N+]([O-])=O,450.15
7718,Cc1cccc(c1)C(=O)N,368.15
7544,COC(=O)c1cc2ccccc2cc1O,346.15
11381,Nc1ccc(cc1)c1ccc(NNc2ccccc2)cc1,413.15
4658,c1ccc(cc1)Cc2ccncc2,283.15
12497,BrC(c1ccccc1)C(Br)c1ccccc1,512.15
9101,s1c(N=Nc2ccc(OC)cc2)c([nH0]c1C(=NNc1ccc(F)cc1)C#N)C,488.15
10058,O=C1C=C2CCC3C(CCC4(C)C(=O)CCC34O)C2(C)CC1,531.15
1842,CC(C)CCCCC(C)C,218.15
18881,O=C(O)C(C)c1ccc(NCC(=C)C)cc1,380.15
16585,Cc1ccc2C=CC(=O)Oc2c1,401.15
3868,c1cc(cc(c1)N=C=S)C#N,338.15
5054,CCOc1ccc(cc1)NC(=O)C,408.15
5889,c1cc2c(cc1F)CCC2=O,312.15
14376,O=C2C=C(C)N(C)N2c1ccccc1,383.15
19086,Cc1cccc2sc3nncn3c12,460.15
22366,C=CCc1ccc2OCOc2c1,284.35
16715,CCN(CCO)CCn2c3C(=O)N(C)C(=O)N(C)c3nc2Cc1ccccc1,353.15
3808,Cc1ccc(cc1Cl)N,296.15
23411,O=C(OCCC)c1ccc(O)cc1,369.15
935,c1ccc(c(c1)c2nc3ccccc3s2)O,405.15
10651,c1ccc(cc1)Cc1ccc2c3ccccc3c3ccccc3c2c1Cc1ccccc1,451.15
1774,COc1cc(c(c(c1)F)O)F,342.15
20925,O=C(O)c1ccc(OCCC)cc1,418.15
3744,B(c1ccc(c(c1)C(=O)O)F)(O)O,491.15
17373,CC(=O)NCc1ccccc1,334.15
5443,CCCCCCOc1ccc(cc1)O,319.15
21490,O=C(OCC)CN2c1c(cccc1Cl)SC2=O,352.35
13969,O=C(N)c1cc(Br)ccc1,428.15
1875,CC(=O)c1cc2ccccc2s1,360.15
3760,c1c(cc(c(c1C(=O)O)F)Cl)C(F)(F)F,363.15
22652,O=C(OC)[C@H]4[C@]3(C(=O)c2c1c3cccc1ccc2)[N@@]5[C@H](C4)CCC5,418.0
3052,c1ccnc(c1)CO,267.15
20125,O=C(CCCCCCCCC)OC(=O)CCCCCCCCC,297.85
13654,O=[N+]([O-])c1ccccc1C(C)=O,303.15
13146,Cc1ccc(C=C)cc1,239.15
21989,NS(=O)(=O)c1ccc(SCCCO)c(F)c1,383.65
4615,c1ccc(cc1)C(=O)c2ccc(cc2)C(=O)O,472.15
15812,NC1=CC(=CNC1=O)c2ccncc2,568.15
3321,c1cc(c(cc1C=O)O)O,428.15
21348,CC=1CCCC(C)(C)C=1/C=CC(C)=CC=CC(C)=CC=O,336.15
3311,c1cc(c(cc1/C=C/C(=O)O)F)F,468.15
20795,Cc1c(cccc1OC)C(=O)NN(C(=O)c2cc(C)cc(C)c2)C(C)(C)C,477.65
20711,Oc1ccc2cc(Cl)ccc2c1,389.65
20917,C[Si](C)(C)N(c1ccccc1)[Si](C)(C)C,289.65
12743,O=[N+]([O-])c1ccc2c(c1)C(=O)NC2=O,471.15
12871,CCCC=C,108.14999999999998
11595,O=[N+]([O-])c1ccc2c([nH0](c(c3ccccc3)c2OC(=O)C)C(=O)C)c1,451.15
8210,C(C(CO)(CO)CO)O,535.15
11431,O=C(c1ccccc1)C(=O)c1ccc2CCc3cccc1c32,421.15
20012,Cc2cc(Cl)c(N=C1/NCCN1)cc2,422.15
20013,Oc1cc2OC(=O)Sc2cc1,433.15
17740,O=C(N)c1cnc(N)cc1,519.65
16018,BrCC(Br)COP(=O)(OCC(Br)CBr)OCC(Br)CBr,278.65
1517,COc1ccc(c(c1)OC)S(=O)(=O)Cl,345.15
22359,OCCCCCO,255.15
4492,c1cc(c2c(c1Cl)C(=O)C(=O)N2)Cl,521.15
3112,c1cc(cc(c1)N)CCC(=O)O,373.15
16566,C[C@H]1CC[C@@H](C)C1,139.45
16294,NC(=O)c1cccs1,455.15
11834,S=C1SC(N=Nc2ccccc2C(=O)O)C(=O)N1c1ccccc1,472.15
2866,CC1=NCCS1,172.14999999999998
855,CN1CCC[C@H]1c2cccnc2,194.15
21615,O=C(O)CCCCCCCC=CCCCCCC,273.04999999999995
4912,COc1ccc(c(c1)[N+](=O)[O-])Cl,317.15
13860,O=Cc1ccccc1Br,295.15
5463,c1cc(ccc1[N+](=O)[O-])S(=O)(=O)N,453.15
18184,c1cccc2CC=Cc12,271.35
5482,Cc1ccc(cc1C)[N+](=O)[O-],302.15
12605,S1CCC(NC(=O)CSCC(=O)O)C1=O,429.15
21488,FC(=C(/F)C(F)(F)F)C(F)(F)F,144.14999999999998
18352,O=S(=O)(c1ccc(Cl)cc1)c2ccc(Cl)cc2,421.05
3828,CC(=O)Nc1cccc(c1)Cl,350.15
21258,CC(=O)OCC(=O)C3(O)C(CC2C4CCC1=CC(=O)C=CC1(C)C4(F)C(O)CC23C)OC(C)=O,508.15
4697,CC(C)(C)c1cc(cc(c1O)C(C)(C)C)Br,356.15
15200,O[C@@H](CNC)c1cc(O)ccc1,415.65
4987,C#Cc1ccc(cc1)Cl,318.15
4650,c1ccc(cc1)COc2ccc(cc2)OCC(=O)O,413.15
17543,Oc2ccc(Br)cc2C(=O)C(=O)c1cc(Br)ccc1O,485.65
17709,O=C2C=CC(=O)C=C2c1ccccc1,387.15
10288,Clc1[nH0]c(c[nH0]c1)C(=O)Nc1cc(cc(c1)C(F)(F)F)C(F)(F)F,406.15
6796,C[Si](C)(Cl)Cl,197.15
5808,c1cc(c(cc1Cl)C(=O)O)C(F)(F)F,359.15
17839,C[Si](C)(C)O[Si](C)(C)O[Si](C)(C)O[Si](C)(C)O[Si](C)(C)C,193.15
5410,Cc1ccc(c(c1)O)C(=O)O,451.15
8333,c1cnc(cc1C#N)C#N,363.15
2800,c1ccc(c(c1)CO)S,305.15
9836,S=C(N)NN=C(C)C(=O)Nc1ccccc1,485.15
10332,S(Cc1ccccc1)C(SCc1ccccc1)=C(C#N)C(=O)OCC,355.15
12728,O=C1NC(=O)C(CC)(C(=O)N1C)c1ccccc1,449.15
22269,CN(OC)C(=O)Nc1ccc(cc1)Oc2ccc3c(c2)OC(C)(CC3(C)C)OC,375.15
13778,N#Cc1cccc(c1)c2ccccc2,322.15
7815,CC(=O)NCCNC(=O)C,447.15
4378,CC(C)(C)c1ccc2c(c1)OCCOCCOc3cc(ccc3OCCOCCO2)C(C)(C)C,383.15
8921,CCN(CC)C(C)CN2c1ccccc1Sc3ccccc23,326.15
6716,C1CCCC(CCC1)N,225.15
20120,CC(C)CCOC(=O)C(=O)OCCC(C)C,264.15
2261,c1cc(c(cc1Br)Cl)Br,313.15
7429,Cc1cc(cc(c1)C)C,228.15
20389,CC(=O)c1ccc(Cl)s1,325.15
9302,Clc1cccc(F)c1C=NO,406.15
22297,OCC(=O)C4C(C)CC3C2CC(F)C1=CC(=O)C=CC1(C)C2(F)C(O)CC34C,515.15
11190,BrC(CC12OC(=O)C(C)(CC1)C2(C)C)c1ccccc1,479.15
18778,O=[N+]([O-])c1cnc(C)n1C,411.65
17569,CCCCCCCCCCCCCCCCCCCCCCCCO,350.15
2007,c1ccc(cc1)C(=O)c2cc(ccc2N)[N+](=O)[O-],440.15
193,c1cc(c(cc1[N+](=O)[O-])[N+](=O)[O-])F,300.15
13803,OC(=O)c1cccc(C(C)=O)c1O,414.15
22205,CC(C)CCCC(C)[C@H]2CC[C@H]3C4CC=C1C[C@@H](O)CCC1(C)[C@H]4CCC23C,421.65
8770,CNC(=O)Oc1cccc2ccccc12,415.15
16300,CC(=O)CC(=O)C(=O)O,372.65
771,C[Si](C)(C)n1ccnc1,231.15
10587,O=C1CC(C)(C)CC=2Nc3ccc4ccccc4c3C(c3ccccc3)C1=2,588.15
17862,Nc1nc2ccccc2s1,405.15
18230,O=C=Nc1ccc(cc1C)c2ccc(/N=C=O)c(C)c2,344.15
12466,N1c2ccccc2CC1c1ccccc1,322.15
20124,CCCCC(=O)OC(=O)CCCC,217.05
21075,c1ccccc1CN2CCOCC2,467.15
14868,O=C(OCCCCCCCC)c1ccccc1C(=O)OCCCCCCCC,221.15
14567,O=[N+]([O-])OCC(CCCC)CC,348.15
16789,CC[Si](Cl)(Cl)CC,176.64999999999998
23160,C1(CCCCC1)=O,244.1
10088,O=C(OCC(OC(=O)C)C(OC(=O)C)C(OC(=O)C)C(OC(=O)C)C(=O)N)C,461.15
16910,Cc1cc(ncc1)c2cc(C)ccn2,448.15
6317,CC#N,226.15
11851,Clc1ccc(cc1)C1Sc2[nH0][nH0]c([nH0]2N1)c1ccc(OCC)cc1,382.15
6581,C[Si](C)(C)Br,229.15
1447,c1c(cc(c(c1Cl)N)I)Cl,353.15
342,c1ccc(cc1)COc2ccc(cc2)Br,335.15
13319,Cc1cc(C)cc(CC)c1,189.15
11328,O=C1C(C(=O)c2cccc3ccccc32)C2CCC1(C)C2(C)C,377.15
17111,O=C1CCCCCCN1,309.65
9168,NN=C(c1ccccc1)C(=NN)c1ccc2ccccc2c1,436.15
22372,Cc1ccnc2ccccc12,282.65
19900,O=C1C=CC(=O)C1,310.15
7368,CC(C)N,172.14999999999998
2044,B(c1ccccc1)(c2ccccc2)OCCN,462.15
7156,CCOC(=O)c1cc2ccccc2oc1=O,367.15
16288,O=C(CCCCCCCCCCCCCCCCCCCCC)OCC,323.15
7851,CNC(=O)C(=O)NC,489.15
10178,O=[N+]([O-])c1cc([N+](=O)[O-])cc(c1)c1occ[nH0]1,403.15
12132,O=C1N(c2ccccc2)c2ccccc2c2o[nH0]c(C)c21,556.15
13615,COC(=O)c1cccc(c1)C#N,338.15
17732,Clc1ccccc1N3C(C)=Nc2ccccc2C3=O,400.15
17044,CCC12COP(OC1)OC2,326.85
1492,B(c1ccc(cc1F)F)(O)O,522.15
778,c1ccc(cc1)C#CC2(CCCCC2)O,334.15
9885,BrC(c1ccccc1)=C(Br)c1ccccc1,501.15
18863,O=C(OCC)C(CCc1ccccc1)NC3CCc2ccccc2N(CC(=O)O)C3=O,421.65
9277,ON=C(CC(NO)c1ccc(N)cc1)c1ccccc1,452.15
2524,C1CC=CC(=O)C1,220.15
5374,Cc1c[nH]c(n1)c2ccccc2,448.15
19582,CCOc1ccc(F)cc1,264.65
22455,Cc3cc(/N=N/c1c2ccccc2ccc1O)c(C)cc3,426.15
16232,O=C(Cl)c1ccccc1Br,284.15
14849,NC1=NC(=O)N(C=C1)[C@@H]2O[C@H](CO)[C@@H](O)[C@H]2O,483.15
17371,CCC(=O)CCC,217.65
8259,c1ccc(cc1)C#CC(=O)O,410.15
21126,CCCCCCC(CCCCCC)CCCCCC,244.85
40,CC(C(=O)O)Oc1cc(c(cc1Cl)Cl)Cl,451.15
11240,O=C(OCCC(OC(=O)c1ccccc1)c1ccccc1)c1ccccc1,324.15
18146,Cc1cc(ccc1O)C(C)(C)C,300.65
21497,Nc2nc(C)ncc2CN(C=O)C(C)=C(/CCO)SSC(/CCO)=C(/C)N(C=O)Cc1cnc(C)nc1N,450.15
14424,COc1ccc(cc1)[N+]([O-])=O,321.15
11639,FC(F)(F)C(F)(F)C(F)(F)C(F)(F)C(F)(F)C(F)(F)C(F)(F)C(F)(F)C(=O)Nc1[nH0]cccc1C,434.15
6816,CCOP(=O)(Cc1ccc(cc1)N)OCC,366.15
20668,COC(=O)C1(CCC1)S(=O)(=O)c2ccccc2,380.65
21273,O=C2N=C(Oc1ccccc12)c3ccccc3,396.65
10704,O=C(OC)C1=NNC(C)=C1,355.15
19107,Clc1cc2Oc3cc(Cl)cc(Cl)c3Oc2cc1Cl,467.15
14140,C=C(C)CCCCCCCCCCCCCCC,282.15
1460,B(c1ccc(cc1Cl)Cl)(O)O,517.15
21800,CC2(C)CC(O)C(=O)C(C)=C2/C=CC(C)=CC=CC(/C)=CC=CC=C(/C)C=CC=C(/C)C=CC1=C(C)C(=O)C(O)CC1(C)C,455.65
4493,c1cc2c(ccnc2cc1Cl)Cl,358.15
20663,Clc1cc(ccc1OC(F)(F)C(F)OC(F)(F)F)NC(=O)NC(=O)c2c(F)cccc2F,450.65
13074,CC1(CC)CCCC1,129.14999999999998
17915,O=C(OCCOCCOC(=O)c1ccccc1)c2ccccc2,306.65
13686,CC(=C)CCCCCCCCC,233.15
13947,O=C(C)c1ccc(cc1)c2ccccc2,395.15
11002,O=C1C=CC=C2CC1=CC=CC2=O,420.15
15432,COc1cc(cc(OC)c1O)[C@@H]5c2cc7OCOc7cc2[C@@H](O[C@@H]3O[C@@H]4CO[C@@H](C)O[C@H]4[C@H](O)[C@H]3O)[C@H]6COC(=O)[C@H]56,516.65
7230,c1ccc2c(c1)C(=O)OC23c4ccc(cc4Oc5c3ccc(c5)O)O,593.15
15686,CCN2CCCC2CNC(=O)c1cc(ccc1OC)S(N)(=O)=O,451.15
10412,O=CC=1C(=O)Oc2ccccc2C=1NC,489.15
5075,CCc1ccc(cc1)O,316.15
9641,s1c2ccccc2[nH0]c1C(C#N)=Cc1ccccc1,379.15
21769,CC(C)S(=O)(=O)n1c2cc(ccc2nc1N)C(=NO)c3ccccc3,471.65
21640,Oc1cc2c(cc1O)OC(=O)C=C2C,548.15
22744,Fc2nc(ON=C(c1ccccc1)C)c(F)c(F)c2F,390.0
4088,Cc1cc(cnc1)[N+](=O)[O-],369.15
18351,Oc1ccc(cc1)S(=O)(=O)c2ccc(O)cc2,513.65
22095,ClC(Cl)(Cl)C(=O)Nc1ccc2nn(nc2c1)C3CCCC3,409.15
14949,O=C(O)[C@@H](N)C(C)O,529.15
4249,CCc1ccc(cc1)NC(=S)NN,403.15
16807,ClCC(Cl)(F)F,171.95
22661,O=C(OC)[C@@]2(O)c1c(c(Cl)nc(OC)c1)C3=C(C2)CCCN3C,426.0
10096,O=C1C=C2CCC3C(CCC4(C)CCCC34O)C2(C)CC1,453.15
22924,C(C)(C)(C)OC(=O)N(NC(=O)OC(C)(C)C)C1=CC(=C(C(=C1)OCCCCCCCCCC)OCCCCCCCCCC)OCCCCCCCCCC,329.15
12109,O=C(O)C=Cc1ccc(OC)cc1,447.15
6142,COc1ccc2c(c1)CCCC2=O,352.15
5661,COc1ccc(cc1)c2coc3cc(cc(c3c2=O)O)O,485.15
13970,O=C(N)c1ccccc1Br,433.15
15037,c1ccc3ccccc3c1Nc2ccccc2,334.15
9031,S=C(N)C(=C1OC(=NN1)c1ccccc1O)C(=O)OCC,401.15
2659,c1ccc(c(c1)C(=O)Cl)F,278.15
141,c1ccc2c(c1)cccc2I,277.15
2597,CC(=O)c1ccc(cc1F)OC,325.15
6701,C1CCC=CC1,169.14999999999998
15223,O=C3N=CNc1c3ncn1[C@H]2CC[C@@H](CO)O2,434.65
17761,Oc1ccc(cc1OC)C(=O)N(CC)CC,368.15
20058,O=C(CCl)N1CCOCC1,310.15
23380,C(CCCC)(=O)O,239.2
7418,c1ccc(cc1)C(C(=O)O)O,393.15
17522,OC(C#N)c1ccccc1,263.15
10449,O=C1NC(=O)C(=Cc2oc(cc2)c2ccccc2OC)C(=O)N1,493.15
18171,BrC(CBr)CCl,279.15
12130,O=C1N(CNc2ccccc2CC)C(=O)c2ccccc21,377.15
21115,O=C2CCCC1C3CCCN4CCCC(CN12)C34,349.15
16843,Cc1ccc(C)c(C)n1,310.15
16013,O=C1CCC(=O)N1Cl,423.15
8179,c1ccc(cc1)c2ccccc2c3ccccc3,330.15
11565,O=[N+]([O-])c1cccc2c(cccc12)C=Nc1ccccc1,357.15
17332,NC(=O)NC,376.15
9528,O=[N+]([O-])c1cccc2c1C(=O)C(=C1Nc3ccccc3C=C1)C2=O,633.15
6370,CC(c1ccccc1)(C(=O)c2ccccc2)O,338.15
4628,Cc1cc(cc(c1OCc2ccccc2)C)C(=O)O,432.15
14478,CC2(C)C(=C)C1CCC2C1,323.15
441,C(CCCl)CCCl,201.15
9794,o1cccc1C=Cc1[nH0]c2cc3[nH0]c(ccc3cc2cc1)C=Cc1occc1,545.15
9046,O=C1N(C)c2ccccc2C(O)=C1C1=NNC(=O)C1=CC=Cc1ccccc1,511.15
3830,c1cc(cc(c1)Cl)C=O,290.15
22394,CN2C1CCC2CC(O)C1,337.15
6344,C=CCBr,154.14999999999998
21442,NC(=S)NC,393.15
1958,Cc1cc(ncc1[N+](=O)[O-])N,497.15
155,c1ccc2c(c1)CCC2=O,313.15
10487,Clc1ccc(N2C(=O)C3ON=C(C(=O)c4ccc5ccccc5c4)C3C2=O)cc1,394.15
21729,O=P(OC)(OC)OC(C)=C/C(=O)NC,328.15
4578,Cc1cc(ccc1N)O,451.15
1089,c1ccnc(c1)CNC(=O)C(F)(F)F,348.15
12576,N#CCc1ccc(cc1)CC#N,369.15
9122,S1C(=N)N(N=C1C(=O)C)c1cccc(C)c1C,444.15
7950,Cc1ccc(cc1)C[C@@H](C(=O)O)NC(=O)OC(C)(C)C,359.15
11101,Brc1cc(Br)c(O)c(c1)C(c1oc(C)cc1)c1oc(C)cc1,361.15
18058,CC1CNC(C)CN1,391.65
21548,CC(C)(OC1OC(CO)C(O)C(O)C1O)C#N,418.15
6416,c1ccc(cc1)C(c2ccccc2)Cl,292.15
16021,O=[N+]([O-])C(CO)(CO)CO,487.15
9087,O=C1N(C)c2ccccc2C(O)=C1C1=NNC(=O)C1=CNc1[nH0]ccc[nH0]1,552.15
11439,[nH0]1c2ccccc2[nH0]c(c1c1ccccc1)c1cccc2ccccc21,411.15
18710,O=C(O)C7OC(OC6C(O)C(O)C(OC6OC2CCC3(C)C4C(=O)C=C1C5CC(C)(CCC5(C)CCC1(C)C4(C)CCC3C2(C)C)C(=O)O)C(=O)O)C(O)C(O)C7O,482.15
7096,CCOC(=O)c1ccc(c(c1)[N+](=O)[O-])Cl,327.15
1098,c1cc(c(cc1Cl)Cl)C(=O)CCl,327.15
5433,CCCCCCCCCCCCOc1ccc(cc1)C(=O)O,408.15
13230,ClCc1ccccc1,230.15
6450,c1ccc(cc1)C(c2ccccc2)(C(c3ccccc3)(c4ccccc4)O)O,450.15
12328,s1c2CCCCc2c(C#N)c1NC(=O)c1ccccc1,383.15
10785,Cc1c2CCc2c(C)c(C)c1C,412.15
18099,c1ccc(cc1OCC2CO2)OCC3CO3,315.65
20215,CP(C)(=O)O,365.15
3348,Cc1ccc(cc1C)C(=O)N,375.15
4079,Cc1c(c[nH]n1)[N+](=O)[O-],406.15
9177,ON=C(Cc1ccccc1)C(=NO)Cc1ccccc1,466.15
22753,[O-][N+](=O)c2ccccc2/N=N/c1ccc(N(C)C)cc1,399.5
587,c1c(cc(c(c1Br)I)Br)F,407.15
9346,O=C(ON=C(Cc1ccccc1)c1ccccc1)c1ccccc1,365.15
13269,CC(CC)CCC(C)O,153.14999999999998
13537,Oc1ccc(cc1)C(=O)OC,401.15
20934,Cc1ccnc(C)n1,269.15
10964,O=C1NC(=O)c2c1c(C)ccc2C,497.15
22948,C(CCC)C1=C4C(=CC3=C1C2=CC=CC=C2OC3)CCCC4=O,364.15
13675,O=[N+]([O-])c1ccccc1C(N)=O,449.15
19374,Clc1cc(Cl)nc(N)n1,493.65
16299,N#CCN(CCN(CC#N)CC#N)CC#N,401.15
645,CCCCCCC(CO)O,304.15
11749,O=C(OC1CCC2(C)C(CC(=C)C3C4CCC(OC(=O)c5ccccc5)C4(C)CCC32)C1)c1ccccc1,465.15
9587,s1cc([nH0]c1C(C#N)=Cc1c[nH0]ccc1)c1ccc(OC)cc1,509.15
16648,CCCCCCCOC(=O)CC,222.25
11739,OC(C)C(O)(c1ccccc1)c1ccccc1,365.15
15036,O=CNc1ccccc1,320.15
226,C1CCN(CC1)CC#N,298.15
3864,c1cc(cc(c1)S(=O)(=O)N)C#N,425.15
10592,O(C)c1ccc(N=Nc2c3N=C(C)C=C([nH0]3[nH0]c2N)C)cc1,475.15
21944,NC(=O)C(C)n1nc2ccccc2n1,442.65
23275,O=C\1c3c(O/C(=C/1)c2ccc(O)c(O)c2)cc(O)cc3O,602.65
16154,CCOP(=S)(OCC)Oc1cnc2ccccc2n1,304.65
20095,CCCCCCCCOc1ccccc1,281.15
8438,CC(C)(C)Br,253.15
1529,Cc1cc(c(c(c1)[N+](=O)[O-])O)C,343.15
21334,CC(=O)C2(O)C(O)CC1C3CCC4=CC(=O)CCC4(C)C3CCC12C,498.15
923,c1ccc(cc1)C(CBr)Br,345.15
20893,ClCCI,257.54999999999995
17053,C=C(C)C(C)=O,219.15
19988,Clc1ccc(cc1)c2ccc(COC(C)(C)C(=O)O)cc2,427.65
10102,O=C(OC1CCC2(C)C(C=CC3C4CCC(C(C)CCC(=O)OCC)C4(C)C(OC(=O)C)CC32)C1)C,357.15
7183,CCOC(=O)C(=O)Nc1ccccc1,340.15
12150,O=C1Oc2ccccc2c2[nH0]c(NCC)c(cc12)C(=O)OCC,459.15
22244,COP(=O)(OC)OC=C(C)C(=O)OC,287.1
2591,c1cc(c(cc1O)F)C#N,398.15
5906,c1cc(c(cc1F)C(=O)O)[N+](=O)[O-],408.15
11205,Brc1ccc(cc1)C(=O)OC(C1CCCCC1)C1(OC(C)(C)C(CC1)C(=O)O)C,384.15
7133,CCOC(=O)c1ccc(o1)[N+](=O)[O-],373.15
2307,CS(=O)(=O)c1ccc(c(c1)Cl)C(=O)O,467.15
20074,Cc3cnc2c(ccc1c(C)c(C)cnc12)c3C,551.65
17071,BrCCCCCCCCCCCCC,279.35
14203,[2H]C([2H])([2H])C(=O)O[2H],288.65
612,c1cc(cc(c1)S(=O)(=O)Cl)S(=O)(=O)Cl,332.15
19584,FC(F)CC(F)(F)F,171.14999999999998
11168,O=C(OC)C1(C)CCC(CCc2ccccc2)C1(C)C,317.15
6629,CC[Si](CC)(CC)Cl,198.15
4135,c1cc(cc(c1)[N+](=O)[O-])C=NO,397.15
1898,c1c(cc(c(c1C(=O)O)N)Br)Br,506.15
13937,COc1c(OC)c(ccc1OC)C=O,313.15
282,c1cc(ccc1Br)I,364.15
258,c1cc(c(cc1C(F)(F)F)C(F)(F)F)Cl,214.15
11116,O=C(OC1CC(C)CCC1C(C)C)C1=CCC(=CC1)C(=O)OC1CC(C)CCC1C(C)C,341.15
22844,O=C4O[C@@]23C(C=C[C@@H]([N@]1CCCC[C@@H]12)C3)=C4,415.65
4943,CC(=O)c1ccc(cc1)Cl,292.15
19206,[O-][N+](=O)c1ccc(cc1)/N=N/c2ccc(cc2)N(CCCC)CCC#N,391.15
14721,O=C(Cl)Oc1ccc(cc1)[N+]([O-])=O,351.15
11531,O=C(OC(C)c1cccc(c1)C(OC(=O)Nc1ccccc1)C)Nc1ccccc1,409.15
19909,BrCc1ccc2ccccc2c1,329.15
6971,CC(C)(C)OC(=O)OC(=O)OC(C)(C)C,296.15
14889,NCCN,281.65
13521,OCc1ccccc1C(N)=O,423.15
5223,c1cc(ccc1C#N)O,385.15
2285,c1c(cnc(c1I)Cl)I,346.15
8078,CNC1CCCCC1,265.15
6710,c1ccc(cc1)P(=O)(c2ccccc2)C3CCCCC3,440.15
22729,N2=N[C@H](c1c(cccc1)C=C2[C@H](OC)C(C)(C)C)C,381.0
10403,O=C1Oc2ccccc2C=2N(C)C(=O)C(=CC1=2)C(=O)OCC,476.15
475,c1cc(ccc1I)I,403.15
18939,Oc1ccc(cc1)C3CC(=O)c2c(cc(O)cc2O)O3,524.15
16391,NNC(=O)OCC,319.15
6411,c1ccc(cc1)S(=O)(=O)Cl,288.15
2551,CCOc1ccc2ccccc2c1,309.15
6852,CCOCCOCCOC(=O)C,248.15
5546,Cc1ccc(cc1)c2nc(cs2)c3ccccc3,331.15
13489,CN(C)c1ccc(C=O)cc1,348.15
18810,O=C1C=C(CO1)C2CCC3(O)C4CCC5(O)CC(CCC5(C=O)C4CCC23C)OC6OC(C)C(O)C(O)C6O,511.15
21218,O=C(NN)c1cc(Br)ccc1,431.15
18658,CC(=O)C2(OC(C)=O)CCC1C3CC(C)C4=CC(=O)CCC4(C)C3CCC12C,479.65
9203,O=C1N(c2ccccc2)c2ccccc2C(O)=C1C(=Nc1ccc(N=Nc2ccccc2)cc1)C,464.15
17961,ClC2=C(Cl)C3(Cl)C1C(C(=O)OC1=O)C2(Cl)C3(Cl)Cl,506.15
10183,[nH0]1c2[nH0]([nH0]cc2ccc1C)C,457.15
20354,Cc1c(C)c(c(C)c(C)c1[N+](=O)[O-])[N+]([O-])=O,484.65
13565,O=C(N)c1cc(Cl)ccc1,409.15
16280,Clc1sc(Cl)c(Cl)c1Cl,303.65
21602,ClC(=C/C3C(C(=O)OC(C#N)c2cccc(Oc1ccccc1)c2)C3(C)C)C(F)(F)F,322.35
7193,CCOC(=O)c1ccccc1O,274.15
20251,Brc1sc(Br)c(Br)c1Br,390.65
18489,CC(=O)c2c1OC3=CC(=O)C(C(=O)C3(C)c1c(O)c(C)c2O)C(C)=O,477.15
6823,CCOC(=O)C(CCC#N)(CCC#N)C(=O)OCC,335.15
22640,O=C(n1nc(N)c(C(=O)OCC)c1)C,383.0
781,CC(c1c(c(c(c(c1F)F)F)F)F)O,306.15
14939,O=C(NN)c1ccncc1,444.15
18133,O=C1C=C(OC(=C1)C(O)=O)C(=O)O,535.15
10983,O=C(OC)CCC(N1CC=CC1)COC,418.15
6519,B(c1ccc(cc1)c2ccccc2)(O)O,516.15
5774,c1nc(c(c(n1)Cl)Br)Cl,352.15
13171,CC(C)(C)C(C)Cl,272.15
9283,O=C1c2ccccc2C(=O)c2c(N)c(ccc12)C=NNc1ccccc1,483.15
9369,s1c(N=Nc2ccc(F)cc2)c([nH0]c1C(=NNc1cccc(c1)C(F)(F)F)C#N)C,485.15
22522,C=C1C(/CC(O)CC1O)=CC=C2/CCCC3(C)C(CCC23)C(C)CCCC(C)C,409.15
18708,O=C2c3c(OC12C(=CC(=O)CC1C)OC)c(Cl)c(OC)cc3OC,493.15
10271,S=C1N(N=C(N1N=Cc1ccccc1)C(F)(F)F)CN1CCN(CC1)CN1N=C(N(N=Cc2ccccc2)C1=S)C(F)(F)F,606.15
5055,CCOc1ccc(cc1)C(=O)C,310.15
10800,N1=NC(C=C1C)c1c(C)cc(C)cc1C,402.15
22347,FC(F)(N(C(F)(F)C(F)(F)C(F)(F)F)C(F)(F)C(F)(F)C(F)(F)F)C(F)(F)C(F)(F)F,221.15
1727,c1c(cc(nc1Cl)Cl)I,436.15
16994,Clc1c(cc(Cl)c(Cl)c1Cl)OC,357.15
16009,O=C(O)c1ccc(c2c(ccc(C(=O)O)c12)C(=O)O)C(=O)O,593.15
4666,c1cc(c(cc1Br)[N+](=O)[O-])F,292.15
8535,C1CC[C@@H]([C@H](C1)C(=O)O)C(=O)O,494.15
3750,c1cc(c(c(c1C(=O)O)F)Cl)F,449.15
12924,CCC=CCC,160.14999999999998
12722,Clc1ccc(NC(=O)N)cc1,479.15
11407,Brc1ccc(NC(=O)CNc2ccccc2)cc1,427.15
97,c1ccc2c(c1)cccc2N=C=S,329.15
3137,COc1ccc(cc1)C(=O)/C=C/C(=O)O,412.15
13368,O=C(N)c1cc(N)ccc1,388.15
14357,Sc1nc2ccccc2s1,452.15
17921,Cc1cc(ccc1N)c2ccc(N)c(C)c2,404.65
13140,Cc1cccc(C=C)c1,187.15
15177,CCCC(CCC)C(=O)O,398.15
3648,c1ccc(cc1)C(=O)c2cccnc2,311.15
10849,O=C1CCN2C(=O)c3ccccc3CC2C1,399.15
20894,N#CSC#N,336.65
17901,[O-][N+](=O)c1cc3c(cc1)c2c(cc(cc2C3=O)[N+]([O-])=O)[N+]([O-])=O,449.15
1633,CCC(=O)c1cc(ccc1O)O,371.15
12464,O=C(O)c1ccc(OC(=O)c2ccccc2)cc1,362.15
11861,S1c2[nH0][nH0]c([nH0]2NC1c1ccc(N(C)C)cc1)c1ccc([N+](=O)[O-])cc1,449.15
23194,O=C(O)C(c1ccccc1)c2ccccc2,420.15
18474,BrC1=CNC(=O)NC1=O,583.15
6171,c1cc2cn[nH]c2cc1[N+](=O)[O-],454.15
7521,COc1ccc(cc1N)C(=O)OC,358.15
572,c1ccc2c(c1)cc(cc2O)O,398.15
9879,c1ccc(cc1)C=CCCC=Cc1ccccc1,355.15
22421,Clc1ccc2c(c1Cl)C(=O)C=CC2=O,454.15
19446,Cc1ccc(cc1)N2N=C(C)CC2=O,410.65
597,CC(=O)c1cn(c2c1cccc2)C(=O)C,419.15
15352,CC[C@]1(O)C=2C=C3c4nc5ccccc5cc4CN3C(=O)C=2COC1=O,549.15
7345,CC(C)C(=O)Cl,183.15
6304,CCOC(C)OCC,173.14999999999998
22860,O=C(O)[C@@H]2[C@H]1C=C[C@H](C1)[C@H]2C(=O)O,458.15
16376,Cc1cc(ccc1N(C)C)/N=N/c2cccc(c2)[N+]([O-])=O,347.15
21285,OC(=O)CCN1C(=O)C=CC1=O,377.65
18322,CC(C)CC(=O)C2C(=O)c1ccccc1C2=O,341.65
1753,c1cc(c(c(c1)Cl)CC(=O)N)Cl,490.15
20054,Brc1cc(c(OC(C)=O)cc1)C(=O)O,333.15
18745,CCN(CC)C(C)CN1c3ccccc3Sc2ccccc12,337.65
20644,CC(C)(C)OOC1(OOC(C)(C)C)CC(C)(C)CC(C)C1,243.15
5432,CCCCCCCCCCCCOc1ccc(cc1)C=O,301.15
13183,Cc1cc(N)ccc1C,324.15
20930,CCCCCCCCCCCC1CCCC1,263.15
22883,Clc1cc(Cl)cc(/N=N/C(=C(/Cl)C(=O)OCCOCCOCCCl)C)c1O,344.65
11929,O(CCN(C)C)c1ccc(cc1)C(c1ccccc1)=C(CC)c1ccccc1,369.15
23364,C1=CC(=C(C=C1C2=CC(=C(C=C2Cl)Cl)Cl)Cl)Cl,383.15
22060,Fc1cc(ccc1S(=O)(=O)CCCCO)S(N)(=O)=O,407.65
9135,O=C1C2=C(C(=O)C(=C1O)C(C)C)C1OC1C1C2(C)CCCC1(C)C,475.15
22088,CC(C)CN(CC(C)C)C(=O)COC(=O)c1ccccc1,317.65
1171,C(c1c(c(c(c(c1F)F)F)F)F)C(=O)O,382.15
15562,CC(COc1ccccc1)N(Cc2ccccc2)CCCl,312.15
7927,COC(=O)[C@H](CCC(=O)O)NC(=O)OCc1ccccc1,340.15
22656,O=C3C[C@@H](c1ccc(cc1)C)N[C@@H](c2ccc(cc2)C)[C@@H]3c4ccccc4,421.0
22234,ON=CC(C)=NO,430.15
22982,c4c3cc2cc1ccccc1cc2cc3ccc4,614.15
21181,CC=1CCCC(C)(C)C=1/C=CC(C)=CC=CC(C)=CCO,336.65
14531,CC1CNCC(C)O1,188.15
15892,CC(C)(C)[C@@](C)(O)[C@H]7C[C@]64CC[C@]7(OC)[C@@H]1Oc3c(O)ccc2C[C@H]6N(CC[C@]14c23)CC5CC5,483.15
22532,C(Nc1ccccc1)c2ccccc2,310.65
17258,[O-][N+](=O)c1cc2ncccc2cc1,405.65
18681,FC(F)(F)C(Cl)OC(F)F,321.65
22701,O=C(c1nccnc1C(=O)N)N,541.0
2643,c1cc(c(c(c1)F)CBr)[N+](=O)[O-],325.15
5347,COc1ccc(cc1)N=C=S,292.15
9032,O=C1OC(=O)Nc2ccccc2C=NC2CCCCC2N=Cc2ccccc2N1,527.15
16965,CSc1nc(NC)nc(NC(C)C)n1,358.15
204,CCn1c(cc(n1)C)C(=O)O,412.15
7896,c1ccc2cc(ccc2c1)C(=O)N,468.15
9833,S1c2[nH0][nH0]c([nH0]2NC1C=CC)c1c[nH0]ccc1,394.15
2014,c1cc(nc(c1)N)C(F)(F)F,361.15
17289,Ic1cc(I)c(I)c(I)c1I,445.15
17015,c1cccc2sc(nc12)c3ccccc3,388.15
8461,CCCCCCCCCCCCCC(=O)O,328.15
19675,Nc1ccc(cc1)C(=O)OCC(CC(C)C)N(CC)CC,431.15
1974,Cc1cc(cnc1N)Br,365.15
162,c1ccc2c(c1)CC=C2,271.15
4998,CC(C)(c1ccccc1)c2ccc(cc2)O,345.15
21380,S=C(Nc1ccccc1)c2ccccc2,375.15
9557,S=C1NC(=O)C(=NNc2ccccc2[N+](=O)[O-])C(=O)N1,603.15
4713,CC(=O)Nc1ccc(cc1F)Br,429.15
9067,s1cc[nH0]c1NN=C1C(=O)NN=C1C=1C(=O)N(C)c2ccccc2C=1O,574.15
1431,c1cc(ccc1[N+](=O)[O-])Oc2ccc(cc2Cl)Cl,343.15
15261,C[N+]3(C)CCC(OC(=O)C(O)(c1ccccc1)C2CCCC2)C3,465.65
12835,O=C1NC(N)=Nc2[nH0](c[nH0]c21)COCCO,528.15
13975,Brc1ccc(OCC)cc1,277.15
22498,CC(=O)OC(C)OC(=O)C,292.04999999999995
7710,Cc1ccc(cc1)S(=O)(=O)CSC,352.15
7736,c1cc(c(cc1F)F)NC(=O)/C=CC(=O)O,464.15
4283,c1cc(ccc1CBr)C#N,388.15
7531,COc1ccc(cc1Br)C(=O)OC,370.15
14139,BrCCCCCCCCCCCO,319.15
17069,O=C1CCCCC1=O,313.15
13493,BrCCCCC,185.15
10053,O(Cc1ccccc1)C1CCC2(C)C(CCC3C4CCCC4(C)CCC32)C1,421.15
10851,O=C1N2C=CC(C)=CC2=Cc2ccccc12,397.15
3384,c1c(cncc1C(F)(F)F)C(F)(F)F,310.15
2839,COc1ccccc1c2ccccc2,303.15
21230,CCCCCCCCOC(=O)CCCCCC,250.65
21489,O=C3CC4CCC2C(CCC1(C)C2CCC1(C)O)C4(C)CC3=CO,460.65
15078,Oc1ccc(cc1)C(=O)OCCC,369.65
19715,O=C(Cl)c1ccccc1Cl,269.15
15941,OCC(=O)[C@@]54OC(C)(C)O[C@@H]5C[C@@H]3[C@]4(C)C[C@H](O)[C@@]2(F)[C@H]3CCC1=CC(=O)C=C[C@@]12C,566.15
10595,Clc1ccc(Cl)c(N2C(=O)C3ON=C(C(=O)c4ccccc4)C3C2=O)c1,458.15
15433,CC(=O)[C@@]3(O)CC[C@H]2[C@@H]4C[C@H](C)C1=CC(=O)CC[C@]1(C)[C@H]4CC[C@@]23C,494.9
2096,COc1ccc(c(c1)OC)C(=O)CBr,377.15
10195,Brc1[nH0][nH0](c2N=CN(N)C(=O)c21)C1CCCCC1,527.15
7999,CCCCOC=O,181.15
21894,Clc1ccc(C(Cl)Cl)c(Cl)c1Cl,357.15
5017,c1cc(ccc1C#N)S(=O)(=O)N,443.15
17833,CC(=O)NCCO,289.15
18994,O=CO,281.45
18284,CN(C)CCOc2nc(cc1ccccc12)CCCC,419.15
20304,Nc1ccc(Cl)cc1C(=O)OC,340.15
2757,CC(C)(C)I,235.15
6397,c1ccc(cc1)/N=[N+](/c2ccccc2)[O-],308.15
10077,OC1CCC2(C)C3CCC4=C(CCC4(C)C(O)C)C3CCC2(C)C1,479.15
13930,CCc2ccccc2Cc1ccccc1,262.15
14082,CC(C)(C)C(Br)Br,287.15
2097,c1ccc(c(c1)C(=O)CBr)O,319.15
8329,c1ccnnc1,265.15
9028,Clc1ccc([nH0]2[nH0]cc3c2NC(=O)CC=C3C)cc1,451.15
3471,c1c(cc(c(c1I)O)I)C=O,474.15
12889,OCCOC,188.15
14472,C[Si]1(C)O[Si](C)(C)O[Si](C)(C)O1,333.15
16230,O=C2Oc1c4C5CCOC5Oc4cc(OC)c1C=3CCC(=O)C2=3,560.65
18555,O=C(OCc2cc(Cc1ccccc1)oc2)C3C(/C=C(C)C)C3(C)C,329.65
18509,OC(=O)CNC(=O)C(C)S,369.15
1733,CC(=O)c1c(cccc1Cl)Cl,316.15
18394,ClC(c1ccccc1)(c2ccccc2)c3ccccc3,386.65
23262,Clc1nc(OP(=S)(OCC)OCC)nn1C(C)C,298.15
1283,c1cc(c(c(c1[N+](=O)[O-])O)F)F,334.15
12485,O=C(Nc1ccccc1C(=O)c1ccccc1)C,361.15
12448,[nH0]1(C)c2ccccc2c2CCCCc12,326.15
10028,O=C1N(c2ccccc2)C(c2ccccc2)C1C(C)C,442.15
1019,CC(=C)C(=O)OCCOC(=O)c1cc(cc(c1)[N+](=O)[O-])[N+](=O)[O-],344.15
16184,Cl[Si@](Cl)(Cl)Cl,203.15
21687,O=C(ON=C(/C)C(C)SC)NC,298.15
9518,O(C=Cc1[nH0]([nH0]cc1[N+]#[C-])c1[nH0]c[nH0]c2[nH0]([nH0]cc21)C)CC,428.15
19194,O=C(OCC)C(C)Oc1ccc(cc1)Oc2nc3ccc(Cl)cc3o2,357.15
17520,Clc1ccccc1NC(C)=O,362.15
1651,Cc1cc(c(n1c2ccccc2)C)C=O,362.15
830,c1ccc(cc1)CCc2ccc(cc2)C#Cc3ccccc3,378.15
1169,C(=C/C(=O)O)c1c(c(c(c(c1F)F)F)F)F,426.15
10720,O(C)C1=CC(c2ccccc21)c1ccccc1,341.15
6256,c1cc(c2c3c1CCCN3CCC2)O,407.15
5469,c1cc(ccc1C(F)(F)F)[N+](=O)[O-],313.15
16044,Oc1ccc(cc1OC)CCC(C)=O,313.65
10258,O=C1OC(=O)C(C1)C1C=CC(C)C21CC2,371.15
16063,CC(C#C)N(C(=O)CCl)c1ccccc1,316.65
17251,Nc1cc(N)ccc1OC,340.65
11166,O=C(N1CC(C=C1c1ccccc1)c1ccccc1)C,378.15
22835,N(=C/c1ccccc1O)[C@H]3CCCC[C@@H]3/N=C/c2ccccc2O,391.15
5093,COc1cc(ccc1C=O)F,334.15
541,C1COS(=O)(=O)C1,305.15
9324,O=C(N)NN=Cc1ccccc1,504.15
17047,O=C=N/CCCCCCN=C=O,206.15
12693,O=C(O)c1cc(C)ccc1C,407.15
22741,ClC1=C(C(=O)c2ccccc2C1=O)N3CCN(C)CC3,393.5
3390,c1c(cnc(c1Br)O)Br,483.15
12080,Clc1ccc(cc1)c1oc(cc1)C=C(C#N)C(=O)OCC,413.15
11154,CC=1C(=CC(C=1C)C(C)C)Cc1ccccc1,327.15
14226,ClC1=C(Cl)[C@@]2(Cl)C(Cl)(Cl)[C@]1(Cl)[C@@H]3[C@H]2[C@@H]4C[C@H]3[C@H]5O[C@@H]45,449.15
16977,CC(CC)c1cc(cc([N+]([O-])=O)c1OC(=O)OC(C)C)[N+]([O-])=O,334.15
16029,O=C(CCCCCCCCCCCCC)OCC,285.45
23422,O=C2/N=C\1/N(c3cc(c(cc3/N=C/1C(=O)N2)C)C)CC(O)C(O)C(O)CO,553.15
10775,O=C1OC2(Cc3ccccc32)Cc2ccccc12,361.15
11005,O=C1C=Cc2ccccc2C=C1CC,322.15
3959,c1cc(c(c(c1)F)O)O,345.15
6643,c1ccc2c(c1)c(=O)c(co2)C#N,448.15
20815,CC(=O)OCCN(CCC#N)c1ccc(cc1)/N=N/c2nc3ccc(cc3s2)[N+]([O-])=O,440.15
16100,ClC(Cl)(Cl)C(=O)CCl,338.15
16087,C[Si](C)(C)O[Si](C)(O[Si](C)(C)C)O[Si](C)(C)C,197.15
3586,Cc1cc(c(nc1)Br)N,378.15
21166,CC(C)(C)S(=O)(=O)O,386.15
2563,B(c1ccccc1CC)(O)O,370.15
10822,O=C1OC(OC(=O)c2ccccc2)c2ccccc21,401.15
20964,c1ccc(cc1)c2nc(co2)c3ccccc3,376.15
5036,CCN(CC)c1ccc(cc1)C#N,340.15
1080,C(=O)(C(Cl)(Cl)Cl)N,415.15
5891,c1cc(c(cc1F)C(=O)O)C(F)(F)F,355.15
14537,Oc2ccccc2Nc1ccc(cc1[N+]([O-])=O)[N+]([O-])=O,470.65
2023,c1cc2c(cc1F)sc(n2)N,457.15
13109,CC(C)(C)CCCC,152.14999999999998
22308,O=C2c1ccccc1C(=O)C(O)=C2O,555.15
7909,c1ccc(cc1)/C=N/c2ccccc2,326.15
21997,O=S(=O)(CCCO)c1ccc(s1)S(=O)(N)=O,380.15
16610,Clc1cccc(Cl)n1,361.15
1013,CCNCCO,264.15
14871,O[Si](O)(c1ccccc1)c2ccccc2,474.65
18313,COc1cc2c(cc1)nccc2C(=O)C4CC3CCN4CC3C=C,381.15
9235,Clc1ccc(NN=C(C#N)c2scc([nH0]2)c2ccc(C)cc2)c(Cl)c1,485.15
5251,c1cc(c(cc1C(=O)O)[N+](=O)[O-])I,483.15
9596,O=C1N(C)C(=O)C(=NNc2cccc(C)c2)C(=O)N1C,502.15
2179,Cc1cc(ccc1Br)[N+](=O)[O-],351.15
17081,Cc2nc(NS(=O)(=O)c1ccc(N)cc1)oc2C,466.15
17508,O=C(NN)c1ccc(Cl)cc1,437.15
12087,Brc1oc(cc1)C=C1C(=O)OC(OC1=O)(C)C,389.15
5110,c1cc(c(cc1S(=O)(=O)N)C(F)(F)F)F,435.15
1778,c1cc(c(c(c1)F)C(=O)O)F,431.15
21051,O=C1CCCCCCCCCCCCCCO1,305.15
19018,CC(C)C(=O)C(=O)O,304.65
15379,COc5ccc1C[C@H]2N(C)CC[C@@]34c1c5O[C@H]4[C@@H](O)CC[C@@H]23,385.65
7604,COc1ccc(cc1)C(=O)OC,323.15
19873,ClS(=O)(=O)OC,203.15
13944,COc1cc(OC)c(cc1OC)C=O,387.15
17421,Cc1ccc(C)c2ccccc12,280.75
21287,CC(C)N(CCOP(C)OCCN(C(C)C)C(C)C)C(C)C,350.65
23430,COc1cc(cc(c1O)OC)/C=C/C(=O)O,468.15
19033,Brc2c(Oc1cc(Br)c(Br)cc1Br)c(Br)c(Br)c(Br)c2Br,473.15
10473,O=C(OCC)c1[nH0][nH0](CO)c(C)c1,344.15
14933,II,386.65
19363,COc2nsnc2NS(=O)(=O)c1ccc(N)cc1,422.65
18931,O=P(O)(O)OCCN,515.15
5132,CC(=O)c1ccc(c(c1)[N+](=O)[O-])F,321.15
2159,c1cc(c(cc1F)C=O)Br,327.15
11329,O=C(Nc1ccc(c(NC(=O)C)c1)c1ccc(NC(=O)C)cc1NC(=O)C)C,556.15
14042,O=[N+]([O-])c1ccccc1CBr,320.15
14566,O=C(C=C)OCC(CCCC)CC,183.15
6445,c1ccc(cc1)C(=O)O,396.15
3967,Cc1cccc(c1)F,186.15
1428,c1cc(c(cc1Br)Br)OCC(=O)O,424.15
3081,c1ccc2c(c1)c(no2)N3CCNCC3,348.15
2520,c1ccc(c(c1)C#N)C(=O)N,446.15
11754,O=C1CCC2C3CCC4CC(OC(=O)C)(CCC4(C)C3CCC12C)C(=O)COC(=O)C,414.15
10047,O=C(OC)CCC(C)C1CCC2C3C(O)C(O)C4CC(O)CCC4(C)C3CC(O)C21C,435.15
21276,O=C(O)CCCC#CCCC,270.15
6019,c1ccc(cc1)c2nnc(o2)S,493.15
16832,S=C=Nc1ccc(F)cc1,300.15
16898,O=C2Oc1c4C5C=COC5Oc4cc(OC)c1C=3CCOC(=O)C2=3,518.15
3727,c1ccc2c(c1)c(=O)c(co2)Br,369.15
8553,CCOc1cccc(c1)/C=C/C(=O)O,406.15
22254,Clc2c(NC(=O)c1ccc(OCOCC)cc1)cccc2Cl,365.65
9496,O=C(N)NN=C(CC)C1=CC2(C)CCC1C2(C)C,470.15
6251,c1cc2c(cc(nc2c(c1)Cl)C(F)(F)F)O,412.15
5926,c1cc(c(cc1O)C(=O)O)[N+](=O)[O-],443.15
18844,Oc1c(Br)cc(Br)c2cccnc12,469.15
16406,CCC(CC)COC(=O)C=C,203.15
18450,Cc1ccc(cc1)S(O)(=O)=O,377.65
18037,Cc1ccnc(N)n1,433.45
8894,CCN(Cc1ccncc1)C(=O)C(CO)c2ccccc2,369.15
8706,COc1cc(ccc1O)C(=O)NN,484.15
1376,c1c(cc(c(c1F)C(=O)O)F)F,414.15
1724,c1c(cc(c(c1Cl)N)Cl)F,329.15
3754,c1cc(c(c(c1F)C=O)F)Cl,318.15
10517,S1C2=NC(=O)c3ccccc3N2N=C1C(=O)c1ccc(C)cc1,484.15
20567,OC(C)(C)C1CC=C(C)C(O)C1,403.15
22358,CC(O)C(=O)OC,207.15
4082,Cc1cc(ccc1[N+](=O)[O-])C(=O)N,432.15
11870,S1c2[nH0][nH0]c([nH0]2NC1c1ccccc1OC)COc1ccccc1,399.15
21642,COc1ccc(cc1)C2=CC(=O)c3c(O)c(OC)c(O)cc3O2,494.15
20942,CC(CC1CCCCC1)C2CCCCC2,251.15
12500,Clc1cc(c(Cl)cc1C(=O)O)C(=O)O,568.15
13057,O=C1C=CC(=O)C=C1,387.15
19921,CC1=CC=CNC1=O,414.65
16140,CCCCCCCCCCCCCCCCCCCCCCCCCCCCCCCCCC,345.75
10773,O1C(=Cc2ccccc2C11OCCO1)c1ccccc1C,348.15
20714,O=C1CCCCCCCCC1=O,313.65
9951,O=C1OC(=O)C2C1C1C=CC2(CC1)C(=O)OC,390.15
14571,Fc1ccccc1O,288.15
17030,[O-][N+](=O)c2ccc(Nc1ccccc1)cc2,408.45
23146,c1cc2ccc3ccc4ccc5ccc6ccc1c7c2c3c4c5c67,711.15
14215,Oc3cc4CC[C@@H]2[C@H](CC[C@@]1(C)[C@H]2CC[C@@]1(O)C#C)c4cc3,417.15
15997,CCN(CC)c1nc(C)cc(OP(=S)(OCC)OCC)n1,288.15
7165,CCOC(=O)c1cc2ccccc2[nH]1,397.15
21059,Nc1cc2nccnc2cc1,432.15
11182,O=C1C(=CNC(=O)OCC)C2CCC1(C)C2(C)C,435.15
22820,N(=N/c1nnc(s1)CC)c3c(c2ccccc2)n(c4ccccc34)C,494.0
4875,Cc1cc(c2ccccc2n1)Cl,298.15
10736,O=C(Nc1ccccc1)N(c1ccccc1)C(=O)C1Cc2ccccc21,431.15
21827,[O-][N+](=O)c1ccc(NN=C(/C)CC)c(c1)[N+]([O-])=O,389.95
15990,C=C(C)C(=O)CC,203.65
12258,S1c2[nH0][nH0]c([nH0]2NC1c1ccc([N+](=O)[O-])cc1)c1cccc([N+](=O)[O-])c1,478.15
18544,CC(=O)SC4CC1=CC(=O)CCC1(C)C5CCC3(C)C(CCC23CCC(=O)O2)C45,480.65
685,c1ccc(cc1)S(=O)(=O)CCS(=O)(=O)c2ccccc2,453.15
11435,O=C(c1ccccc1)C(=O)c1cccc2ccccc21,375.15
21653,CC(C)C(C)/C=CC(C)C2CCC3C4=CC=C1CC(O)CCC1(C)C4CCC23C,367.15
14291,Clc1ccc(CN(CC)C(=C[N+]([O-])=O)NC)cn1,345.15
2461,c1ccc(c(c1)CCl)Cl,260.15
12275,S=C(N1CCOCC1)c1ccc2OCOc2c1,427.15
11889,S1c2[nH0][nH0]c([nH0]2NC1c1ccc([N+](=O)[O-])cc1)c1ccc(OC)cc1,483.15
7128,CCOC(=O)c1cc2cc(ccc2[nH]1)O,424.15
16377,Cc1cc(ccc1N(C)C)/N=N/c2ccc(cc2)[N+]([O-])=O,399.15
5946,CC(C)C1C(=O)NC(=O)NC1=O,488.15
4583,CC(=CC(=O)C)N,312.15
12232,O=[N+]([O-])c1cccc(c1)C=C1C(=O)OC(OC1=O)(C)C,450.15
13070,C/C(C)=CC=C(/C)C,286.15
16905,C=C2CCC3OC3(C)CCC1C2CC1(C)C,335.65
22245,Brc1ccc(cc1)c2ccc(cc2)CC(O)C(C3=C(O)c4ccccc4OC3=O)c5ccccc5,478.15
3983,Cc1c(cccn1)O,441.15
14686,Nc1cc(C)c(O)cc1C,515.65
6303,CC=O,145.14999999999998
9908,O=[N+]([O-])c1ccc(cc1)c1oc(cc1)C=CC(=O)c1occc1,460.15
780,c1cn(cn1)C(=O)c2c(c(c(c(c2F)F)F)F)F,329.15
17153,CN(C)C(=O)NC,348.65
5978,Cc1ccc2c(c1)nco2,316.15
20131,ClC(Cl)(Cl)c1cc(Cl)ccc1,273.75
2196,C1C2CC3CC1CC(C2)C3Br,412.15
14089,C=Cc1ccc(I)cc1,317.15
23367,C1=C(C(=CC(=C1Cl)Cl)Cl)C2=CC(=C(C=C2Cl)Cl)Cl,376.15
20669,O=S(=O)(c1ccccc1)C2(CCCCC2)C(=O)OC,387.65
21537,C/C(C)=N/N(c1ccccc1)P(=O)(N2CC2)N3CC3,393.65
9832,S1c2[nH0][nH0]c([nH0]2NC1C=CC)c1ccc(OC)cc1,354.15
6979,CC(=O)NC1CCSC1=O,383.15
18211,Oc3ccc(Nc1cc2ccccc2cc1)cc3,413.15
11824,S1CN(C[nH0]2c1[nH0][nH0]c2c1c[nH0]ccc1)c1[nH0]cccc1,552.15
19393,C/C(C)=NNc1ccccc1,315.15
2376,c1cc(c(cc1O)C(=O)O)Cl,452.15
20223,[O-][N+](=O)c2ccc(Oc1ccc(C)cc1)cc2,342.15
17630,Oc1cc(C)c(O)c2ccccc12,442.15
11483,ClC(Cl)C(=O)c1ccc(cc1)C(=O)C(Cl)Cl,416.15
6511,C1CC2CCC1C(=C2C(=O)OC(=O)C3=C(C4CCC3CC4)C(=O)O)C(=O)O,432.15
13279,CC(CCCC)CCO,183.15
22515,Cc1cc(S)ccc1,253.15
14473,OCCOCCOCCO,269.15
5439,CCCCCCCCCCCCCCCCOc1ccc(cc1)N,333.15
10759,O=C1OC(=O)C=2Cc3cc4CCc4cc3CC=21,527.15
6493,c1ccc(cc1)CP(c2ccccc2)c3ccccc3,348.15
8964,CCC1(C(=O)NCNC1=O)c2ccccc2,554.15
5510,CCCCCCCCCOc1ccc(cc1)N,312.15
5330,COc1ccc(cc1)C(=O)OC(=O)c2ccc(cc2)OC,370.15
21234,CC1CCCSC1,213.15
4531,CC(=O)c1ccc(cc1)N=C=S,352.15
9866,Clc1ccc(NN=C2C(=O)NC(=O)NC2=O)cc1,626.15
15587,Cc1cc(ccc1)N(C)C(=S)Oc2ccc3ccccc3c2,384.15
16749,Clc1c(OC)c(Cl)c(Cl)c(Cl)c1Cl,381.15
10142,S=C1NC(=O)C(CC=C)(C(=O)N1)C1C=CCCC1,421.15
12089,S(C)C1N=NC(N)=C1C#N,463.15
16531,Clc1cc(OC)c(cc1Cl)OC,356.15
18052,CC(C)OP(C)(F)=O,216.15
11280,O=C(NNc1ccccc1)C1(C)CCC(C)C1(C)C,365.15
22145,Clc1ccc(cc1)C(CC(C)=O)C2=C(O)c3ccccc3OC2=O,442.15
7788,c1ccc(cc1)COC(=O)ON2C(=O)CCC2=O,353.15
3456,c1c(cc(cc1F)F)C#N,359.15
19655,O=C(C)O[Si](OC(C)=O)(OC(=O)C)OC(C)=O,383.15
4940,c1cc(c2c(c1[N+](=O)[O-])non2)Cl,371.15
9223,O(C)c1cc(ccc1OCc1ccccc1)C=NN=Cc1ccc(OCc2ccccc2)c(OC)c1,489.15
22207,COc1ccc2C[C@H]4N(C)CC[C@@]35C(Oc1c23)C(O)C=C[C@@H]45,430.65
14916,NCC(=O)NCC(=O)O,530.65
20310,FC(Cl)(C(Cl)(Cl)C(F)(F)F)C(F)(F)F,277.15
7099,CCOC(=O)Cc1ccc(cc1)C#N,365.15
8080,CN(CCO)CCO,252.15
16462,N#CC=1SC3=C(SC=1C#N)C(=O)c2ccccc2C3=O,498.15
18631,O=C3CCC4C5CCC2(C)C(CCC2OC(=O)CCc1ccccc1)C5CCC4=C3,368.65
23440,O=S(=O)(Nc1noc(c1)C)c2ccc(N)cc2,440.15
21424,O=C2C(CCCC2=Cc1ccccc1)=C/c3ccccc3,390.65
18663,OC2C=C4CCN3Cc1cc5OCOc5cc1C(C2O)C34,553.15
20281,Oc1ccc(cc1OC)CC#N,329.65
9312,Brc1cccc2c(cccc12)C=NNc1ccccc1,378.15
6172,c1cc2c(cc1[N+](=O)[O-])oc(=O)[nH]2,519.15
3631,c1cc(cc(c1)N)C(=O)NN,365.15
16955,CC1CS1,182.15
6272,Cc1c2ccccc2c(c3c1cccc3)C,456.15
392,C=CCCCCCCCCCO,270.15
3191,C[Si](C)(C)C#CC(=O)O,321.15
16,c1ccc(cc1)C(CO)O,340.15
20584,Clc1ccc(c(Cl)c1)C3(Cn2ncnc2)OCC(CC)O3,357.15
19056,CC1CCC(NC1)C(C)C3C(OC(C)=O)CC4C5CC=C2CC(O)CCC2(C)C5CCC34C,483.65
22971,O=C(O)c1ccccc1OC,374.15
19877,[O-][N+](=O)c1ccsc1,351.65
21726,CCC=Cc1ccccc1,230.05
7394,CN(C)c1ccc(cc1)C(c2ccccc2)c3ccc(cc3)N(C)C,374.15
593,C(C(CN)O)N,316.15
4719,c1cc(c(cc1Br)F)C(=O)O,485.15
5827,c1cc(c(cc1Cl)C(=O)N)O,498.15
10749,Brc1ccc(C)c(c1OC)C(=O)O,398.15
18739,COc1cc(cc(OC)c1O)C5c2cc7OCOc7cc2C(OC3OC4COC(C)OC4C(O)C3O)C6COC(=O)C56,516.65
4798,c1cc(ccc1CO)Br,351.15
10634,O=C(Oc1ccc(N=Nc2ccc(cc2)CCCC)cc1)CCCCCCC,337.15
4795,c1cc(ccc1C#N)Br,386.15
20976,O=S(=O)(c1ccc(C)cc1)C2(CCCCC2)C(=O)OC,418.65
11234,O=C(O)C(C)C(O)(c1ccccc1)c1ccccc1,455.15
8656,B(c1ccccc1)(c2ccccc2)c3ccccc3,420.15
163,c1ccc2c(c1)cn[nH]2,421.15
671,C(CBr)Br,283.15
22853,O=C(O)[C@H]2[C@H]1CC[C@H](C1)[C@H]2C(=O)O,433.65
14308,Clc1ccc(cc1)C(C(Cl)Cl)c2ccc(Cl)cc2,382.15
23415,O=C(OC[C@H](C)CCC=2O[C@H]3C[C@H]1[C@H]4[C@H](CC[C@]1(C)[C@H]3C=2C)[C@@]5(C(=C/C4)\C[C@@H](OC(=O)C)CC5)C)C,378.15
16052,O=C1C=CCC(O1)C(O)C3CC=2C(=O)OC(=O)C=2C(O)C(C(O)CCCCCC)C4=C(C3)C(O)OC4=O,487.15
14828,ClC(F)F,127.14999999999998
5542,c1ccc(cc1)c2csc(n2)c3ccccn3,330.15
7993,CCCCOC(=O)C,195.15
10900,O=C1OC(Cc2cccc(OC)c12)(C(=O)OC)C(=O)OC,362.15
7758,c1ccc2c(c1)C(=O)N(C2=O)OCCCCBr,344.15
4837,c1cc(c(cc1Cl)C(F)(F)F)CC(=O)O,362.15
18677,Oc1cccc2c1C(=O)C=CC2=O,428.15
6548,c1cc(ccc1[N+](=O)[O-])S(=O)(=O)c2ccc(cc2)[N+](=O)[O-],527.15
4481,c1c(c(c(c(c1Br)Cl)Cl)N)Br,370.15
3716,c1cc(cc(c1)Br)C=O,293.15
10837,O=C1N2CCCCC2=Cc2cc(OC)ccc12,353.15
6140,c1cc(ncc1C(=O)O)O,588.15
9956,O=C1C(C)C2CC(OC(=O)C)C3C45COC(O)C(C)(CCC4)C5CC(OC)C13C2O,473.15
1549,c1cc(c(cc1[N+](=O)[O-])[N+](=O)[O-])SC#N,412.15
14818,BrC,179.45
18428,OCC(=O)C3CCC2C1CCC4=CC(=O)CCC4(C)C1C(=O)CC23C,456.65
767,C(C(F)(F)F)(C(F)(F)F)O,270.15
5693,c1cc(ncc1N)C#N,423.15
9700,c1ccc2c3ccc(cc3)C=Cc3ccc(cc3)c2c1,503.15
23396,c1ccc(cc1)CC(C(=O)O)N,459.15
19686,Nc1ccncn1,428.15
4517,CC(=O)Oc1ccc(cc1OC)/C=C/C(=O)O,468.15
12411,Fc1ccc(N=Nc2ccccc2)cc1,353.15
22427,OCC(=O)C54OC(C)(C)OC5CC3C2CCC1=CC(=O)CCC1(C)C2C(O)CC34C,524.15
21167,O=C4CC3=C(CCN2CC=C1C=CC(OC)CC123)CO4,372.65
3292,c1cc(c(cc1/C=C/[N+](=O)[O-])Cl)Cl,366.15
9011,O=C1Nc2c(C)cccc2C(O)=C1C=C1C(=O)NN=C1C,515.15
1403,c1ccc(cc1)c2cc(c(c(c2)c3ccccc3)N)c4ccccc4,397.15
1382,CC(C)c1cc(c(c(c1)C(C)C)C(=O)C)C(C)C,360.15
10340,O=C(OCC)c1[nH0][nH0](c2[nH0][nH0](C)c(C)c2)c(C)c1,345.15
1638,COc1ccc(c(c1)C=O)OC,322.15
14083,BrC(C)(C)C(Br)C,288.15
8800,NC(=O)OCC(COC(N)=O)c1ccccc1,424.15
6406,c1ccc(cc1)C(=O)Nc2ccccc2,437.15
9074,Clc1ccc(NN=C2C(=O)NN=C2C=2C(=O)N(C)c3ccccc3C=2O)cc1,513.15
17563,COc1cc2c(cc1)N5C(=O)CC4OCC=C3CN7CCC26C7CC3C4C56,495.15
5448,c1cc(c(cc1[N+](=O)[O-])C(F)(F)F)N,365.15
12168,Clc1cccc2cc3c(Cl)cccc3cc12,462.15
5078,CCc1ccc(cc1O)O,370.15
13564,OC(=O)c1ccc(O)cc1O,498.15
17073,ClCCF,223.15
3850,c1cc(cc(c1)Cl)CC#N,285.15
21121,CCCCCCCCCCCCC(CCCCCCCCCCCCC)CCCCCCCCCCCC,286.85
6488,c1ccc(cc1)CS(=O)(=O)c2ccccc2,422.15
10145,Clc1ccc(C=C2C(=O)OC(OC2=O)(C)C)c(Cl)c1,429.15
13828,Cc1cccc(c1)c2cc(C)ccc2,280.15
7154,CCOC(=O)Cl,192.15
21595,Oc3ccc(C=2Oc1cc(O)cc(O)c1C(=O)C=2O)c(O)c3,576.65
6610,C12C(C(=O)OC1=O)C3(C(=C(C2(C3(Cl)Cl)Cl)Cl)Cl)Cl,510.15
5179,CCCCCCCCCCCCCC(=O)CCC,313.15
20733,c2cc1nccnc1c3ccccc23,351.15
12330,O=C1CCC2C3CCC(CC(=O)O)C(C)(CC(=O)O)C3CCC12C,497.15
18268,Nc1ccccc1S(O)(=O)=O,340.65
19103,Brc1cc2Oc3cc(Cl)c(Cl)cc3Oc2cc1Br,589.15
22782,O=C/3/C(=C/c1sc(cc1)C)CCCC3=Cc2sc(cc2)C,439.0
2494,B(c1cccnc1Cl)(O)O,433.15
19420,C=CC2OCC1(COC(OC1)C=C)CO2,317.65
845,Cc1ccc(c(c1)N2CCNCC2)C,318.15
8734,CC(=O)Oc1ccccc1C(O)=O,415.15
11916,O=C1C(OC(=O)C)=C(Oc2cc(OC(=O)C)cc(OC(=O)C)c21)c1ccc(OCc2ccccc2)cc1,423.15
11871,S1c2[nH0][nH0]c([nH0]2NC1c1occc1)COc1ccccc1,375.15
12415,ClCc1cc(CCl)c(C)cc1C,370.15
7967,C[C@@H](CO)NC(=O)OC(C)(C)C,332.15
7340,CC(C)C(=O)N,401.15
13891,O=C(c1ccccc1)C2CCCCC2,328.15
22334,CC(C)C(C)/C=C/C(C)C2CCC1C3=CC=C4CC(O)CCC4(C)C3=CCC12C,419.15
21414,S=C1NC(=O)CN1,503.15
7137,CCOC(=O)c1cc2cccc(c2o1)OC,358.15
2964,CC(=O)c1ccccc1[N+](=O)[O-],300.15
15751,OC2O[C@H](CO)[C@@H](O)[C@H](O)[C@H]2NC(=O)c1c(I)c(NC(C)=O)c(I)c(N(C)C(C)=O)c1I,496.15
18913,CC(O)(C(=O)O)c1ccccc1,389.65
15476,CC(C)NCC(O)COc1ccccc1CC=C,381.15
5772,c1c(cc(c(c1C=O)O)[N+](=O)[O-])Br,399.15
17432,ClCC(Cl)C(=O)O,323.15
18344,O=C1CCC(C)=C1O,379.65
2530,C(C=O)[C@@H]([C@@H](CO)O)O,358.15
11138,BrC1=C(OC)C2CCC(C)(C1=O)C2(C)C,377.15
23495,N#C\C=C/C,200.55
14716,O=C1CC(C)O1,229.65
8429,c1cc(ccc1C=O)C=O,389.15
4917,c1cc(c(cc1C#N)[N+](=O)[O-])Cl,373.15
5901,B(c1cc(ccc1C)F)(O)O,422.15
8286,c1cc(ccc1N)N,413.15
20643,CCCC(O)CO,377.15
21794,Cn2c(cnc2/C=C/c1ccnc(N)n1)[N+]([O-])=O,506.65
5656,Cc1cc2c(cc1C)nsn2,357.15
16127,Brc4c5Oc1c(Br)c(O)c(Br)cc1C3(OC(=O)c2ccccc23)c5cc(Br)c4O,568.15
5907,c1cc(c(cc1F)C#N)[N+](=O)[O-],376.15
7373,c1ccc2cnccc2c1,299.15
19362,ClC(=O)CCc1ccccc1,271.15
22161,Clc1ccc(cc1Cl)C(=O)Nc2ccc3nn(nc3c2)C4CCCC4,480.15
6721,C1CCC(C1)O,254.15
22648,O=C(Nc1ccc(OC(C)C)cc1)C,403.0
12686,O=[N+]([O-])c1oc(cc1)C(=O)O,457.15
8264,c1ccc(c(c1)C(=O)N)C(=O)O,415.15
7693,CCCCCCCCCCC(=O)OC,263.15
19522,O=[N+]([O-])c1c(C)c(C)c(C)c(c1C(C)(C)C)[N+]([O-])=O,408.65
8325,c1cnc(cn1)C#N,292.15
23418,COC1=CC2=C(C=CN=C2C=C1)[C@H]([C@@H]3C[C@@H]4CCN3C[C@@H]4C=C)O,449.15
12265,Fc1ccccc1C=C1C(=O)OC(OC1=O)(C)C,415.15
11421,ClC(=O)c1cc(c([N+](=O)[O-])cc1[N+](=O)[O-])C(Cl)=O,380.15
1826,c1ccc(cc1)c2cccc(c2O)c3ccccc3,375.15
12329,O=C1CCC2(C)C(C1)CC(C)C1C3CCC(OC(=O)C)C3(C)CCC12,415.15
560,c1cc(cc(c1)[N+](=O)[O-])[N+](=O)[O-],362.15
4107,CCCCC(C)CC,152.14999999999998
5435,CCCCCCCc1ccc(cc1)c2ccccc2,300.15
4437,CC(C)(C)c1ccc(cc1)Cc2ccc(cc2)C(C)(C)C,345.15
10382,S1c2[nH0][nH0]c([nH0]2N=C1C(=O)C)C(F)(F)F,473.15
17826,CCCCCCCCCCCCCCCCN,319.95
4406,c1cc(ccc1C(c2ccc(cc2)F)O)F,320.15
22958,O=C(O)c1ccccc1Br,422.15
18073,COc1ccc(COC(C)=O)cc1,357.15
9917,s1cc([nH0]c1C(=NNc1ccccc1)C#N)c1ccccc1,449.15
22317,CC3(O)CCC2C4CC=C1C=C(CCC1(C)C4CCC23C)OC5CCCC5,423.15
18880,OC1C(O)C(O)C(CO)OC1OC,441.15
15096,FS(F)(=O)=O,137.34999999999997
2817,COc1cc(ccc1C(=O)O)[N+](=O)[O-],420.15
16724,BrC(C)CCCCC,320.15
18792,OCC(=O)C4(O)C(C)CC3C2CCC1=CC(=O)C=CC1(C)C2(F)C(O)CC34C,505.15
5782,c1cc2c(cc[nH]2)cc1Br,364.15
20960,CC(=O)OCCN(CCCC)c2ccc(/N=N/c1c(cc(cc1C#N)[N+]([O-])=O)C#N)c(C)c2,424.15
16163,CN(N=O)CC(=O)O,339.65
20109,O=C(O)c1ccc(C)o1,382.65
19169,OC(c1ccccc1Cl)(c2cncnc2)c3ccc(Cl)cc3,391.15
9715,ON(C=Cc1ccccc1)c1ccccc1,393.15
10699,N=1NC(C)=C(C=1C)C(C)(C)C,377.15
22805,O=C3c2c(c(O)cc(OC[C@@H]1OC1)c2)C(=O)c4c3cc(cc4O)C,473.5
17396,Nc1ccc2ccccc2n1,404.65
4895,c1c(cc(c(c1[N+](=O)[O-])Cl)[N+](=O)[O-])C(F)(F)F,329.15
20421,Cc1ccc(O)c2ccccc12,358.95
21697,CCCCC=CCCCCC,166.64999999999998
148,c1cc(ccc1[N+](=O)[O-])I,448.15
16669,Oc1cc(O)ccc1C(=O)OC,392.65
18752,CCOc1ccc(cc1OCC)Cc3nccc2cc(OCC)c(cc23)OCC,373.15
8555,CC/C=C/CC,160.14999999999998
15463,FC1=CNC(=O)NC1=O,554.15
4443,c1cc(ccc1C2CC(=O)c3c(cc(cc3O2)O)O)O,523.15
7446,Cc1cc(c(n1C)C)C(=O)OC,390.15
236,CCCCCCCCCCCCCCCCCl,282.15
15901,NC(=O)OCC(O)COc1ccccc1OC,366.15
23019,OC(CC)CC,198.15
10754,O=[N+]([O-])c1cccc([N+](=O)[O-])c1COC(=O)Cc1ccccc1,363.15
7123,CCOC(=O)c1cc2cc(ccc2[nH]1)OCc3ccccc3,436.15
22407,Cc1cc(F)ccc1,186.15
10123,O=C1CCC2C3CCC4CC(=CCC4(C)C3CCC12C)C(=O)C,426.15
13711,Clc1ccc(cc1)C(=O)OC,317.15
3083,c1cc(cc(c1)O)CN2CCCCC2,413.15
632,c1ccc(cc1)C(=O)c2cc(cc(c2)C(=O)c3ccccc3)C(=O)c4ccccc4,391.15
18877,NC13CC2CC(CC(C1)C2)C3,453.15
2665,c1ccc(c(c1)O)F,288.15
21696,O=C(CCCCCCCC=CCCCCCCCC)OCC,241.15
21596,Oc1cc(cc(O)c1O)C=3Oc2cc(O)cc(O)c2C(=O)C=3O,630.15
10526,Clc1ccc(Cl)c(N2C(=O)C3ON=C(C(=O)c4sccc4)C3C2=O)c1,494.15
15836,CC(=O)[C@H]4CC[C@@H]2[C@]4(C)C[C@@H](O)[C@@H]1[C@@]3(C)CCC(=O)C=C3CC[C@H]12,495.15
10060,FC(F)(F)C=1N=C2C=CC=CC2=NC(=O)C=1NNc1cccc2ccccc12,444.15
14788,Nc1ccc2cc3ccccc3cc2c1,508.15
12075,Clc1ccc(cc1)c1[nH0][nH0]2c(N=C(C)C=C2C(F)(F)F)c1,449.15
21666,CCCCCCC=NO,330.65
20595,[O-][N+](=O)c2cc(c(Cl)c(c2Nc1ncc(cc1Cl)C(F)(F)F)[N+]([O-])=O)C(F)(F)F,389.15
14109,O=C(OCC)C(C(=O)OCC)c1ccccc1,289.15
9686,O=C(C=C1Cc2ccccc21)c1ccccc1,323.15
20258,CCCCCCCCCCCCCCCCOCCCCCCCCCCCCCCCC,328.15
19201,O=S(=O)(O)CCCCCC,289.25
5249,Cc1ccc(cc1[N+](=O)[O-])I,333.15
8533,Cc1c(cccc1N=C=O)N=C=O,286.15
7426,CC(=CC(=O)C)C,214.15
12345,Nc1[nH0]c[nH0]c2c1[nH0]([nH0]c2C)C,511.15
21838,O=C(NN=CC=Cc1ccc(o1)[N+]([O-])=O)c2ccc(s2)[N+](=O)[O-],508.65
7979,CC([C@@H](C(=O)O)NC(=O)OC(C)(C)C)O,352.15
22580,COc1cc(ccc1OC)C(=O)OCC,316.65
1735,COc1c(cccc1Cl)Cl,283.15
14484,CC(C)(C)c1cc2nc(oc2cc1)c3ccc(s3)c4oc5ccc(cc5n4)C(C)(C)C,472.15
4255,COc1ccc(cc1)c2cc(nc(c2)c3ccccn3)c4ccccn4,435.15
21412,OC(=O)C=C(/OC)C(=O)C(=C)C,356.15
2475,c1ccc(c(c1)C[C@@H](C(=O)O)N)Cl,507.15
10756,O=[N+]([O-])c1ccccc1COC(=O)Cc1ccccc1,327.15
23475,C1=CC=C(C=C1)/C=C/C2=CC=CC=C2,398.15
3713,CC(=O)c1cccc(c1)Br,281.15
6704,CSC1CCCCC1,193.15
18188,Clc1cc(C)c(OCCCC(=O)O)cc1,373.15
17091,O=Cc1ccc(o1)[N+](=O)[O-],308.65
22569,Fc1c(F)c(F)c(F)c(I)c1F,244.15
5189,c1(c(c(c(c(c1F)F)O)F)F)C(=O)O,422.15
21964,CN(C)C(=O)COC(=O)c1ccccc1,354.65
16456,C[Si]1(O[Si](C)(O[Si](C)(O1)c2ccccc2)c3ccccc3)c4ccccc4,373.15
14210,[2H]c2c1c([2H])c([2H])c([2H])c([2H])c1c([2H])c([2H])c2[2H],355.15
7843,CCCCCCCCCCCCN(C)C,253.15
12640,O=C(OC)Oc1ccccc1C(=O)O,407.15
14052,CCCCCCCCCCc1ccccc1,259.15
13031,N#Cc1ccccc1,260.15
23098,O=C2\C=C(/N(N2c1ccccc1)C)C,384.15
6764,c1cc(sc1)C(=O)c2cccs2,362.15
10793,Brc1c(Br)c(C)c(Br)c(OC)c1OC,363.15
1125,c1ccc(c(c1)C(c2ccccc2Cl)(C(=O)O)O)Cl,435.15
17625,O=C(O)c1ccnc2ccccc12,527.65
23193,CC1=NC=C(N1C)[N+](=O)[O-],413.15
18733,Clc1ccc(cc1)C(C(C)C)C(=O)OC(C#N)c3cccc(Oc2ccccc2)c3,319.75
11543,O=C(Nc1cccc2c3[nH0]c(c4ccccc4)c([nH0]c3ccc12)c1ccccc1)C,522.15
4358,c1cc(ccc1C(=O)Cl)C(F)(F)F,270.15
14114,CCCCCCCCCCCCCCCC=C,284.15
17727,O=C(C)Nc1cc(ccc1)C(F)(F)F,377.65
23479,CC1=NN=C2N1C3=C(C=C(C=C3)Cl)C(=NC2)C4=CC=CC=C4Cl,507.15
7421,COc1cccc(c1)N,272.15
6652,C1CC[C@@H]([C@@H](C1)C(=O)O)C(=O)OC(=O)[C@@H]2CCCC[C@@H]2C(=O)O,307.15
17484,O=CON,389.15
9160,ON=C(C=Cc1ccc(N)cc1)c1ccccc1,412.15
7622,COC(=O)c1ccc(nc1)Cl,359.15
987,C1C=CC(=O)O1,277.15
16014,Nc1ccc(cc1)S(=O)(=O)Nc2ccccc2,473.15
2852,CC1=CC(=O)c2ccccc2C1=O,379.15
11695,O=C1NC(C)=C(C(=O)OC)C(N1)c1cccc(OC)c1O,481.15
8853,COc2ccc1[nH]c(nc1c2)S(=O)Cc3ncc(C)c(OC)c3C,429.15
16336,Cc1nc(nc(O)c1CCCC)N(C)C,375.15
14996,CN(C)C,156.14999999999998
17014,C=C(C)C(Cl)=O,213.15
17633,Oc1cccc2c1C(=O)C=C(C)C2=O,351.65
19563,O=C(Cl)c1ccc(F)cc1,282.15
16866,COc1ccc2ncccc2c1,299.65
9654,Clc1ccc(NN=C2C(=O)NN=C2C(F)(F)F)cc1,488.15
3040,CC(C(=O)O)N1C(=O)c2ccccc2C1=O,436.15
16035,O=C(O)CS(=O)(=O)O,358.15
5010,CCCCCOc1ccc(cc1)c2ccc(cc2)C#N,321.15
22008,Oc1ccc(cc1O)C(=O)NCCCCCC,412.65
3273,c1c(c(cs1)Br)Br,278.15
7227,c1ccc2c(c1)-c3ccccc3C2CC(=O)O,407.15
3683,c1cc(c(cc1C#N)Br)F,329.15
6807,CCO[Si](C)(C)OCC,203.15
12337,O=C1OC(C)=CC(=O)C1,461.15
1316,Cc1cccc(c1C)C#N,297.15
3225,c1(c(c(nc(c1Cl)Cl)C(=O)O)Cl)Cl,445.15
17456,COc2ccccc2OC(=O)Oc1ccccc1OC,362.15
21199,ClC1CCC(Cl)CC1,291.15
21643,Oc1ccc(cc1O)/C=C3/Oc2cc(O)ccc2C3=O,576.15
9852,S=C1NC(=O)C(=NNc2ccccc2)C(=O)N1,563.15
5752,c1cc(c(cc1Br)CO)O,382.15
10617,Brc1ccc(N2C(=O)C3ON=C(C(=O)c4ccc(OC)cc4)C3C2=O)cc1,397.15
16393,BrC(CCCCCCCC)CBr,301.15
4616,c1ccc(cc1)c2ccc(cc2)C(=O)c3ccccc3,374.15
19481,CCOc1ccc(cc1)NC(=O)CN,373.65
22850,C1#C[C@@H](O)CC[C@H](O)C#CCCCC1,427.65
1300,COc1cccc(c1OC)C=O,325.15
15222,NC1=NC(=O)N(C=C1)[C@H]2O[C@@H](CO)SC2,434.15
22903,C(C)(=O)O[C@@H]1[C@@H]([C@H]([C@@H](O[C@@H]1C#N)C)OC(C)=O)OC(C)=O,402.65
13673,c1cccc2Cc3ccccc3c12,387.15
9900,Clc1ccc2oc(CCC(=NO)C)c(c2c1)c1oc(C)cc1,388.15
5495,c1ccc(cc1)Oc2ccc(cc2)[N+](=O)[O-],328.15
9600,Clc1ccc(cc1)c1[nH0]c(sc1)C(=NNc1cccc(C)c1C)C#N,469.15
1798,COc1cccc(c1N)OC,350.15
12149,O=C1OCc2cccc(C)c21,359.15
9667,N#CC(=Cc1ccccc1C)c1[nH0]c2ccccc2[nH]1,484.15
6441,c1ccc2c(c1)non2,327.15
8636,CP(=S)(C)C,429.15
15600,Cc1cc(cc(C)c1)OCC2CNC(=O)O2,395.15
18743,O=C2NC(c1ccccc1)C(=O)N2CC,367.15
3654,B(c1cccc(c1)OCc2ccccc2)(O)O,396.15
7052,CCOC(=O)c1csc(n1)C,328.15
15945,CC1CCC(C)C1C,161.14999999999998
11371,O=C(NCCc1ccccc1NC(=O)C)C,417.15
15710,OC(=O)[C@@H]3N4C(=O)[C@@H](N1C(=O)[C@H](NC1(C)C)c2ccccc2)[C@H]4SC3(C)C,463.15
1286,c1cc(c(c(c1)F)F)/C=C/C(=O)O,473.15
19914,O=C(CCCCC)c1ccccc1,300.15
20829,Cn3cncc3CC1COC(=O)C1C(O)c2ccccc2,452.15
2137,COc1ccc(cc1)C(=O)CBr,343.15
10828,O=C1c2c(c(C)ccc2C)C1=O,406.15
12208,FC(F)(F)C(C(=O)Nc1ccc(OC)cc1)C(F)(F)F,459.15
12289,O=C1OC(OC(=O)C1=Cc1ccc(N(C)C)cc1)(C)C,435.15
9873,ON=C(C=Cc1ccccc1)c1ccccc1,389.15
16489,O=S(=O)(C)c1ccccc1,359.15
13467,OC(=O)c1ccc(C#N)cc1,494.15
6894,COC(=O)c1cccc(c1)C(=O)OC,342.15
9884,FC(F)(F)c1cccc(NN=C2C(=O)N(N=C2C)c2ccccc2)c1,444.15
3610,Cc1ccc(cc1N)C(=O)N,402.15
7151,CCOC(=O)N,322.15
17347,CC1CC1,95.84999999999997
6012,c1cc(sc1C=O)[N+](=O)[O-],347.15
13645,CCOc1ccc(cc1)C(C)=O,312.15
14113,CCCCCCCCCCCCCCC(=C)C,275.15
4882,c1cc(c(cc1CC(=O)O)OC(F)(F)F)Cl,335.15
16524,O=C(C)Oc1c(cc(cc1[N+]([O-])=O)[N+]([O-])=O)C(C)CC,299.15
13076,CCC=C/C(C)(C)C,136.14999999999998
12611,S=C(N(C)CC(=O)O)c1cccc2c1ccc(OC)c2C(F)(F)F,437.15
12046,O=C1OC(=NC1=Cc1oc(cc1)c1ccccc1)c1ccccc1,416.15
4146,c1ccc(cc1)c2cccc(c2)[N+](=O)[O-],332.15
8906,Nc2nc1cc(Cl)ccc1o2,457.15
6542,c1cc(ccc1Cc2ccc(cc2)F)F,302.15
4431,c1cc(ccc1c2ccc(cc2)[N+](=O)[O-])c3ccc(cc3)[N+](=O)[O-],551.15
21519,C=C(C)C2Oc3cc(O)c1C(=O)C4c5cc(OC)c(OC)cc5OCC4Oc1c3C2,468.15
406,C#CCCCCCC#C,252.15
21893,Clc1c(c(Cl)c(Cl)c(Cl)c1Cl)C(Cl)Cl,392.65
13178,Cc1cc(N)c(C)cc1,285.15
16173,Brc2c(cc(cc2/N=N/c1cc(OCC)c(cc1NC(C)=O)N(CCOC(C)=O)CCOC(C)=O)[N+]([O-])=O)[N+]([O-])=O,430.15
8234,c1ccc2c(c1)Oc3ccccc3S2,330.15
11022,O=C1N(C)C(C)=C(C(=O)O)C(N1C)c1ccccc1,438.15
14051,Nc1c(cc(cc1Cl)[N+]([O-])=O)[N+]([O-])=O,430.15
11563,O=[N+]([O-])c1cccc2cccc(C=Nc3ccccc3)c12,388.15
11556,O=C(N(Nc1ccccc1N=Nc1ccccc1)c1ccccc1)C,376.15
20783,ClCC(O)C(O)CCl,399.65
16353,Brc1c(C)c(Br)cc(Br)c1O,357.15
11,CCCO,146.14999999999998
4760,CC(=O)Nc1ccc(c(c1)F)Br,424.15
1177,c1c(c(c(c(c1F)F)F)F)C(=O)N,406.15
10693,FC(F)(F)Cc1cc2ccccc2cc1C,348.15
2863,CC(CO)(CO)[N+](=O)[O-],423.15
6471,CC(=O)OCc1ccccc1,222.15
9218,[S+2]1([O-])([O-])Cc2ccccc2C1,425.15
12040,S(C)C1=NNC(N)=C1C(=O)OCC,416.15
2989,c1cc(c(c(c1)O)[N+](=O)[O-])O,356.15
11207,OCC(CCC(O)(C)C(O)C(C)C)C(C)C,333.15
7010,CCS(=O)(=O)O,256.15
11530,BrCC(=O)c1cccc(c1)C(=O)CBr,364.15
14437,O=C1CCN(N1)c2ccccc2,395.15
8927,Cc1ccc(cc1)S(=O)(=O)NC(=O)NC2C(O)C3(C)CCC2C3(C)C,465.15
12592,O=[N+]([O-])c1ccc(cc1)CC#N,389.15
17824,CC(C)(CO)C(O)C(C)C,324.65
23205,Clc1c(C(=O)\C(=C)CC)ccc(OCC(=O)O)c1Cl,394.15
2875,Cc1c(cccc1[N+](=O)[O-])C(=O)O,457.15
12178,O=C1NC(C)=C(C(=O)OCC)C(N1)c1occc1,479.15
9108,s1cc([nH0]c1C(=NNc1ccc(O)cc1)C#N)c1ccc(C)cc1,526.15
2190,c1cc(c(c(c1)Br)O)[N+](=O)[O-],341.15
22084,OC=1c3ccccc3OC(=O)C=1C(CC)c2ccccc2,452.65
3726,c1cc(c(c(c1)Br)O)O,314.15
19156,Clc3cc(NC(=O)c1cc(I)cc(I)c1O)c(C)cc3C(C#N)c2ccc(Cl)cc2,490.95
16838,Fc1ccc(cc1)C(=O)CCCN2CCN(CC2)c3ccccc3OC,341.15
9013,BrCc1ccc(cc1)CBr,415.15
8189,C(=O)(C(=O)Cl)Cl,261.15
1367,c1c(cc(c(c1Cl)C(=O)O)Cl)Cl,436.15
3712,c1c(cc(c(c1C=O)O)Br)[N+](=O)[O-],422.15
5450,Cc1cc(cc[n+]1[O-])[N+](=O)[O-],429.15
17772,CCCCC(COP(O)(=O)OCC(CC)CCCC)CC,223.15
15638,Fc1ccc(cc1)Cn4c5ccccc5nc4NC3CCN(CCc2ccc(OC)cc2)CC3,422.25
1000,c1ccc2c(c1)nc(s2)CBr,321.15
7761,c1ccc2c(c1)C(=O)N(C2=O)c3ccc(cc3)C(=O)O,566.15
3553,COc1ccc(cc1)c2ccc(cc2)S(=O)(=O)Nc3cccc(c3)C(=O)O,509.15
4114,Cc1cccnc1C(=S)N,393.15
1667,Cc1ccc(c(c1)CC#N)C,301.15
3173,c1cc(cc(c1)OC(F)(F)F)CC(=O)O,327.15
15740,NC(=O)N3c1ccccc1C(=O)Cc2ccccc23,488.65
22809,O=C(OC)[C@]35c1ccccc1[C@]64c2ccccc2[C@H]3[C@]56C(=O)O[C@@H]4C,476.0
488,c1cc(c(cc1Cl)I)Cl,294.15
19614,O=C(O)CCCCCCCC#CCCCCCCCC,321.15
20212,BrCC(CBr)(CBr)CBr,436.15
21906,Oc3ccccc3c1nc2ccccc2s1,404.15
12975,CCC1CCCC1,135.14999999999998
7848,CN(C)S(=O)(=O)C,321.15
5704,Cc1cc(on1)N,356.15
23081,COC(=O)C1CCCN1C(=O)COC(=O)CC2=CC(C=CC=C2)NC3=C(C=CC=CC3Cl)Cl,722.15
8133,CCCCCC(=O)OCCC,204.15
17087,ClC1(Cl)C(Cl)=C(Cl)C(Cl)(Cl)C1(Cl)Cl,313.15
5105,c1cc(c(cc1F)[N+](=O)[O-])C#N,344.15
22191,Oc2ccc(/N=N/c1ccc(cc1)[N+]([O-])=O)cc2,489.15
3291,c1cc(c(cc1CN=C=S)Cl)Cl,300.15
8125,c1ccc2c(c1)C(=O)N(C2=O)CC(=O)O,469.15
11865,S1c2[nH0][nH0]c([nH0]2NC1c1ccccc1)c1ccc([N+](=O)[O-])cc1,493.15
13380,O=C(N)c1ccc(O)cc1,434.15
9519,Sc1[nH0][nH0]c([nH0]1N=Cc1ccc(F)cc1)C(F)(F)F,485.15
23070,C1=C2C(=NC(=N1)N)N(C=N2)COCCO,461.15
13965,O=[N+]([O-])c2ccccc2c1ccccc1,310.15
14287,O[C@@H](c2ccnc1ccccc12)[C@H]4C[C@@H]3CC[N@]4C[C@@H]3C=C,538.15
13598,CC(=C)c1ccc(cc1)C(=C)C,339.15
22348,FC(F)(N(C(F)(F)C(F)(F)C(F)(F)C(F)(F)F)C(F)(F)C(F)(F)C(F)(F)C(F)(F)F)C(F)(F)C(F)(F)C(F)(F)F,223.15
21293,O=C3C=C4CCC2C(CCC1(C)C2CCC1O)C4(C)C=C3,438.15
4440,c1cc(ccc1C(=O)O)Oc2ccc(cc2)C(=O)O,604.15
10055,O=C1C(C)C2CC(O)C3C1(C2O)C(O)CC1C(C)(CCCC31CO)CO,539.15
17370,O=C(CCCCCCC)OCCCC,230.25
22926,C(C)(C)(C)OC(=O)N(NC(=O)OC(C)(C)C)C1=CC(=C(C(=C1)SCCCCCCCCCCCC)SCCCCCCCCCCCC)SCCCCCCCCCCCC,323.15
22702,O=C(OC)[C@H]1O[C@](O[C@@H]1C(=O)OC)(c2cc(OC)c(OC)cc2)[C@H](Br)C,370.5
22799,O=C(N1CCOCC1)C(c2ccccc2)C(=O)N3CCOCC3,460.0
15504,Cc2cccc(C)c2NC(=O)C1CCCCN1CCCC,380.65
15577,ClCCN(CCCl)C(=O)Oc3cc4CCC2C(CCC1(C)C2CCC1O)c4cc3,377.65
5238,c1ccc(cc1)C(=O)Oc2ccc(cc2)O,439.15
14646,Cc2ccc3cc1c5ccccc5ccc1c4CCc2c34,452.65
15552,CCOC(=O)CC(SP(=S)(OC)OC)C(=O)OCC,275.95
17582,CN=NC,195.15
12373,O=C(Nc1ccccc1)C(c1ccccc1)c1ccccc1,450.15
22417,FC2(F)C1(F)C(F)(F)C(F)(F)C(F)(F)C(F)(F)C1(F)C(F)(F)C(F)(F)C2(F)F,263.15
13669,COc1cccc(C=O)c1OC,325.15
7519,COC(=O)c1c(c(c(s1)SC)C#N)N,480.15
9991,O=C(OC1CCC2(C)C(C=CC3C4CCC(C(C)CCC(=O)OC)C4(C)C(OC(=O)C)CC32)C1)C,357.15
9206,O=C1Oc2ccccc2C(O)=C1C(CC(=O)C)c1ccccc1,434.15
9556,O=[N+]([O-])c1cccc(c1)c1oc(cc1)C=C1C=C(OC1=O)CC(C)C,437.15
10225,O=C1C=C(NCCC(OC)OC)C(=O)c2ccccc12,387.15
4470,COc1cc(c(cc1OC)[N+](=O)[O-])CC(=O)O,480.15
17275,Cc1ccc(C)cc1C(O)=O,405.15
10985,O(C)c1cc2CCNC(CC(C)C)c2cc1OCC,424.15
1969,CC(C)(C)c1csc(n1)N,374.15
12595,O=C(Nc1ccc(OCC)cc1)CN,374.15
5757,COc1ccc(cc1N)Br,368.15
6294,CCCCCCCCC(=O)CCCCCCCC,325.15
12115,Clc1ccc(cc1)c1oc(cc1)C=C1C(=O)NC(=S)NC1=O,553.15
13605,Cc1cccc(Cl)c1Cl,279.15
7595,COC(=O)c1ccc(c(c1)[N+](=O)[O-])O,348.15
9110,S1C(=N)N(N=C1C(=O)c1cccc2ccccc21)c1ccc(OC)cc1,348.15
3249,COc1cc(cc(c1OC)OC)C(=O)NN,432.15
6570,C(C(=O)O)(Cl)Br,300.15
6638,C[C@H](CCCC(C)C)[C@H]1CC[C@@H]2[C@@]1(CC[C@H]3[C@H]2CC=C4[C@@]3(CC[C@@H](C4)OC(=O)Cl)C)C,391.15
15398,OCC(=O)[C@]3(O)[C@@]4(C)C[C@H](O)[C@@]2(F)[C@@H](CCC1=CC(=O)C=C[C@@]12C)[C@@H]4C[C@H]3C,535.15
12504,ClC(Cl)c1ccc(cc1)C(Cl)Cl,366.15
125,CN1CCN(CC1)C2CCNCC2,328.15
16170,Clc1ccc(cc1Cl)C(Cl)(Cl)Cl,298.95
5370,Cc1ccc(c(c1)[N+](=O)[O-])O,307.15
1239,c1cc(cc(c1)Br)C(=O)CBr,324.15
2289,c1cc(c(c(c1F)N)Cl)F,302.15
19124,O=C(O)C1(C)CCc2c(O1)c(C)c(C)c(O)c2C,462.15
8467,CCN(CC)C(=S)SSC(=S)N(CC)CC,344.15
20969,OCC=CCO,298.15
1229,Cc1ccc2c(c1)nc(c(n2)C)C,366.15
9200,O=C1N(c2ccccc2)c2ccccc2C(O)=C1C(=NCc1ccccc1)C,437.15
6980,CC(C)(CO)C(C(=O)NCCCO)O,341.15
5178,c1cc(ccc1C=O)OCC(=O)O,469.15
10724,ClC1=CC(c2ccccc21)c1ccccc1,354.15
20677,CC1CCC(C)C(C)C1C,198.15
1058,c1ccc(c(c1)C=O)C(F)(F)F,233.15
6262,c1cc2cccnc2c(c1)[N+](=O)[O-],361.15
15360,OC=1NC(N)=NC2=NN=NC=12,573.15
281,CC(C)c1ccc(cc1)Br,261.15
14846,[C-]#[N+]C1CCCCC1,279.15
968,c1cc(c(c(c1)Sc2ccc(cc2)Cl)C#N)F,343.15
16001,Cc1nc(nc(OC(=O)N(C)C)c1C)N(C)C,363.65
20337,OC(=O)CC(C)(CC)CC(=O)O,360.15
1939,c1c(nc(nc1Cl)N)Cl,493.15
23195,C1=CC=C(C=C1)NC2=CC=CC=C2,326.15
17658,O=C1NC(=O)CN1,493.15
619,C1OCOCO1,334.15
18309,O=C(Oc1ccccc1)c3ccccc3C(=O)Oc2ccccc2,346.15
1742,c1cc(c(c(c1)Cl)C#N)Cl,418.15
17774,ClC2=C(Cl)C3(Cl)C1C(C(Cl)OC1Cl)C2(Cl)C3(Cl)Cl,394.15
18587,O=C(NCc1cccnc1)c3cc(C(=O)NCc2cccnc2)c(OC)cc3,397.15
14135,CCCCCCCCCCCCCCC#CCC,275.15
9847,O=C(NC(=Cc1ccccc1)C(=O)O)c1ccc(C)cc1,503.15
3568,CC(=O)c1cccc(c1)C#N,372.15
15563,O=C(CC(=O)C(F)(F)F)c1cccs1,315.15
6116,c1cc(ncc1CO)Cl,321.15
23464,O=C5\C=C3/[C@]([C@H]2CC[C@@]4([C@@H](OC(=O)CCc1ccccc1)CC[C@H]4[C@@H]2CC3)C)(C)CC5,389.65
3178,B(c1cccc(c1)C(F)(F)F)(O)O,437.15
19576,Fc1cc(C)ccc1[N+](=O)[O-],326.35
9499,O=C(Oc1ccc(cc1)C(=O)C=Cc1ccc2OCOc2c1)c1ccc(OC)cc1,442.15
6099,Cc1c(ccc(n1)Cl)[N+](=O)[O-],329.15
16959,O=C(C)NC(C(=O)OCC)C(=O)OCC,369.45
10552,Fc1ccc(cc1)C1C=2C(=O)CC(C)(C)CC=2Nc2ccc3ccccc3c21,477.15
13994,CCCCCCCCCc1ccccc1,249.15
22099,O=C(C)Oc1ccccc1C(=O)OCC(=O)N(C)CC(N)=O,405.65
15635,Nc1cc(OC)c(cc1Cl)C(=O)NCCN(CC)CC,420.4
6276,CC(=O)c1c2ccccc2cc3c1cccc3,347.15
9472,O=[N+]([O-])c1ccc(NN=C(c2ccc(OC)cc2)C(CC)C2CCCCC2)c([N+](=O)[O-])c1,474.15
22304,Oc2ccccc2/N=N/c1ccccc1O,446.15
13149,CC(C)(O)C(C)(C)O,316.15
11083,Brc1ccc(O)c(c1)C(c1oc(C)cc1)c1oc(C)cc1,370.15
5724,Cc1cc(c(cc1C)Br)C,345.15
10831,O=C1N2C=Cc3ccccc3C2Cc2ccccc12,401.15
16653,Clc2cc(Cl)cc1ccccc12,335.45
629,c1c(cc(c(c1Cl)[N+](=O)[O-])Cl)Cl,344.15
11970,O1C=2CCCCC=2C(c2ccc(OC)cc2)C=2CCCCC1=2,377.15
19465,COc1ccc(N)c(c1)[N+]([O-])=O,397.15
19850,Cc2ccc(/N=C=Nc1ccc(C)cc1)cc2,331.65
6430,c1ccc2c(c1)cc(s2)C(=O)N,450.15
3374,c1c(cc(cc1C(F)(F)F)C(F)(F)F)C(=O)NN,406.15
12588,O=C(OCc1[nH0]c(ccc1)COC(=O)c1cc(OC)c(OC)c(OC)c1)c1cc(OC)c(OC)c(OC)c1,392.15
23472,C1=CC=C2C(=C1)C(=O)C3=CC=CC=C3S2,484.15
13760,N#CCc1ccc(cc1)C(=O)OC,337.15
10238,Clc1ccc(cc1Cl)CNC1=CC(=O)c2ccccc2C1=O,490.15
20740,[O-][N+](=O)c1cc2C=CC4(Oc2cc1)N(C)c3ccccc3C4(C)C,452.65
2113,c1cc(cc(c1)[N+](=O)[O-])C(=O)CBr,367.15
3216,CC(C)(CC(=O)O)CC(=O)O,374.15
13125,CC(C)CCOC=O,180.15
3814,Cc1ccc(cc1Cl)N=C=O,295.15
8321,Cc1ccc(cc1)CC#N,291.15
3155,B(c1cccc(c1)C(=O)OCC)(O)O,410.15
14296,CNc1ccc(Cl)cc1C(=O)c2ccccc2,367.15
2278,c1cc(c(c(c1)C(F)(F)F)Cl)CC(=O)O,405.15
4599,CC(C)(C)OC(=O)N[C@@H](Cc1ccc(cc1)N)C(=O)O,398.15
13,c1ccc(cc1)C2(CCCCC2)O,333.15
1646,COc1ccc(c(c1)CC(=O)O)OC,397.15
17909,C1=CC2C=CC1C2,254.05
2365,c1cc(c(cc1C(F)(F)F)CO)Cl,332.15
4648,c1ccc(cc1)COc2cccc3c2cc[nH]3,333.15
12197,O=C(Oc1ccc2cc(OC(=O)C)ccc2c1)C,488.15
374,CC(=O)N1CCc2c1ccc(c2)[N+](=O)[O-],450.15
21728,CC(C)=CC=CC(/C)=CC,237.75
525,C1CCN(CC1)C2CCNCC2,341.15
9131,O(C)C1(OC)CC=CCC(OC)(OC)CC=CC1,475.15
11561,O=C(C)CCc1ccc(cc1)CCC(=O)C,329.15
13910,N#Cc2ccc(Cc1ccccc1)cc2,324.15
12765,O=C1N2CCc3ccccc3C2CN(C1)C(=O)C1CCCCC1,409.15
19975,CC(C)NCC(O)COc1ccccc1OC,355.65
19342,ClC(Cl)(Cl)S(=O)(=O)C(Cl)(Cl)Cl,310.15
529,c1ccc2c(c1)OCC(O2)C(=O)O,397.15
15596,CC(C)(C)C(=O)OCOC(=O)C2N3C(=O)[C@@H](N=C/N1CCCCCC1)[C@H]3SC2(C)C,392.15
20098,Fc1c(C#N)c(C#N)c(F)c(F)c1F,356.15
21116,Nc1c(cc(Cl)cc1Cl)C(N)=O,435.65
9461,Clc1ccc(NN=C(C#N)c2sc3ccccc3[nH0]2)cc1,462.15
12473,O=C(Nc1[nH0]cccc1)Cc1ccc(cc1)c1ccccc1,395.15
17778,c1ncncn1,359.15
12201,s1c2ccccc2[nH0]c1NC(=O)C(C(F)(F)F)C(F)(F)F,447.15
12582,Oc1c2ccccc2ccc1c1ccc2ccccc2c1O,573.15
11171,O=C1N(CC(=O)C2(C)CCC(C)C2(C)C)C(=O)c2ccccc21,372.15
23338,CCOC(=O)c1cc(C)n(c1C)c1ccc(cc1)C(F)(F)F,340.65
12003,Brc1ccc(cc1)c1oc(cc1)C=C1C(=O)OC(OC1=O)(C)C,455.15
6563,C[Si](C)(C)C[Si](C)(C)C,202.15
4703,c1cc(c(cc1Br)Cl)S(=O)(=O)Cl,352.15
15282,OC1O[C@H](CO)[C@@H](O)[C@H](O)[C@H]1NC(C)=O,478.15
18096,O=C(OCC)Nc1ccccc1,326.15
15921,Clc1cc(Cl)ccc1OC(C)C(=O)O,390.65
23215,O=C(O)CCC(=O)c2ccc(c1ccccc1)cc2,459.15
955,CC(C)(c1ccc(cc1)c2ccccc2)O,365.15
6675,CN(C)c1ccc(cc1)C2(c3ccc(cc3C(=O)O2)N(C)C)c4ccc(cc4)N(C)C,455.15
3453,c1c(cc(cc1F)S(=O)(=O)N)F,432.15
12803,Fc1cc2CCC(N3C=C(C(=O)c(c1)c32)C(=O)O)C,526.15
15140,Cc3ccccc3OP(=O)(Oc1ccccc1C)Oc2ccccc2C,240.15
8595,C(=O)(OC(Cl)(Cl)Cl)Cl,216.15
2071,c1ccc(cc1)COc2c(cccn2)O,344.15
956,CC(C)(C)c1ccc(cc1)c2nnc(o2)c3ccc(cc3)c4ccccc4,410.15
16542,O=C(Oc1cc(cc(c1)C(C)(C)C)C(C)(C)C)NC,376.15
14036,Clc1ccc(Cl)c(Cl)c1Cl,320.15
7005,C1C(O1)CCl,216.15
352,c1ccc(cc1)Cn2c(c(nn2)C(=O)O)C(=O)O,453.15
13518,COc1cc(ccc1)C(N)=O,406.15
16309,[O-][N+](=O)c4ccc1ccc2cccc3ccc4c1c23,428.15
6236,Cc1cccc2c1[nH]cc2,357.15
12732,O=C(Nc1ccccc1)Nc1ccccc1,505.15
8946,CCCC(C)(COC(N)=O)COC(N)=O,377.15
14025,CC(C)(c1ccc(O)cc1)c2ccccc2,343.15
22274,Brc2cc(cc(c2/N=N/c1cc(OC)cc(N(CCOC(C)=O)CCOC(C)=O)c1NC(C)=O)[N+]([O-])=O)[N+]([O-])=O,405.15
2920,CC(CCC(=O)O)C(=O)O,349.15
15711,O=C1NC(=O)NC(=O)C1(CC)CC,463.15
4644,c1ccc(cc1)COc2ccc(cc2)C#N,370.15
661,c1ccc(c(c1)Cl)Cl,255.15
16082,CNC(=O)N(C)c1nc2ccccc2s1,393.15
7057,CCOC(=O)c1cc(c(c(c1)O)O)O,423.15
10181,O=C1C=C(NCCc2[nH0]cccc2)C(=O)c2ccccc12,402.15
20049,Oc1ccc(cc1)C(c2ccc(O)cc2)(C(F)(F)F)C(F)(F)F,435.15
16690,Oc1ccccc1C(=O)OCCCC,267.25
4790,B(c1ccc(cc1)Br)(O)O,557.15
2356,c1cc(c(cc1[N+](=O)[O-])Cl)O,383.15
11894,S1c2[nH0][nH0]c([nH0]2NC1c1ccc(O)c(OC)c1)c1c[nH0]ccc1,489.15
18311,ClC=1C(=O)C(C#N)=C(C#N)C(=O)C=1Cl,487.65
23097,C1=CC=C2C=C3C=CC=CC3=CC2=C1,489.45
19811,O=C(CCCCCCCCCCCCCCCCC)OC(=O)CCCCCCCCCCCCCCCCC,345.15
20022,O=C(C)c1ccc(I)cc1,359.15
17650,O=C(CC)C1(CCN(C)CC1)c2cccc(O)c2,429.65
13612,O=C(C)Oc1ccc(cc1)C#N,330.15
1560,c1ccc2c(c1)cccc2c3nnc(o3)c4cccc5c4cccc5,450.15
11787,OC1CCC2C3CCC4CC(O)(C#C)CCC4(C)C3CCC21C,459.15
10326,S(Cc1ccccc1)C(SCc1ccccc1)=C(C#N)C(=O)N,377.15
7179,CCOC(=O)c1cccnc1,282.15
15349,O=C3[C@@H]1C[C@@H]2C[C@H]3C[C@H](C1)C2,543.15
15313,OCC(=O)[C@]45O[C@H](O[C@@H]5C[C@H]3[C@@H]2CCC1=CC(=O)C=C[C@]1(C)[C@H]2[C@@H](O)C[C@@]34C)CCC,499.65
13258,CC(C)(C)C(C)(C)CC,263.15
4109,Cc1c[nH]c2c1cccc2,369.15
21288,BrC1c2ccccc2CC1Br,305.15
514,c1ccc(cc1)C#Cc2ccc(cc2)C#Cc3ccccc3,450.15
894,CN1CC[C@H]([C@@H](C1)CO)c2ccc(cc2)F,369.15
8601,CCOC(=O)c1cc(cc(c1)C(=O)OCC)C(=O)OCC,407.15
16405,Clc1cc(Br)ccc1O,323.65
23431,O=S(=O)(c1ccc(N)cc1)NC(=O)C,455.15
899,C[C@@H](CC[C@H](C)O)O,326.15
207,CCCCCCCCCCCCCCCCCCCCO,337.15
22305,O=C(O)C1OC(OCC(Cl)(Cl)Cl)C(O)C(O)C1O,415.15
458,C([C@H]([C@@H](CS)O)O)S,315.15
2430,c1c(cc(c(c1[N+](=O)[O-])N)Cl)C(F)(F)F,338.15
13629,Clc1ccc(Cl)c(O)c1,330.15
3389,CC(=O)c1cc(cc(c1O)Br)Br,383.15
3911,c1cc(c(cc1CBr)F)C(F)(F)F,299.15
552,c1ccc(cc1)NC(=N)Nc2ccccc2,422.15
19528,S1CSSCSS1,333.65
6917,CCCCOCCCC,178.14999999999998
18440,O=C1C=Cc2cc3ccoc3cc2O1,436.65
1925,Cc1cccc(c1N)C(=O)O,449.15
17018,[O-][N+](=O)c2c(C)ccc1ccccc12,354.65
6082,C(CCC(=O)O)CCBr,307.15
22666,O=C4N(c1ccccc1)C(=O)[C@]5(Cl)CC(c2ccccc2)(c3ccccc3)[C@]45Cl,433.0
18279,Oc1ccccc1C(=O)OCC(C)C,279.04999999999995
21825,O=C(OCC#C)C(C)Oc1ccc(cc1)Oc2ncc(Cl)cc2F,332.65
105,CS(=O)(=O)n1c2ccccc2nn1,383.15
3041,Cc1ccccn1,203.15
16369,CCCCB(O)O,368.15
10361,O=C(OCC)NNC(=O)NCCC,368.15
18093,O=C(OCCc1ccccc1)Cc2ccccc2,299.65
89,CCCCCCCC#C,223.15
15525,Oc3ccc4C[C@H]1N(C)CC[C@@]2(CCCC[C@@H]12)c4c3,471.65
10433,Brc1cccc(c1)C(=O)c1ccc(OC)c(OC)c1,370.15
19558,FC1(F)N(C(F)(F)C(F)(F)OC1(F)F)C(F)(F)F,193.15
17301,COc1c(cc(cc1[N+]([O-])=O)[N+]([O-])=O)[N+]([O-])=O,342.15
14451,O=[N+]([O-])c1ccccc1CCO,275.15
18333,O=C3c1ccccc1C(=O)c2c3cccc2Cl,436.15
12236,O=COC1CCC2C3CCC4CC(=O)CCC4(C)C3CCC21C,398.15
14056,O=S(=O)c1ccccc1,397.15
6368,CC/C(=Cc1cccc(c1)[N+](=O)[O-])/C(=O)O,413.15
16385,OC(C#C)c1ccccc1,295.15
9127,Oc1ccc(N=Nc2ccc(cc2)CCCC)cc1,322.15
8905,OC(=O)Cc3nn(Cc2nc1cc(ccc1s2)C(F)(F)F)c(=O)c4ccccc34,470.15
2720,Cc1ccc(c(c1)C(=O)C)O,320.15
16019,OCC(COCC(CO)(CO)CO)(CO)CO,494.15
13621,CCCCCCCCCCl,234.15
8783,CC(C)(C)NCC(O)COc1cc(Cl)ccc1Cl,355.15
15822,O=C(O)C1(N)CCCC1,603.15
23285,O=C1N(C(=O)NC(=O)C1(CC)CC)C,423.65
19501,COc1cc(ccc1OCC)C=O,337.65
22886,Fc1c(F)c(F)c(F)c(F)c1[C@H]2O[C@@H]3C[C@@H](CC[C@]23OC(=O)C)C(C)(C)C,356.15
10640,O=C(Oc1ccc(OC)cc1)Nc1ccc(cc1)CCCCCCCC,406.15
9768,O=C(OCC)C=Cc1ccc(C=CC(=O)OCC)c(N)c1,451.15
13399,CCCCCCCCC#N,239.15
3762,c1cc(c(c(c1)Cl)F)C(=O)N,399.15
213,CC(CN(C)C)O,188.15
17162,ICCCCCCI,282.65
19880,COc1ccc(CCl)cc1,297.65
22112,O=C(C)Oc1ccccc1C(=O)OCC(=O)N(CCC)CCC,323.65
18427,ClC(Cl)C(c1ccc(CC)cc1)c2ccc(cc2)CC,329.15
8920,c1cc(C=O)c2CCOC(c2c1)=O,413.15
6154,Cc1ccc2c(c1)CCCN2,308.15
8357,c1ccc2c(c1)ccc(n2)C(=O)O,431.15
17773,CCOP(=S)(S)OCC,263.15
4167,CCC(=O)CC#N,302.15
20172,Oc1ccc2c3ccccc3Cc2c1,441.15
16967,O=C(O)CC(C)(C)c1ccccc1,333.15
23477,C1=CC=C(C=C1)C2=NC3=C(N=C(N=C3N=C2N)N)N,579.15
16500,CN(C)c2ccc(/N=N/c1ccccc1[N+]([O-])=O)cc2,437.15
5109,c1cc(c(cc1C(=O)N)C(F)(F)F)F,358.15
23233,C([C@@H]1[C@H]([C@@H]([C@H]([C@H](O1)O)O)O)O)O,423.65
22279,Cl[C@H]1[C@H](Cl)[C@@H](Cl)[C@H](Cl)[C@@H](Cl)[C@@H]1Cl,587.65
8712,C=CCC(=O)O,234.15
1763,COc1ccc(c(c1F)CBr)F,328.15
18259,S=C(Sc1ccc(cc1[N+]([O-])=O)[N+]([O-])=O)N(C)C,425.65
13547,CC(C)c1ccccc1Cl,199.15
11536,BrCCc1ccc(cc1)CCBr,346.15
15069,c1ccc2Sc3ccccc3Oc2c1,332.65
3224,c1cc2c(cc1CO)OCO2,326.15
526,c1cc2c(cc1S(=O)(=O)Cl)OCCO2,339.15
15251,Cc1c(O)c(C)c(C)c2OC(C)(CCc12)COc4ccc(CC3SC(=O)NC3=O)cc4,458.15
19330,CC1CCc2occ(C)c2C1,359.15
20857,O=C1CC(CN1C)C(O)=O,425.15
12091,Nc1ccccc1C1N=C2C=CC=CC2=C1,426.15
5655,Cc1c(c2cccnc2c3c1cccn3)C,541.15
8884,Nc1ccc(cc1)S(=O)(=O)c2ccc(NC(=O)CCC(O)=O)cc2,430.15
6059,c1cc2c(cc1N)C(=O)OC2,457.15
17343,CC(C)(C)[N+]([O-])=O,299.38
6342,CC(=O)CC(=O)OCC=C,188.15
20017,O=C1OC(=O)c3ccccc3c2ccccc12,490.15
13997,BrC(Br)Cl,251.15
17434,O=[N+]([O-])C(Br)([N+](=O)[O-])[N+]([O-])=O,290.65
8782,Clc1cccc(Cl)c1N=C2NCCN2,403.15
8711,CCC(=O)OC=C,193.15
3380,c1c(cc(cc1C(F)(F)F)C(F)(F)F)/C=C/C#N,355.15
3676,c1cc(c(cc1C(=O)O)Br)Cl,493.15
5776,c1c(cnc(c1Br)Cl)C(=O)O,445.15
22379,Clc1c(C#N)c(Cl)c(C#N)c(Cl)c1Cl,523.15
6573,B(C)(C)Br,144.14999999999998
21563,S=C2NC(=O)CN2c1ccccc1,433.15
1607,c1cc(c(cc1Cl)NN)Cl,377.15
19994,Fc1ccc(cc1)S(=O)(=O)CC,314.15
23218,C1=CC=C(C=C1)C2=NC(=C(S2)CC(=O)O)C3=CC=C(C=C3)Cl,434.15
23493,c1ccc2c(c1)Cc3ccccc3O2,373.65
15883,OC=2c1sccc1S(=O)(=O)N(C)C=2C(=O)Nc3ccccn3,484.15
17175,[O-][N+](=O)CCCC,191.82
8984,OC(=O)CN1CSC(=S)N(C1)Cc2ccccc2,425.15
19440,COC1=C(O)C(=O)C(C)=C(O)C1=O,475.65
15522,NNc2nncc1ccccc12,445.65
1980,c1ccc(c(c1)C(=O)c2cc(ccc2N)Cl)F,368.15
11425,O=C1c2ccccc2N=C1c1[nH0]cccc1,459.15
19982,ClC(Cl)(Cl)C(O)NC=O,393.15
17317,[O-][N+](=O)c2c3ccccc3cc1ccccc12,419.15
12155,Ic1cccc2cccc(I)c12,379.15
12857,CC(C)=O,178.14999999999998
7424,C(C(C(=O)O)S)C(=O)O,425.15
5626,c1cc(c(cc1N2CCOCC2)O)[N+](=O)[O-],417.15
1682,c1cc(c(c(c1)OCC(F)(F)F)C#N)OCC(F)(F)F,389.15
16133,Clc2ccc(NC(=O)c1cc(I)cc(I)c1OC(C)=O)cc2,488.65
20563,Cc2occc2C(=O)Nc1ccccc1,382.65
16335,O=C(NOCC(=O)O)c1ccccc1,413.15
6446,c1ccc(cc1)C(=O)OC(=O)c2ccccc2,315.15
20500,O=S(=O)(c1ccc(Cl)cc1)C2(CC2)C(=O)OC,388.65
988,Cc1ccc(c(c1)c2ccno2)O,449.15
15083,c1ccncn1,294.15
11645,FC(F)(F)C(F)(F)C(F)(F)C(F)(F)C(F)(F)C(F)(F)C(F)(F)C(F)(F)C(=O)Nc1ccc(C)cc1C,356.15
19280,O=C(CCCC)OCCCC,180.35
20162,Nc1cc(OC)ccc1Cl,300.15
11722,S=C1NC(C)=C(C(=O)OCCC)C(N1)c1ccccc1,442.15
3093,c1ccc(cc1)C(=Cc2ccco2)C=O,332.15
19539,FC1(F)C(F)(F)C(Cl)=C(Cl)C(F)(F)C1(F)F,203.15
13261,Oc1cc(Cl)ccc1,307.15
13998,Brc2cccc1ccccc12,272.15
18207,OC(=O)CN(CC(=O)O)CCO,451.15
17482,C[Si]1(C)O[Si](C)(C)O[Si](C)(C)O[Si](C)(C)O[Si](C)(C)O[Si](C)(C)O1,270.15
10396,Clc1ccc(OCC(=O)N2c3ccccc3SC2=O)cc1,416.15
2844,COc1ccc2ccccc2c1,345.15
9078,O=C1N(C)c2ccccc2C(O)=C1C1=NNC(=O)C1=NNc1ccc(C)cc1,491.15
3342,COc1ccc(cc1OC)CC(=O)O,370.15
16422,O=C(O)c2cc(Oc1ccccc1)ccc2,422.65
6540,c1cc(c(cc1S(=O)(=O)c2ccc(c(c2)[N+](=O)[O-])F)[N+](=O)[O-])F,467.15
14288,O=C(O)CCCCCCC/C=CC/C=CCCCCC,268.15
3356,Cc1c(c(sc1C#N)C#N)C,396.15
13025,CC(C)(C)OCC,179.14999999999998
11745,O=C(O)C1CCc2cc(OC)ccc2C1C,406.15
11801,O=C1N(CCCCCCCC)C(=O)c2cc3c(OC)c4cc5c(cc4c(OC)c3cc21)C(=O)N(CCCCCCCC)C5=O,511.15
14414,Fc1ccc(cc1)[N+](=O)[O-],294.15
7813,c1ccc(c(c1)C=NCCN=Cc2ccccc2O)O,403.15
23184,ClC(Cl)C(O)=O,283.15
21510,Fc1ccc(cc1)Oc2ccnc3cc(Cl)cc(Cl)c23,379.85
2428,Cc1cccc(c1C#N)Cl,354.15
21427,O=CC(/CCCCCC)=C/c1ccccc1,312.35
21730,NC(=O)CC(/C)=C/c1ccccc1,406.15
11939,S1c2ccccc2N2C1=C(C#N)c1cc([nH0]c(C)c1C2=O)C,560.15
21195,CC(O)(CCC)C1CC65C=CC1(OC)C2Oc4c(O)ccc3CC6N(C)CCC25c34,488.65
17070,CC(=O)C1CC1,204.85
4799,c1cc(ccc1CBr)Br,335.15
2353,c1cc(c(cc1[N+](=O)[O-])Cl)C(=O)N,443.15
16378,OC(=O)c1ccc(s1)C(O)=O,632.15
11383,O=C(N(Nc1ccccc1)c1ccc(cc1)c1ccc(N(Nc2ccccc2)C(=O)C)cc1)C,508.15
20953,Clc3ccccc3c1nnc(nn1)c2c(F)cccc2F,461.15
19136,[O-][N+](=O)c1cc(cc([N+]([O-])=O)c1N(CC(=C)C)CC)C(F)(F)F,328.65
9077,O=[N+]([O-])c1ccc(NN=C2C(=O)NN=C2C=2C(=O)N(C)c3ccccc3C=2O)cc1,573.15
8073,CNS(=O)(=O)Cc1ccc(cc1)[N+](=O)[O-],425.15
14859,O=C1CCC(=O)O1,392.65
17424,OC(=O)c1c(cccc1C(=O)O)C(=O)O,473.15
22946,C1(=CC=CC=C1)SCC2=C5C(=CC4=C2C3=CC=CC=C3OC4)CCCC5=O,364.15
7491,COC(=O)c1c(ccs1)n2cccc2,334.15
17649,CC(C)C12CCC(C)(CC1)O2,274.15
12771,Clc1ccc2NC(=O)C(O)N=C(c2c1)c1ccccc1,478.15
22660,O=C(N2c1ccccc1[C@@H](C2=O)[C@]4(O)c3ccccc3N(C4=O)C(=O)C)C,425.0
7059,CCOC(=O)c1ccc(c(c1)N)N,383.15
13507,Cc1c(C)cccc1[N+](=O)[O-],282.15
16661,Clc1ccc(NC(=O)C(=C)C)cc1Cl,401.15
5084,c1cc(c(cc1F)C(F)(F)F)S(=O)(=O)Cl,323.15
2382,COc1ccc(c(c1)C(=O)O)Cl,445.15
571,c1cc(cc(c1)I)I,309.15
1435,CCc1c(cc(c(c1Cl)O)[N+](=O)[O-])Cl,323.15
13281,CC(O)(CC)CCCC,190.15
9439,Brc1cc(Br)c(NN=C(C#N)c2[nH0]c3ccccc3[nH0]2C)c(Br)c1,454.15
21736,CC=CC1=CC=2OC(C)C(O)C(=O)C=2C(=O)O1,494.65
11718,S=C1NC(C)=C(C(=O)OCC(C)C)C(N1)c1ccccc1,426.15
14749,CCOc1ccc2nc(N)sc2c1,435.15
10706,O=C(OC)C1=Cc2ccccc2C1C,305.15
5445,c1c(cn[nH]1)[N+](=O)[O-],434.15
1007,CC(=C)C(=O)OCCN(C)C,243.15
4543,c1(c(c(c(c(c1F)F)N)F)F)C(=O)O,456.15
12987,CC=CC(C)CC,147.14999999999998
7009,C(CCC[C@@H]([C@@H](CCCCCCO)O)O)CCCC(=O)O,372.15
2064,c1ccc(cc1)C(=O)c2ccc3ccccc3c2,354.15
1136,c1ccc(c(c1)c2ccccc2O)O,382.15
9882,O=C(C=Cc1cccc(N)c1)c1ccccc1,432.15
21727,O=C(O)CC=Cc1ccccc1,360.15
10177,O=[N+]([O-])c1cc([N+](=O)[O-])cc(c1)C(=O)NCCc1[nH0][nH0](C)c2[nH0]c[nH0]c(N)c21,554.15
294,CC(C)(C)c1cc(cc(c1)Br)C(C)(C)C,337.15
16077,Oc1ccc(OCCCCCC)cc1,319.15
18787,Oc3ncnc2c3ncn2C1CCC(CO)O1,434.65
3998,c1ccc(cc1)C2CC(=CC(=O)C2)O,460.15
9766,O=C(Nc1cc(ccc1C=CC(=O)OC)C=CC(=O)OC)C,441.15
3741,Cc1cccc(c1)Br,233.15
11700,O=C1NC(C)=C(C(=O)OCCCC)C(N1)c1ccc2OCOc2c1,416.15
2719,Cc1ccc(c(c1)NC(=O)C)O,422.15
23214,O=C\1C(/O)=C(\O/C=C/1)CC,435.15
12713,O=C1NCC(=O)N1,494.15
14870,O=C(Oc1ccccc1)Oc2ccccc2,352.15
21534,OC3CC4CCC2C5(O)CCC(C1=CC(=O)OC1)C5(C)CC(O)C2C4(C)CC3,553.15
16370,ClC=1C(OC(=O)C=1Cl)OC2OC(=O)C(Cl)=C2Cl,415.15
2808,Cc1cc(c(c(c1)C)CCO)C,355.15
9017,ON=C1c2ccccc2N=C1c1ccccc1,533.15
16940,COP(=O)(OC)SCC(=O)NC,245.15
16106,O=C(O)CCC(C)c1ccccc1,286.15
21179,COc2ccsc2CN(c1c(C)cccc1C)C(=O)CCl,346.15
2469,CCOCCCl,213.15
3738,c1csc(c1Br)C#N,322.15
20670,c1ccc2OC(CCc2c1)c3ccccc3,319.45
13481,O=C(O)/C=C/c1ccccc1,406.15
18988,Cc1cccc(O)c1O,341.15
362,c1ccc2c(c1)C(=O)c3c(ccc(c3C2=O)O)N,481.15
6924,CCCCNCCCC,211.15
18088,CCCCN(CCCC)CCO,198.15
14688,Nc1cc(Cl)c(O)cc1,424.65
2139,Cc1ccc(c(c1)Br)NC(=O)C,391.15
19623,O=C2c1ccccc1C(=O)N2c3ccccc3,483.15
18767,Cc3cc2C(=O)c1cc(O)cc(O)c1C(=O)c2c(O)c3,530.15
7314,c1ccc2c(c1)c(c[nH]2)C=O,470.15
20695,O=C(C)c1cnc(C)cc1,290.75
1312,Cc1cccc(c1C)OC,302.15
20314,ClCC(Cl)F,213.15
6183,c1cc2c(cc1C(F)(F)F)NCCC2,305.15
11303,O=C1C(=CC=C2C(=O)C3(C)CCC2C3(C)C)C2CCC1(C)C2(C)C,513.15
1591,c1c(c(cc(c1Cl)[N+](=O)[O-])Cl)N,428.15
22798,N2=C(O[C@@H](c1ccccc1)[C@@H]2CO)c3ccccc3,459.5
18546,CC6C2C(CC3C4CC=C1CC(O)CCC1(C)C4CCC23C)OC56CCC(C)CN5,475.15
2396,c1cc(nc(c1C(=O)O)Cl)C(F)(F)F,392.15
16701,O=C(C)Nc1ccc(C)cc1C,402.45
14559,O=[N+]([O-])c1cc(cc([N+]([O-])=O)c1Cl)C(F)(F)F,330.15
9516,O=C1C=C(NNc2[nH0]c[nH0]c3[nH0]([nH0]cc32)C)C(=O)c2ccccc12,499.15
5233,c1ccc(cc1)Nc2ccc(cc2)O,342.15
22203,Oc1ccc2CC4[N@@](C)CC[C@@]35C(Oc1c23)[C@@H](O)C=C[C@@H]45,528.15
21452,CNC(=S)NCc1ccccc1,348.15
20420,Nc1cc(Br)c(C)cc1,299.15
8987,CC(CC(C(N)=O)(c1ccccc1)c2ccccn2)N(C)C,429.15
3020,c1ccc(cc1)c2ccc3c(c2)C(=O)c4ccccc4C3=O,435.15
9903,Clc1ccccc1C=C(C#N)c1scc([nH0]1)c1sccc1,375.15
8228,c1ccc2c(c1)cc(c3c2cccc3)C=O,375.15
9105,Clc1ccc(NN=C(C#N)c2sc(N=Nc3ccccc3)c([nH0]2)C)cc1,499.15
13913,CCCCCCCCCCCCC#C,273.15
5295,COc1ccc(c(c1)C(F)(F)F)C(=O)O,422.15
3972,CCCCC(=O)CC,236.15
21754,O=[N+]([O-])c1ccc(/C=C/C=O)o1,391.65
14663,Brc1cc(cc(Br)c1O)C3(OS(=O)(=O)c2ccccc23)c4cc(Br)c(O)c(Br)c4,477.15
4133,c1cc(cc(c1)[N+](=O)[O-])N,386.15
974,CCCc1cnc(nc1)c2ccc(cc2)CC,315.15
7291,c1ccc2c(c1)CC(=O)OC2=O,415.15
15585,C=C3C[C@@]1(CC)[C@@H](CC[C@@]1(O)C#C)[C@@H]4CCC2=CCCC[C@@H]2[C@@H]34,382.65
17338,O=[N+]([O-])C(CC)(CO)CO,330.65
9752,O=C1C(=CC(C=C2C(=O)C3(C)CCC2C3(C)C)(CC(=O)OCC)C(=O)OCC)C2CCC1(C)C2(C)C,378.15
13774,O=C(COC(C)=O)c1ccccc1,362.15
5016,c1cc(ccc1C#N)C(=O)N,500.15
17602,Oc1cc(O)c(C)cc1,379.15
10874,O=C1Cc2c1cc(C)c(OC)c2C,324.15
13239,CC(C)CC(C)C(C)C,145.14999999999998
18024,O=C(CCCCCCCC(=O)OCCCCCC)OCCCCCC,265.15
17674,Cc1cc(O)c(O)cc1,338.15
11873,S1c2[nH0][nH0]c([nH0]2NC1c1ccc(N(C)C)cc1)COc1ccccc1,417.15
17764,O=[N+]([O-])c1c(C)c(cc(C(C)C)c1O)[N+]([O-])=O,328.65
1933,Cc1ccc(cc1)c2csc(n2)N,410.15
4675,c1(c(c(c(c(c1F)F)Br)F)F)C(=O)O,417.15
10222,O=[N+]([O-])c1cc([N+](=O)[O-])cc(c1)C(=O)NCc1ccc(N(C)C)cc1,418.15
892,c1ccc(cc1)OCCCCBr,315.15
7287,CCCCCC(=O)Cl,186.15
21260,CC(=O)SC3CC1=CC(=O)CC(SC(C)=O)C1(C)C4CCC2(C)C(CCC2(C)O)C34,478.65
7906,c1ccc(cc1)CNCCO,243.15
14551,CC(N)(CO)CO,384.15
18850,CC(=O)Oc1ccc(cc1)C(c2ccc(OC(C)=O)cc2)c3ccccn3,406.65
7657,COC(=O)c1ccc2c(c1)cc[nH]2,398.15
10106,OC1CCC2(C)C(C1)CC1(OCCO1)C1C3CCC4(OCCO4)C3(C)CCC12,374.15
18297,O=C(OCCCC)COC(=O)c1ccccc1C(=O)OCCCC,238.15
11362,S=C(Cc1cccc(c1)CC(=S)C(=O)O)C(=O)O,358.15
13832,O=C(c1ccccc1)c2ccccc2,321.15
19120,O=C(Nc1ccccc1)C(C)Oc2ccc3ccccc3c2,401.15
726,CCCC(C(CO)O)O,339.15
7214,CCO[Si](CC)(OCC)OCC,195.15
8245,c1ccc(cc1)OP(=O)(N)N,456.15
18180,c1cccc2sc(nc12)SSN3CCOCC3,408.15
15876,CN(C)C(C)CN1c3ccccc3Sc2ccccc12,333.15
20229,O=C(c1ccccc1)C2CC2,265.25
14199,[2H]C([2H])(C([2H])([2H])C([2H])([2H])[2H])C([2H])([2H])C([2H])([2H])C([2H])([2H])C([2H])([2H])C([2H])([2H])C([2H])([2H])[2H],220.15
10745,[Si](C)(C)(C)C1=CC2(CCCCC2)CC1=O,329.15
17320,O=[N+]([O-])c1c(Cl)cccc1Cl,345.65
18649,OC(c1cc(O)ccc1)C(C)N,380.65
17208,S=C=Nc1ccc(C)cc1,298.65
7274,C(=O)(C(C(C(C(=O)O)(F)F)(F)F)(F)F)O,368.15
11593,O=C1c2cc3c([nH]c(c4ccccc4)c3OC(=O)C)cc2[N+]([O-])=C1c1ccccc1,519.15
1389,COc1cc(c(c(c1)OC)C=O)OC,394.15
3564,B(c1cccc(c1)C(=O)C)(O)O,476.15
9076,Clc1ccccc1NN=C1C(=O)NN=C1C=1C(=O)N(C)c2ccccc2C=1O,537.15
5429,CCCCCCCCCCc1ccc(cc1)N,297.15
23359,Cc1ccc(cc1)S(=O)(=O)O,377.65
16220,CCc1ccccc1N3C(C)=Nc2ccccc2C3=O,354.15
14899,CN(C)c1ccc(cc1)C(=O)OCC,336.65
15512,O=C4C(CCS(=O)c1ccccc1)C(=O)N(c2ccccc2)N4c3ccccc3,409.65
14561,CC(Cl)C(=O)O,260.15
1868,Cc1ccc(s1)C(=O)C,299.15
8202,Cc1ccc(cc1)C(C)C,205.15
806,c1cc(ccc1N2CCNCC2)F,305.15
4805,c1ccc(cc1)Oc2ccc(cc2)Br,291.15
22122,O=C(c1cc(Br)ccc1)N(NC(=O)c2ccccc2)C(C)(C)C,490.65
12260,O=C1OC(OC2OC(=O)c3ccccc32)c2ccccc21,495.15
22514,Cc1ccc(S)cc1,316.15
23447,C1=CC=NC(=C1)NS(=O)(=O)C2=CC=C(C=C2)N,463.15
10426,O=[N+]([O-])c1cc(OC)c(OC)cc1C(=O)c1ccc(C)cc1,383.15
9155,O=Nc1ccc2c(O)ccc(N=O)c2c1O,523.15
15152,N[C@@H]2CC2c1ccccc1,352.65
4494,COc1ccc(cc1)c2coc3cc(ccc3c2=O)OC,435.15
2632,c1cc(c(c(c1)F)CBr)C(F)(F)F,317.15
14286,O[C@H](c2ccnc1ccccc12)[C@@H]4C[C@@H]3CC[N@]4C[C@@H]3C=C,473.15
7832,CC(C)N(C(C)C)C(=O)c1ccccc1,343.15
20772,OC(C(O)C(O)CO)C(O)C(O)CO,461.15
14269,O=C3C[C@@H]4CC[C@@H]2[C@H](CC[C@@]1(C)[C@H]2CC[C@]1(C)O)[C@@]4(C)CC3=CO,452.15
145,CCCCCCCCCCCCI,270.15
2033,c1ccc(cc1)NC(=O)c2ccccc2N,405.15
1165,c1ccc(cc1)C(=O)c2c(c(c(c(c2F)F)F)F)F,311.15
11692,O=C1NC(C)=C(C(=O)OCCC)C(N1)c1ccccc1O,462.15
2050,c1cnc(cc1C(=O)N)N,531.15
20144,O=C(O)c2ccccc2Oc1ccccc1,386.15
10816,S(Cc1c(C)cc(C)cc1C)Cc1c(C)cc(C)cc1C,419.15
12676,O=C(Nc1ccc(OCC)cc1)CC(O)C,433.15
20819,OC(=O)C1CC=C(C)C1(C)C,313.65
3430,c1c(cc(cc1Cl)Cl)O,339.15
22046,O=C(C)Oc1ccccc1C(=O)OCC(=O)N(C)C,348.65
7069,CCOC(=O)/C=C(/C)N,305.15
4361,c1ccc(c(c1)c2ccc(cc2)C(F)(F)F)C(=O)O,442.15
10616,O=C1N(C(=O)C2C(=NOC12)C(=O)c1ccc(OC)cc1)c1ccc(cc1)C(=O)O,472.15
18155,Nc1ccc(cc1OC)[N+]([O-])=O,414.15
19895,O=C(CCN1CCCCC1)c2ccccc2,484.65
271,c1ccc2c(c1)cccc2Br,272.15
12984,CC=C(/C)CCC,144.14999999999998
8436,CC(C)(C)OC(=O)C=C,204.15
18416,ClC(Cl)F,138.14999999999998
12316,O=C1CCC(c2ccccc2)c2ccccc12,348.15
23232,C1=COC(=C1)CNC2=CC(=C(C=C2C(=O)O)S(=O)(=O)N)Cl,479.15
9005,s1c2ccccc2[nH0]c1C(C#N)=Cc1ccccc1OC,432.15
23109,CCC1(C(=O)NC(=O)NC1=O)CC,463.15
3810,Cc1ccc(cc1Cl)S(=O)(=O)N,410.15
13919,O=C(C)Oc1ccc(cc1)OC(C)=O,398.15
15775,N[C@H](c1ccccc1)C(=O)N[C@@H]3C(=O)N2C(=C(COC(C)=O)CS[C@@H]23)C(=O)O,510.15
9996,O=C(OC1CCC2(C)C(CCC3C4CCC(O)(CCC)C4(C)CCC32)C1)C,394.15
4346,CC(=O)c1ccc(cc1)C(F)(F)F,305.15
545,c1cc(cc(c1)CC#N)CC#N,307.15
19625,COc1ccc(cc1)C(=NCc2ccccc2)c3ccc(OC)cc3,363.15
8502,C(C(=O)O)(O)SC(C(=O)O)O,402.15
11713,S=C1NC(C)=C(C(=O)OC(C)C)C(N1)c1ccc([N+](=O)[O-])cc1,348.15
15229,Cc2oncc2C(=O)Nc1ccc(cc1)C(F)(F)F,438.65
9323,O=[N+]([O-])c1ccc(cc1)C=NNC(=O)N,490.15
13737,Oc1ccccc1Br,278.15
15520,[O-][N+](=O)c1ccc2c(c1)C(=NCC(=O)N2C)c3ccccc3F,439.65
7564,COC(=O)c1ccc(cc1)CS(=O)(=O)C,438.15
17304,CN(C)c2cccc1c2cccc1S(Cl)(=O)=O,343.15
15317,Clc1cc2C(=NCc3nnc(C)n3c2cc1)c4ccccc4,501.4
22472,n1cc(ccc1)C2CCCCN2,282.15
11779,O=C(OC1CCC2(C)C(CCC3C4CCC(=CC)C4(C)CCC32)C1)C,392.15
6640,CCCCCCCC/C=CCCCCCCCC(=O)O[C@H]1CC[C@@]2([C@H]3CC[C@]4([C@H]([C@@H]3CC=C2C1)CC[C@@H]4[C@H](C)CCCC(C)C)C)C,319.15
8230,CCOc1ccccc1,243.15
12651,O(C)c1ccc(cc1OC)Cc1c[nH0]c(N)[nH0]c1N,506.15
20662,O=S(=O)(NC(=O)Nc1nc(OC)cc(OC)n1)c2ncccc2C(F)(F)F,453.15
2983,c1ccc(c(c1)[N+](=O)[O-])O,319.15
16514,NCC1(C)CC(C)(C)CC(N)C1,283.15
13409,C1CCCCCCCCC1,283.15
2667,B(c1cccnc1F)(O)O,445.15
19607,n1cc(ccc1)c2cc(ccn2)c3cccnc3,420.65
9374,Clc1ccc(Cl)c(NN=C(C#N)c2[nH0]c3ccccc3[nH0]2C)c1,519.15
21776,COc2cc(ccc2C(=O)/C=C/c1ccc(OC)cc1)OC,370.15
614,CC(C)(C)c1cc(cc(c1)C(C)(C)C)C(C)(C)C,344.15
19945,Nc2cc(C)nn2c1ccccc1,389.15
17850,O=C(C)Nc1ncc(s1)[N+]([O-])=O,537.65
4497,C1COCCN1CCNC(=S)NN,439.15
19426,CCC(O)CCCCCCCCCC,305.15
18803,ClC(Cl)=C/C3C(C(=O)OC(C#N)c2cccc(Oc1ccccc1)c2)C3(C)C,357.15
21469,CCCCCCCCCCCCCC(=O)OCc1ccccc1,293.65
3294,c1cc(c(cc1O)Cl)Cl,339.15
6737,C(C[C@H](C(=O)O)N)CNC(=N)N,508.15
1500,COc1ccccc1/C=C/C(=O)c2ccc(cc2O)O,450.15
9018,s1cc([nH0]c1C(C#N)=Cc1ccc(O)cc1)c1ccc(OC)cc1,459.15
17905,O=[N+]([O-])c1cc(ccc1)C(Cl)=O,309.15
22471,ClCCSCCCl,286.65
15023,[O-][N+](=O)O,222.15
11122,O=[N+]([O-])c1ccc(cc1)C(=O)OCC1CC2(C)CCC1C2(C)C,373.15
4232,C1COCCN1CCO,275.15
8820,NS(=O)(=O)c2cc1c(NCNS1(=O)=O)cc2C(F)(F)F,545.15
4430,CC1(CCC(=O)CC1)C,315.15
12045,O=[N+]([O-])c1ccccc1c1oc(cc1)C=C(C(=O)C)C(=O)C,401.15
16774,O=C(O)C1CC1,291.65
23340,Cc1cc(C=O)c(C)n1c1cc(cc(c1)C(F)(F)F)C(F)(F)F,368.65
12182,CC1=CC(c2ccccc21)c1ccccc1,334.15
8592,C(=O)(C(Cl)(Cl)Cl)Cl,127.14999999999998
4806,c1cc2c(cc[nH]2)c(c1)Br,290.15
22272,CCCC(=O)c1c(C)c(c(C)cc1C)C2CC(O)=C(C(=O)C2)C(CC)=NOCC,353.95
13849,O=[N+]([O-])c1cccc([N+]([O-])=O)c1N,406.15
20377,FC(F)C(F)(F)OCC(Cn1cncn1)c2ccc(Cl)cc2Cl,279.15
11918,BrCC(OC(=O)C)C1OC(=O)C(OC)=C1OC,347.15
21771,O=C(C=C(/c1ccc(Cl)cc1)c2ccc(OC)c(OC)c2)N3CCOCC3,421.15
15896,Clc1ccc(NC(=O)N(C)C)cc1Cl,431.65
5319,COc1ccc(cc1)C(=O)c2ccc(cc2)[N+](=O)[O-],399.15
7119,CCOC(=O)c1c(snn1)N,397.15
2421,Cc1c(cccc1I)Cl,284.15
21988,O=S(N)(=O)c1ccc(cc1)S(=O)(=O)CCO,438.15
1750,c1cc(c(c(c1)Cl)O)Cl,340.15
11344,O=C(OCC)C(Nc1cccc(NC(C(=O)OCC)C(=O)OCC)c1)C(=O)OCC,352.15
19092,Clc2cc(ccc2Oc1ccc(cc1)[N+]([O-])=O)C(F)(F)F,341.15
12254,[nH0]1[nH0](CN(C[nH0]2[nH0]c(C)cc2C)c2ccc(N(C[nH0]3[nH0]c(C)cc3C)C[nH0]3[nH0]c(C)cc3C)cc2)c(C)cc1C,448.15
23170,O=C(O)CNc1ccc(O)cc1,519.15
338,CC(C)(C)OC(=O)N1CC(=O)C1,324.15
11855,S1c2[nH0][nH0]c([nH0]2NC1c1ccccc1)c1ccc(OCC)cc1,391.15
1341,c1c(c(cc(c1Cl)Cl)Cl)S(=O)(=O)Cl,342.15
22970,Oc1ccc(cc1OC)/C=N/c2ccccc2,413.15
3640,c1cc2c(c(c1)N)c(=O)[nH][nH]c2=O,601.15
16713,C#CC(C)O,270.15
21520,OC(=O)C2CCCN2C(=O)C(C)NC(CCc1ccccc1)C(=O)O,422.65
3004,CCCCCCCCCCCCCC(=O)C,312.15
6960,c1ccc(cc1)C#Cc2ccccc2,333.15
4090,Cc1cccc(c1)C(=O)C,264.15
16314,C[C@@H]1C[C@H](O)CCC1,267.65
18706,O=C5CC2C(CCC1CC(O)CCC12C)C6CC4OC3(CCC(C)CO3)C(C)C4C56C,539.65
20581,Clc2cc(Cl)cc(Cl)c2c1c(Cl)cccc1Cl,358.15
19933,CC(C)/C(=NO)C(C)C,307.15
9650,Fc1ccc(NN=C2C(=O)N(N=C2C(F)(F)F)c2ccccc2)cc1,459.15
8363,c1ccc2c(c1)ccc(n2)C=O,341.15
20587,OC(c1ccccc1Cl)(c2cncnc2)c3ccc(F)cc3,399.15
22712,O[C@H]2C=C([C@@H]1C[C@H]2C1(C)C)C,344.0
12418,Nc1[nH0]c[nH0]c2[nH0]([nH0]c(C)c21)C,463.15
13350,CCCOc1ccccc1,245.15
22319,BrC(Cl)C(=O)O,304.65
18023,CC(C)COC=C,161.14999999999998
9130,ClC1=C(Cl)C(=O)c2c(O)ccc(O)c2C1=O,471.15
60,CC(C)(C)N1CCNC1=O,410.15
1240,CC(C(C(=O)O)Br)Br,359.15
5136,c1cc(c(cc1C#N)[N+](=O)[O-])F,365.15
2343,B(c1ccc(cc1Cl)OC)(O)O,475.15
15048,CC(C)(C)c1cc(cc(c1O)C(C)(C)C)CCC(=O)OCCCCCCCCCCCCCCCCCC,325.65
2120,c1c(cc(c(c1Cl)N)Br)Cl,353.15
1524,COc1ccc(c(c1)OC)N=C=S,325.15
7617,Cc1cc(no1)C(=O)OC,365.15
153,c1cc(c(cc1[N+](=O)[O-])[N+](=O)[O-])I,362.15
14536,Clc1ccc2Oc3cc(Cl)ccc3Oc2c1,474.65
481,CCc1ccc(cc1)CC,230.15
6122,c1cc2c(cc1F)C(=O)CC2,331.15
12652,O=C(OCCO)NCc1ccccc1,313.15
12112,O=[N+]([O-])c1cccc(c1)c1oc(cc1)C=C1C(=O)OC(OC1=O)(C)C,452.15
15850,O=[N+]([O-])c1ccc(cc1)[C@@H](O)[C@@H](CO)NC(=O)C(Cl)Cl,424.15
1762,COc1ccc(c(c1F)C#N)F,345.15
15826,CN1CCN(CC1)/N=C/c3c2NC(=O)C(C)=CC=C[C@H](C)[C@H](O)[C@@H](C)[C@H](O)[C@H](C)[C@H](OC(C)=O)[C@H](C)[C@@H](OC)C=CO[C@@]5(C)Oc4c(C)c(O)c(c2O)c(c3O)c4C5=O,456.15
15507,OC1CCN(CC1)CCCN2c4ccccc4Sc3ccc(C#N)cc23,389.65
8942,CCC(C)C(C)(COC(N)=O)COC(N)=O,350.15
7715,C1COCCN1,268.15
21792,O=[N+]([O-])c2ccc(/C=C/c1cccc(CO)n1)o2,443.65
4853,c1cc(c(cc1Cl)F)S(=O)(=O)Cl,309.15
2711,c1cc(c(cc1OC(F)(F)F)C=O)O,305.15
20534,Oc1cc(O)ccc1CCC,355.65
17717,BrC(F)(F)C(Br)(Cl)F,323.15
11046,Oc1ccc(C)cc1C(O)c1ccc(C)cc1,371.15
6819,CCOC(=O)CCCCC(=O)OCC,253.15
21799,CC=CCCCCCCCCO,279.15
20234,O=C(CCCCCCCCCCCCCCCCC)OCCC,302.04999999999995
20508,O=S(=O)(c1ccc(cc1)[N+]([O-])=O)C2(CCCCC2)C(=O)OC(C)C,383.65
13081,CC(C)C1CCCC1,162.14999999999998
21874,COc2ccc(Cn1cncn1)cc2,314.65
11555,O=C1N(N(c2ccccc2N=Nc2ccccc2)C1(c1ccccc1)c1ccccc1)c1ccccc1,436.15
21172,CC(O)(CO)C(O)C21NC(=O)C(O)(NC1=O)C(=C)CCO2,461.15
19250,CC(=O)Oc2c1cc(Cl)ccc1c(OC(C)=O)c(OC)c2OC,364.65
17770,Clc1cc(Cl)ccc1OP(=S)(NC(C)C)OC,324.54999999999995
5941,c1c(c(=O)[nH]c(=O)[nH]1)I,548.15
3067,c1cc(sc1)CO,273.15
22402,Cc1ccc(F)cc1,217.15
3629,c1cc(cc(c1)N)C(=O)N,386.15
22874,O[C@H]3[C@@H]([C@]1([C@]2(O)[C@@]45O[C@@]1(O)C[C@](C)([C@@]23O)[C@@]5(O)CC[C@@H]([C@H]4O)C)C)C(C)C,579.15
3028,c1ccc(cc1)c2cc(ccc2O)O,374.15
2969,c1ccc(c(c1)C(=O)N)[N+](=O)[O-],449.15
11664,FC(F)(F)C(C(=O)Nc1ccc([N+](=O)[O-])cc1[N+](=O)[O-])C(F)(F)F,394.15
8646,CCCCP(CCCC)CCCC,208.15
15156,CN1C(=O)C(CC=C)(C(=O)N(C)C1=O)C(C)CC,382.15
22462,OCc1ccc(cc1)C(C)C,301.15
4263,CC(=O)c1ccc(cc1)OCc2ccc(cc2)[N+](=O)[O-],403.15
17029,O=[N+]([O-])c1ccc(cc1)C(=O)CC(=O)OCC,345.15
15646,O=C(NNCCC(=O)NCc1ccccc1)c2ccncc2,424.75
7992,CCCCOC(=O)c1ccc(cc1)O,342.15
18458,O=C3CCC4(C)C5CCC2(C)C(CCC2OC(=O)CCC1CCCC1)C5CCC4=C3,428.15
16725,Brc1ccc(NC(N)=O)cc1,499.15
8041,CCCCCCCCCCCCCCCCCCCCC,314.15
15988,S=P(Oc1ccccc1C(=O)OC(C)C)(NC(C)C)OCC,261.15
1622,c1cc(c(cc1F)C(=O)O)F,403.15
12875,C[C@H]1C[C@H]1C,132.14999999999998
7184,CCCCCCCCCCCCCCCC(=O)OCC,297.15
5475,c1cc(c(cc1[N+](=O)[O-])O)O,449.15
16458,CN(C)CCCN1c3ccccc3Sc2ccc(OC)cc12,319.15
8996,CS(=O)(=O)c1ccc(cc1)c3cn2ccccc2n3,515.15
11372,O=C(OC)NCCc1ccccc1NC(=O)C,380.15
8633,CC(C)(C)C(=O)CC#N,341.15
18435,O=C1C=C(C(=O)C(=C1N2CC2)N3CC3)N4CC4,435.9
18925,OC1CC(=CC(O)C1O)C(=O)O,459.15
17685,FCC(F)F,189.15
1304,COc1cccc(c1OC)C#N,319.15
8428,COc1cc(cc(c1O)OC)C(=O)O,480.15
4033,c1cc(cc(c1)I)CC(=O)O,403.15
2599,COc1ccc(c(c1)F)C(=O)O,469.15
12808,S1c2ccccc2N(CC(N(CC)CC)C)c2ccccc12,326.15
2573,CCSc1nnc(s1)S,394.15
3186,c1cc(cc(c1)O)C(F)(F)F,271.15
19152,Clc2cc3oc1c(ccc(Cl)c1Cl)c3c(Cl)c2Cl,479.15
4831,c1cc(ccc1C=O)C(=O)O,518.15
20607,FC(F)(F)c1nc(c(c(CC(C)C)c1C(=O)SC)C(=O)SC)C(F)F,338.15
16086,Clc1cc(I)c(Cl)cc1OP(=S)(OC)OC,345.65
2106,c1cc(c(nc1)Br)Cl,333.15
19063,O=S(=O)(c1ccccc1)c2cc(C)c(NS(=O)(=O)C(F)(F)F)cc2,416.15
15517,O=C2c1ccccc1C(=O)C2c3ccccc3,422.65
12880,C=CC(N)=O,357.15
17771,CN3CCc2cc5OCOc5c1c4c(O)c(OC)ccc4CC3c12,472.65
23121,C1=CC=C(C=C1)C2=CC=C(C=C2)C(C3=CC=CC=C3)N4C=CN=C4,415.15
22240,Oc4ccc(N=N/c3ccc(N=N/c1ccccc1)c2ccccc23)cc4,483.65
7083,CCOC(=O)c1c[nH]nc1C(F)(F)F,417.15
13192,Cc1ccc(CO)cc1,334.15
1279,COc1ccc(c(c1C(=O)O)F)F,401.15
13221,CCCCC1CCCC1,165.14999999999998
804,COc1ccc(cc1)c2ccc(cc2)S(=O)(=O)N3CCCC3C(=O)O,427.15
14596,Br[C@H]1O[C@H](COC(C)=O)[C@@H](OC(C)=O)[C@H](OC(C)=O)[C@H]1OC(C)=O,362.65
17939,Clc1cccc(Cl)c1C,298.95
20875,FB(F)c1ccccc1,236.95
11382,O=C(Nc1ccc(cc1)c1ccc(N=Nc2ccccc2)cc1)C,510.15
4566,Cc1nnc(n1N)C,471.15
23116,O=C(OCC)c1ccc(N)cc1,365.15
15358,OC=4Oc1ccccc1C(=O)C=4CC=2C(=O)c3ccccc3OC=2O,563.15
4841,Cc1cc(c(cc1Cl)C)N,365.15
19978,c1cccc2ccc(nc12)c3ccccc3,359.15
10112,O=C1CC2CC3(OCCO3)CCC2(C)C2CC(=O)C3(C)C(CCC3C(C)CCC(=O)O)C12,495.15
8705,COc1cc(ccc1O)C(=O)O,487.15
20561,Nc1ccc2CCCc2c1,310.65
17692,O=C(Cl)c1ccccc1F,277.15
13859,CC(=O)CCCCCCCCCC,294.15
9106,Clc1ccc(N=Nc2sc([nH0]c2C)C(C#N)=Cc2ccc(O)cc2)cc1,504.15
3452,c1c(cc(cc1F)F)C(=O)N,429.15
20079,OB(O)c1ccc(Cl)cc1,559.65
20626,COc2nc(NC(=O)NS(=O)(=O)c1ccccc1OCCOC)nc(OC)n2,403.15
2198,COc1ccccc1Br,276.15
16032,CCCCCCCCOC(=O)CCCCC(=O)OCCCCCCCC,203.15
4425,CN(C)C(=S)NN,418.15
6150,COc1ccc2cc[nH]c2c1,365.15
14289,O=P(C(=O)c1c(C)cc(C)cc1C)(c2ccccc2)c3ccccc3,363.15
17327,ClC(Cl)(Cl)C(=O)OC,255.65
822,Cc1ccc(cc1C)N2CCNCC2,336.15
15070,O=S(=O)(C=C)c1ccccc1,341.15
21389,COc1cc(ccc1OC)/C=C/C(=O)O,455.15
8356,CC(=O)C(OC)OC,216.15
22003,CN(C)C(=O)CCCOC(=O)c1ccccc1,313.65
20931,CCC(O)CCCCCCCCC,298.15
12175,BrCC(=O)c1ccc(cc1)C(=O)CBr,446.15
18922,CC1=CN(C(=O)NC1=O)C2CC(O)C(CO)O2,459.65
15149,C=COC(=O)CCCCCCCCCCCCCCCCC,309.15
9503,N#CC(=Cc1ccccc1C)c1[nH0]c2ccccc2[nH0]1C,543.15
21591,COc1ccc(cc1O)C3=CC(=O)c2c(cc(O)cc2O)O3,526.65
22938,CC1=CC(=C(C=C1C)C)C,352.15
22335,O=C(O)c1c(I)c(NCC(C)=O)c(I)c(NC(C)=O)c1I,554.65
13575,N#CCc1ccccc1CC#N,332.15
3054,C1CC(=O)NC1,297.15
20059,O=C(Cl)c1ccccc1O,292.15
7218,C[C@]12CC[C@H](C1)C(C2=O)(C)C,279.15
6722,C1CCC(=O)C1,222.15
3300,Cc1ccc(c(c1)Cl)Cl,258.15
19694,CC(C)(N)CC,168.14999999999998
8519,c1cscc1C=NO,395.15
16380,O=C(NCCCC)OCC(C)(COC(=O)N)CCC,323.15
10682,O(C)c1ccc(cc1)C1(N=NC(C)=C1)C,343.15
14295,[O-][N+](=O)/C=C/c1ccccc1,331.15
10998,O=C(OC)CCc1ccc(OC)c(O)c1,351.15
12600,Brc1cc(C)c(Br)cc1C,347.15
17216,Oc1cc(CC(=O)O)ccc1,405.15
11271,O=C1N(N=C(C)C1Cc1ccc(O)cc1)c1ccccc1,483.15
23263,[O-][N+](=O)O[C@H]1[C@H]2OC[C@H](O[N+]([O-])=O)[C@H]2OC1,343.15
19846,FC(F)(F)c1ccc(cc1)C(C)=O,304.15
7643,C[C@H](CCC(=O)OC)[C@H]1CC[C@@H]2[C@@]1([C@H](C[C@H]3[C@H]2[C@@H](C[C@H]4[C@@]3(CC[C@H](C4)O)C)O)O)C,429.15
16438,Oc3ccc4CC2C(C)C(C)(CCN2CC1CC1)c4c3,475.65
14422,O=C=Nc2cccc1ccccc12,277.15
19835,FC(F)(C(F)(F)CCO)C(F)(F)C(F)(F)C(F)(F)C(F)(F)C(F)(F)C(F)(F)F,320.15
10093,O=C1C=C2CCC3C(CCC4(C)C3(O)CCC4(O)C(=O)COC(=O)C)C2(C)CC1,509.15
1481,Cc1ccc(cc1Cl)Cl,260.15
4873,Cc1cc(ccc1N=C=O)Cl,311.15
13087,ClCCCCl,173.14999999999998
16002,FC(F)(F)CN2c1ccc(Cl)cc1C(=NCC2=O)c3ccccc3,438.15
8038,c1ccc(cc1)C(c2ccccc2)(c3ccccc3)SC[C@@H](C(=O)O)NC(=O)OCC4c5ccccc5-c6c4cccc6,444.15
12342,O=C1CC(C)(C)Cc2[nH0](C)ccc21,382.15
19719,Clc1ccnc2ccccc12,307.65
21310,O=C(O)c2cccn2CCc1cc(OC)c(OC)c(OC)c1,405.15
5797,c1cc(sc1C(=O)O)Br,413.15
11485,O=C(Nc1ccc(N=Nc2ccc(N)cc2)cc1)C,485.15
5232,c1ccc(cc1)C(=O)/C=C/c2ccc(cc2)O,457.15
21467,OCC(=O)[C@@]3(O)CCC2C1CCC4=CC(=O)CCC4(C)C1C(=O)CC23C,495.15
6645,c1ccc2c(c1)c(=O)c(co2)C(=O)O,474.15
15534,CN1CCN(CC1)c4c(F)cc2c3N(C=C(C2=O)C(=O)O)C(C)COc34,526.65
5490,c1cc(ccc1[N+](=O)[O-])OC(=O)Cl,352.15
768,CC(CCl)(CCl)CCl,291.15
18449,Clc1cc2nc(N)oc2cc1,457.65
7311,c1ccc2c(c1)c(c[nH]2)CC#N,309.15
23426,C1=CC=C(C(=C1)C(=O)O)O,432.15
20908,Cl[Si](Cl)(Cl)OCC,138.14999999999998
2717,COc1ccc(c(c1)C(=O)O)O,416.15
2079,B(c1ccccc1OCc2ccccc2)(O)O,371.15
951,c1cc(ccc1C(C(F)(F)F)(C(F)(F)F)O)N,423.15
2482,CN(C(=O)CCl)OC,313.15
9181,O=C1N(c2ccccc2)c2ccccc2C(O)=C1C(=NNC(=O)c1[nH0]cccc1)C,562.15
1759,c1cc(c(c(c1)Cl)C(=S)N)Cl,424.15
9984,O=C1C(=C)C2CC(OC(=O)C)C3C1(C2O)C1OC(=O)C32C(OC(=O)C)CCC(C)(C)C2C1,511.15
20806,OC1CCCCCCCCCCCCCC1,353.65
9916,Clc1ccccc1C=C(C#N)c1scc([nH0]1)c1ccc(OC)cc1,496.15
21566,OCC(=O)C4(OC(=O)CCCC)CCC3C2CCC1=CC(=O)CCC1(C)C2C(O)CC34C,491.65
20085,O=C(CCCCCCCCCCC(=O)OC)OC,305.04999999999995
4243,c1cc(cnc1)c2ccc(cc2)C=O,328.15
17072,C=COCCCCCCCCCC,232.15
19816,Cc2cccc1c2ccc(C)c1C,306.65
13395,O=[N+]([O-])c1ccc(N)cc1,423.15
4944,CC(C)(c1ccc(cc1)Cl)C(=O)O,400.15
17350,ClCF,140.14999999999998
5588,CCCCCCCCCC(=O)CCC,292.15
16241,CP(=S)(OCC)OCC,188.75
10395,[nH0]1c2ccccc2[nH0](c2ccccc2NCc2ccccc2)c1c1ccccc1,433.15
19097,CC4=C(CN1CCOC(C1C)c2ccccc2)C(=O)N(c3ccccc3)N4C,422.65
4757,c1cc(c(cc1O)Cl)Br,339.15
4380,c1cc2c(cc1C(c3ccc4c(c3)C(=O)OC4=O)(C(F)(F)F)C(F)(F)F)C(=O)OC2=O,519.15
13472,Cc1cc(C)cc(C)c1CC,257.15
19956,COc1cc3c(cc1OC)cc(CC)nc3Cc2ccccc2,351.65
12997,CC=CCCCC,164.14999999999998
5299,Cc1cc(ccc1C(=O)O)OC,452.15
1990,c1cc(ncc1Cl)N,410.15
12312,O=C1CC(C)(C)CC(=O)C1=NNc1ccccc1,421.15
12951,CC(O)C(C)O,298.15
17589,Oc1ccc(CCO)cc1,363.15
13490,O=C(N)c1ccc(C=O)cc1,348.15
4971,c1ccc(cc1)C(=O)/C=C/c2ccc(cc2)Cl,388.15
23182,C1=CC=C2C(=C1)C3=CC=CC=C3O2,355.15
13226,CCCCCCCC=C,192.15
6783,c1ccc(cc1)CSSCc2ccccc2,343.15
3600,c1ccc(cc1)c2c(c(n[nH]2)N)Br,387.15
23469,S1c3c(Sc2c1cccc2)cccc3,432.45
8070,CNCCCN,201.15
8577,C1COCCN1P(=O)(N2CCOCC2)N3CCOCC3,463.15
7973,CC(C)(C)OC(=O)N[C@@H](CCSC)C(=O)O,323.15
10314,O=C(O)COCCNC(=O)C12CC3CC(CC(C3)C2)C1,395.15
1625,c1cc(c(cc1F)C(C(=O)O)O)F,384.15
16920,Oc1ccc2CCCCc2c1,330.15
7970,CC(C)(C)OC(=O)N[C@@H](CC(=O)OCc1ccccc1)C(=O)O,384.15
13224,CC[C@H]1CCC[C@@H]1CC,178.14999999999998
4212,CC(c1ccc(cc1)C(=O)O)Br,429.15
6456,c1cc2c(cc1C(=O)O)scn2,521.15
19891,Oc1c(cccc1OC)C(=O)O,424.15
9524,Brc1[nH0][nH0]c([nH0]c1c1[nH0]c([nH0][nH0]c1Br)N(C)C)N(C)C,396.15
11694,O=C1NC(C)=C(C(=O)OCCC)C(N1)c1cccc(OC)c1OC,436.15
2708,Cc1cc(nc2c1cccc2)O,499.15
21415,Cc1cccc(c1)C(=O)N(NC(=O)c2ccccc2)C(C)(C)C,484.15
6514,c1ccc(cc1)c2ccccc2,344.15
4662,c1ccc(cc1)c2ccc(cc2)CO,374.15
20405,Oc1ccc(C)cc1CCCC,292.15
1854,CC(=O)Nc1ccccc1C(=O)O,459.15
3072,CCCCCCCCCC(=O)C,285.15
19256,Brc1ccc2Oc3ccccc3Oc2c1,363.15
19414,Oc1ccc(cc1)C(C)(CC)c2ccc(O)cc2,393.65
14755,O=C3c4ccccc4c2cccc1cccc3c12,443.15
1645,COc1ccc(c(c1)N=C=S)OC,309.15
3417,c1c(cc(c(c1Cl)O)Cl)S(=O)(=O)Cl,392.15
3476,CC(=O)c1cc(c(c(c1)OC)O)OC,392.15
22979,n1ccccc1CN,253.15
11053,O1C(=CC(C=C1c1ccccc1)=Cc1ccc(N(C)C)cc1)c1ccccc1,454.15
1792,CC(C)c1ccc2cc(ccc2c1)C(C)C,342.15
13718,ClCc1ccc(cc1)C(=O)O,474.15
15114,CC(C)c1ccc(C)cc1O,322.15
3797,c1cc(ccc1C(=O)CCCl)F,321.15
3368,COc1ccc(cc1O)[C@@H]2CC(=O)c3c(cc(cc3O2)O)O,503.15
11559,O=[N+]([O-])c1ccc2cc(OC)ccc2c1,407.15
7196,CCOC(=O)C(=S)N,336.15
23083,C1CC2=CC=CC3=C2C1=CC=C3,368.15
21493,Clc1cc(C)c(NC(=S)N(C)C)cc1,448.15
11641,Clc1cc(Cl)c(NC(=O)C(F)(F)C(F)(F)C(F)(F)C(F)(F)C(F)(F)C(F)(F)C(F)(F)C(F)(F)F)c(Cl)c1,388.15
8795,CCC3OC(=O)C(C)C(OC1CC(C)(OC)C(O)C(C)O1)C(C)C(OC2OC(C)CC(C2O)N(C)C)C(C)(O)CC(C)C(=O)C(C)C(O)C3(C)O,408.15
22692,O=C3CC[C@H]4[C@H]2[C@@H]([C@@]1(C(=CC(=O)CC1)C(=O)C2)C)CC[C@]34C,495.0
126,CN1C(=O)CC(=N1)C(F)(F)F,452.15
5959,COC1(CC2=C(C=C1)OCO2)C=O,402.15
20260,C#CCCCCCCCC#C,256.15
13635,Oc1cc(Cl)cc(Cl)c1,341.15
15343,O=C(O)C2=CN(c1cc(c(F)cc1C2=O)N3CCNCC3)C4CC4,529.15
4451,c1c(c(sc1C(=O)O)Br)Br,503.15
7147,CCOC(=O)c1nc2ccccc2s1,343.15
19915,CC(C)(Oc1ccccc1)C(=O)O,371.65
827,c1ccc2c(c1)ccc(c2N=Nc3nccs3)O,412.15
23072,BrCCCCCCCC(=O)O,311.65
17368,O=C1CCC(C)CC1,232.55
11473,N#CC(=Nc1ccccc1)C#N,360.15
7783,c1ccc(cc1)COC(=O)N[C@@H](Cc2c[nH]c3c2cccc3)C(=O)O,397.15
10380,[S-][P+]1(Sc2[nH0][nH0]c([nH0]2N1)C(F)(F)F)c1ccc(OC)cc1,484.15
23007,O1C=C(CCC1)C3C2=CC=CC=C2C(N3C)=O,368.65
2443,c1ccc(c(c1)N)Cl,270.15
10541,Clc1cc(Cl)c(N=Nc2c3N=C(C)C=C([nH0]3[nH0]c2N)C(F)(F)F)cc1Cl,502.15
16729,CCCCC#CCCCC,200.15
814,CC(c1ccc(cc1)Br)O,310.15
12999,CC(Cl)Cl,176.14999999999998
11397,O=[N+]([O-])c1cc([N+](=O)[O-])c(cc1CC(=O)Nc1ccccc1)CC(=O)Nc1ccccc1,540.15
22425,Cc1ccc(cc1)[Si](C)(c2ccc(C)cc2)c3ccc(C)cc3,365.15
23246,C1(=C(C(=C(C(=C1Cl)Cl)Cl)Cl)Cl)Cl,503.15
14153,CCCCCCCCCCCCCCCCCC#C,306.15
12298,O=C(Nc1ccccc1)C(=O)C,373.15
5779,c1c(cc(c2c1CCN2)[N+](=O)[O-])Br,404.15
2116,CCN(CC)c1ccc(cc1)C(=O)CBr,324.15
793,c1cc(ccc1[N+](=O)[O-])OCC(CO)O,369.15
10147,S1C(SC1=C(C#N)C(=O)OCC)=C(C#N)C(=O)OCC,434.15
6898,COC(=O)CC(=O)OC,211.15
2674,c1cc(oc1)C(=O)N,414.15
16478,O=C=NC1CCCCC1,193.15
15770,O=C(O)[C@@H](N)Cc2cc(I)c(Oc1cc(I)c(O)c(I)c1)c(I)c2,508.65
20609,CCc1ccc(cc1)C(=O)NN(C(=O)c2cc(C)cc(C)c2)C(C)(C)C,464.15
3756,c1cc(c(c(c1F)C(=O)O)F)Cl,400.15
2891,Cc1ccc(cc1O)[N+](=O)[O-],391.15
18755,O=C(Oc3cc4CCC2C(CCC1(C)C2CCC1O)c4cc3)c5ccccc5,469.15
14382,[O-][N+](=O)c3ccc(O)c2c3C(=O)c1c(ccc(O)c1C2=O)[N+]([O-])=O,498.15
20103,Brc1cc(CC(=O)O)ccc1,374.15
3228,c1c(c(c(cn1)Br)Br)Br,380.15
7863,c1ccc(cc1)Nc2ccc(cc2)Nc3ccccc3,420.15
6359,CC1=CCC(=O)O1,291.15
22578,BrCC(C)c1ccccc1,213.85
22412,Clc1cc(Br)ccc1Cl,298.15
13429,Cc1ccc(Cl)c(O)c1,320.15
11104,O=C(OC(COc1ccc(cc1)C=CC(=O)c1ccccc1)COc1ccc(cc1)C(=O)C=Cc1ccccc1)c1ccc(OC)cc1,347.15
18249,O=C1CCCCC1C2CCCCC2,241.15
13946,COc1cc(cc(OC)c1C=O)OC,393.15
4612,c1cc2c(nc1)nc[nH]2,421.15
19029,Clc1ccc(cc1)C(=O)c3cc(OC)c(OCCN2CCOCC2)c(OC)c3,364.65
2243,COc1ccccc1SBr,249.15
5373,Cc1c(nn(n1)c2ccccc2)C(=O)O,476.15
2336,c1cc(c(cc1F)Cl)CC(=O)O,377.15
17334,CC(=O)CBr,236.65
11260,N#Cc1cccc2c(N)cccc12,410.15
1120,c1cc(c(nc1)Cl)c2cccnc2Cl,392.15
10789,O1C(C)=CC(C)=CC1c1ccccc1,444.15
18588,O=S(=O)(/N=C1NC=CS1)c3ccc(NC(=O)c2ccccc2C(=O)O)cc3,546.15
419,c1cc2ccc3c(c2nc1)cccn3,352.15
922,c1ccc2cc(ccc2c1)CBr,326.15
9446,O=[N+]([O-])c1cc(C#N)ccc1C=Cc1ccc(cc1)C=Cc1ccc(C#N)cc1[N+](=O)[O-],623.15
5408,CC1CCNCC1,278.15
5788,c1c(cncc1Br)C(=O)O,457.15
22126,O=C(c1cc(I)ccc1)N(NC(=O)c2ccccc2)C(C)(C)C,528.65
15374,OC(=O)[C@@H]2N3C(=O)[C@@H](NC(=O)Cc1ccccc1)[C@H]3SC2(C)C,488.65
21951,Clc1ccc(cc1Cl)Cn2cncn2,319.65
17586,OC1CCCCCC1,275.15
22149,O=C(c1c(Cl)cccc1Cl)N(NC(=O)c2ccccc2)C(C)(C)C,471.65
8389,c1ccc(c(c1)C(=O)O)O,432.15
1970,c1cnccc1c2nnc(s2)N,518.15
11302,O=C1C(=C)C2CCC1(C)C2(C)C,318.15
4018,c1cc(cnc1)O,400.15
3687,c1cc(c(cc1C=O)Br)O,400.15
18381,CCCCOC(=O)CC(CC(=O)OCCCC)(OC(C)=O)C(=O)OCCCC,193.15
20417,N#CCN(CC#N)CC#N,399.15
12790,Oc1ccc(cc1)C(O)C(N1CCC(CC1)Cc1ccccc1)C,387.15
11246,BrC(C)C(Br)c1[nH0][nH0](c2ccccc2)c(O)[nH0]1,401.15
1248,c1cc(c(c(c1)Cl)Cl)C=O,336.15
2192,C(C(=O)N)Br,362.15
19096,O=C(O)c3nn(Cc1ccc(Cl)cc1Cl)c2ccccc23,480.15
9184,O=C1N(c2ccccc2)c2ccccc2C(O)=C1C(=Nc1c(O)ccc2ccccc21)C,492.15
18574,Clc1ccc(NC(=N)NC(=N)NC(C)C)cc1,402.15
4670,CC(=O)Nc1ccc(cc1OC(F)(F)F)Br,409.15
21526,CCCCC(=O)OCC(=O)C4(O)CC(OC1CC(NC(=O)C(F)(F)F)C(O)C(C)O1)c5c(O)c3C(=O)c2c(OC)cccc2C(=O)c3c(O)c5C4,408.65
5984,Cc1cc(cc(c1)C#N)C#N,437.15
6565,CC(C)(c1ccc(cc1)O)c2ccc(cc2)O,429.15
7804,C=CC(=O)NC(C(NC(=O)C=C)O)O,415.15
11954,FC(F)(F)C(C(=O)Nc1ccc(cc1)C(=O)OCC)C(F)(F)F,439.15
6943,c1ccc(c(c1)c2ccccc2C(=O)O)C(=O)O,502.15
9510,Clc1ccc(cc1)C=C(C#N)c1sc2ccccc2[nH0]1,423.15
10535,S1c2ccccc2N2C1=C(C(c1ccc(C)cc1)=C(C#N)C2=O)C(=O)N,472.15
18520,CCC(=O)OC2CCC1C3CCC4=CC(=O)CCC4(C)C3CCC12C,393.15
17449,O=C(CCCCCCCCCCCCCCCCC)OC(COC(=O)CCCCCCCCCCCCCCCCC)COC(=O)CCCCCCCCCCCCCCCCC,328.15
14060,BrCCCCCCCCCC,244.15
16984,Nc2cc3ccccc3c1ccccc12,411.45
20611,O=C(Nc1nc(cc(OC)n1)OC)NS(=O)(=O)N(C)S(C)(=O)=O,434.65
7577,COC(=O)c1cnccc1N,446.15
77,CCCCCO,194.15
19282,CCCCN(CCCC)c1ccccc1,240.95
15524,O=C(N)CC[C@H](N)C(=O)O,458.15
21204,Oc1ccc(CC(NC)C(=O)O)cc1,566.15
9064,O=C1N(C)c2ccccc2C(O)=C1C1=NNC(=O)C1=NNc1c[nH0]ccc1,503.15
8007,C1=CC(=O)N(C1=O)C(=O)N,432.15
21852,O=P(N(/N=C/c1ccc(cc1)[N+]([O-])=O)c2ccccc2)(N3CC3)N4CC4,422.65
5951,Cc1cc2cc(ccc2[nH]1)OC,360.15
11157,O=C(O)C(CCCc1ccccc1)c1ccccc1,351.15
3391,c1c(c(c(cn1)Br)C#N)Br,423.15
5415,Cc1cc(=O)oc2c1ccc(c2)O,462.15
18944,O=C(O)CCCCC1CCSS1,320.9
8162,Cc1cc(ccc1O)C2(c3ccccc3C(=O)O2)c4ccc(c(c4)C)O,497.15
19019,O=C(O)C(O)C(=O)O,430.15
5256,c1cc(ccc1S(=O)(=O)Cl)I,355.15
3530,CC(C)(C)c1cc(cc(c1O)C(C)(C)C)C(=O)O,481.15
8567,C/C=C/c1ccc(cc1)OC,295.15
1908,c1c(cnc(c1Br)N)C(F)(F)F,373.15
22655,O=C2[C@]1(CC[C@H]4[C@H]([C@@H]1CC2)CC[C@@H]3CC(=O)CC[C@@]34C)C,420.0
235,CCCCCCCl,179.14999999999998
12219,O1CCOC11CCC2(C)C(CCC3C4CCCC4(C)CCC32)C1,390.15
17988,CCCCCCCOC(C)=O,222.95
7984,CC(C)(C)OC(=O)N[C@H](COCc1ccccc1)C(=O)O,335.15
9310,Oc1ccc(NC=C(C#N)c2ccccc2)cc1,423.15
3490,COc1cc(cc(c1)OC)CC(=O)O,376.15
14231,O[C@H]1CCC[C@@H]1O,328.15
18378,O=[N+]([O-])OCC(CO[N+](=O)[O-])(CO[N+]([O-])=O)CO[N+]([O-])=O,413.65
19208,O=C(O)C(C)Oc1ccc(cc1)Oc2ncc(cc2Cl)C(F)(F)F,380.65
22684,O=C(O)CC[C@H]([C@H]1CC[C@@H]2[C@]1(C)CC[C@H]4[C@H]2CC[C@H]3CC(=O)CC[C@@]34C)C,462.0
10568,FC(F)(F)c1[nH0][nH0](c2OC(N)=C(C#N)C(c21)c1ccc(O)cc1)c1ccccc1,491.15
1342,c1c(c(cc(c1Cl)Cl)Cl)N=C=S,318.15
8512,c1cc(sc1)C(=O)OC(=O)c2cccs2,333.15
1619,c1cc(c(cc1F)N)F,287.15
5287,CC(C)c1ccc(cc1)CC(=O)O,325.15
18444,O=C(C)NC(CCSC)C(=O)O,378.65
7041,CCOC(=O)c1csc(n1)N,450.15
2219,CC(C)(C(=O)O)Br,317.15
9865,O=[N+]([O-])c1ccc(cc1)C=Cc1ccc([N+](=O)[O-])cc1,456.15
22422,CCCCCCCCCCCCCCCCCCOO,322.65
16644,ClC1(C(Cl)=C(Cl)C(Cl)=C1Cl)C2(Cl)C(Cl)=C(Cl)C(Cl)=C2Cl,395.15
22776,N(/Nc2c1ncccc1ccc2)=C(c3sccc3)C,433.0
12977,CC(C)(C)CC=C,136.14999999999998
20128,C(Cc1ccccn1)c2ccccc2,270.15
14594,[O-][N+](=O)c1ccco1,304.15
18410,ClC(F)(F)F,92.14999999999998
6988,CCCCCCCCCCCC#N,277.15
20618,ICC(O)CO,321.65
1917,c1cc(c(nc1)N)C#N,407.15
1828,CC(C)(C)c1cc(cc(c1O)C(C)(C)C)CN(C)C,364.15
9765,ClC=CSc1ccc2C(=O)c3ccccc3C(=O)c2c1N,453.15
12607,O=C(CC#N)c1ccccc1,356.15
12941,CC(C)(O)CC,265.15
6233,COc1ccc2c(=O)cc(oc2c1)c3ccccc3,383.15
22740,O=C4c1c(OC)c(OC)c(OC)cc1[C@H]3C=C[C@]4(OC)ON3c2ccccc2,387.5
6283,C=CCCCCCCCCO,260.15
4208,C=Cc1cccc(c1)C(=O)O,368.15
12819,O=C(Nc1ccc(OCC(O)CNC(C)(C)C)c(c1)C(=O)C)N(CC)CC,383.15
16608,CC1CCCC(C)(C)C1=O,241.35
9333,Sc1[nH0][nH0]c([nH0]1N=Cc1ccc(N(C)C)cc1)C(F)(F)F,473.15
6469,c1ccc(cc1)COC(=O)c2cn[nH]c2N,395.15
13746,Oc1ccc(Cl)cc1C(=O)O,444.15
15385,CN(C)Cc1nc(CSCCNC(=C[N+]([O-])=O)NC)cs1,476.15
13703,BrCc1ccccc1,271.15
10954,O=C(OC)[nH0]1c2ccccc2c(C)c1C,323.15
846,C1CN(CCN1)CCN,254.15
20673,CCCCCCC(O)C(=O)O,343.15
5560,Cc1ccncc1,276.15
13234,O=C1CCCCCCC1,313.15
14309,CC(C)(OOC(C)(C)c1ccccc1)c2ccccc2,313.15
18935,CCCCCCCCCCCCCCCC=O,308.15
13917,O=C(C)Oc1ccccc1OC(C)=O,337.15
117,CC1=CCCC1,131.14999999999998
8837,Cc3cc(CCN1CCN(CC1)c2cccc(Cl)c2)n[nH]3,379.15
22350,ClCC1CO1,215.95
14043,O=[N+]([O-])c1cc(CBr)ccc1,332.15
8659,c1ccc(cc1)C(c2ccccc2)(c3ccccc3)O,436.15
16389,Brc1cc(cc(Br)c1OCCO)C(C)(C)c2cc(Br)c(OCCO)c(Br)c2,380.15
5342,COc1cc(=O)oc2c1cccc2,397.15
9111,Clc1ccc(cc1)c1[nH0][nH0]2c(N=C(O)C=C2C(F)(F)F)c1,429.15
10787,Clc1cccc2CC(O)(C)c21,367.15
4324,CSc1ccc(cc1)O,359.15
17447,O=C(CCCCCCCCCCCCC)OC(COC(=O)CCCCCCCCCCCCC)COC(=O)CCCCCCCCCCCCC,329.65
2590,c1cc(c(cc1O)F)C=O,442.15
13046,NCc1ccccc1,283.15
20119,Nc1cc(ccc1)c2cc(N)ccc2,366.65
13918,O=C(O)c1cccc(c1)C(=O)OCC,382.15
10589,ClC=1C(=O)N2NC(=NC2=NC=1C)C(F)(F)F,488.15
19901,O=C1C=CC(=O)N1C,368.15
11613,O=[N+]([O-])c1cc([N+](=O)[O-])c(cc1c1[nH0]c2ccccc2[nH0]c1C)c1[nH0]c2ccccc2[nH0]c1C,512.15
6767,C=CCOC(=O)/C=CC(=O)OCC=C,226.15
5622,c1cc(ccc1CCCCC(=O)O)F,347.15
1605,c1cc(c(cc1Cl)O)Cl,330.15
18117,OS(=O)(=O)NC1CCCCC1,442.65
22748,O=C(O)CC[C@@H]1C(=O)[C@@H](CCC(=O)O)CC1,394.5
3812,Cc1ccc(cc1Cl)C(=O)O,472.15
14277,NNc1ccc(Cl)cc1[N+]([O-])=O,407.15
17260,[O-][N+](=O)c1ccc2ncccc2c1,426.65
10554,Clc1ccc(c(Cl)c1)C1c2ccc3ccccc3c2NC=2CC(C)(C)CC(=O)C=21,495.15
10167,[nH0]1c2[nH0]([nH0]cc2c(C)cc1C)c1ccccc1,339.15
1761,c1cc(c(c(c1O)F)C=O)F,385.15
15679,c2cc(CC1=NCCN1)ccc2,447.15
21785,CC(=O)C(C)=NO,349.95
19123,Fc1ccc(cc1Cl)N(C(=O)c2ccccc2)C(C)C(=O)OC,358.15
2472,C(CCl)P(=O)(O)O,343.15
15913,O=S(C)(=O)OCCCCOS(C)(=O)=O,389.15
6738,C1[C@H]2[C@@H]([C@@H](S1)CCCCC(=O)O)NC(=O)N2,503.15
15728,Ic1cc(C[C@H](N)C(=O)O)ccc1O,478.15
12199,O=C(C)c1c[nH0](C)c2ccccc21,380.15
7943,CC(C)(C)OC(=O)N[C@H](Cc1cccc(c1)F)C(=O)O,350.15
12910,CC=CC(C)C,132.14999999999998
14369,ClC2(Cl)C1(Cl)C(Cl)=C(Cl)C2(Cl)C(C1C(=O)O)C(=O)O,513.65
20590,Clc1ccc(cc1)CN(C(=O)Nc2ccccc2)C3CCCC3,403.15
6371,CC(C)C(c1ccccc1)C(=O)O,333.15
16616,CC(CCCCCCCCCCCCCCCCCC)c1ccccc1,302.15
8258,c1ccc(cc1)P(=O)(O)O,434.15
7561,COC(=O)c1ccc(cc1)CCl,313.15
9795,O=[N+]([O-])c1cc([N+](=O)[O-])c(cc1C=CC(=O)OCC)C=CC(=O)OCC,389.15
6168,Cc1cccc(n1)C(=O)O,402.15
11475,[nH0]1cc([nH0]c2ccccc12)c1cc(cc(c1)c1[nH0]c2ccccc2[nH0]c1)c1[nH0]c2ccccc2[nH0]c1,575.15
3596,c1ccc(cc1)N2CCC(=N2)N,442.15
6288,c1ccc2c(c1)-c3ccccc3C2=NN,425.15
4632,COc1cc(ccc1OCc2ccccc2)CO,345.15
15147,NC(N)=O,409.15
16509,CC(C)(C)c1ccc2ccccc2c1,269.15
6229,Cc1cc(=O)oc2c1ccc(c2)OC,434.15
17680,OCCN(C)CC(O)Cn2cnc1c2C(=O)N(C)C(=O)N1C,453.15
18360,Oc1cc(c(O)cc1C(C)(C)CC)C(C)(C)CC,453.15
22898,ClC1=CC=C(C=C1)\C=C\C(=O)C2=CC=C(C=C2)OC,360.15
10267,Clc1ccc(cc1)C(CC=O)=C(C#N)C#N,373.15
12772,[S+]([O-])(Cc1[nH0]cc(C)c(OC)c1C)c1[nH0]c2cc(OC)ccc2[nH]1,429.15
5750,c1c(cnc(c1[N+](=O)[O-])O)Br,520.15
8152,CC(=O)N[Si](C)(C)C,314.15
13503,OC(=O)c1ccccc1C=O,370.15
3086,Cc1c(c(no1)c2c(cccc2Cl)Cl)C(=O)O,496.15
1906,c1c(c(c(nc1F)N)F)C(F)(F)F,340.15
6882,COC(=O)c1cc(cc(c1)O)C(=O)OC,436.15
7673,CCCCCCCC(=O)OC,233.15
19729,Oc1cc(ccc1)c2cc(O)ccc2,397.95
8172,COc1cc(ccc1N)c2ccc(c(c2)OC)N,409.15
22839,O=C(OC)COC(=O)c2ccc1c(oc(c1O)C(=O)OC)c2,403.15
5870,c1cc(c(cc1Cl)C=O)O,374.15
19181,CN(C)C(=O)SCCCCOc1ccccc1,313.65
17302,OC(=O)c1cccc(C(=O)O)c1O,517.65
18030,BrC1CCCCC1,216.65
5122,COc1cc(ccc1F)C(=O)O,480.15
5126,B(c1ccc(c(c1)C)F)(O)O,483.15
13623,O=C(C)Oc1ccc(cc1)C=C,281.15
15034,c1ccccc1Nc2ccccc2,326.15
4621,c1ccc(cc1)Cc2ccc(cc2)N,310.15
6809,CCOC(=O)C(=Nn1c2ccccc2nn1)C(=O)OCC,373.15
16748,Clc1ccc(Cl)c2ccccc12,340.65
15745,S=C1NC(CCC)=CC(=O)N1,492.15
11479,N1=CC=NC(C1)c1ccc(cc1)C1N=CC=NC1,535.15
2125,CC(C)(C)c1cc(c(c(c1)Br)O)C(C)(C)C,330.15
8150,CCCCCCCCCCCCC,268.15
8717,Cc1c(c(c(c2c1O[C@](CC2)(C)CCC[C@H](C)CCC[C@H](C)CCCC(C)C)C)OC(=O)C)C,245.15
13013,C=CC(=O)OCC,202.15
55,CCCCCCCCCCCC=C,250.15
17022,CCN(CC)CCCl,483.65
302,COc1ccc2ccccc2c1Br,353.15
22195,CC(C)(C)OP(=O)O,465.15
17660,ClCCC(F)(F)F,166.64999999999998
14178,BrC(CCBr)CBr,255.15
13568,CCCCCCCC(C)CC,197.15
4432,CCCCCCCCCc1ccnc(c1)c2cc(ccn2)CCCCCCCCC,335.15
20028,OCCCc1ccncc1,310.15
20527,Clc1ccc(O)c(Cl)c1C,331.15
19262,NC(=O)NNc1ccccc1,445.15
12394,O=C1CCC2C3CCC4CC(O)(C#C)CCC4(C)C3CCC12C,511.15
10478,Clc1ccccc1N1C(=O)C2ON=C(C(=O)c3sccc3)C2C1=O,453.15
10453,[nH0]1cccc2ccc3ccc4ccc5ccc6ccccc6c5c4c3c12,543.15
5240,c1cc(ccc1CC(=O)O)O,422.15
22574,CCOc1ccccc1C=O,294.15
10488,Clc1ccc(cc1)c1[nH0][nH0]c(c2c1[nH0]oc2C)c1ccccc1,444.15
16282,CCCCCCCCCCCCCC1CCCCC1,291.65
14124,BrCCCCCCCCCCCC,263.15
10160,ClC1CCC2(C)C(=CCC3C4CCC(=O)C4(C)CCC32)C1,430.15
18977,N#CO,187.15
18777,O=C(N(CCCC)CCN(CCCC)C(=O)N1CCOCC1)N2CCOCC2,314.65
16907,O=C(O)CNC(=O)OCc1ccccc1,394.15
6376,c1ccc(cc1)/C=C(c2ccccc2)/C(=O)O,446.15
6981,C1[C@H]([C@@H]([C@@H]([C@H](O1)O)O)O)O,385.15
13716,Clc1ccc(CC(=O)O)cc1,376.15
3900,Cc1c(c(ccc1[N+](=O)[O-])F)C,314.15
23076,CC2(CC1=CC5=C(C(=C1C(C2)=O)C3=CC=CC=C3)C4=CC=CC=C4OC5)C,464.15
12891,OCCCO,246.15
21969,NS(=O)(=O)c1ccc(SCCCO)cc1,390.15
21508,CC(=O)C53OC(C)(OC5CC2C4CCC1=CC(=O)CCC1(C)C4CCC23C)c6ccccc6,423.65
11314,O=C1C(=CN(OC(=O)C)c2ccccc2)C2CCC1(C)C2(C)C,436.15
10161,O=[N+]([O-])c1ccccc1C(C#N)C(=O)OC,361.15
17055,O=P(c1ccccc1)(c2ccccc2)c3ccccc3,429.65
4188,c1ccc(cc1)CCC#N,271.15
666,c1cc(c(c(c1)Cl)Cl)[N+](=O)[O-],335.15
3266,CC(=O)Nc1ccc(cc1NC(=O)C)C(=O)O,499.15
18271,O=C1CCCN1C=C,286.65
8472,C1CCOC1,165.14999999999998
9911,O=[N+]([O-])c1cccc(c1)c1oc(cc1)C=CC(=O)c1ccccc1,420.15
12647,O=[N+]([O-])C1=CC=CNC1=O,505.15
22415,O=C(OCC)Cc1ccccc1,243.75
11637,FC(F)(F)C(F)(F)C(F)(F)C(F)(F)C(F)(F)C(F)(F)C(F)(F)C(F)(F)C(=O)NC1=CNC(=O)NC1=O,524.15
6090,c1cc2c(cc1Cl)N(C(=O)CO2)CCC#N,404.15
6238,c1cc2cn[nH]c2c(c1)[N+](=O)[O-],460.15
15183,Clc1ccc(NC(/N)=NC(N)=NC(C)C)cc1,402.15
7350,C1CNCCC1C(=O)N,422.15
17144,CCN(CC)C(N)=O,348.15
6254,c1cc2c(ccc(c2nc1)O)[N+](=O)[O-],453.15
18290,O=C(O)c2ccc1ccccc1c2O,468.15
12234,OC1CCC2(C)C3CCC4(C)C(CCC4C(C)CCCC(C)C)C3CC(O)C2(O)C1,510.15
12015,S1CCSC1=C(C(=O)C)C(=O)C,364.15
3818,COc1c(cc(cc1Cl)C#N)F,345.15
6269,c1ccc2c(c1)c(c3ccccc3c2Cl)Cl,486.15
4300,B(c1ccc(cc1)S(=O)(=O)CC)(O)O,410.15
5569,CC(=O)c1ccc(cc1)C(C)(C)C,291.15
14388,Cc4ccccc4/N=N/c3ccc(/N=N/c1c2ccccc2ccc1O)c(C)c3,472.15
7941,CC(C)(C)OC(=O)N[C@@H](Cc1ccc(cc1Cl)Cl)C(=O)O,408.15
4164,CCCCCC(=O)CC,250.15
22355,COc1ccccc1C=C,302.15
19963,Oc1ccc(Br)c2cccnc12,397.15
19216,Clc2cc(ccc2Oc1cc(C(=O)NS(C)(=O)=O)c(cc1)[N+]([O-])=O)C(F)(F)F,493.15
21833,ON=CC(C)(C)SC,294.15
19856,ClC(=O)CCCCCCCC,212.65
16521,CC1CC(C)C(C)C1,142.34999999999997
7043,CCOC(=O)Cc1ccccc1Br,310.15
4892,Cc1cc(cc(c1Cl)C)O,387.15
18564,O=C1C=CC(=CO1)C3CCC4(O)C5CCC2=CC(CCC2(C)C5CCC34C)OC6OC(C)C(O)C(O)C6O,494.15
10320,S(C)c1[nH0][nH0](c(N)c1C(=O)OCC)C(=O)NNc1ccccc1,478.15
19561,FC(F)(F)c1ccc(F)cc1,231.45
4854,c1cc(c(cc1Cl)F)C(=O)O,478.15
4637,c1ccc(cc1)COc2c(cnc(n2)N3CCCC3)Br,380.15
21499,OC(C=1C=C/C(C=1)=C(/c2ccccn2)c3ccccn3)(c4ccccn4)c5ccccn5,420.15
9550,S1C(=N)NC(=O)C1=NNc1cccc([N+](=O)[O-])c1,481.15
20645,CC(CC)(/N=N/C(C)(CC)C#N)C#N,323.15
17715,FC1(F)C(F)(F)C(Cl)(F)C1(Cl)F,248.95
10209,N1c2ccccc2C(c2ccccc2)C1c1ccccc1,446.15
6941,CC(=O)O[C@@H]1[C@H](C(=O)OC1=O)OC(=O)C,405.15
8017,CCCCCCCCCCCC,263.15
22625,O=C(O)C[C@@H]1C[C@H](C(=O)C)C1(C)C,341.0
9521,ClC(=NO)c1ccc(N(C)C)cc1,438.15
6949,c1ccc(cc1)OP(=O)(N)Oc2ccccc2,422.15
6881,COC(=O)c1cc(cc(c1)N)C(=O)OC,453.15
13051,OCc1ccccc1,258.15
15781,Oc3ccc(CC(NC(=O)c1ccccc1)C(=O)Nc2ccc(cc2)C(=O)O)cc3,514.15
20914,C(CCC1CCCCC1)C2CCCCC2,256.15
4673,c1cc(c(cc1Br)C(F)(F)F)O,357.15
12173,FC(F)(F)C(C(=O)NC(C)(C)C)C(F)(F)F,474.15
6996,C([C@H]([C@H]([C@@H]([C@H](CO)O)O)O)O)O,372.15
1252,c1cc(c(c(c1)Cl)Cl)S(=O)(=O)Cl,333.15
11470,O=C1Nc2cc(NC(=O)C)c(cc2CC1)CCC(=O)OC,518.15
15254,COc1ccc(cc1OC)CC5c6cc(OC)c(OC)cc6CC[N+]5(C)CCC(=O)OCCCCCOC(=O)CC[N+]3(C)CCc4cc(OC)c(OC)cc4C3Cc2ccc(OC)c(OC)c2,462.65
19758,Cc1ccc(cc1)Sc2ccc(C)cc2,330.45
19198,Clc3cc2c(oc1c2cc(Cl)c(Cl)c1Cl)c(Cl)c3,492.15
21103,CCCCCCC(c1ccccc1)c2ccccc2,287.15
10040,[Si](C)(C)(C)C1=C(Oc2c3ccccc3c3OC4CC(=O)OC4c3c2C1=O)CC(O[Si](C)(C)C(C)(C)C)C,463.15
4858,CC(=O)c1ccc(cc1O)Cl,302.15
8580,Cc1ccc(cc1)P(c2ccc(cc2)C)c3ccc(cc3)C,418.15
8427,COc1cc(cc(c1O)OC)C=O,385.15
17461,O=C(C)Nc1ccccc1[N+]([O-])=O,367.15
10176,O=C1C=CC(=O)C(NCC(OCC)OCC)=C1,343.15
4363,c1cncc(c1C(F)(F)F)C(=O)O,421.15
17154,c1ccccc1C(c2ccccc2)(c3ccccc3)c4ccccc4,555.15
10357,O=C1c2ccc(OC)cc2CC21CCC(CC2)c1ccc(cc1)C(C)(C)C,389.15
16633,COCCCNCC1COc2ccccc2O1,456.65
14489,Fc1cc(F)c(F)c(O)c1F,311.15
7239,c1ccoc1,188.15
14430,O=C1CCCN1C,250.15
3419,c1c(c(=O)c(c[nH]1)Cl)Cl,596.15
10015,O=C1C(=C)C2CC(OC(=O)C)C3C45CCCC(C)(COC4OC(=O)C)C5CC(OC(=O)C)C13C2OC(=O)C,497.15
23031,O=C(O)c1ccc(N)cc1,461.65
4976,CNC(=O)c1cc(ccn1)Cl,315.15
4544,c1(c(c(nc(c1F)F)F)F)N,359.15
21949,O=S(N)(=O)c1ccc(CCCO)cc1,368.65
17100,C1C=CCCN1,225.15
21164,NCCN1CCOCC1,298.75
12338,O=C1C=C2CC(OC(=O)C)CCC2(C)C2CCC3(C)C(=O)CCC3C12,455.15
2048,c1ccnc(c1)N,331.15
5997,CCCNc1ccc(cn1)[N+](=O)[O-],368.15
15444,OC(=O)c1cc(ccc1O)c2ccc(F)cc2F,488.65
13456,ClCC(Cl)CCl,258.15
20562,Oc1c(C=O)cccc1O,381.15
4809,c1cc(ccc1C(C(=O)O)O)Br,390.15
10916,O=C(OC1Cc2ccccc21)Cc1ccccc1,315.15
3636,c1c(cc(cc1C(=O)O)[N+](=O)[O-])C(=O)N,514.15
17844,CC(C)COC(=O)CCCCC(=O)OCC(C)C,253.15
15106,c1c4ccccc4cc3c1ccc2ccccc23,431.15
5989,Cc1cncnc1,303.15
9860,ClC(=Cc1ccc(cc1)C=C(Cl)c1ccc([N+](=O)[O-])cc1[N+](=O)[O-])c1ccc([N+](=O)[O-])cc1[N+](=O)[O-],518.15
18384,O=C1NC(=O)C(C)(C)N1,451.15
12763,OC(CCN1CCCCC1)(c1ccccc1)c1ccccc1,393.15
15158,Clc1cc(c(OC)cc1N)C(=O)NC3CCN(CCCOc2ccc(F)cc2)CC3OC,383.15
8175,CCOc1ccccc1N,269.15
404,C(CCCCN)CCCCN,311.15
384,C(CCCCCCCO)CCCCCCC(=O)O,359.15
8702,CCCCC#N,177.14999999999998
7266,CCCCCCC#N,209.15
10344,O=C(OC)c1[nH0][nH0](C)c(C)c1,366.15
18017,C=COC=C,172.14999999999998
20384,O=C(OCC)C(C(=O)OCC)C(=O)OCC,302.15
13772,O=C(C)Oc1ccc(cc1)C(C)=O,327.15
21168,CC(=O)C1CCC2C3CCC4CC(N)CCC4(C)C3CCC12C,399.15
6938,CCCSCCC,171.14999999999998
6970,CC(C)(C)OC(=O)/N=N/C(=O)OC(C)(C)C,364.15
20309,FC1(F)C(F)(C(F)(F)C(F)(C(F)(F)C1(F)F)C(F)(F)F)C(F)(F)F,203.15
4158,C=Cc1cccc(c1)[N+](=O)[O-],268.15
22917,CC1=CCCCC1,152.7
13550,C=CCCCCCCCCC,224.15
8415,C(CC#N)C#N,327.15
2193,CC(=O)Nc1ccccc1Br,372.15
1015,CCSCCO,173.14999999999998
5124,COc1cc(ccc1F)CO,322.15
19255,Brc1ccc2Oc3ccc(Br)cc3Oc2c1,418.15
9,c1ccc2c(c1)CCCC2=O,280.15
10136,BrC1C(=O)C2C3CCC(C(C)CCC(=O)O)C3(C)C(CC2C2(C)CCC(CC12)C(=O)O)C(=O)O,503.15
18222,CCN(Cc1ccccc1)c2ccccc2,308.15
4804,c1ccc(cc1)C(=O)COC(=O)/C=C/CBr,363.15
16639,Cc2ccc1ccccc1c2N,305.15
5713,c1cc(ncc1CN)Cl,303.15
12677,S(c1ccccc1NC(=O)c1ccccc1)C(=O)c1ccccc1,425.15
19708,O=C(CC(c1ccccc1)c2ccccc2)c3ccccc3,369.15
1581,c1cc(c(cc1Br)C(F)(F)F)Br,322.15
17308,c3cccc4cccc(c2cccc1ccccc12)c34,433.15
2779,CC(C)c1ccccc1NC(=O)C,346.15
22516,O=Cc1cc(Cl)ccc1Cl,331.15
13216,Oc1cccc(O)c1C,391.15
5320,CC(=O)Nc1ccc(cc1)OC,400.15
7312,c1ccc2c(c1)c(c[nH]2)CCCC(=O)O,396.15
14837,C12C3C4C1C5C2C3C45,398.65
6042,COc1ccc2c(c1)c(c3ccc(cc3n2)Cl)Cl,437.15
20159,CC(=O)CCCCCCCCCCCC,306.65
4835,c1cc(c(cc1Cl)C(F)(F)F)N,282.15
4964,c1cc(ccc1CO)Cl,343.15
539,C1CC(=O)NN=C1C(=O)O,470.15
7483,COc1ccc(c(c1)O)C(=O)OC,321.15
19129,[O-][N+](=O)OCCO[N+](=O)[O-],250.85
3719,B(c1cccc(c1)Br)(O)O,439.15
13659,OC(=O)c1cccc(c1)C(N)=O,553.15
9337,Clc1ccc(Cl)c(NN=C(C#N)c2scc([nH0]2)c2ccc(C)cc2)c1,461.15
20852,O=C1CCC(=O)N1I,477.15
667,c1cc(c(cc1F)Cl)Cl,272.15
21447,Fc1cc(F)cc(O)c1F,302.15
11023,Clc1cccc(c1Cl)C1NC(=O)NC(C)=C1C(=O)OCC,516.15
10975,o1[nH0]c2cc(OC)c(OC)cc2c1c1oc(C)cc1,419.15
1353,c1ccc(cc1)c2c(nc([nH]2)c3ccccc3)c4ccccc4,549.15
13323,Cc1ccc(CC)cc1C,206.15
7114,CCOC(=O)C(=O)c1ccc(cc1)[N+](=O)[O-],314.15
8662,c1ccc(cc1)P(c2ccccc2)c3ccccc3,353.15
19087,Clc1cc(c(cc1)C(=O)OC)[N+]([O-])=O,317.15
3330,COc1ccc(cc1OC)S(=O)(=O)Cl,341.15
8053,CCCCCCOC=O,210.15
11829,S1CN(C[nH0]2c1[nH0][nH0]c2c1cccc([N+](=O)[O-])c1)c1cccc([N+](=O)[O-])c1,513.15
9588,Clc1ccc(cc1)c1[nH0]c(sc1)C(C#N)=Cc1ccc(N(C)C)cc1,407.15
19968,ClCCN(CCCl)c1ccc(cc1)C=O,359.65
22862,O=C5N([C@@H](Sc1ccccc1)c2ccccc2)[C@H](c3ccccc3)[C@@H]5Oc4ccccc4,467.15
5645,c1cc(ncc1c2cc(cnc2)Br)Br,476.15
19760,CCOc1cccc(c1)[N+]([O-])=O,309.15
17640,c2c1c5ccccc5ccc1c4CCc3cccc2c34,447.15
6190,C(CCCN)CCC(=O)O,468.15
15761,OC(=O)c1ncccc1C(=O)O,501.65
11704,O=C1NC(C)=C(C(=O)OCCC)C(N1)c1ccccc1,449.15
13843,Clc1ccccc1/C=C/C(=O)O,481.15
21732,Oc1c(cccc1OC)C=CC,354.15
11003,O=C1C=CC2=CC(=O)C=CC(=C1)C2,395.15
20559,Oc1nc(O)ncc1C(=O)O,556.15
4910,CC(=O)c1ccc(c(c1)[N+](=O)[O-])Cl,371.15
1852,CC(=O)Nc1ccc(cn1)[N+](=O)[O-],473.15
22700,O=C6c3c(c1ccccc1c(c2ccccc2)c3)C(=O)C(c4ccccc4)(c5ccccc5)CN6C,538.0
12972,CCCCCC#N,193.15
23331,Cc1c(cnn1c1ccccc1)C(=O)O,440.65
2105,CC(C)(C)c1cc(cc(c1O)C(C)(C)C)C(=O)CBr,379.15
16517,FC(F)(F)C(Cl)F,74.14999999999998
13428,CCCCCCCC(C)=O,265.15
5029,c1cc(ccc1C2CCCCC2)N,327.15
17312,O=[N+]([O-])c1cc(c(C)c([N+]([O-])=O)c1O)[N+]([O-])=O,382.65
823,Cc1ccc(n1c2cc(cc(c2)Cl)Cl)C,352.15
1531,Cc1ccc(c(c1)C)C=O,264.15
1214,Cc1cc(c(c(c1C)S(=O)(=O)Cl)C)C,372.15
504,C=CC(=O)N1CCN(CC1)C(=O)C=C,366.15
14683,COc1cc(ccc1OC)CC=C,269.15
10188,Oc1[nH0]oc2[nH0]c3ccccc3[nH0]c21,596.15
6530,CCCCC(CC)COC(=O)c1ccccc1C(=O)OCC(CC)CCCC,218.15
19456,O=S(=O)(O)c1cc2cc(ccc2cc1)S(=O)(=O)O,472.15
10150,s1c([nH0][nH0]c1C(F)(F)F)NC(=O)Nc1ccccc1,423.15
9576,s1c2ccccc2[nH0]c1C=Cc1ccccc1[N+](=O)[O-],404.15
13116,CCC(=O)CCCC,234.15
3709,c1c(cc(cc1Br)I)C(=O)O,493.15
23014,COc1cc(ccc1)C(C)=O,265.15
21233,CC(=C)C2CCC(C)=CC2c1c(O)cc(CCCCC)cc1O,340.15
4748,COc1cc(c(c(c1)F)Br)F,301.15
20652,Clc1cc(cc(Cl)c1C)C=2C=CC(=O)NN=2,524.65
11714,S=C1NC(C)=C(C(=O)OC)C(N1)c1ccc([N+](=O)[O-])cc1,448.15
15485,CN(C)c1nc(nc(n1)N(C)C)N(C)C,446.15
23361,CC1=C2[C@@]([C@]([C@H]([C@@H]3[C@]4([C@H](OC4)C[C@@H]([C@]3(C(=O)[C@@H]2OC(=O)C)C)O)OC(=O)C)OC(=O)c5ccccc5)(C[C@@H]1OC(=O)[C@H](O)[C@@H](NC(=O)c6ccccc6)c7ccccc7)O)(C)C,489.65
20570,COC1CCC=CO1,289.15
5301,COc1ccc(c(c1)[N+](=O)[O-])N,400.15
19307,CCCCCCCOC(=O)CCCCCCC,262.54999999999995
6588,CCCC=NO,244.15
1810,CC(C)CC(=O)CC(C)C,231.15
19870,O[Si](c1ccccc1)(c2ccccc2)c3ccccc3,427.95
3141,Cc1ccc(cc1)C(=O)CCC(=O)O,399.15
1324,Cc1c(nc2ccccc2n1)C,378.15
4312,CS(=O)(=O)c1ccc(cc1)S(=O)(=O)Cl,434.15
7494,COC(=O)/C=C/c1cccs1,322.15
8691,c1ccc2c(c1)c(c[nH]2)CCO,331.15
22921,C=CCCCCCCC,190.0
9580,Clc1ccc(cc1)C=C(Oc1ccc(Cl)cc1Cl)c1sc2ccccc2[nH0]1,429.15
13807,O=[N+]([O-])c1ccccc1C(=O)OC,260.15
21925,Oc2cccc1nc3ccccc3nc12,431.15
22556,O=C(C)c1ccc(O)cc1C,401.15
17924,O=C(O)c2ccccc2SSc1ccccc1C(=O)O,561.65
19065,CCc1nc(OCC)cc(OP(=S)(OC)OC)n1,269.79999999999995
6313,CC(=O)NO,361.15
17575,CS(=O)(=O)CCCN=C=S,320.65
13964,OC(=O)c1ccc(cc1)c2ccccc2,500.15
21677,C(=Cc1ccccc1)c2ccccc2,268.15
1542,c1cc(c(cc1[N+](=O)[O-])[N+](=O)[O-])N,451.15
11493,[O-][N+](=Nc1ccccc1)c1ccc([N+]([O-])=Nc2ccccc2)c(C)c1,373.15
11516,O=[N+]([O-])c1cc2CCC(Nc2cc1CCC(=O)C)C,368.15
7056,CCOC(=O)/C=C/N(C)C,291.15
2539,CCOc1ccc2ccccc2c1C=O,385.15
17337,CCCS(=O)(=O)CCC,302.65
15368,O=C2N=CN=C1NNC=C12,623.15
6731,c1ccc(cc1)C(c2ccccc2)(C3CC3)O,358.15
4846,c1c(cc(c(c1Br)N)Br)Cl,366.15
6801,C(#N)NC(=N)N,483.15
4330,CCCCCCCCOc1ccc(cc1)O,353.15
8924,CC(C)(C(O)=O)c1ccc(cc1)C(O)CCCN2CCC(CC2)C(O)(c3ccccc3)c4ccccc4,415.15
5334,COc1ccc(cc1)C(=O)CC#N,401.15
9348,Clc1ccc(cc1)C=C1SC(=S)N(CN(CC)CC)C1=O,362.15
4729,COc1cc(ccc1CO)Br,341.15
11174,OCC1(C)CCC(C)C1(C)C,367.15
21689,[O-][N+](=O)c3ccc(N)c2c3C(=O)c1c(Cl)ccc(Cl)c1C2=O,580.15
21545,ClC(Cl)(Cl)C(=O)OC(C)(C)C,298.65
18540,Nc1ccc(cc1)S(=O)(=O)NC(=O)c2ccccc2,454.65
1062,c1ccc(c(c1)C(F)(F)F)S(=O)(=O)Cl,296.15
1167,C(c1c(c(c(c(c1F)F)F)F)F)Br,292.15
20020,Oc1ccc(Br)c(C)c1,336.65
7651,CCCCCCCC/C=C/CCCCCCCC(=O)OC,283.15
21972,NS(=O)(=O)c1cc2c(s1)C(O)CCS2=O,463.65
11130,O=C(O)C(=CN(O)c1ccccc1)c1ccccc1,348.15
4491,c1ccc(cc1)C2=c3c(=C(S2(=O)=O)c4ccccc4)oc(=O)o3,500.15
21364,O=C(OCC)c1cc2ccccc2o1,303.65
8335,c1ccnc(c1)C=O,252.15
5486,CC(=O)Oc1ccc(cc1)[N+](=O)[O-],351.15
21330,COc2cc3OC1c4ccc(O)cc4OCC1c3cc2,401.15
19166,O=C(Nc1c(C)cccc1C)CN(CC(=O)O)CC(=O)O,475.15
17101,O=C(OCCCCCCCCCCCCCCCCCC)CCSCCC(=O)OCCCCCCCCCCCCCCCCCC,339.15
2502,c1ccc2c(c1)ccc(n2)Cl,309.15
4360,c1cc(ccc1CBr)C(F)(F)F,304.15
4171,c1ccc(cc1)Oc2cccc(c2)C=O,286.15
23222,C1=CC=C2C(=C1)C3=CC=CC4=C3C2=CC=C4,381.15
16779,Clc1ccc(NC(=O)N(C)OC)cc1,354.65
13923,Brc1ccc(CC#N)cc1,321.15
14512,Fc1ccc(N)c(F)c1,265.65
7186,CCOC(=O)Cc1ccccc1,244.15
698,c1ccc(c(c1)S)S,296.15
20876,FC(F)(F)S(F)(F)(F)(F)F,186.15
17749,COc4cc5CCNC(CC1CC2c3cc(OC)c(OC)cc3CCN2CC1CC)c5cc4OC,347.15
22951,O=C4\C=C3/[C@]([C@H]2CC[C@]1([C@@H](CC[C@@]1(O)C)[C@@H]2CC3)C)(C)CC4,437.15
14191,CCC(CCCC)COC(=O)c1ccccc1C(=O)OCC(CC)CCCC,223.15
8787,Cc2cccc(Cc1c[nH]cn1)c2C,387.15
14397,NC(=S)NCC=C,344.15
12144,O=C(C)C1=Cc2ccccc2C1,395.15
13584,COc1ccc(N)cc1Cl,323.15
22301,CC2(O)CCC1C3CCC4Cc5nonc5CC4(C)C3CCC12C,425.65
21352,ClC=CC(=O)O,355.15
2914,Cc1ccccc1c2ccccc2,273.15
14552,Nc1cc(cc([N+]([O-])=O)c1O)[N+]([O-])=O,442.15
10518,s1cccc1C(=O)c1[nH0]oc2CC(C)(C)CC(=O)c21,404.15
5644,COc1cc2c(c(=O)cc(o2)c3ccccc3)c(c1OC)OC,439.15
20150,Cc1ccc2nc(C)cc(C)c2c1,341.15
3440,COc1c(cc(cc1F)F)C#N,308.15
12043,O=C1c2c(c(OC)ccc2OC)C1=O,464.15
7357,c1cc(cc(c1)C#N)C#N,434.15
2143,Cc1ccc(c(c1)Br)O,289.15
5104,c1cc(c(cc1F)[N+](=O)[O-])C(=O)O,422.15
5073,CCc1ccc(c(c1)O)O,312.15
17955,CC1(C)CC(C)CC(O)C1,328.95
20463,OCC(O)C1OC2OC(OC2C1O)C(Cl)(Cl)Cl,456.15
17506,Nc2ncnc(Nc1ccccc1)n2,508.65
16048,S=P(Oc1cc(C)c(cc1)[N+]([O-])=O)(OC)OC,276.54999999999995
19170,Nc1cc(c(cc1S(=O)(N)=O)S(N)(=O)=O)C(Cl)=C(/Cl)Cl,476.15
14527,Clc1cc(N)cc(Cl)c1N,398.15
2967,c1ccc(c(c1)C=O)[N+](=O)[O-],318.15
18888,O=C(C)Nc1ccc(cc1)CC(=O)O,446.15
5988,Cc1cc(cnc1)C(=O)O,486.15
11657,FC(F)(F)C(F)(F)C(F)(F)C(F)(F)C(F)(F)C(F)(F)C(F)(F)C(F)(F)C(=O)Nc1[nH0]cccc1,339.15
728,c1ccc2c(c1)CCCN2,287.15
7587,COC(=O)c1ccc(cc1)C#N,340.15
7543,COc1ccc(cc1F)C(=O)OC,344.15
412,c1ccc(cc1)CN2CCCNCCN(CCCNCC2)Cc3ccccc3,341.15
11338,O=[N+]([O-])c1cccc(OC(=O)c2ccccc2)c1,368.15
5745,c1cc(c(cc1Br)/C=C/C(=O)O)F,468.15
17209,O=C(C)OC1CCCCC1,208.15
3267,c1cc(c(cc1C(=O)NN)N)N,422.15
20358,CC(C(=O)O)(c1ccccc1)c2ccccc2,449.15
8808,Fc1ccccc1C3=NCC(=O)N(CC2CC2)c4ccc(Cl)cc34,391.15
417,CN(C)c1cccc2c1c(ccc2)N(C)C,322.15
11261,BrC(C1C(=O)N(N=C1c1ccc([N+](=O)[O-])cc1)c1ccccc1)C1(Br)C(=O)N(N=C1c1ccc([N+](=O)[O-])cc1)c1ccccc1,582.15
9817,O=C(Nc1cc2N(C(=O)c3ccccc3)C(Cc2cc1C=Cc1ccccc1)c1ccccc1)c1ccccc1,523.15
15305,Oc1ccc(cc1)[C@@H](N)C(=O)N[C@@H]3C(=O)N2C(=C(/C=C/C)CS[C@@H]23)C(=O)O,494.65
16281,CCCCCCCCCCCCCCCC1CCCCC1,302.15
2082,c1ccc(cc1)COc2ccccc2CC#N,350.15
12161,O(C)c1cc2CCNC(C)c2cc1OCc1ccccc1,364.15
3373,c1c(cc(cc1C(F)(F)F)S(=O)(=O)Cl)C(F)(F)F,309.15
5726,c1cc2c(cc1Br)CCC2=O,400.15
20491,O=C(SC)c1cccc2nnsc12,406.05
10636,O(CCCCC)c1ccc(N=Nc2ccc(cc2)CCCC)cc1,315.15
20764,OC1CC(O)C(O)C(O)C1O,509.15
17450,Clc1ccc(NC(=O)N(C)CCCC)cc1Cl,375.15
3913,B(c1ccc(c(c1)F)C=O)(O)O,513.15
13479,O=[N+]([O-])c1ccccc1C#N,382.15
5536,c1ccc(cc1)C(=O)c2ccc(cc2)Oc3ccccc3,337.15
8002,CCCCOC=C,160.14999999999998
5387,Cc1ccc(cc1[N+](=O)[O-])N=C=O,324.15
22116,O=C(c1ccccc1Cl)N(NC(=O)c2ccccc2)C(C)(C)C,434.65
2738,c1ccc2c(c1)c3ccc(cc3[nH]2)O,545.15
5052,CCOc1ccc(c(c1F)F)C(=O)O,475.15
4000,Cc1ccc2c(c1)c(=O)cc(o2)c3cccc(c3)O,478.15
2427,Cc1cccc(c1C(=O)O)Cl,377.15
11938,s1c2ccccc2[nH0]c1C(C#N)=C1CCCC1,508.15
6833,CCOC(=O)[C@H]([C@@H](C(=O)OCC)O)O,290.15
18071,Nc1ccc(CCCCCCCCCCCC)cc1,313.65
851,CN1CCC(CC1)N2CCNCC2,304.15
22687,O=C(N4C(=O)[C@@]2(O[C@H]3N(c1c(cccc1)[C@@]23OC(=O)C)C(=O)C)c5ccccc45)C,466.0
16347,CC(C)(CC(O)=O)CC(=O)O,376.65
5878,c1cc(ncc1C#N)C(F)(F)F,312.15
19223,O=C2C=CC1C(C)CC3OC(=O)C(=C)C3C(O)C12C,440.65
4611,CN1CCC(CC1)Nc2ccccc2,357.15
16364,CCCCCCCCCCCCCCCCCCCCC1CCCCC1,321.65
9540,O=[N+]([O-])c1ccccc1NN=C(C#N)C(=O)OCC,376.15
9207,O=C1C=2CC(O)C3C(C)(C)CCCC3(C)C=2C(=O)C(O)=C1C(C)C,461.15
9823,O=[N+]([O-])c1cc2[N+]([O-])=C(c3ccccc3)C(=O)c2cc1C=Cc1ccccc1,506.15
2489,c1ccc(c(c1)CC#N)Cl,296.15
11922,O=C1N(N(C)c2ccc3CCc4cc(OC)ccc4c3c21)c1ccccc1,435.15
7390,C(O)[C@H](O)[C@@H](O)[C@@H](O)CO,374.15
2849,COc1ccccc1CC(=O)O,397.15
14069,C1CCCCCCCCCCCCCCC1,334.15
5881,c1ccc(cc1)C2(C(=O)NC(=O)N2)C3CCC3,508.15
4452,c1c(c(sc1S(=O)(=O)Cl)Br)Br,350.15
22868,N#Cc4c(nc(c2c4nc(c1ccccc1)cc2c3ccccc3)N)N5CCCC5,509.15
2479,C1CC1NC(=O)CCl,355.15
23001,O=C(O)c1cc(O)ccc1O,472.65
10457,P(c1ccc2ccccc2c1)(c1ccc2ccccc2c1)c1ccc2ccccc2c1,501.15
11151,O=C(OC1CC(C)CCC1C(C)C)C(Cc1ccccc1)C(=O)C,341.15
13245,CC(C)(C)CCCCC,160.14999999999998
18525,CC1(C)CC(O)CC(C)(C)N1O,343.15
13296,N#CCCc1ccccc1,271.15
11310,BrC1=CC(=O)OC2=C1C1CCC2(C)C1(C)C,378.15
21572,COc1cc2C=CC(=O)Oc2c(O)c1O,504.15
9435,O=C(O)c1ccc(NN=C(C#N)c2[nH0]c3ccccc3[nH0]2C)cc1,473.15
19128,O=C(OCCCC)C3(O)c1ccccc1c2ccccc23,344.15
7253,CCCC(=O)OCC(COC(=O)CCC)OC(=O)CCC,198.15
13284,CC(=O)OCCC(C)C,195.15
3506,Cc1cc(cc(c1)S(=O)(=O)Cl)C,366.15
1679,CC(=O)CCC(=O)C,267.15
20633,COc1ccc(cc1O)CC2c3cc(OC)c(cc3CCN2C)OC,440.15
19531,Fc1cc(F)cc(F)c1[N+](=O)[O-],276.65
8130,CCCOC(=O)c1ccc(cc1)O,370.15
15125,CC(=O)CCCCCCCCCCC,297.15
16964,Clc2ccccc2NC(=O)c1ccccc1,372.15
9662,FC(F)(F)c1[nH0][nH0]2c([nH0]1)NC(c1ccc(OC)cc1)C(C#N)=C2N,485.15
20454,C(CCC1CCNCC1)C2CCNCC2,340.25
13500,COc1ccc(cc1)C(C)=O,311.15
3343,COc1ccc(cc1OC)CC(=O)NN,376.15
13184,NC(=O)c1ccccc1,402.15
16244,CC(C)OC(=O)CCCCC(=O)OC(C)C,272.04999999999995
12775,[S+]([O-])(CC(=O)N)C(c1ccccc1)c1ccccc1,437.15
20056,N#Cc1ccc2ccccc2n1,368.15
16943,O(B(Oc1ccccc1)Oc2ccccc2)c3ccccc3,372.65
5237,c1cc(ccc1O)OCC(=O)O,429.15
7805,CC(=O)N(CCN(C(=O)C)C(=O)C)C(=O)C,424.15
13407,ClC(=O)c1ccccc1,272.15
16896,CC(=O)NCCS,279.65
1081,C(C(Cl)(Cl)Cl)O,291.15
18048,O=S1(=O)CCOCC1,405.15
9204,O=C1N(c2ccccc2)c2ccccc2C=2NCCN=C(C)C=21,494.15
1931,c1cc(ccc1c2csc(n2)N)Br,457.15
1150,c1ccnc(c1)SSc2ccccn2,331.15
19222,CCC(CC)CCCC,158.24999999999997
5949,Cn1cc(c2c1ccc(c2)OC)C=O,408.15
8308,Cc1ccc(cc1)S(=O)(=O)F,314.15
14262,CN(C)[C@H]3C[C@@H](C)O[C@@H](O[C@@H]2[C@@H](C)[C@H](O[C@H]1C[C@@](C)(OC)[C@@H](O)[C@H](C)O1)[C@@H](C)C(=O)O[C@H](CC)[C@@](C)(O)[C@H](O)[C@@H](C)N(C)C[C@H](C)C[C@@]2(C)O)[C@@H]3O,387.15
5177,C1COCCN1C=O,295.15
14098,O=Cc1ccccc1I,310.15
17214,Oc1cc(ccc1OC)C=O,387.15
8311,Cc1ccc(cc1)S(=O)(=O)CC#N,423.15
21136,CC6C2C(CC3C4CCC1CC(O)CCC1(C)C4CCC23C)OC56CCC(C)CN5,483.65
23176,O(c1ccc3c(c1)[C@@]24[C@@H]([C@H](N(CC2)C)C3)CCCC4)C,383.15
23429,CCC(C)(C)C(=O)O[C@H]1C[C@H](C=C2[C@H]1[C@H]([C@H](C=C2)C)CC[C@@H]3C[C@H](CC(=O)O3)O)C,409.15
17019,Cc1ccc2nc(C)ccc2c1,333.15
4465,c1c(c(cc(c1F)F)[N+](=O)[O-])C(=O)O,438.15
6799,c1ccc(cc1)P(Cl)Cl,222.15
7987,CC(C)(C)OC(=O)NCC#C,315.15
7079,CCOC(=O)c1cccc(c1)[N+](=O)[O-],315.15
6966,c1ccc(cc1)P(=O)(c2ccccc2)O,468.15
15202,OC(=O)[C@@H]2CCCN2C(=O)[C@H](C)N[C@H](CCc1ccccc1)C(=O)OCC,416.9
4142,c1cc(cc(c1)[N+](=O)[O-])C(=O)Cl,306.15
876,CNCC(OC)OC,200.15
21253,O=C(O)CC#CCCCCC,290.15
21699,CC(C)C(CC)/C=C/C(C)C1CCC2C3CC=C4CC(O)CCC4(C)C3CCC12C,443.15
21606,COc1cc(ccc1OC)/C=C/C(=O)Nc2ccccc2C(=O)O,485.15
16388,CCSc1nc(nc(NC(C)C)n1)NC(C)C,378.15
15979,CS(=O)(=O)Oc1cc2c(cc1)OC(OCC)C2(C)C,344.15
3051,c1ccnc(c1)CC#N,297.15
22075,Cc1cc(cc(C)c1)O[Si]23OCCN(CCO2)CCO3,492.65
19508,N#C/C(C#N)=COCC,339.15
14599,O=C(O)C(=O)CC(=O)O,434.15
15328,OC(c1ccccc1)(c2ccccc2)C(=O)OC4C[N+]3(C)CCC4CC3,513.65
2491,CC(=C)Cl,135.14999999999998
15338,O=C1C=C(CO1)C2CC[C@@]8(O)[C@]2(C)[C@H](O)C[C@H]4[C@H]8CC[C@@H]3C[C@H](CC[C@@]34C)O[C@@H]7O[C@H](C)[C@@H](O[C@H]6C[C@H](O)[C@H](O[C@H]5C[C@H](O)[C@H](O)[C@@H](C)O5)[C@@H](C)O6)[C@@H](O)C7,522.15
20238,Oc2ccc(Br)cc2C(=O)Nc1ccc(Cl)cc1,513.65
4777,CC(=O)c1ccc(c(c1)[N+](=O)[O-])Br,392.15
9907,Brc1ccc(cc1)c1oc(cc1)C=CC(=O)c1ccccc1,402.15
22841,O=C1CC[C@@H]2[C@]1(C)CC[C@@H]3[C@@]4([C@H](CC[C@@H]23)[C@H]5O[C@H]5CC4)C,409.15
22677,O=C(Nc2ccc(cc2C(=O)c1ccccc1)C(=O)C)c3ccccc3,450.0
17532,O=[N+]([O-])c1cc(ccc1[N+]([O-])=O)C(=O)O,439.15
16958,C=CC(O)C(O)C=C,288.15
20153,Cc2ccc(/N=C/c1ccccc1)cc2,308.15
20530,CCC(=O)CCCCCCCCCCCCCCC,324.15
853,C[Si](C)(C)CC(=O)O,314.15
10966,O=C1OC(O)c2c1c(C)ccc2C,431.15
22303,O=C4c3ccc(OC2OC(COC1OCC(O)C(O)C1O)C(O)C(O)C2O)c(O)c3C(=O)c5ccccc45,533.15
13121,CC1(O)CCCCC1,299.15
13403,ClCCCCCCl,200.15
22998,O=Cc1c(OC)cc(OC)cc1OC,393.15
22386,NCCCCCN,282.15
10893,O=C1c2ccccc2CC(C(=O)OC)C1C(=O)OC,361.15
4495,Cc1ccnc2c1ccc3c2nccc3C,467.15
8173,CCCCCCCC/C=CCCCCCCCC(=O)O,287.15
6655,C[C@@H]1CNC[C@@H](N1)C,383.15
12039,O=C1OC(=Cc2ccccc12)c1ccccc1C,359.15
2368,c1cc(ncc1C(F)(F)F)Cl,304.15
4780,c1cc(ccc1C(=O)CCCCl)Br,310.15
12323,S=C(N1CCCCC1)c1ccccc1OC,358.15
19334,Cc1ccc(cc1)C(C)=C,253.15
22009,O=S(N)(=O)c1ccc(CCCOC(C)=O)cc1,360.65
8716,C[C@H](CCCC(C)C)[C@H]1CC[C@@H]2[C@@]1(CCC/C2=CC=C/3C[C@H](CCC3=C)O)C,358.15
10647,O=C(Nc1ccc(cc1)CCCCCCC)c1ccc(cc1)CC,375.15
18225,Oc1cc2ccccc2cc1O,435.15
5986,Cc1c(cno1)C(=O)O,420.15
16921,O=C(O)C1CCC1C(O)=O,404.15
19190,Cc2nc(NC(=O)NS(=O)(=O)c1ccccc1Cl)nc(OC)n2,449.15
5801,COc1cc(cc(c1O)Br)C=O,437.15
21980,O=C(O)CCC(C)n1nc2ccccc2n1,346.15
7206,C(CSC#N)SC#N,363.15
7343,CC(C)C#N,201.15
12533,O=C(OCC)C1N=C(C)C(=C1C)C(=O)OCC,410.15
7560,COC(=O)c1ccc(cc1)CBr,329.15
8096,CCCCCCCCCCCCCCCCCC,301.15
784,C1CCN(C1)C(=O)CC#N,346.15
12249,OC1CCC2(C)C(CCC3C4CCCC4(C)CCC32)C1,421.15
1409,CCC(C)(C)c1ccc(c(c1)C(C)(C)CC)OCC(=O)O,399.15
10729,ClC1Cc2cc3OCOc3cc21,328.15
16538,Cc1cccc(N)c1N,336.65
3009,c1ccc(cc1)Oc2ccccc2N,320.15
18070,Cc1ccc(CBr)cc1,308.15
11093,O=C1Nc2ccccc2C1(c1oc(C)cc1)c1oc(C)cc1,489.15
4014,c1ccc(cc1)c2c(c(=O)c3ccccc3o2)O,443.15
7455,Cc1cc(cc(c1C(=O)OC)OC)OC,322.15
12913,CCC=C/CC,135.14999999999998
3863,c1cc(cc(c1)C#N)C=O,350.15
19117,CCc1ccc2cc3ccccc3cc2c1,425.15
1895,c1cc(c(c(c1)C(F)(F)F)N)C(=O)O,428.15
5442,CCCCCCOc1ccc(cc1)C(=O)O,377.15
569,CC(C)c1cccc(c1)C(C)C,210.15
23093,C=CCOC1=C(C=C(C=C1)CC(=O)O)Cl,365.15
22238,OCC32CC5CC4CC(C3N(C)c1ccccc12)N5C(O)C4CC,479.15
1816,Cc1cccc(c1C(=O)O)C,389.15
19778,BrCc1cccc(CBr)c1,350.15
19711,O=C(Nc2cccc1ccccc12)Nc4cccc3ccccc34,569.15
23473,O=C(O)[C@H]1CC[C@@H](CC1)C(O)=O,581.15
6102,c1cc2c(cc1Cl)c(cc(n2)C(F)(F)F)O,552.15
2975,c1ccc(c(c1)C(=O)O)[N+](=O)[O-],421.15
17364,CC(C)(C)/N=C=S,283.65
10492,O=[N+]([O-])c1cccc(N2C(=O)C3N(N=C(C(=O)c4ccc(C)cc4)C3C2=O)c2ccccc2)c1,449.15
190,Cc1cc(c(c(c1)F)[N+](=O)[O-])C,329.15
21472,O=C(O)CN=C(/S)C(=S)NCC(=O)O,493.65
699,c1c(cc(c(c1Cl)Cl)I)Cl,325.15
23221,c1ccc-2c(c1)-c3cccc4c3c2ccc4,381.15
16990,O=[N+]([O-])c1cc(ccc1Cl)C#N,372.15
12468,OCC(O)C[nH0]1c[nH0]c2c1[nH0]c[nH0]c2N,476.15
301,CC(C)CBr,155.14999999999998
3420,c1c(cc(cc1Cl)Cl)N,324.15
18711,O=S(=O)(Nc1nnc(s1)C(C)(C)C)c2ccccc2,436.15
1060,B(c1ccccc1C(F)(F)F)(O)O,382.15
14434,O=[N+]([O-])c1ccc(cc1)C(F)(F)F,312.15
10757,O=[N+]([O-])c1cccc([N+](=O)[O-])c1COC(=O)Nc1ccccc1,411.15
3444,COc1c(cc(cc1F)N)F,352.15
17453,O=C1C=CC(=O)C(C)=C1,342.15
10716,N#CC1(C#N)C=C(c2ccccc21)c1ccccc1,408.15
18589,CCOP(=S)(OCC)SCN1c2ccc(Cl)cc2OC1=O,320.9
8208,CCCCCCCCCCCCCCC(=O)O,326.15
7679,CCC(=O)OC,185.15
11312,O1COc2cc(N3N=N3)ccc12,402.15
4642,B(c1ccc(cc1)OCc2ccccc2)(O)O,469.15
12946,CC(S)CC,133.14999999999998
9007,O=[N+]([O-])c1ccc(NN=C(C)c2ccccc2O)c([N+](=O)[O-])c1,532.15
7996,CCCCOC(=O)CCC,181.15
5600,c1ccc(c(c1)c2[nH]nnn2)Cl,453.15
9151,OC1=CC(=NNc2ccccc2)C2(C)CCC1C2(C)C,455.15
7022,CCOC(=O)c1ccc2c(c1)cn[nH]2,396.15
21277,CC34CCC1C(CCC2CC(O)CCC12C)C4CC=C3,415.9
15636,O=C(OCC)[C@H](CCc1ccccc1)N[C@H]3CCc2ccccc2N(CC(=O)O)C3=O,421.65
16609,Clc1cc(Cl)c(Cl)nc1Cl,363.65
19738,c3cccc4ccc(Oc1cc2ccccc2cc1)cc34,378.15
5895,c1c(c(=O)[nH]c(=O)n1[C@H]2C[C@@H]([C@H](O2)CO)O)F,423.15
10677,S1CC(=N[nH0]2c1[nH0][nH0]c2c1cc(OC)c(OC)c(OC)c1)C(C)C,430.15
8754,CN1C2CCC1CC(C2)OC(=O)C(CO)c3ccccc3,387.15
3436,c1c(cc(c(c1C(=O)O)O)Cl)Cl,497.15
14565,CCC(CCCC)CN,197.15
14373,O=C=Nc1ccc(cc1)N=C=O,367.15
18077,O=C(N)Cc1ccccc1,430.15
6893,COC(=O)CCCC(=O)OC,236.15
17429,CC(C)C(Br)C(=O)O,317.15
19830,Fc1c(CC(=O)O)c(F)c(F)c(F)c1F,382.15
12757,Oc1ccc(cc1)CCN,437.15
8050,CCCCCCCCCCCCCCCCCCCCCCCCCCCCCCCCCCCC,349.15
9146,S=C(Nc1ccccc1C)c1cc(c(O)c(c1)C(C)(C)C)C(C)(C)C,531.15
4555,c1cnc(cc1N)Cl,366.15
11296,O=C(Nc1ccccc1C1N=C2C=CC=CC2=C1)C,425.15
4735,Cc1cc(ccc1C(=O)O)Br,456.15
20880,C1Cc2cccc3CCCC1c23,285.95
1218,c1c(c(sc1Br)Br)Br,300.15
13446,Oc2cccc1ccccc12,369.15
22399,Fc1ccc(OC)cc1,228.15
3987,CC(=NO)C(C)(C)O,358.15
21295,CC(=O)N5C1CCC3(CC)CCCN2CCC1(C23)c4cccc(OC)c45,481.15
20877,CN(C)B(F)N(C)C,228.85
5699,COc1ccc(cc1O)N,404.15
13992,O=C(O)CCCCCCCCC(=O)O,406.15
17340,O=[N+]([O-])C(C)([N+](=O)[O-])[N+]([O-])=O,330.15
2869,Cc1c(cc(cc1[N+](=O)[O-])[N+](=O)[O-])C(=O)O,478.15
11969,Brc1ccccc1c1oc(cc1)C=C1N=C(OC1=O)c1ccccc1,433.15
20817,O=C(OC)C2CC1(C=CC2C1)C(=O)OC,311.15
21357,Oc1ccc(cc1OC)/C=C/[N+]([O-])=O,442.15
14207,[2H]C(O[2H])(C([2H])([2H])O[2H])C([2H])([2H])O[2H],293.15
2961,c1cc(c(cc1N2CCCCC2)O)[N+](=O)[O-],342.15
14172,CC(CCCCCCCCCCCCCCCC)CC,281.15
2200,c1ccc(c(c1)C=NO)Br,375.15
16482,O=S(=O)(NC(=O)NCCCC)c1ccccc1,404.15
5592,B(c1ccc(cc1)C=C)(O)O,463.15
2557,CCC(CO)(CO)CO,333.15
15586,CC(=O)N[C@@H](CS)C(O)=O,382.65
20583,O=C1CCc2cccc3CCN1c23,385.15
9637,s1c2ccccc2[nH0]c1C(=Cc1ccc(OC)cc1)C(=O)N,442.15
5539,c1ccc(cc1)Oc2ccc(cc2)CC(=O)O,349.15
18032,Oc1nc(O)nc(O)n1,633.15
12874,CCC1CC1,124.14999999999998
12183,CC=1Cc2ccccc2C=1c1ccccc1,331.15
22581,Clc1cc(Cl)ccc1OCC,305.15
6295,CC(C)n1c2ccccc2c3c1cccc3,393.15
4499,C1COCCN1CCCNC(=S)NN,409.15
1154,c1cc(oc1)C(C(=O)c2ccco2)O,411.15
18639,Oc1ccc2CC5N(C)CCC43C5C=CC(O)C4Oc1c23,527.15
15151,[NH3+]CCC[NH2+]CCCC[NH2+]CCC[NH3+],302.15
9874,Brc1ccc(cc1)C=NO,391.15
19554,ClC(Cl)(C(Cl)(Cl)C(F)(F)F)C(F)(F)F,356.65
7400,CC(C)C[C@@H](C(=O)Nc1ccc(cc1)[N+](=O)[O-])N,363.15
10248,OC(c1ccccc1)C(O)c1ccc(OC)cc1,402.15
7158,CCCCCCCCCC(=O)OCC,253.15
19492,ClC(=O)CCCCCCCCCCCCC,272.15
20932,C=CC(C)(C)C(=O)O,267.15
14589,CC(CO)CO,182.15
5423,B(c1ccc(cc1)CCCC)(O)O,378.15
2049,c1cc(c(nc1)N)C=O,374.15
13168,Cc1cccc(C)c1C,248.15
11835,Clc1ccc(N=NC2SC(=S)NC2=O)c(c1)C(=O)O,484.15
16371,O=C2c1ccccc1C(=O)c4c2c(N)ccc4Nc3ccccc3,465.15
9208,O=C1C2=C(C(=O)C(O)=C1C(C)C)C1(C)CCCC(C)(C)C1CC2OC(=O)C,486.15
23268,CC[C@]12CC[C@H]3[C@H]([C@@H]1CC[C@]2(C#C)O)CCC4=CC(=O)CC[C@H]34,509.15
14075,O=C(OCC)c1ccc(cc1)c2ccccc2,322.15
16646,CC(C)(C)c1cccc(C)c1O,304.15
20445,CCCCCCCC(=O)CCC,277.65
21918,N#CCCOc2cccc1ccccc12,337.15
14486,Clc1cc(Cl)c(Cl)c(Cl)c1O,343.15
14257,O[C@@H](C(=O)O)c1ccccc1,405.15
6616,COc1ccccc1P(c2ccccc2OC)Cl,386.15
8120,CCOC(=O)CNc1ccccc1,330.15
8155,C=CN1C(=O)c2ccccc2C1=O,359.15
1802,COc1cccc(c1CN)OC,358.15
4736,Cc1cc(ccc1C#N)Br,337.15
11111,O=C1OC(C(=O)O)C(C1)CC(=O)O,432.15
2385,c1cc(c(cc1[N+](=O)[O-])N)Cl,392.15
23078,[C@@H]1([C@@H]([C@@H]([C@H]([C@H]([C@@H]1Cl)Cl)Cl)Cl)Cl)Cl,432.15
5759,COc1ccc(cc1S(=O)(=O)Cl)Br,387.15
18343,O=C1N(C)CCN1C,281.35
19360,O=C1CCc2ccccc2N1,436.65
8680,c1(c(c(c(c(c1F)F)P(c2c(c(c(c(c2F)F)F)F)F)c3c(c(c(c(c3F)F)F)F)F)F)F)F,390.15
18227,FC(F)(F)c1cc2Nc3ccccc3Sc2cc1,462.15
1734,c1cc(c(c(c1)Cl)N)Cl,312.15
2911,Cc1ccccc1CBr,292.15
11411,O(CC)c1ccc(N=C(Nc2ccc(OCC)cc2)CNc2ccc(OCC)cc2)cc1,386.15
8338,c1ccnc(c1)C=NO,384.15
1986,c1cc(c(cc1Cl)S(=O)(=O)N)N,422.15
6546,COc1ccc(cc1)P(c2ccccc2)c3ccc(cc3)OC,362.15
14243,OC(C(=NO)c1ccccc1)c2ccccc2,427.15
2811,COc1cc(ccc1C#N)OC(F)(F)F,308.15
17043,O=C1CC(C)(C)NC(C)(C)C1,309.15
15708,NS(=O)(=O)c1nc2ccc(cc2s1)OCC,462.15
18895,O=C2c1n(cnc1N(C)C(=O)N2C)CCO,431.15
11589,Oc1ccccc1CCc1ccccc1,358.15
20666,O=S(=O)(c1ccc(C)cc1)C2(CCC2)C(=O)OCC,326.65
9339,N(Nc1ccccc1)=C(Cc1ccccc1)C(=NNc1ccccc1)Cc1ccccc1,454.15
22671,O1c4c(O[C@]2(N=C(O[C@@H]12)C)c3ccccc3)c6c(c5c4cccc5)cccc6,439.0
15087,CC=1CCC[C@](C)(C)C=1/C=CC(C)=CC=CC(C)=CCO,336.15
11774,S1CCOC11CCC2C3CCC4CC(=O)CCC4(C)C3CCC21C,474.15
1930,c1ccc2cc(ccc2c1)c3csc(n3)N,428.15
197,CCN1CCCCC1,253.15
7777,c1ccc2c(c1)C(=O)N(C2=O)CCCCCBr,333.15
19315,Brc1cc(cc(Br)c1OCC=C)C(C)(C)c2cc(Br)c(OCC=C)c(Br)c2,392.15
8004,CCCCC1CCCCC1,195.15
2327,c1cc(ccc1C(=O)CCl)F,321.15
4389,Cc1cc(c(cc1)C)/C=C/c2ccc(cc2)c3ccc(cc3)/C=C/c4c(ccc(c4)C)C,471.15
12688,[S+]([O-])(Cc1ccccc1)Cc1ccccc1,406.15
20602,O=C(O)c1c(Cl)ccc2cc(C)cnc12,517.15
11447,BrC(c1cc(c([N+](=O)[O-])cc1[N+](=O)[O-])C(Br)C(C(=O)OCC)C(=O)OCC)C(C(=O)OCC)C(=O)OCC,403.15
202,CCCCCCc1ccc(cc1)C#Cc2ccc(cc2)CC,283.15
19894,O=C(OC)c1cc2ccccc2cc1O,348.65
4931,COc1ccc(cc1)C(=O)CCCCl,305.15
21919,O=C(O)c1ccco1,406.65
5791,c1cc(ncc1Br)C(=O)O,447.15
18091,Clc1ccc(/N=C=O)cc1Cl,316.15
21556,ClCC(=O)C4(O)C(C)CC3C2CCC1=CC(=O)C=CC1(C)C2(F)C(O)CC34C,469.4
21633,[O-][n+]1cc(ncc1C)C(O)=O,451.65
13949,O=C(N)c2ccccc2c1ccccc1,450.15
22912,C1=CC=C2C(=C1)C(=O)C3=C(C2=O)C(=CC=C3)Cl,432.15
7392,COc1ccc(cc1)P2(=S)SP(=S)(S2)c3ccc(cc3)OC,496.15
5855,c1ccc(cc1)c2c3cc(ccc3no2)Cl,389.15
854,c1cc2ccc1CCc3ccc(cc3)CC2,559.15
13877,CC(O)CCCCCCCCCC,292.15
14555,NCCS,369.15
4737,Cc1cc(ccc1O)Br,337.15
17082,[O-][N+](=O)c2ccc(/N=N/c1ccc(N)cc1)cc2,488.15
20080,FC(F)OC(F)F,149.99999999999997
1636,CC(=O)c1cc(ccc1OC)OC,292.15
11649,s1c2ccccc2[nH0]c1NC(=O)C(F)(F)C(F)(F)C(F)(F)C(F)(F)C(F)(F)C(F)(F)C(F)(F)C(F)(F)F,442.15
19965,BrCCCCOc1ccccc1,314.15
17675,O=C(Cc1ccccc1)c2ccccc2,333.15
6585,C1[C@@H](O1)[C@@H]2CO2,254.15
13808,C1CCCCC1NC2CCCCC2,271.15
18237,Cc1ccc2ncccc2c1,251.15
21616,O=C(O)CCCC/C=C/CCCCCCCCCCC,302.95
20147,O=[N+]([O-])c1cc(ccc1)C(=O)c2ccccc2,368.15
3304,Cc1c(ccc(c1F)F)C#N,315.15
17879,Oc2cc(N)ccc2C(=O)Oc1ccccc1,426.15
7994,CCCCOC(=O)C=C,209.15
1998,c1cc(ncc1F)N,368.15
663,CC(CCl)Cl,173.14999999999998
13545,O=[N+]([O-])c1ccccc1CO,345.15
3748,C(CO)CCl,253.15
20797,O=C(O)C(O)CC(N)=O,420.65
5530,c1ccc(cc1)Oc2ccc(cc2)N,357.15
21959,NC(=O)C(CC)n1nc2ccccc2n1,400.65
7526,COC(=O)c1cccc(c1)N,324.15
9474,O=[N+]([O-])c1cc(C#N)ccc1C=Cc1cccc(c1)C=Cc1ccc(C#N)cc1[N+](=O)[O-],571.15
22248,OCCN(CCO)c2ccc(/N=Nc1ccc(cc1[N+]([O-])=O)[N+]([O-])=O)c(C)c2,463.15
6776,c1ccc2c(c1)CCc3ccccc3C2=O,306.15
1306,CC(=C)C(=C)C,197.15
11494,N(=Nc1ccc(N=Nc2ccccc2)c(C)c1)c1ccccc1,382.15
21976,NC(=O)CCC(C)n1nc2ccccc2n1,375.15
15707,ClC=4C(=O)CC[C@@]3(C)C=4CC[C@@H]2[C@@H]3CC[C@@]1(C)[C@H]2CC[C@@H]1O,462.15
10230,O=[N+]([O-])c1cc(C)ccc1NC(=O)OCC,338.15
18047,CCCCOP(O)(=O)OCCCC,260.15
21834,CC(C)(/C=N/OC(=O)NC)S(C)(=O)=O,414.15
10173,Fc1ccc(cc1)C(O)C(O)c1ccc(F)cc1,426.15
16157,CN(C)C2=Nc1ccc(C)cc1N3C(=O)C(CCC)C(=O)N23,520.15
3627,CCn1c2ccccc2c3c1ccc(c3)N,372.15
13931,CCc2cccc(Cc1ccccc1)c2,264.15
2693,Cc1cc(cnc1O)[N+](=O)[O-],503.15
11252,O=C1N(N=C(N1C(=O)N)C1CCCCC1)c1ccccc1,471.15
16312,O=C2c1ccccc1C(=O)N2CCCBr,348.15
9789,O=C1N(N=C(C)C1=Cc1cccc(c1)C=C1C(=O)N(N=C1C)c1ccccc1)c1ccccc1,493.15
10921,[Si](OC1(C#Cc2ccccc2)Cc2ccccc21)(C)(C)C,337.15
10817,S=C(Sc1ccc2ccccc2c1)N(C)C,387.15
22299,O=C2C=C3CCC1C4CCC(C)(O)C4(C)CC(O)C1C3(C)C=C2C=O,483.65
19541,FC(F)(F)c1nc(N)sc1C(=O)OCC,459.65
9914,s1cc([nH0]c1C(C#N)=Cc1ccc(C)cc1)c1ccccc1,352.15
16198,CCOC(CCOCC)OCC,326.15
23052,CC1=CC=C(C=C1)C(=O)O,454.15
1059,c1ccc(c(c1)C(=O)N)C(F)(F)F,436.15
21020,CNC(=O)OCCCC,332.15
19626,COc1ccc(cc1OC)CCc2cc(OC)c3ccccc3n2,388.65
1678,CC(C)(C)C1=CC(=O)C(=CC1=O)C(C)(C)C,426.15
23276,O=C(O)\C=C/C(=O)O,405.0
6374,c1ccc(cc1)c2cc(=O)c3ccc4ccccc4c3o2,431.15
7574,COC(=O)c1ccc(c(c1)Cl)N,386.15
14820,C=CC=C,160.14999999999998
18141,O=S(Cl)(=O)c1ccc(Cl)cc1,324.15
22403,FC(F)(F)c1cc(F)ccc1,191.65
12383,O=C(N)c1c[nH0+]([O-])ccc1C,553.15
21500,O=C(OC)C1CC(=O)N(CCCCCC)C1,277.15
8755,OC(C1CCNCC1)(c2ccccc2)c3ccccc3,433.15
19174,N#CC(CCCC)(Cn1ccnc1)c2ccccc2,434.15
17247,Clc1nc2ccccc2s1,297.15
15934,O=C3Nc1c(C)ccnc1N(C2CC2)c4ncccc34,521.15
17868,c1cc(ccc1c2ccccc2)c3ccc(cc3)c4ccccc4,593.15
22361,Sc1ccccc1S,300.15
21518,O=Cc2ccc(OC1OC(CO)C(O)C(O)C1O)c(OC)c2,462.15
206,CCOCC(C)O,173.14999999999998
20872,FC(F)([N+]([O-])=O)C(F)(F)[N+]([O-])=O,231.65
23322,C1(=C(C(=C(C(=C1Cl)Cl)Cl)Cl)Cl)C(=C(Cl)Cl)Cl,368.15
12685,O=C1N=C(OC1c1ccccc1)N(C)C,406.15
6910,CS(=O)C,291.15
502,C(CCN)CN,300.15
17412,O=C2c1ccccc1C(=O)N2CCBr,355.65
20224,Oc1ccc(CC(N)C(=O)OC)cc1,410.15
13773,C(#Cc1ccccc1)c2ccccc2,333.15
8110,CCCCCOC(=O)c1ccc(cc1)N,325.15
14948,O=C(O)[C@@H]1CCCN1,501.15
5056,CCOc1ccc(cc1)C=O,287.15
9762,O=C(Nc1cc(NC(=O)C)c(C=Cc2ccccc2)c(NC(=O)C)c1C=Cc1ccccc1)C,603.15
10965,O=C1N(C)C(O)c2ccccc21,406.15
19115,CC3=C[C@H]4O[C@@H]2[C@H](O)C[C@@](C)([C@@]12CO1)[C@@]4(CO)[C@H](O)C3=O,425.15
14039,C(COc1ccccc1)Oc2ccccc2,368.15
11837,Clc1ccc(cc1)C=1Sc2[nH0][nH0]c([nH0]2N=1)c1ccc(OCC)cc1,386.15
2454,c1ccc(cc1)C(=O)c2ccccc2Cl,319.15
19488,O=C(OCCOCCOCCOCCO)CCCCCCCCCCCCCCCCC,313.15
15265,CN1[C@H]2CC[C@@H]1[C@@H](C(=O)O)[C@H](C2)OC(=O)c3ccccc3,468.15
13067,C#CCCCCCC,194.15
8392,CN1CC(=O)N(CC1=O)C,418.15
22662,O=S(=O)(N3c1c(cccc1)N(/C(=C/c2ccc(cc2)C)C3)S(=O)(=O)c4ccc(cc4)C)c5ccc(cc5)C,428.0
19483,Nc1ccc(CCO)cc1,382.15
6184,c1cc2ccc(cc2nc1)C(F)(F)F,339.15
3561,Cc1c(cc(s1)c2ccccc2)C(=O)C,341.15
5892,c1cc(c(cc1F)CO)C(F)(F)F,323.15
12666,O(C)c1cc(C#N)cc(OC)c1OC,367.15
13986,O=[N+]([O-])c1cccc(C(=O)O)c1Cl,454.15
391,C=CCCCCCCCCC(=O)O,297.15
6736,C(O)[C@@H](O)[C@@H](O)[C@H](O)CO,375.15
22002,CC(=O)N(C)C(=O)COC(=O)c1ccccc1,375.65
5258,c1cc(ccc1C(F)(F)F)I,265.15
15422,OCC(=O)[C@@]3(O)CC[C@H]2[C@@H]4CCC1=CC(=O)C=C[C@]1(C)[C@H]4C(=O)C[C@@]23C,507.15
2695,Cc1c(nccn1)O,426.15
2027,Cc1ccc2c(c1)sc(n2)N,414.15
21847,CCN(CC)c3ccc(/C=N/N(c1ccccc1)c2ccccc2)cc3,367.65
2568,CCCCC(CC)COC(=O)C=C,183.15
8006,C(=CC(=O)O)C(=O)NC(=O)N,431.15
16216,Oc2ccccc2Cc1ccccc1,294.15
16448,O=C2CCSc1ccccc12,302.15
18446,O=C(N)Nc1ccccc1,420.15
5276,CC(C)Oc1ccc(cc1)C(=O)O,438.15
7208,ClP1(=O)OCCO1,285.15
8571,c1ccc(cc1)/C=C/C#N,292.15
6331,C1C2CC3CC1CC(C2)(C3)C(=O)O,448.15
21243,O=C3C=C4CCC2C(CCC1(C)C2CCC1(C)O)C4(C)C=C3,436.65
12185,ClCc1c(C)c(C)c(C)c(CCl)c1C,390.15
21271,C1CCCC2NC12,294.15
9268,ON=C1C=C(OC)C2CCC1(C)C2(C)C,458.15
17262,Cc1ccc2cc3ccccc3cc2c1,482.15
8529,C/C=C(C)/C(=O)O,337.15
23247,C(C(Cl)(Cl)Cl)(Cl)(Cl)Cl,465.15
22823,Brc1cc(c(O)c(Br)c1)C=NC=3C(=O)N(c2ccccc2)N(C=3C)C,501.5
1016,CCSc1c(cccn1)C(=O)O,458.15
7629,COC(=O)c1ccccc1N,297.15
11534,BrCCc1cc([N+](=O)[O-])c(cc1[N+](=O)[O-])CCBr,396.15
995,B(c1ccccc1NC(=O)OC(C)(C)C)(O)O,397.15
4297,B(c1ccc(cc1)C(=O)OCC)(O)O,412.15
161,c1c[nH]nc1,341.15
5675,CC(=O)c1ccc(s1)C(=O)O,483.15
6873,COCOC,168.14999999999998
12990,CC=C(/C)C(C)C,149.14999999999998
9692,O=C(OC(=CC=C(OC(=O)C)c1ccccc1)c1ccccc1)C,399.15
7989,CC(=O)NBr,377.15
20227,O=C1CCCN1CCO,293.15
13417,CCCCC(C)CCCC,185.15
10805,O=C(C)CC(=O)c1c(C)c(C)c(C)c(C)c1C,347.15
11653,FC(F)(F)C(F)(F)C(F)(F)C(F)(F)C(F)(F)C(F)(F)C(F)(F)C(F)(F)C(=O)N[nH0]1c[nH0][nH0]c1,424.15
1021,COC(=O)c1ccccc1S(=O)(=O)N,397.15
19457,O=C(Nc1ccccc1)c2cc3ccccc3cc2O,521.65
3943,c1cc(c(cc1O)F)[N+](=O)[O-],365.15
1585,c1cc(sc1Br)Br,267.15
3152,c1cc(cc(c1)OCC(=O)O)CBr,399.15
14541,Oc2ccc(N=Nc1ccccc1C(=O)O)cc2,478.15
8226,c1cc2cccc3c2c(c1)c4cccc5c4c3ccc5,551.15
12206,Clc1cccc(NC(=O)C(C(F)(F)F)C(F)(F)F)c1,427.15
17159,CC(=O)OCCCCCCCCCCCCCCCC,254.65
15787,Oc2cc(/C=C/c1ccc(O)cc1)cc(O)c2,527.15
21870,Clc1ccc(Cl)c2cccnc12,370.65
22619,CC(NC)C3CC(OC2C(O)C(OC1OCCCC1O)C(N)CC2N)C(N)CO3,378.15
23425,C1=CC=C(C(=C1)C(=O)N)O,415.15
2612,c1cc(c(cc1C(F)(F)F)/C=C/C(=O)O)F,393.15
11016,O=C1N2c3ccccc3C=CC2=C(C#N)c2cc([nH0]c(C)c12)C,516.15
10233,O=C1C=C(NCNc2[nH0]cccc2)C(=O)c2ccccc12,408.15
8433,CC(C)(C)OC(=N)C(Cl)(Cl)Cl,294.15
10253,O=C1N2N(C(=O)N1c1ccccc1)C1C3OC2C1CC3,417.15
10555,O=C1CC(C)(C)CC=2Nc3c4ccccc4ccc3C(c3ccc(O)cc3)C1=2,586.15
8792,OCCN1CCCCC1C(c2ccccc2)c3ccccc3,379.15
10627,FC(F)(F)C=1[nH0]2[nH0]c(N)c(N=Nc3cccc4ccccc34)c2N=C(C)C=1,510.15
21777,OC(/C(=C/c1ccc(Cl)cc1Cl)n2cncn2)C(C)(C)C,418.15
14502,Clc1nc(Cl)nc(Cl)n1,419.65
8838,CC(C)NCC(O)c1cc(O)cc(O)c1,373.15
3890,CCOc1cccc(c1O)C=O,340.15
3556,CC(=O)Nc1cccc(c1)O,421.15
11394,O=C(Nc1ccc(N=Nc2ccc(N=Nc3ccc(NC(=O)c4ccccc4)cc3)cc2)cc1)c1ccccc1,609.15
17912,Oc1ccc(cc1C(C)(C)CC)C(C)(C)CC,298.15
1267,c1cc(c(c(c1C#N)F)F)O,420.15
1899,c1c(nc(c(n1)N)Br)Br,389.15
21042,O=C(O)C2CCCN2C(=O)OCc1ccccc1,350.15
3005,CCCC(=O)C,195.15
19118,Clc1ccc2c(c1)C(=NCC(=O)N2CC#C)c3ccccc3,414.15
189,c1c(cc(cc1F)I)[N+](=O)[O-],351.15
2747,c1ccnc(c1)O,380.15
18431,O=C(O)C(S)CC(=O)O,422.15
18942,OC2C(COC1OC(CO)C(O)C(O)C1O)OC(O)C(O)C2O,359.15
8666,c1ccc(cc1)[Si](c2ccccc2)(c3ccccc3)O,425.15
6396,c1ccc(cc1)/N=N/c2ccccc2,340.15
19769,CCCNC(=O)NCCC,378.15
20939,CC2(C)C1CCC2(C)C(=O)C1O,478.65
17568,BrC(C)=O,177.14999999999998
6420,c1ccc(cc1)C(c2ccccc2)(C(=O)O)O,423.15
5051,CCOC=CC(=O)C(F)(F)F,243.15
5311,B(c1cc(c(c(c1)C)OC)C)(O)O,510.15
2433,c1cc(c(c(c1)Cl)C#N)[N+](=O)[O-],394.15
23333,Cc1ccc(cc1)n1c(C)ccc1C,318.65
769,C1CCN(CC1)C(=O)N=NC(=O)N2CCCCC2,408.15
1685,B(c1c(cccc1C(F)(F)F)C(F)(F)F)(O)O,423.15
8322,Cc1ccc(cc1)C#C,294.15
16023,CC1(C)C(=O)N(Br)C(=O)N1Cl,436.65
11363,ClCC(=O)c1cccc(c1)C(=O)CCl,363.15
14423,S=C=Nc2cccc1ccccc12,331.15
21962,O=C(O)CC(C)n1nc2ccccc2n1,355.65
4426,Cc1ccc(cc1)C(c2ccc(cc2)C)O,344.15
16850,Brc1cc(Br)c(F)cc1,342.15
6265,c1ccc2c(c1)cc3ccccc3c2CCl,413.15
22118,O=C(c1cc(Cl)ccc1)N(NC(=O)c2ccccc2)C(C)(C)C,453.65
11284,C=C1C2CC(C(=C(c3ccccc3)c3ccccc3)C2c2ccccc2)C1(C)C,388.15
11964,FC(F)(F)C(C(=O)Nc1[nH0]cccc1)C(F)(F)F,382.15
21575,COc1ccc(cc1)C3=CC(=O)c2c(cc(O)cc2O)O3,536.15
5390,Cc1c(scn1)C=C,258.15
860,CC(C)(C)OC(=O)N1CCS[C@H]1C(=O)O,365.15
15795,O=C(O)C2=NN(CC)c1cc3OCOc3cc1C2=O,534.15
