name,smiles,molecular_weight,melting_point_K,boiling_point_K,heat_of_fusion,heat_of_vaporization,critical_temperature,critical_pressure,flash_point,logP
ammonia,N,17.03052,195.45,239.8343186,332344.5203082466,1369668.5526914473,405.56,11363400,,
"1,4-benzodioxane-2-carboxylic acid",O=C(O)C1COc2ccccc2O1,180.15742,389.65,647.6,193464.13819647284,,891.16869,4216562.7,,
acetylene,C#C,26.03728,192.4,189.00035,144561.95117155096,634968.537,308.3,5988200,,0.37
adenosine triphosphate,Nc1ncnc2c1ncn2[C@@H]1O[C@H](COP(=O)(O)OP(=O)(O)OP(=O)(O)O)[C@@H](O)[C@H]1O,507.181023,449.15,,,,,,,
rhodizonic acid,O=c1c(O)c(O)c(=O)c(=O)c1=O,170.07648,521.15,792.78,75777.67367,,1083.9702,8541722.9,,
glucuronolactone,O=C[C@H](O)[C@H]1OC(=O)[C@@H](O)[C@H]1O,176.12412,450.65,717.26,153142.00008494008,,894.20891,5351345.2,,
"pyridine, 2,4-diethyl-",CCc1ccnc(CC)c1,135.20622,301.67,460.65,132064.93014892362,292326.6080287907,673,3000000,,
n-[(phenylmethoxy)carbonyl]-l-alanyl-l-alanine,C[C@H](N=C(O)[C@H](C)N=C(O)OCc1ccccc1)C(=O)O,294.30312,411.15,1051.13,,,1288.1861,2145333,,
amoxicillin,CC1(C)S[C@@H]2[C@H](N=C(O)[C@H](N)c3ccc(O)cc3)C(=O)N2[C@H]1C(=O)O,365.40416,413.15,1191.79,,,1463.529,2884301.4,,0.87
"butane, 2-methyl-3-nitro-",CC(C)C(C)[N+](=O)[O-],117.14634,259.72,424.15,111151.57332273464,326273.4581611975,614,3200000,,
amygdalin,N#CC(OC1OC(COC2OC(CO)C(O)C(O)C2O)C(O)C(O)C1O)c1ccccc1,457.42848,497.65,1531.26,172197.4110575712,,2253.3905,2298113.1,,
boron nitride,B#N,24.8177,3240.15,,3263799.6268792027,,,,,
salicylaldehyde,O=Cc1ccccc1O,122.12134,266.15,481.15,,369497.6910478144,680,4990000,349.15,1.81
carbon dioxide,O=C=O,44.0095,216.65,194.67,204955.7481907316,382838.7222460998,304.1282,7377300,,0.83
methylamine,CN,31.0571,179.95,266.75,197378.37724707072,840051.8351464672,430.8,7620000,263.15,-0.57
6-amino-4(3h)-pyrimidinone,Nc1cc(O)ncn1,111.102,536.65,578.35,192732.8040899353,,852.67975,8849800.3,,
carbon monoxide,[C-]#[O+],28.0101,68.15,81.63818292,29739.272619519383,214682.9147976303,132.86,3494000,,
dextramycin,O=[N+]([O-])c1ccc([C@H](O)[C@H](CO)N=C(O)C(Cl)Cl)cc1,323.12938,423.65,996.72,129848.91686419849,,1228.1903,3318184.7,,
cholesterol,CC(C)CCC[C@@H](C)[C@H]1CC[C@H]2[C@@H]3CC=C4C[C@@H](O)CC[C@]4(C)[C@H]3CC[C@]12C,386.65354,421.65,732.15,93670.42132861374,201138.64377967105,959,1250000,,
caffeine,Cn1c(=O)c2c(ncn2C)n(C)c1=O,194.1906,511.15,640.4,113290.75660716844,417842.29988911096,850,4160405,,-0.07
p-methoxybenzylidene p-cyanoaniline,COc1ccc(C=Nc2ccc(C#N)cc2)cc1,236.26858,379.15,807.3,,,1063.8864,2117778.6,,
nsc94017,Nc1ncnc2c1ncn2C1OC2COP(=O)(O)OC2C1O,329.205941,492.65,329.27,,76478.25109235547,432.35965,1224395.2,,-2.96
hexogen,O=[N+]([O-])N1CN([N+](=O)[O-])CN([N+](=O)[O-])C1,222.11634,478.4,507.15,196905.81971592005,172595.90474717293,895.2,4160000,,0.87
d-phi-cocaine,COC(=O)[C@@H]1[C@@H](OC(=O)c2ccccc2)C[C@@H]2CC[C@H]1N2C,303.35294,448.78,752.53,138116.34724885147,,972.36671,1903578.4,,
"o,p'-ddt",Clc1ccc(C(c2ccccc2Cl)C(Cl)(Cl)Cl)cc1,354.48626,348.15,766.72,82846.65250495181,,1041.6069,2293712.7,,
surecn10525671,C=CC(=O)OCCCCCC(C)C.C=Cc1ccccc1,288.42442000000005,321.38,713.54,117635.6703777024,,914.68266,1369712.2,,
ethene,C=C,28.05316,104.05,169.3786484,119416.1370768926,482421.54552812246,282.35,5041800,,1.13
17469-89-5,CN(C)[C@@H](Cc1ccccc1)C(=O)O,193.2423,418.22,635.47,144523.22291754963,,852.81622,2928168.5,,
dimethyl ether,COC,46.06844,133.4,248.3678379,107231.76213477163,465166.0427679831,400.378,5336800,232.15,0.1
erythromycin,CC[C@H]1OC(=O)[C@H](C)[C@@H](O[C@H]2C[C@@](C)(OC)[C@@H](O)[C@H](C)O2)[C@H](C)[C@@H](O[C@@H]2O[C@H](C)C[C@H](N(C)C)[C@H]2O)[C@](C)(O)C[C@@H](C)C(=O)[C@H](C)[C@@H](O)[C@]1(C)O,733.92678,464.15,1781.64,134242.27414075285,174641.95900705093,3034.2644,645490.45,,3.06
st073186,CC1(C)O[C@@H]2[C@H](O1)[C@@H]1C[C@H]2N=C1O,183.20442,483.3,591.18,176158.4136452603,321458.6026536629,835.34433,3690968.5,,
flubendazole,COC(O)=Nc1nc2ccc(C(=O)c3ccc(F)cc3)cc2[nH]1,313.2831832,533.15,913.31,162418.5489,,1162.7453,2796513.6,,
nitroethane,CC[N+](=O)[O-],75.0666,183.9,387.25,131216.81280356378,483315.3013166722,595,4850002,300.15,0.18
8-oxo-dg,N=c1nc(O)c2nc(O)n([C@H]3C[C@H](O)[C@@H](CO)O3)c2[nH]1,283.24072,963.26,1061.68,200003.0221643272,,1311.0118,5827166.2,,
ac1laxt3,Cc1nc2n[nH]nc(O)c-2n1,151.1261,712.65,688.07,219267.2212146016,,986.66858,7614313.7,,
tetroquinone,O=C1C(O)=C(O)C(=O)C(O)=C1O,172.09236,600.32,883.7,106454.46433531393,962126.5310549608,1088.8263,8175037.4,,
l-fructose,O=C(CO)[C@H](O)[C@@H](O)[C@@H](O)CO,180.15588,375.15,850.33,126368.34279291912,,1041.2579,6430830.9,,
3-hydroxyisobutyric acid,CC(CO)C(=O)O,104.10452,341.26,528.37,161606.81591923194,,715.50036,5008592.2,,
hydroxide,[OH-],17.00734,448.65,,,,,,,
diacetylmorphine,CC(=O)Oc1ccc2c3c1O[C@H]1[C@@H](OC(C)=O)C=C[C@H]4[C@@H](C2)N(C)CC[C@@]341,369.41102,446.15,894.95,144535.48245528789,,1124.332,1727463,,1.58
deuterium oxide,[2H]O[2H],20.027604,276.97,374.5487761,,2071917.346273364,643.847,21661800,,
hydrogen peroxide,OO,34.01468,252.935,423.35,367488.3903067734,1336355.5708140612,728,22000000,,
thebainone,COc1ccc2c(c1O)[C@]13CCN(C)[C@H](C2)C1C=CC(=O)C3,299.36424,424.65,855.27,108129.1472889347,,1106.6097,2540485.2,,
ketamine,CNC1(c2ccccc2Cl)CCCCC1=O,237.72524,365.65,703.91,73282.07976569927,,964.08213,2802438.5,,
substance h 20,COc1ccccc1/C=C(/C(=O)O)c1ccccc1,254.28056,499.23,795.99,138083.69778641354,,1042.7551,2555921,,
"1,3-acetonedicarboxylic acid",O=C(O)CC(=O)CC(=O)O,146.09814,411.15,658.89,209386.64927561703,570164.7587496189,872.63957,4710650.6,,
9-methoxy-9-((4-methyl-1-piperazinyl)methyl)acridan,COC1(CN2CCN(C)CC2)c2ccccc2Nc2ccccc21,323.432,649.26,834.76,125469.9596824062,,1077.2998,2135430.7,,
lithium carbonate,O=C([O-])[O-].[Li+].[Li+],73.89089999999999,1005.15,,606299.2871923336,,,,,
cellobiose,O=C[C@H](O)[C@@H](O)[C@H](O[C@@H]1O[C@H](CO)[C@@H](O)[C@H](O)[C@H]1O)[C@H](O)CO,342.29648,474.65,1308.74,154903.72556562664,401182.0573716905,1864.9672,4559213,,
9-cis-beta-carotene,CC1=C(/C=C/C(C)=C\C=C\C(C)=C\C=C\C=C(C)\C=C\C=C(C)\C=C\C2=C(C)CCCC2(C)C)C(C)(C)CCC1,536.87264,553.16,1209.58,126465.7480031018,145267.88396266414,1481.1051,607261.73,,
"n-(2,5-diethoxyphenyl)benzamide",CCOc1ccc(OCC)c(N=C(O)c2ccccc2)c1,285.33766,361.15,865.46,,,1089.0881,1957866.7,,
s-methadone,CCC(=O)C(C[C@H](C)N(C)C)(c1ccccc1)c1ccccc1,309.44518,373.65,796.08,103123.27372492924,,1024.6534,1620678.3,,
nitroglycerin,O=[N+]([O-])OCC(CO[N+](=O)[O-])O[N+](=O)[O-],227.0865,286.65,523.15,96306.91388523756,276057.4790395133,680,3000000,,1.62
nitric acid,O=[N+]([O-])O,63.01284,231.15,356.15,166632.7053343414,643534.7066311685,520,6890100,,
picolinaldoxime,O=N/C=C1\C=CC=CN1,122.12464,386.25,478.01,,389775.8046694533,702.82342,4769390.4,,
nitrogen dioxide,[O]N=O,46.0055,263.85,294.3,,720561.0407,431,10132500,,
ozone,O=[O+][O-],47.9982,80.15,161.8,157422.57001304216,288534.64106022974,261,5572875,,
boc-3-(1-naphthyl)-l-alanine,CC(C)(C)OC(O)=N[C@@H](Cc1cccc2ccccc12)C(=O)O,315.36364,607.27,912.31,132294.89613958035,,1144.8685,1973554,,
propane,CCC,44.09562,85.5,231.0362479,79372.96266613329,425590.8428442664,369.89,4251200,,2.36
4-amino-5-cyanopyrimidine,N#Cc1c[nH]cnc1=N,120.11206,523.15,632.79,,,,,,
pyrazine,c1cnccn1,80.08796,328.15,389.45,161072.9003460695,432912.9233928405,627,6700000,,-0.26
pyridine,c1ccncc1,79.09989999999999,231.15,388.35,104677.75559766828,447634.0383500065,620,5650000,291.15,0.65
phenol,Oc1ccccc1,94.11124,314.15,454.95,122302.07571380422,493889.27547795104,694.2,5930000,348.15,1.48
2-methyl-1-octylindole,CCCCCCCCn1c(C)cc2ccccc21,243.3871,391.74,643.94,149786.08151376963,,838.59806,1769871.1,,
hs 103,CCc1ccc(OC/C=C(\C)CCC=C(C)C)cn1,259.3865,375.98,442.15,144756.95535426866,266908.63965251565,918.21017,1685176.6,,
"benzoic acid, 2-(isononylideneamino)-, methyl ester",COC(=O)c1ccccc1C=CCCCCC(C)CN,275.3859,425.8,754.69,144099.60713311756,,963.81488,1718879.3,,
n-methylpyrrolidine,CN1CCCC1,85.14753999999999,183.15,479.25,78581.24850113111,234524.81221384907,550,4200000,259,0.92
phenothiazine,c1ccc2c(c1)Nc1ccccc1S2,199.27156,458.2,644.15,133240.28777613826,320848.1001328458,923,4001000,,4.15
ac1nykt4,O=C1C=CC=C/C1=C/NCCCCCCN/C=C1\C=CC=CC1=O,324.41676,333.15,951.54,135122.48873948437,309611.67218616605,1190.858,1789390.2,,
riboflavin,Cc1cc2nc3c(O)nc(=O)nc-3n(CC(O)C(O)C(O)CO)c2cc1C,376.3639,553.15,1336.98,143595.06849620808,,1674.1941,3526272.1,,-1.46
cyclooctasulfur,S1SSSSSSS1,256.52,761.94,615,45127.08560736005,238005.31143982665,1027.6772,10454958,,
"3,5-dihydroxybenzaldehyde",O=Cc1cc(O)cc(O)c1,138.12074,418.65,,,,,,,
"6,7-dihydro-3-methyl-8(5h)-quinolinone oxime",Cc1cnc2c(c1)CCCC2=NO,176.21508,461.15,705.76,,,939.87125,3364538.3,,
sulfuric acid,O=S(=O)(O)O,98.07848,277.305,610.15,109198.26653104738,637237.2443931699,924,6400000,,
thiamine,Cc1ncc(C[n+]2csc(CCO)c2C)c(=N)[nH]1,265.35458000000006,521.15,867.56,159624.15270917874,,1103.7575,3403912.3,,
tetracycline,CN(C)[C@@H]1C(=O)C(C(=N)O)=C(O)[C@@]2(O)C(=O)C3=C(O)c4c(O)cccc4[C@@](C)(O)[C@H]3C[C@@H]12,444.43456,438.15,1500.85,125775.54724817078,,1928.0489,3059166.7,,-1.3
trinitrotoluene,Cc1c([N+](=O)[O-])cc([N+](=O)[O-])cc1[N+](=O)[O-],227.1311,353.2,623.15,100822.82875396631,268814.03411369625,828,3040000,,1.6
toluene,Cc1ccccc1,92.13842,179.2,383.7457531,72065.48582013887,360698.1003747074,591.75,4126300,277.15,2.73
an-648/37428001,Cc1cc(=O)n2[nH]c(CO)nc2n1,180.16402,655.43,731.93,182045.2274544052,,969.69384,5926273.6,,
l-m-tyrosine,N[C@@H](Cc1cccc(O)c1)C(=O)O,181.18854,541.15,730.42,169475.39838888266,,973.84699,4769390.4,,
thebaine,COC1=CC=C2[C@H]3Cc4ccc(OC)c5c4[C@@]2(CCN3C)[C@H]1O5,311.37494000000004,466.15,796.05,128953.85865028188,,1026.2093,2092664.9,,
urea,N=C(N)O,60.05526,406.5,626.15,231453.49799501328,562338.5658581216,705,9050000,375.3040935,-2.11
paclitaxel,CC(=O)O[C@H]1C(=O)[C@@]2(C)[C@H]([C@H](OC(=O)c3ccccc3)[C@]3(O)C[C@H](OC(=O)[C@H](O)[C@@H](N=C(O)c4ccccc4)c4ccccc4)C(C)=C1C3(C)C)[C@]1(OC(C)=O)CO[C@@H]1C[C@@H]2O,853.90614,488.65,2092.72,117352.47623351205,,3510.7202,734424.69,,
nitrous oxide,[N-]=[N+]=O,44.0128,182.345,184.6839436,148593.13654209685,374281.07810809993,309.52,7245000,,
nitrobenzene,O=[N+]([O-])c1ccccc1,123.1094,279,483.85,98449.02176438192,359744.5007703005,712,3495713,361.15,1.85
psilocybin,CN(C)CCc1c[nH]c2cccc(OP(=O)(O)O)c12,284.24814100000003,497.15,796.59,,304756.8151175937,1034.1571,2580415.8,,
"1h-pyrazolo[4,3-d]pyrimidin-7-amine",Nc1ncnc2c[nH]nc12,135.1267,623.42,643.39,225388.46874821925,,936.63278,8072530.1,,
4-formylmorpholine,O=CN1CCOCC1,115.13046,294.65,511.15,,420444.2581450088,779,5080000,,
pyrazole-4-carboxylic acid,O=C(O)c1cn[nH]c1,112.08676,552.65,562.13,231124.5324603905,,810.61071,6751788.7,,
17126-75-9,COc1cccc(N(CCO)CCO)c1,211.25758,429.01,702.16,143346.33578591593,,883.82491,3110566,,
hydrogen cyanide,C#N,27.02534,259.75,298.78,311189.4244438738,996419.9312649296,457,5400000,253.15,-0.25
pentaerythritol tetranitrate,O=[N+]([O-])OCC(CO[N+](=O)[O-])(CO[N+](=O)[O-])CO[N+](=O)[O-],316.13662,413.65,543,,212529.2423041024,676,2240000,,
clozapine,CN1CCN(C2=c3ccccc3=Nc3ccc(Cl)cc3N2)CC1,326.82326,456.65,875.53,144172.72503799148,,1139.0195,2571497.9,,3.23
calcium carbonate,O=C([O-])[O-].[Ca+2],100.0869,1073.15,,359687.4316219205,,,,,
mustard gas,ClCCSCCCl,159.07732,286.65,471.15,117175.7231011938,319422.13071257423,642.25229,3633349.9,378.15,
phosgene,O=C(Cl)Cl,98.9161,155.15,280.65,58028.976071640514,249458.73008089844,455,5674200,,
"2-(2-methoxyphenyl)-5-phenyl-1,3,4-oxadiazole",COc1ccccc1-c1nnc(-c2ccccc2)o1,252.26798,367.15,786.14,143783.60662340105,,1064.2411,3156167.2,,
sucralose,OC[C@H]1O[C@H](O[C@]2(CCl)O[C@H](CCl)[C@@H](O)[C@@H]2O)[C@H](O)[C@@H](O)[C@H]1Cl,397.63346,403.15,1126.05,160906.9820230923,,1401.0496,2899854.4,,
ctk1c9805,COc1cc(C)n(C)c(=O)c1,153.17844,344.54,513.55,96129.71642745544,,727.56185,3399943.9,,
3-amino-2-cyclohexen-1-one,NC1=CC(=O)CCC1,111.14176,401.65,505.59,68381.13774696388,,749.63197,4802499.6,,
5-chloro-2-methyl-4-isothiazolin-3-one,Cn1sc(Cl)cc1=O,149.59866,325.15,382.85,82206.61869564875,325535.94733851217,715.29048,5080245,,
indigo,O=C1/C(=C2\Nc3ccccc3C2=O)Nc2ccccc21,262.2628,663.15,893.68,142116.99104867334,,1183.4417,3585643.1,,3.72
sulfur dioxide,O=S=O,64.0638,200.65,263.1370154,163867.89419297638,389552.7632556405,430.64,7886600,,
agn-pc-000r4u,O=[N+]([O-])c1ccccc1Cc1ccccc1[N+](=O)[O-],258.2295,601.37,864.04,152778.82658642798,,1148.0814,3052409.9,,
2-butynedinitrile,N#CC#CC#N,76.0562,293.65,349.65,161065.10711815735,444637.78201186407,749.37094,4492233.8,,
"n,n-dimethyl-1,3-propanediamine",CN(C)CCCN,102.17806,208.15,402.15,165632.42637411592,416252.20497786434,593.3,3586000,299.15,
1-methyl-4-nitro-1h-imidazole-5-carbonitrile,Cn1cnc([N+](=O)[O-])c1C#N,152.11086,414.65,658.02,173307.80984342605,,915.31527,4553062.3,,
5-cholesten-3-one,CC(C)CCC[C@@H](C)[C@H]1CC[C@H]2[C@@H]3CC=C4CC(=O)CC[C@]4(C)[C@H]3CC[C@]12C,384.63766,400.15,927.89,79474.79713764897,199509.3118110528,1161.688,1061710.8,,
l-cysteine,N[C@@H](CS)C(=O)O,121.15818,513.15,548.7,159997.45126577505,517038.87987907015,783.04081,6027931,,-2.49
sodium cyanide,[C-]#N.[Na+],49.00717,835.15,1769.15,179361.50975459305,4591415.829094322,2900,23760000,,
(±)-pantothenic acid,CC(C)(CO)C(O)C(O)=NCCC(=O)O,219.23498,456.98,824.65,,,1104.1579,3121001.2,,
retinol,CC1=C(/C=C/C(C)=C/C=C/C(C)=C/CO)C(C)(C)CCC1,286.4516,336.65,794.69,125022.866,264966.87422861875,1002.5647,1511673.7,,5.68
folic acid,N=c1nc(O)c2nc(CNc3ccc(C(=O)N[C@@H](CCC(=O)O)C(=O)O)cc3)cnc2[nH]1,441.39746,523.15,1517.23,194720.19616968345,,1866.8182,3015644.3,,
biotin,O=C(O)CCCC[C@@H]1SC[C@@H]2N=C(O)N[C@@H]21,244.31064,504.15,804.01,193552.7654464824,386349.1659206703,1049.3115,3329682.9,,
citric acid,O=C(O)CC(O)(CC(=O)O)C(=O)O,192.12352,426.15,659,199866.21107087776,511226.5349328186,822,3798000,,-1.64
buckminsterfullerene,c12c3c4c5c1c1c6c7c2c2c8c3c3c9c4c4c%10c5c5c1c1c6c6c%11c7c2c2c7c8c3c3c8c9c4c4c9c%10c5c5c1c1c6c6c%11c2c2c7c3c3c8c4c4c9c5c1c1c6c2c3c41,720.642,2343.7,2058.8,198101.1376,,3046.4364,1514027.5,,
3-hydroxypropionitrile,N#CCCO,71.0779,227.15,491.15,128309.92474454084,793934.4223467979,692.3,4830000,,-0.94
d-sorbitol,OC[C@@H](O)[C@@H](O)[C@H](O)[C@@H](O)CO,182.17176,378.15,704,119294.01132206222,648103.0697489729,868,4640000,,-2.2
perchloric acid,[O-][Cl+3]([O-])([O-])O,100.45854,256.15,385,148449.3005771336,279505.1800520056,631,3860000,,
pentaerythritol,OCC(CO)(CO)CO,136.14638,532.4,631,35256.170601083926,770710.3955573357,780,4780000,523.7684914,-1.69
tetryl,CN(c1c([N+](=O)[O-])cc([N+](=O)[O-])cc1[N+](=O)[O-])[N+](=O)[O-],287.1433,404.65,1021.18,192325.5740252341,,828,2610000,,
octogen,O=[N+]([O-])N1CN([N+](=O)[O-])CN([N+](=O)[O-])CN([N+](=O)[O-])C1,296.15512,551.15,963.92,197896.2916460806,390683.3042,1030,2500000,,
capsaicin,COc1cc(CN=C(O)CCCC/C=C/C(C)C)ccc1O,305.41188,338.65,853.9,151847.40030414012,,1066.7097,1792421.8,,
2-[(3-methylbutoxy)methyl]oxirane,CC(C)CCOCC1CO1,144.21143999999998,231.66,438.31,140453.48968153985,,620.55751,2847480.9,,
sodium hydroxide,[Na+].[OH-],39.99711,596.15,1661.15,165011.92211137255,5087057.868022766,2820,25000000,,
brn 1645742,O=[N+]([O-])/C=C1\Cc2ccccc2CCN1,204.22518,526.81,709.92,156866.06323470984,,982.67744,3547305.6,,
l-alanyl-l-alanine,C[C@H](N)C(O)=N[C@@H](C)C(=O)O,160.17108000000002,553.15,658.08,164124.5098678238,496127.7244084896,872.77833,4130292.6,,
hydrogen,[HH],2.01588,13.99,20.36890851,59527.35281862015,448710.7507670659,33.145,1296400,,
acridine,c1ccc2nc3ccccc3cc2c1,179.21725999999998,381.65,620.05,124173.30786108438,308977.52750843694,905.15,3600077,,3.4
"4-methylthiomorpholine-1,1-dioxide",CN1CCS(=O)(=O)CC1,149.21134,359.15,,,,,,,
mild aconitate,CCN1CC2(COC)C(O)CC(OC)C34[C@@H]5C[C@]6(O)C(OC)C(O)[C@](OC(C)=O)(C(C(OC)[C@H]23)[C@@H]14)[C@H]5C6OC(=O)c1ccccc1,645.73708,1052.95,1498.67,123717.53531638604,,2027.7595,934057.07,,
ferrocene,[Fe+2].c1cc[cH-]c1.c1cc[cH-]c1,186.0314,445.65,522.15,,,,,,
2-methyl-1-buten-3-yne,C#CC(=C)C,66.10114,160.15,306.15,137531.6673812282,378893.5916387989,492,4380000,219.15,
17-alpha-allyl-19-nortestosterone,C=CC[C@]1(O)CC[C@H]2[C@@H]3CCC4=CC(=O)CC[C@@H]4[C@H]3CC[C@@]21C,314.4617,367.15,880.35,79128.87324593106,283682.33842203097,1114.0785,1772853.2,,
taurine,NCCS(=O)(=O)O,125.14688,601.15,,,,,,,
2-deoxy-β-d-erythro-pentofuranose,OC[C@H]1O[C@@H](O)C[C@@H]1O,134.1305,364.15,623.43,186579.4878867968,,796.59529,5765386.8,,
ribose,O=C[C@H](O)[C@H](O)[C@H](O)CO,150.12990000000002,361.15,730.06,111756.55215916348,,900.87462,6588379.2,,-2.32
8007-56-5,Cl.O=[N+]([O-])O,99.47378,231.15,381.15,,425790.8240563968,560.65464,6800547.1,,
"butanoic acid, 4-amino-2-hydroxy-4-oxo-",N=C(O)CC(O)C(=O)O,133.10268,420.65,654.77,177456.9828346056,688714.0187593078,858.01556,5981401.4,,
l-glutamic acid,N[C@@H](CCC(=O)O)C(=O)O,147.12926,485.65,591,208428.96919348327,501556.90395799937,782,4130000,,-3.69
2-cyano-n-(ethylcarbamoyl)acetamide,CCN=C(O)N=C(O)CC#N,155.15456,440.15,647.04,168850.9831744552,484920.89138705935,855.54455,3598560.4,,
"2,2-dimethyl-1-nitrobutane",CCC(C)(C)C[N+](=O)[O-],131.17291999999998,303.41,442.15,116205.38751443516,306523.86060315504,638.11,3217000,,
d-lysine,NCCCC[C@@H](N)C(=O)O,146.18756,497.15,627.01,193655.3288,,838.53743,3990599.7,,
methyl n-(iminomethoxymethyl)carbamate,COC(=N)N=C(O)OC,132.11792,317.65,589.04,,,,,,
d-glutamine,N=C(O)CC[C@@H](N)C(=O)O,146.1445,457.65,658,186931.4274570716,563062.0662927498,879.85854,4931511.2,,
d-arginine,N=C(N)NCCC[C@@H](N)C(=O)O,174.20095999999998,508.15,776.1,,550476.1885445797,1010.1283,3782325.6,,
2-methyl-l-serine,C[C@](N)(CO)C(=O)O,119.11916,441.94,598.11,152200.53600109337,647163.4789614889,801.30258,5527839.6,,
trans-2-amino-5-methyl-4-phenyl-1-pyrroline,C[C@H]1NC(=N)C[C@@H]1c1ccccc1,174.24226000000002,414.89,400.35,140385.0018933409,382431.3721766446,875.63418,3392027.9,,
acetonitrile,CC#N,41.05192,226.65,354.75,198772.67616228425,735567.2654901212,545.5,4850000,275.15,-0.34
potassium nitrate,O=[N+]([O-])[O-].[K+],101.1032,607.15,673.15,94952.48419436772,,,,,
boric acid,OB(O)O,61.83302,444.05,,360648.7278156558,,289.8,4053000,,
borax (b4na2o7.10h2o),O.O.O.O.O.O.O.O.O.O.O=BOB([O-])OB([O-])OB=O.[Na+].[Na+],381.37214,348.15,593.15,,,3030,,,
"4-hydroxy-3,5-dimethyl-1,2,4-triazole",Cc1nnc(C)n1O,113.11788,454.81,510.56,196388.05111976992,,749.13862,6852769.6,,
picric acid,O=[N+]([O-])c1cc([N+](=O)[O-])c(O)c([N+](=O)[O-])c1,229.10392,395.4,909.66,193907.63807096795,,1209.0243,5845000,423.15,1.33
chloride,[Cl-],35.453,520.65,236.33,46117.39486080162,572003.7651332412,397.84705,6818859.1,,
osmium tetroxide,[O].[O].[O].[O].[Os],254.2276,313.75,404.35,56248.81012132436,140866.11412174487,678,5414000,,
(r)-(+)-2-[(1-phenylethyl)amino]ethanol,C[C@@H](NCCO)c1ccccc1,165.2322,327.36,596.99,129278.67570606698,,794.26242,3325843.5,,
635-65-4,C=CC1=C(C)C(=Cc2[nH]c(Cc3[nH]c(C=C4NC(=O)C(C)=C4C=C)c(C)c3CCC(=O)O)c(CCC(=O)O)c2C)NC1=O,584.6621399999999,1571.99,1716.66,190020.85546363585,,2221.3791,1105208.8,,
4-vinylphenol,C=Cc1ccc(O)cc1,120.14852,346.4,502,125011.94355119814,408653.6193571456,736,4520000,,
hydrazine,NN,32.04516,275.15,386.7,395067.46104559937,1274284.6770695578,653,14692125,311.15,-2.07
3-(2-nitro-1-propen-1-yl)phenol,CC(=Cc1cccc(O)c1)[N+](=O)[O-],179.17266,370.15,668.7,162653.16371370497,,931.63527,4255158,,
6-azacytidine,N=c1cnn([C@@H]2O[C@H](CO)[C@@H](O)[C@H]2O)c(O)n1,244.20468,488.15,970.84,191601.56963412825,,1196.5157,6141842.2,,
methyl isocyanate,CN=C=O,57.05132,210.65,311.45,,512181.57027727616,491,5572875,238.15,
tartaric acid,O=C(O)C(O)C(O)C(=O)O,150.08684,442.15,765.62,183440.4668657159,469815.6937,828,5180000,483.15,
sodium chloride,[Cl-].[Na+],58.44277,1077.15,1738.15,481838.8998331188,3339850.380923528,3400,35500000,,
lipoamide,N=C(O)CCCCC1CCSS1,205.3408,401.15,619.98,119416.11214137668,307912.75144354074,859.20705,3468363.7,,
glutathione,N[C@@H](CCC(O)=N[C@@H](CS)C(O)=NCC(=O)O)C(=O)O,307.32348,467.4,1062.01,187200.1449417402,498694.33692778106,1304.7704,3415859.4,,
ac1l3jjh,[CH]1CO1,43.04462,161.43,283.3,153096.94916577262,585985.8992125298,464.24662,6524672.4,,
dl-thioctic acid,O=C(O)CCCCC1CCSS1,206.32556,327.275,435.65,135068.09335692582,188282.7111626235,873.48067,3345107,,
ethylene carbonate,O=C1OCCO1,88.06206,310.9,519.15,,569528.7721,794.82,6141840,,
(s)-3-hydroxy-γ-butyrolactone,O=C1C[C@H](O)CO1,102.08864,255.93,448.26,124480.05968146896,354114.16662368475,830.6,5397000,,
chloroform,ClC(Cl)Cl,119.37764,210.15,334.35,79579.39192,247117.7344211396,536.2,5330000,,1.97
5-nitro-m-xylene,Cc1cc(C)cc([N+](=O)[O-])c1,151.16255999999998,347.15,547.15,139584.82841253813,332834.4796409763,787.7,3313000,,
nonylphenol,CC(C)CC(C)CC(C)c1ccc(O)cc1,220.35046000000003,275.15,568.15,108286.59037063048,282968.5516164794,770,2070000,,
"2-propenoic acid, 2-methyl-, butyl ester, polymer with ethenylmethylbenzene and methyl 2-methyl-2-propenoate",C=C(C)C(=O)OC.C=C(C)C(=O)OCCCC.C=Cc1ccccc1C,360.48708,362.62,843.66,116337.04042874437,,1053.8505,1079221.8,,
5-hydroxydeoxycytidine,N=c1nc(O)n(C2CC(O)C(CO)O2)cc1O,243.21662000000003,738.21,933.13,184469.30148112407,,1162.9495,6075005.7,,
68715-88-8,Nc1cc([N+](=O)[O-])ccc1NC(CO)CO,227.21722000000003,628.82,900.62,170053.13241663636,,1120.79,4403251.5,,
deoxyisoguanosine,Nc1nc(O)nc2c1ncn2[C@H]1C[C@H](O)[C@@H](CO)O1,267.24132,862.31,998.17,201724.0447697235,,1239.8436,5627813.6,,
uridine,O=c1nc(O)ccn1[C@@H]1O[C@H](CO)[C@@H](O)[C@H]1O,244.20138,438.15,926.02,172701.72674699873,616660.2148169368,1142.5715,5160853.5,,-1.98
3'-deoxyadenosine,Nc1ncnc2c1ncn2[C@@H]1O[C@H](CO)C[C@H]1O,251.24192,498.65,934.66,203664.2611,,1169.6156,5438518.6,,
nifurdazil,O=C1N(CCO)CCN1/N=C/c1ccc([N+](=O)[O-])o1,268.22608,467.65,908.39,,,1144.2784,3306746,,
purine 3-oxide,On1cncc2ncnc1-2,136.11146000000002,557.8,601.14,200945.60737207576,,877.43595,9192452.3,,
2'-deoxyuridine,O=c1nc(O)ccn1[C@H]1C[C@H](O)[C@@H](CO)O1,228.20198,436.15,838.51,162202.79946738412,537743.6646957094,1058.0549,4749689,,-1.51
oxirane,C1CO1,44.05256,161.8,283.6595561,117359.80837436007,578063.7087249685,468.92,7304700,253.15,-0.3
"1(2h)-pyrimidineacetic acid, 3-butyltetrahydro-2,4,6-trioxo-",CCCCN1C(=O)CC(=O)N(CC(=O)O)C1=O,242.22856,651.32,817.93,129361.2941430193,411186.5458072894,1045.0213,3086419.8,,
4-amino-6-methoxypyrimidine,COc1cc(N)ncn1,125.12858,423.65,548.01,151995.65119335646,,801.93202,5569169.1,,
"1-propanamine, n,2-dimethyl-n-nitro-",CC(C)CN(C)[N+](=O)[O-],132.16098,295.65,477.84,148039.1564893057,344513.9713906072,684.32593,3543083.9,,
l-citrulline,N=C(O)NCCC[C@H](N)C(=O)O,175.18572,487.15,731.05,199833.63940850887,547227.7944803128,948.2769,4403251.5,,-3.19
ammonium nitrate,N.O=[N+]([O-])O,80.04336,442.85,508.15,73210.32000655645,801726.2605352077,737.94166,9750597.3,,
acetoxyacetic acid,CC(=O)OCC(=O)O,118.08804,340.65,494.85,174683.2278696471,527316.4585,764,4320000,,
"cis-1,3-pentadiene",C=C/C=C\C,68.11702,159.05,317.15,82798.68966669418,391408.0720157165,488,3989996,,2.4
coenzyme q10,COC1=C(OC)C(=O)C(C/C=C(\C)CC/C=C(\C)CC/C=C(\C)CC/C=C(\C)CC/C=C(\C)CC/C=C(\C)CC/C=C(\C)CC/C=C(\C)CC/C=C(\C)CCC=C(C)C)=C(C)C1=O,863.3435000000001,322.15,1812.86,151195.90290539048,147147.31193503685,3030.7453,275385.93,,
dimethylbellidifolin,COc1cc(OC)c2c(=O)c3c(O)ccc(OC)c3oc2c1,302.27876000000003,684.42,893.73,130121.6135728491,,1139.5808,2755561.1,,
naphthalene,c1ccc2ccccc2c1,128.17052,353.35,491.15,148318.03756433225,336834.7726109612,748.4,4050000,350.15,3.34
benomyl,CCCCN=C(O)n1c(N=C(O)OC)nc2ccccc21,290.31772,413.15,841.43,172190.66063208267,,1059.89,2515067.8,,2.12
cystine,NC(CSSCC(N)C(=O)O)C(=O)O,240.30048,513.15,909.64,179733.30723267802,534643.7909943068,1160.349,4743149,,
anandamide,CCCCC/C=C\C/C=C\C/C=C\C/C=C\CCCC(O)=NCCO,347.5346800000001,480.79,915.82,185103.82906246933,245523.6241890005,1121.2347,1145985.2,,
l-homocysteine,N[C@@H](CCS)C(=O)O,135.18475999999998,505.15,571.58,162555.30579038645,480267.8458549534,801.37286,5220689,,
hexane,CCCCCC,86.17536,178.075,341.8656166,151783.52605663615,335139.99059591285,507.82,3044100,251.15,4
tetraethyllead,[CH2]C.[CH2]C.[CH2]C.[CH2]C.[Pb],323.4444,406.74,456.15,,129259.08414631998,655,2125000,366.48333,4.15
tabun,CCOP(=O)(C#N)N(C)C,162.126801,223.15,513.15,,304699.45021955285,698.03747,2609436,,0.38
paroxetine,Fc1ccc([C@@H]2CCNC[C@H]2COc2ccc3c(c2)OCO3)cc1,329.3654032,403.15,853.05,156868.32769325908,,1103.8572,2173428.7,,
acetyl-β-alanine,CC(O)=NCCC(=O)O,131.12986,351.15,628.25,,,827.61369,3824546.6,,
"2-propenoic acid, 3-(4-(((4-methoxyphenyl)methylene)amino)phenyl)-2-methyl-, propyl ester",CCCOC(=O)C(C)=Cc1ccc(N=Cc2ccc(OC)cc2)cc1,337.41222,328.15,904.76,,,1139.7929,1411184.8,,
electrocorundum,[Al].[Al].[O].[O].[O],101.961276,2327.15,3250.15,1089629.3608565668,6160107.015154247,5335,195320000,,
fentanyl,CCC(=O)N(c1ccccc1)C1CCN(CCc2ccccc2)CC1,336.47052,356.15,850.35,125996.17939782658,,1082.639,1694903.5,,4.05
triprolidine,Cc1ccc(/C(=C\CN2CCCC2)c2ccccn2)cc1,278.39138,333.15,778.52,124551.27022970322,,1032.7867,2161320.5,,3.92
trifluoperazine,CN1CCN(CCCN2c3ccccc3Sc3ccc(C(F)(F)F)cc32)CC1,407.4955696,298.15,479.15,117387.77932470557,227992.18351957435,1065.9919,1674162.5,,5.03
halothane,FC(F)(F)C(Cl)Br,197.38154960000003,155.15,323.15,44183.46100571904,139608.50167206794,495,3951675,,2.3
6-acetylmorphine,CC(=O)O[C@H]1C=C[C@H]2[C@H]3Cc4ccc(O)c5c4[C@@]2(CCN3C)[C@H]1O5,327.37434,664.14,866.61,152779.23126168043,,1106.0753,2367970.8,,
"ethane-1,1-diol",CC(O)O,62.06784,218.94,429.28,90046.63284560892,,592.50932,6740706.6,,
ac1ldmdx,COC(=O)C1=CCC23CCC(C(C)(C=CC=C(C)C(=O)O)OC2=O)C3(OC(C)=O)CC1,432.4636200000001,416.65,1083.16,117663.07649184456,255271.9297809459,1331.0211,1423994.3,,
hyoscyamine,CN1C2CCC1CC(OC(=O)C(CO)c1ccccc1)C2,289.36942,387.15,790.72,127943.71983051977,,1000.2405,2135430.7,,1.83
octane,CCCCCCCC,114.22852,216.3,398.7937551,181478.3208256572,301481.3280256889,568.74,2483590,286.15,5.15
vancomycin,CN[C@H](CC(C)C)C(O)=N[C@H]1C(O)=N[C@@H](CC(=N)O)C(O)=N[C@H]2C(O)=N[C@H]3C(O)=N[C@H](C(O)=N[C@H](C(=O)O)c4cc(O)cc(O)c4-c4cc3ccc4O)[C@H](O)c3ccc(c(Cl)c3)Oc3cc2cc(c3O[C@@H]2O[C@H](CO)[C@@H](O)[C@H](O)[C@H]2O[C@H]2C[C@](C)(N)[C@H](O)[C@H](C)O2)Oc2ccc(cc2Cl)[C@H]1O,1449.2536,3360.45,4040.45,173799.11976758242,,-4406.6773,698389.57,,
heptane,CCCCCCC,100.20194,182.15,371.5503605,140017.24916703207,316686.7118,540.2,2735730,266.15,4.5
lime,[Ca].[O],56.0774,2886.15,3123.15,1426599.664035779,,6020,,,
thioflavine t,Cc1ccc2c(c1)SC(=C1C=CC(=[N+](C)C)C=C1)N2C.[Cl-],318.86416,484.65,779.4,120116.9802212955,,1024.4757,2098420.5,,
cyclosporin a,CC=CCC(C)C(O)C1C(O)=NC(CC)C(=O)N(C)CC(=O)N(C)C(CC(C)C)C(O)=NC(C(C)C)C(=O)N(C)C(CC(C)C)C(O)=NC(C)C(O)=NC(C)C(=O)N(C)C(CC(C)C)C(=O)N(C)C(CC(C)C)C(=O)N(C)C(C(C)C)C(=O)N1C,1202.6112400000002,422.65,2801.2,121429.93108895273,728663.9148270182,18378.378,270249.17,,
linolenic acid,CC/C=C\C/C=C\C/C=C\CCCCCCCC(=O)O,278.4296,256.65,504.15,190802.27102290848,311057.8020623955,780,1440000,,6.46
sulfur,[S],32.065,286.405,717.76,53672.22828629347,277285.8601259757,1314,11753700,,
ibuprofen,CC(C)Cc1ccc(C(C)C(=O)O)cc1,206.28082,349.15,673.33,126890.1296785615,210471.10658761807,765,2980000,,3.97
fluoride,[F-],18.9984032,376.65,198.17,27265.449340500367,892809.9753739025,333.28944,6729651.7,,
sodium bicarbonate,O=C([O-])O.[Na+],84.00661,800.15,,297595.62967723614,,,,,
sodium carbonate,O=C([O-])[O-].[Na+].[Na+],105.98844,1129.15,1873.15,280219.2390038008,,,,,
isobutylene oxide,CC1(C)CO1,72.10571999999999,207,324.15,82268.09190727172,374395.0518,500,4400000,241.15,
choline,C[N+](C)(C)CCO,104.17076,505.65,,,,,,,
chlorine dioxide,[O][Cl+][O-],67.4518,214.15,284.15,131694.03929917363,400758.1668714061,465,8611612,,
tacrolimus,C=CC[C@@H]1/C=C(\C)C[C@H](C)C[C@H](OC)[C@H]2O[C@@](O)(C(=O)C(=O)N3CCCC[C@H]3C(=O)O[C@H](/C(C)=C/[C@@H]3CC[C@@H](O)[C@H](OC)C3)[C@H](C)[C@@H](O)CC1=O)[C@H](C)C[C@@H]2OC,804.0181600000001,399.15,1917.68,118081.90999068976,152891.17182667414,3018.3987,543864.17,,
potassium chloride,[Cl-].[K+],74.5513,1044.15,1689,352508.94350601535,1682931.7387002048,3470,18000000,,
"2-methyl-5h-dibenz[b,f]azepine-5-carboxamide",Cc1ccc2c(c1)C=Cc1ccccc1N2C(=N)O,250.29516,356.65,779.12,137094.14117316532,,1028.787,2937698.8,,
pentamidine,N=C(N)c1ccc(OCCCCCOc2ccc(C(=N)N)cc2)cc1,340.41946,730.31,1056.22,,,,,,
ethane,CC,30.06904,90.3,184.5685878,90458.49152,489404.93146588415,305.322,4872200,244.15,1.81
diallyl maleate,C=CCOC(=O)/C=C\C(=O)OCC=C,196.19988,226.15,382.15,142895.09249445004,342792.4523587708,693,2330000,,
cyclooctatetraene,C1=C\C=C/C=C\C=C/1,104.14912,268.45,413.15,76121.62253507279,334513.5603505323,641.4,4420000,,3.08
"rel-(1r,3s,5r,7s)-3,8,8-trimethyl-4-oxatricyclo[5.1.0.03,5]octane",CC1(C)[C@@H]2C[C@]3(C)O[C@@H]3C[C@@H]21,152.23344,325.69,462.44,103039.12202207348,,676.78528,3093289.9,,
37437-17-5,CN=C(O)N(CCO)CCO,162.18696,414.08,637.72,179983.64356789226,551707.9725,806.07505,4238552.5,,
18270-61-6,N#CC(C#N)=C(Cl)c1ccccc1,188.6131,355.78,700.59,108624.48048412333,,959.30306,2853568.6,,
l-lactic acid,C[C@H](O)C(=O)O,90.07794,326.15,398.15,158018.71135152513,686939.8837,694.80792,5765386.8,,
glycerol,OCC(O)CO,92.09382,291.15,562.15,198710.4020660669,717057.2202078819,850,7500000,446.9892132,-1.76
c5o2,O=C=C=C=C=C=O,92.0523,215.56,307.95,325554.0600289183,349360.5689396869,494.76759,9764251.9,,
butane,CCCC,58.1222,135.05,272.6599005,80175.90524790871,385708.5574637104,425.125,3796000,213.15,2.89
131457-46-0,CC(C)(C1=N[C@@H](c2ccccc2)CO1)C1=N[C@@H](c2ccccc2)CO1,334.41158,626.27,930.35,139301.39620165067,,1215.992,2129522.2,,
ethanedinitrile,N#CC#N,52.0348,245.25,252.05,155857.23400493513,449901.2761787055,400,6000000,,0.07
gossypol,Cc1cc2c(C(C)C)c(O)c(O)c(C=O)c2c(O)c1-c1c(C)cc2c(C(C)C)c(O)c(O)c(C=O)c2c1O,518.5544,472.15,,,,,,,
succinylcholine chloride,C[N+](C)(C)CCOC(=O)CCC(=O)OCC[N+](C)(C)C.[Cl-].[Cl-],361.305,463.15,,,,,,,
mifepristone,CC#C[C@]1(O)CC[C@H]2[C@@H]3CCC4=CC(=O)CCC4=C3[C@@H](c3ccc(N(C)C)cc3)C[C@@]21C,429.5937,466.65,1133.6,107196.63719463296,,1397.52,1400641.8,,
edetic acid,O=C(O)CN(CCN(CC(=O)O)CC(=O)O)CC(=O)O,292.24264,518.15,1035.32,233607.25183703515,,809,2230000,,
cis-crotononitrile,C/C=C\C#N,67.08919999999999,200.55,379.15,116620.85700828151,465075.7150422051,568,3880000,288.65,
nitron,c1ccc(N=c2[n-][n+](-c3ccccc3)cn2-c2ccccc2)cc1,312.36784,460.15,905.55,,,1182.8062,2318072.5,,
2-hydroxy-2-methylpropanamide,CC(C)(O)C(=N)O,103.11976,366.65,556.59,,435137.94829216966,771.7,5342000,,
haloperidol,O=C(CCCN1CCC(O)(c2ccc(Cl)cc2)CC1)c1ccc(F)cc1,375.8642232,423.25,954.11,109273.50214480322,,1185.0841,1880534.9,,4.3
fluphenazine,OCCN1CCN(CCCN2c3ccccc3Sc3ccc(C(F)(F)F)cc32)CC1,437.5215496,721.85,544.15,124595.00577705944,282122.4172465602,1181.3864,1668695.8,,4.36
quetiapine,OCCOCCN1CCN(C2=Nc3ccccc3Sc3ccccc32)CC1,383.5071,445.65,1015.64,131481.26853453298,,1257.232,2135430.7,,
olanzapine,Cc1cc2c(s1)=Nc1ccccc1NC=2N1CCN(C)CC1,312.43249999999995,468.15,859.62,143605.41877045445,,1125.4986,2752670.4,,
74240-66-7,CCCCCC1COC(c2ccc(C#N)cc2)OC1,259.34344,330.15,768.2,158932.10948385662,,998.48004,1875651.4,,
nitrogen oxide (n2o4),O=[N+]([O-])[N+](=O)[O-],92.011,263.85,294.3,159220.09324972014,358418.9162790769,431,10132500,,
ac1l1hjo,CC[C@H]1OC(=O)[C@H](C)[C@@H](OC2CC(C)(OC)C(O)C(C)O2)[C@H](C)[C@@H](OC2OC(C)CC(N(C)C)C2O)[C@](C)(OC)C[C@@H](C)C(=O)[C@H](C)[C@@H](O)[C@]1(C)O,747.9533600000001,493.15,1734.76,131310.3266225049,151787.94429391585,2768.0415,583162.43,,3.16
mefloquine,O[C@@H](c1cc(C(F)(F)F)nc2c(C(F)(F)F)cccc12)[C@H]1CCCCN1,378.3121592,451.35,851.86,106946.07354296216,,1066.3576,2029056.1,,
diethylcarbamazine,CCN(CC)C(=O)N1CCN(C)CC1,199.29324,321.15,535.27,136893.7552,267200.8215836883,721.49067,2676309.2,,
phosphoric acid,O=P(O)(O)O,97.995181,304.325,680.15,136741.41792747955,663738.4093349766,1030,5070000,,
silane,[SiH4],32.11726,88.15,161.25,,431919.97838568187,269,4855494,,
1-butyl-4-hydroxy-2(1h)-quinolinone,CCCCn1c(=O)cc(O)c2ccccc21,217.2637,485.15,700.15,136598.98086979098,,933.55325,3195540.6,,
aluminum hydroxide,[Al+3].[OH-].[OH-].[OH-],78.003558,573.15,,,,,,,
magnesium hydroxide,[Mg+2].[OH-].[OH-],58.31968,623.15,,,,,,,
cortisone,C[C@]12CCC(=O)C=C1CC[C@@H]1[C@@H]2C(=O)C[C@@]2(C)[C@H]1CC[C@]2(O)C(=O)CO,360.44402,496.65,1097.78,69530.90801728379,367257.4108484935,1348.2336,2100344.4,,1.47
vx (van),CCOP(C)(=O)SCCN(C(C)C)C(C)C,267.36840099999995,222.15,571.15,,193050.9715769748,739.47438,1602589.5,,2.09
sodium nitrate,O=[N+]([O-])[O-].[Na+],84.99467,579.65,653.15,182364.37649560848,,1321,,,
citalopram,CN(C)CCCC1(c2ccc(F)cc2)OCc2cc(C#N)ccc21,324.3919432,455.65,451.15,129146.24076890454,266885.8546206525,1106.9057,1697698,,
"8-(phenylmethyl)-1,4-dioxa-8-azaspiro[4.5]decane",c1ccc(CN2CCC3(CC2)OCCO3)cc1,233.30616,323.15,644.14,118458.08100394778,,891.92781,2960117.7,,
"1,3-butadiyne",C#CC#C,50.05868,236.75,283.15,241037.1188373325,460204.79380646185,478.02,5863000,,
2-chlorovinyldichloroarsine,Cl/C=C/[As](Cl)Cl,207.31788,273.25,463.15,,181569.2693149197,715.84496,3585186.1,,
streptomycin,CN[C@@H]1[C@H](O[C@H]2[C@H](O[C@H]3[C@H](O)[C@@H](O)[C@H](NC(=N)N)[C@@H](O)[C@@H]3NC(=N)N)O[C@@H](C)[C@]2(O)C=O)O[C@@H](CO)[C@H](O)[C@H]1O,581.5740599999999,467.15,1964.73,,290262.80636450683,3824.2473,1910240.1,,
sodium hypochlorite,[Na+].[O-]Cl,74.44217,291.15,,,,,,,
atomic chlorine,[Cl],35.453,136.05,236.33,46117.39486080162,572003.7651332412,397.84705,6818859.1,,
2-ethylaniline,CCc1ccccc1N,121.17964,226.65,486.15,126465.1388632612,368430.4493870238,704,3740000,358.15,1.74
peroxyacetyl nitrate,CC(=O)OO[N+](=O)[O-],121.04892,224.65,377.05,,342289.28131162835,523.08273,4360678.6,,
iron oxide (fe2o3),[Fe+3].[Fe+3].[O-2].[O-2].[O-2],159.6882,1812.15,2260.15,544811.7018038904,,,,,
titanium dioxide,[O].[O].[Ti],79.8658,2116.15,3023.15,,6605037.404405177,4763.5628,79204073,,
xylitol,OCC(O)C(O)C(O)CO,152.14578,369.05,653.15,122100.00172203264,490148.6781284143,947.80418,6785199.6,,
oxytocin acetate salt hydrate,CCC(C)C1N=C(O)C(Cc2ccc(O)cc2)N=C(O)C(N)CSSCC(C(=O)N2CCCC2C(O)=NC(CC(C)C)C(O)=NCC(=N)O)N=C(O)C(CC(=N)O)N=C(O)C(CCC(=N)O)N=C1O,1007.18734,2422.39,2760.04,155503.34459128525,,5860.6464,875837.66,,
potassium oxide,[K+].[K+].[O-2],94.196,1013.15,,286636.37521763134,,,,,
silicon carbide,[C-]#[Si+],40.0962,3103.15,,,,,,,
isoestradiol,C[C@]12CC[C@@H]3c4ccc(O)cc4CC[C@@H]3[C@@H]1CC[C@@H]2O,272.38196,454.15,835.56,117291.17449628456,,1070.1576,2576721.9,,
silver nitrate,O=[N+]([O-])[O-].[Ag+],169.8731,483.15,,68992.67747512703,,,,,
nickel tetracarbonyl,[C-]#[O+].[C-]#[O+].[C-]#[O+].[C-]#[O+].[Ni],170.7338,253.85,316.15,,109340.5870513155,452.55,3040000,253.15,
4-(hydroxymethyl)benzoic acid,O=C(O)c1ccc(CO)cc1,152.14731999999998,454.65,651.99,160101.40697844696,508347.6934819048,814.4,4510000,,0.93
carbon suboxide,O=C=C=C=O,68.0309,166.15,279.95,301745.2363558324,363482.2835788687,431.8,5119000,,
dehydroabietic acid,CC(C)c1ccc2c(c1)CCC1C(C)(C(=O)O)CCCC21C,300.43512000000004,445.15,856.74,93144.90263322076,,828,1750000,,
sulfur trioxide,O=S(=O)=O,80.0632,301.325,317.65,107415.14203779017,508879.2966924007,491,8207325,,
fumaryl,O=C=C=C=C=O,80.0416,197.78,281.8,315435.9732938872,366051.0183929215,454.43257,9841899.7,,
"1-butyne-1,4-diol",OC#CCCO,86.08924,362.58,484.48,202278.4728962644,,597.8,6318859.8,,
"9,10-anthracenedione, 1,7-dihydroxy-",O=C1c2ccc(O)cc2C(=O)c2c(O)cccc21,240.21092,711,887.26,121018.6447810116,,1170.6776,4931511.2,,
fenamidone,CSC1=N[C@@](C)(c2ccccc2)C(=O)N1Nc1ccccc1,311.40138,645.08,910.22,113474.1278282068,,1191.5336,2761356.1,,
b 108,Cc1c(Cl)cccc1-n1c(C)nc2ccccc2c1=O,284.74022,598.09,820.92,118964.57760691484,,1086.0224,2613739.5,,
nitric oxide,[N]=O,30.0061,109.55,121.41,76651.08094687414,450783.74360101926,180,6484800,,
potassium hydroxide,[K+].[OH-],56.10564,679.15,1600.15,140805.8084713052,3620922.565380621,2624,21488000,,
warfarin,CC(=O)CC(c1ccccc1)c1c(O)c2ccccc2oc1=O,308.32794,434.15,896.21,132599.0762,,1141.3359,2472725.2,,2.6
potassium bicarbonate,O=C([O-])O.[K+],100.11514,373.15,,,,,,,
potassium carbonate,O=C([O-])[O-].[K+].[K+],138.2055,1172.15,,199702.61675548367,,,,,
lead dinitrate,O=[N+]([O-])[O-].O=[N+]([O-])[O-].[Pb+2],331.2098,743.15,,,,,,,
arsine,[AsH3],77.94542,157.15,210.65,,208338.6642308559,373,6550000,,
methylene blue,CN(C)c1ccc2nc3ccc(N(C)C)cc3[s+]c2c1.[Cl-],319.85222,378.15,810.22,127712.10404604978,,1064.7882,2298113.1,,
4368-28-9,[NH2+]=C1NC(O)C2C3OC4([O-])O[C@@H](C(O)C2(N1)[C@@H]4O)C3(O)CO,319.26798,553.15,1141.94,204686.9842694529,672965.5894582613,1412.4376,8750736.2,,
tolnidamine,Cc1cc(Cl)ccc1Cn1nc(C(=O)O)c2ccccc21,300.73962,693.99,894.34,154974.5923067935,,1146.2803,2693001.3,,
fluvoxamine,COCCCC/C(=N\OCCN)c1ccc(C(F)(F)F)cc1,318.33464960000003,394.4,762.97,,,963.73048,1556123.5,,
carbon tetrachloride,ClC(Cl)(Cl)Cl,153.8227,250.15,349.85,16642.537154789246,193537.9096,556.3,4540000,,2.64
"1,3-dichlorobenzene",Clc1cccc(Cl)c1,147.00196,248.25,445.15,85713.14287238075,265667.8638154542,685.7,4200000,336.15,3.48
nitrogen triiodide,IN(I)I,394.72011,195.15,491.46,30388.62145,110990.49634778035,794.46726,6046695,,
tetrachloroethylene,ClC(Cl)=C(Cl)Cl,165.8334,251,394.35,65608.01382592409,210432.92146437475,611,4458300,318.15,2.88
bromomethane,CBr,94.93852,179.45,276.55,62988.13168774908,254703.37931080625,467,8265790,,1.19
dibromoacetylene,BrC#CBr,183.8294,256.65,386.68,79573.77873180242,201826.16852318897,631.21881,8087055.5,,
carbon disulfide,S=C=S,76.1407,161.15,319.35,57656.41765836143,354739.1188654012,552,7903350,243.15,1.94
diborane,,27.66964,108.3,180.66,,507116.6531079038,289.8,4053000,,
methanethiol,CS,48.10746,151.15,279.15,122849.96963048977,511016.4483399716,470,7230000,255.15,
diglycolic acid,O=C(O)COCC(=O)O,134.08744000000002,418.65,542.15,205761.2554911929,279860.23651995347,820,4420000,488.9948194,
disulfiram,CCN(CC)C(=S)SSC(=S)N(CC)CC,296.5392,343.65,,,,,,,3.88
alprazolam,Cc1nnc2n1-c1ccc(Cl)cc1C(c1ccccc1)=NC2,308.76492,502.275,902.36,143309.67390984704,,1188.4069,2953686.2,,2.12
basic copper carbonate,O=C([O-])[O-].[Cu+2].[Cu+2].[OH-].[OH-],221.11558,473.15,,,,,,,
"1,3-dichloro-5,5-diphenylimidazolidine-2,4-dione",O=C1N(Cl)C(=O)C(c2ccccc2)(c2ccccc2)N1Cl,321.1581,614.71,838.52,87125.31304675175,,1116.2124,2989321.2,,
nitromethane,C[N+](=O)[O-],61.04002,244.15,374.34,158912.1366605057,569844.9806355354,588,6100000,308.15,-0.33
cypermethrin,CC1(C)C(C=C(Cl)Cl)C1C(=O)OC(C#N)c1cccc(Oc2ccccc2)c1,416.2971600000001,353.15,1020.12,108657.9596171158,,1276.3466,1456791.6,,6
3088-15-1,O=C(c1ccccc1)c1cc(C(=O)c2ccccc2)c(O)cc1O,318.32276,424.15,1011.2,138394.12550959282,,1285.8175,3318184.7,,
magnesium sulfate,O=S(=O)([O-])[O-].[Mg+2],120.3676,1410.15,,121295.0993456711,,,,,
minocycline,CN(C)c1ccc(O)c2c1C[C@H]1C[C@H]3[C@H](N(C)C)C(=O)C(C(=N)O)=C(O)[C@@]3(O)C(=O)C1=C2O,457.47638000000006,1143.7,1453.4,136094.45803518858,,1840.492,2438652.6,,0.05
sodium cyclamate,O=S(=O)([O-])NC1CCCCC1.[Na+],201.21915,538.15,,,,,,,
potassium bromide,[Br-].[K+],119.0023,1007.15,1708.15,214449.6366876943,2655520.630619553,3520,11552000,,
nonyl 4-aminobenzoate,CCCCCCCCCOC(=O)c1ccc(N)cc1,263.3752,342.15,728.09,153446.4900263958,,929.66962,1771361.2,,
stercobilin,CCC1C(O)=NC(Cc2[nH]c(C=C3N=C(CC4N=C(O)C(C)C4CC)C(C)=C3CCC(=O)O)c(CCC(=O)O)c2C)C1C,594.74154,509.15,1670.57,193041.83797217192,,2169.5135,896410.77,,
"hydroperoxide, 4-phenylbutyl",OOCCCCc1ccccc1,166.21696,311.93,569.68,126178.45976728247,378117.6605157615,760.74817,3184729.6,,
metformin,CN(C)C(=N)NC(=N)N,129.16364,497.65,609.52,,545213.3611,836.80786,4720131.3,,
isoaminile,CC(CC(C#N)(c1ccccc1)C(C)C)N(C)C,244.37516,366.38,415.15,87177.43653,321173.1266452986,920.97106,1714611.5,,
neomycin,NC[C@@H]1O[C@H](O[C@H]2[C@@H](O)[C@H](O[C@@H]3[C@@H](O)[C@H](N)C[C@H](N)[C@H]3O[C@H]3O[C@H](CN)[C@@H](O)[C@H](O)[C@H]3N)O[C@@H]2CO)[C@H](N)[C@@H](O)[C@@H]1O,614.6437400000001,1390.11,1958.27,208462.22235989905,281208.6053910055,3894.1861,2032717,,
garamycin,CNC(C)C1CCC(N)C(OC2C(N)CC(N)C(OC3OCC(C)(O)C(NC)C3O)C2O)O1,477.59542,378.15,1389.71,171391.92833968133,282810.0541,1768.5401,1676905.9,,
2-chloro-6-methylbenzaldehyde,Cc1cccc(Cl)c1C=O,154.59358,310.15,,,,,,,
"2,6-dichloronicotinic acid",O=C(O)c1ccc(Cl)nc1Cl,191.99952,418.15,647.59,147052.45096446076,,902.14565,4583940.9,,
phosphorus,[P],30.973761,228.7,553.65,598571.1583427017,1448289.8495401335,994,8329000,,
"1-naphthalenecarboxaldehyde, decahydro-5-(5-hydroxy-3-methyl-3-penten-1-yl)-1,4a-dimethyl-6-methylene-, (1s,4ar,5s,8ar)-",C=C1CC[C@@H]2[C@](C)(CCC[C@]2(C)C=O)[C@H]1CCC(C)=CCO,304.46688,473.74,822.94,95517.77848546286,269168.4532614341,1031.7393,1584749.9,,
tristearin,CCCCCCCCCCCCCCCCCC(=O)OCC(COC(=O)CCCCCCCCCCCCCCCCC)OC(=O)CCCCCCCCCCCCCCCCC,891.4797000000001,328.15,1677.98,171591.11979779234,234489.5631853121,4487.5854,224977.5,,
methylhydrazine,CNN,46.071740000000005,220.75,356.15,226169.0138032555,786577.3193719226,567,8039997,296.15,-1.05
"2-propenoic acid, homopolymer, compd. with 2-amino-2-methyl-1-propanol",C=CC(=O)O.CC(C)(N)CO,161.19889999999998,441.25,664.83,131861.9419859565,493086.1292420323,868.74397,3547305.6,,
benzhydryl-diethyl-amine,CCN(CC)C(c1ccccc1)c1ccccc1,239.35534,331.65,653.92,114332.10556321828,,880.70569,2100344.4,,
chloral hydrate,OC(O)C(Cl)(Cl)Cl,165.40302,330.15,371.15,65089.50078420575,,728.89092,5827166.2,,0.99
n-(2-(5-methoxy-4-indolyl)ethyl)-acetamide,COc1ccc2[nH]ccc2c1CCN=C(C)O,232.27834,553.04,724.24,163863.7507052961,,947.61875,2778851.5,,
sodium metasilicate,O=[Si]([O-])[O-].[Na+].[Na+],122.06324,1362.15,,424370.1871259521,,,,,
methotrexate,CN(Cc1cnc2nc(=N)[nH]c(N)c2n1)c1ccc(C(=O)N[C@@H](CCC(=O)O)C(=O)O)cc1,454.43928000000005,468.15,1516.38,194809.30433654413,,1868.0031,2732562.2,,-1.85
benzophenone,O=C(c1ccccc1)c1ccccc1,182.2179,321.15,579.05,99825.53854478622,298035.2916436056,830,3350000,,3.18
41122-71-8,CCCCCCCc1ccc(-c2ccc(C#N)cc2)cc1,277.40332,304.15,822.6,131094.32143782562,,1049.9532,1561046,,
2-(benzyloxy)benzoic acid,O=C(O)c1ccccc1OCc1ccccc1,228.24328,350.15,746.19,135995.2415685579,,989.89759,2944078.1,,
"1,3-dimethyl 1,3-naphthalenedicarboxylate",COC(=O)c1cc(C(=O)OC)c2ccccc2c1,244.24268,378.65,691.98,127070.3384027722,,918.41119,2485067.2,,
diphenylacetylene,C(#Cc1ccccc1)c1ccccc1,178.2292,333.15,573.15,130281.6822383762,276757.7170986757,832,2900000,,4.78
"methane, bromochlorodifluoro-",FC(F)(Cl)Br,165.36450639999998,113.65,269.25,39754.60117238315,133051.57883047988,426.9,4250000,,
2034-41-5,CC(N)CC(=O)c1ccccc1,163.21632,347.07,581.04,116226.12248579063,,810.07604,3384139.4,,
"2,4,6-trihydroxybenzoic acid",O=C(O)c1c(O)cc(O)cc1O,170.11954,433.65,773.81,208200.65702035167,,1031.2717,9555396.9,,
ammonium chloride,Cl.N,53.49146,611.15,793.15,198162.4730377521,2976376.192844774,882,1640000,,
bromofluoroform,FC(F)(F)Br,148.9099096,101.15,215.35,36646.31866783431,115394.8998829002,340.1,3960000,,1.86
"cis-1,4-dibenzyloxy-2-butene",C(=CCOCc1ccccc1)COCc1ccccc1,268.35020000000003,384.84,713.8,123107.78974638364,,938.36521,1947512.2,,
molybdenum disulfide,[Mo].[S].[S],160.08999999999995,2023.15,,,,,,,
atomic fluorine,[F],18.9984032,106.72,198.17,27265.449340500367,892809.9753739025,333.28944,6729651.7,,
trichlorosilane,Cl[SiH](Cl)Cl,135.45244000000002,146.4,306.15,,182713.27256328863,479,4054013,,
151717-27-0,CCCCCOc1ccc(N=C(C)O)c(N)c1,236.31009999999995,495.81,732.67,151377.3638959994,,944.45509,2381859.2,,
angustifoline,C=CC[C@@H]1NC[C@H]2C[C@H]1CN1C(=O)CCC[C@H]21,234.33728,352.65,673.77,136696.13302672116,276342.7743610345,907.24011,2426654.4,,
2-methylpyridine,Cc1ccccn1,93.12648,203.15,402.55,104374.1801472578,382145.67605109216,621,4620000,300.15,1.11
6-methoxy-3-pyridinecarboxaldehyde,COc1ccc(C=O)cn1,137.13598,321.65,,,,,,,
dichloromethylene,,82.9167,159.15,253.15,,253524.44650753663,418.37758,5562588.6,,
chloromethane,CCl,50.48752,175.8,249.1727195,127358.20654292389,428082.7154,416.3,6689900,227.15,0.91
ethchlorvynol,C#CC(O)(/C=C/Cl)CC,144.59876,303.7,454.15,124025.95983534024,281838.30936724815,677.20209,3829281.4,,
chloroethane,CCCl,64.5141,134.3,285.45,68977.16933197548,383608.5723769886,460,5200000,223.15,1.43
"ethene, chloro-",C=CCl,62.49822,119.45,259.4433349,78722.24200945243,356954.87344656483,424.964,5590300,195.15,1.38
erucic acid,CCCCCCCC/C=C\CCCCCCCCCCCC(=O)O,338.56768000000005,305.55,852.63,186317.2527277264,,809.9,1021000,,
potassium chlorate,[K+].[O-][Cl+2]([O-])[O-],122.5495,630.15,,,,,,,
"1,1,2-trichloroethane",ClCC(Cl)Cl,133.40422,236.55,386.15,85904.32896350654,258504.90413781835,602,4154325,,2.38
131447-89-7,CC(=O)CC[C@H](CC#N)C(C)(C)OC(C)=O,225.28416,369.67,684.66,103748.97196500632,294825.7958619624,886.34417,1890359.2,,
trichloroethylene,ClC=C(Cl)Cl,131.38834,188.15,359.95,64313.16507994545,242165.1812797017,571,4914263,280.8382689,2.53
manganese dioxide,[Mn].[O].[O],86.936849,826.15,,,,,,,
pimozide,Oc1nc2ccccc2n1C1CCN(CCCC(c2ccc(F)cc2)c2ccc(F)cc2)CC1,461.5461664,489.15,1096.99,130236.15918825669,,1352.4871,1406953.4,,6.3
perphenazine,OCCN1CCN(CCCN2c3ccccc3Sc3ccc(Cl)cc32)CC1,403.96864,368.6,553.15,134401.52186070682,299325.7990202095,1211.8154,1935535.4,,4.2
thioridazine,CSc1ccc2c(c1)N(CCC1CCCCN1C)c1ccccc1S2,370.57454,346.15,908.02,124371.73908385613,,1161.8382,1862721.5,,5.9
acrylonitrile,C=CC#N,53.06262,189.4,350.35,117408.45061928716,585486.0026088273,540,4660000,268.15,0.25
sodium phosphate,O=P([O-])([O-])[O-].[Na+].[Na+].[Na+],163.940671,1856.15,,,,,,,
2-amino-3-ethyl-6-methylpyridine,CCc1ccc(C)nc1N,136.19428,321.15,545.51,147392.38681683256,,780.46919,3777677.6,,
aripiprazole,OC1=Nc2cc(OCCCCN3CCN(c4cccc(Cl)c4Cl)CC3)ccc2CC1,448.38538000000005,412.4,1069.01,126016.59759736144,,1324.6305,1621984,,
"1,3-dithiolo[4,5-b]furan, tetrahydro-3a-methyl-",CC12OCCC1SCS2,162.27299999999997,403.59,481.75,76174.10166817649,268006.31209786097,741.13596,4691311.7,,
isoquinoline,c1ccc2cnccc2c1,129.15858,299.385,516.35,104832.36963428988,342546.02908841055,803,5070000,380.15,2.08
iodoform,IC(I)I,393.73205,394.65,491.15,41754.28441753725,106329.53162383071,794.55,5312000,,
nicon,O=NC1=C(NO)CCC/C1=N/O,171.15395999999998,456.65,747.31,,617006.8348389246,947.10012,4450376.3,,
dodecyl gallate,CCCCCCCCCCCCOC(=O)c1cc(O)c(O)c(O)c1,338.43850000000003,369.9,961.08,179426.98599597858,,1183.0948,1959600.5,,
(-)-menthol,CC(C)[C@@H]1CC[C@@H](C)C[C@H]1O,156.26520000000002,316.15,487.15,103657.11623573257,317741.1780435364,658,2710000,366.15,3.4
"n-(2,5-diethoxyphenyl)benzamide",CCOc1ccc(OCC)c(N=C(O)c2ccccc2)c1,285.33766,361.15,865.46,,,1089.0881,1957866.7,,
curcumin,COc1cc(/C=C/C(=O)CC(=O)/C=C/c2ccc(O)c(OC)c2)ccc1O,368.3799,453.15,1065.54,149286.1038292263,,1317.9403,2250395.2,,
saccharin,O=S1(=O)N=C(O)c2ccccc21,183.1845,502.3,,,,968,5725000,,0.91
acesulfame k,CC1=CC([O-])=NS(=O)(=O)O1.[K+],201.24216,341.15,,,,,,,
chromic acid,[Cr+2].[OH-].[OH-].[O].[O],118.00958,469.15,,,,,,,
pentafluoropropionyl chloride,O=C(Cl)C(F)(F)C(F)(F)F,182.476516,211.21,282.65,54220.67571697829,120995.67712054952,511.23012,3598560.4,,
"1,1,2,2-tetrafluoro-1-(2,2,2-trifluoroethoxy)ethane",FC(F)C(F)(F)OCC(F)(F)F,200.0548424,151.04,329.35,52550.58999761557,157004.10325149004,463.89,2713000,,
β-guanidinopropionic acid,N=C(N)NCCC(=O)O,131.13316,483.15,643.67,,,,,,
kepone,O=C1C2(Cl)C3(Cl)C4(Cl)C(Cl)(Cl)C5(Cl)C3(Cl)C1(Cl)C5(Cl)C24Cl,490.6364,623.15,866.35,24280.709706821588,177846.53029917157,1203.4334,3399943.9,,5.41
betamethasone,C[C@H]1C[C@H]2[C@@H]3CCC4=CC(=O)C=C[C@]4(C)[C@@]3(F)[C@@H](O)C[C@]2(C)[C@@]1(O)C(=O)CO,392.4610632,505.65,1134.35,82494.80785690334,343107.0100126361,1389.6626,1973554,,1.94
(5e)-5-ethylidenebicyclo[2.2.1]hept-2-ene,C/C=C1\CC2C=CC1C2,120.19158,193.15,420.92778,122978.66456202672,,638.40004,3333528.9,311.48333,
digoxin,C[C@H]1O[C@@H](O[C@H]2[C@@H](O)C[C@H](O[C@H]3[C@@H](O)C[C@H](O[C@H]4CC[C@@]5(C)[C@H](CC[C@@H]6[C@@H]5C[C@@H](O)[C@]5(C)[C@@H](C7=CC(=O)OC7)CC[C@]65O)C4)O[C@@H]3C)O[C@@H]2C)C[C@H](O)[C@@H]1O,780.9384600000001,522.15,1954.94,140710.1911717858,206510.33063652995,3686.0122,789929.1,,1.26
asthenthilo,C[C@H]1O[C@@H](O[C@H]2[C@@H](O)C[C@H](O[C@H]3[C@@H](O)C[C@H](O[C@H]4CC[C@@]5(C)[C@H](CC[C@@H]6[C@@H]5CC[C@]5(C)[C@H](C7=CC(=O)OC7)CC[C@]65O)C4)O[C@@H]3C)O[C@@H]2C)C[C@H](O)[C@@H]1O,764.93906,1173,1867.43,136908.94540017343,167809.0454603319,3080.4644,764368.85,,
humulone,CC(C)=CCC1=C(O)[C@@](O)(CC=C(C)C)C(=O)C(C(=O)CC(C)C)=C1O,362.4599,339.65,1123.98,121958.31869953062,331961.07982941874,1385.4813,1631168.1,,
monochloramine,NCl,51.47558000000001,207.15,309.56,100047.43997056466,557279.5136361211,502.23002,6967650.6,,
ethyl palmitate,CCCCCCCCCCCCCCCC(=O)OCC,284.47724,297.15,607.15,164318.94516411927,193921.72188035428,765.18,1315200,,
isophthalic acid,O=C(O)c1cccc(C(=O)O)c1,166.13084,617.65,753,183072.5709928392,540282.5084,1007,3950000,,1.66
"2,2,2'-trimethylpropionanilide",Cc1ccccc1N=C(O)C(C)(C)C,191.26948,368.95,606.63,103372.47740726852,,828.2588,2605740.3,,
phthalic anhydride,O=C1OC(=O)c2ccccc21,148.11556000000002,404.55,558.45,,376658.6497,791,4720000,425,1.6
21-methylnorethisterone,CC#C[C@]1(O)CC[C@H]2[C@@H]3CCC4=CC(=O)CC[C@@H]4[C@H]3CC[C@@]21C,312.44582,434.65,892.67,93728.25022911173,291522.53965059726,1142.3622,1963075,,
glycyrrhizic acid,CC1(C)[C@@H](O[C@H]2O[C@H](C(=O)O)[C@@H](O)[C@H](O)[C@H]2O[C@@H]2O[C@H](C(=O)O)[C@@H](O)[C@H](O)[C@H]2O)CC[C@]2(C)[C@H]3C(=O)C=C4[C@@H]5C[C@@](C)(C(=O)O)CC[C@]5(C)CC[C@@]4(C)[C@]3(C)CC[C@@H]12,822.93208,493.15,2272.11,133500.68938860664,286431.67878656497,5167.5572,843579.38,,2.8
calcium chloride,[Ca+2].[Cl-].[Cl-],110.984,1048.15,2208.15,252739.1335688027,,3620,,,
triclosan,Oc1cc(Cl)ccc1Oc1ccc(Cl)cc1Cl,289.54178,330.15,757.79,115054.2073755297,,1022.5603,3333528.9,,4.76
oxalyl chloride,O=C(Cl)C(=O)Cl,126.9262,261.15,336.65,98703.02585,221347.1914095564,640.47076,5422511.2,,
diphosgene,O=C(Cl)OC(Cl)(Cl)Cl,197.8322,216.15,401.15,74199.24562331107,147859.53353929435,673.71537,4249612,,
rochelle salt,O=C([O-])[C@H](O)[C@@H](O)C(=O)[O-].[K+].[Na+],210.15903,368.15,473.15,,,,,,
meclofenamate,Cc1ccc(Cl)c(Nc2ccccc2C(=O)O)c1Cl,296.14864000000006,530.15,863.74,142421.72444215848,,1114.1125,2679080.5,,
aristolochic acid,COc1cccc2c1cc([N+](=O)[O-])c1c(C(=O)O)cc3c(c12)OCO3,341.27174,551.15,1068.16,179461.09455180788,,1335.1399,2799473.7,,
n-acetyl-l-cysteine,CC(O)=N[C@@H](CS)C(=O)O,163.19486,382.9,625.97,159723.16775172943,454136.7517,849.93607,4684891.8,,
radium chloride (racl2),[Cl-].[Cl-].[Ra+2],296.906,1273.15,,,,,,,
isoaminile,CC(CC(C#N)(c1ccccc1)C(C)C)N(C)C,244.37516,366.38,415.15,87177.43653,321173.1266452986,920.97106,1714611.5,,
ethidium bromide,Br.CCn1c2cc(=N)ccc-2c2ccc(N)cc2c1-c1ccccc1,394.3076,521.65,1011.83,124818.79629000304,,1282.0681,2384185.8,,
chebi:51074,COc1cc2c(c(OC)c1OC)-c1ccc(OC)c(=O)cc1[C@H](N=C(C)O)CC2,399.43700000000007,739.81,1058.75,113857.75478986673,,1303.9178,1525878.9,,
decane,CCCCCCCCCC,142.28168,243.225,447.2702294,201853.1127830372,276393.48528737505,617.7,2103000,319.15,6.25
undecane,CCCCCCCCCCC,156.30826000000002,247.15,468.9342344,142027.0432285536,265048.9298376717,638.8,1990400,339.05,
acetazolamide,CC(O)=Nc1nnc(S(N)(=O)=O)s1,222.24544,533.65,,,,,,,-0.26
"1-phenylbutane-2,3-dione",CC(=O)C(=O)Cc1ccccc1,162.18519999999998,328.74,562.82,116502.6155284206,,786.55029,3376278.5,,
monothiosuccinimide,OC1=NC(=S)CC1,115.15359999999998,383.65,383.15,,304403.41546797485,582.32906,4538205.7,,
ergine,CN1C[C@H](C(=N)O)C=C2c3cccc4[nH]cc(c34)C[C@H]21,267.32568,410.65,822.88,167832.7349620882,,1070.4635,2937698.8,,
uranium hexafluoride,[F-].[F-].[F-].[F-].[F-].[F-].[U+6],352.0193292,338.15,329.65,54542.45948,83516.21631801335,505.8,4660950,,
lead(ii) sulfate,O=S(=O)([O-])[O-].[Pb+2],303.2626,1360.15,,132558.3833944575,,,,,
monalide,CCCC(C)(C)C(=O)Nc1ccc(Cl)cc1,239.74112,360.65,483.15,110781.99684726592,309625.0767,887.93143,2284949.7,,3.83
burgess reagent,CC[N+](CC)(CC)S(=O)(=O)N=C([O-])OC,238.30452,350.15,,,,,,,
magnesium carbonate,O=C([O-])[O-].[Mg+2],84.31389999999999,1263.15,,699765.9935075949,,,,,
metoclopramide,CCN(CC)CCN=C(O)c1cc(Cl)c(N)cc1OC,299.79638,420.4,810.4,150738.97823582793,,1022.224,2067995.3,,2.62
cyclopropane,C1CC1,42.07974,145.75,242.15,129278.36531309366,492780.99960567296,398.3,5579700,,1.72
cyclohexane,C1CCCCC1,84.15948,280.15,353.8649484,31844.303220504687,356362.44065516366,553.6,4080500,256.15,3.44
72102-59-1,CC1=CC(=C(c2ccc(N(C)C)cc2)c2ccc(N(C)C)cc2)C=CC1=N.Cl,393.95222000000007,634.83,986.18,129528.3981392464,,1237.6566,1495350.4,,
calcium hydroxide,[Ca+2].[OH-].[OH-],74.09268,853.15,,,,,,,
nonoxynol 9,CCCCCCCCCc1ccc(OCCOCCOCCOCCOCCOCCOCCOCCOCCO)cc1,616.8235,761.5,1280.26,145354.38419580317,,1775.9383,585989.2,,
3-methyl-1-butanol,CC(C)CCO,88.14818,156.15,403.95,105175.17207955968,506626.8539807244,577.2,3930000,315.15,1.28
"1,4-dioxyl radical",[CH]1COCCO1,87.09718,199.98,368.82,154413.72499086653,383694.05517493945,579.50824,5374910.8,,
4-ethoxycinnamic acid,CCOc1ccc(/C=C/C(=O)O)cc1,192.21118,430.42,655.03,153118.04443425193,,878.24785,2973044,,
methenamine,C1N2CN3CN1CN(C2)C3,140.18628,523.15,553.15,148887.60868752634,337145.1247828977,837,3680000,,
isopimaric acid,C=C[C@@]1(C)CC[C@H]2C(=CC[C@@H]3[C@]2(C)CCC[C@@]3(C)C(=O)O)C1,302.451,433.15,836.48,80690.75651923782,0,807.1,1648000,,
"1-pentanol, 2-nitro-",CCCC(CO)[N+](=O)[O-],133.14574,335.54,557.58,154958.01818368354,475383.26203941216,753.69019,3975517.2,,
ammonium bicarbonate,N.O=C(O)O,79.05529999999999,380.15,,,,,,,
"5h-1,3-dioxolo[4,5-f]benzimidazol-6-amine",N=c1[nH]c2cc3c(cc2[nH]1)OCO3,177.16008,509.65,685.02,,,,,,
sodium nitrite,O=N[O-].[Na+],68.99527,557.15,,215956.83298289863,,,,,
dichloromercury,[Cl-].[Cl-].[Hg+2],271.496,550.15,577.15,71492.76600760233,213521.15747418924,973,11521000,,-0.22
bapta,O=C(O)CN(CC(=O)O)c1ccccc1OCCOc1ccccc1N(CC(=O)O)CC(=O)O,476.43336,1167.38,1418.04,186867.68701503187,,1777.2152,1765412,,
"phenol, 4-ethenyl-, homopolymer, compd. with n,n-dimethylbenzenemethanamine",C=Cc1ccc(O)cc1.CN(C)Cc1ccccc1,255.35474,443.88,733.06,125425.51589212716,,974.1748,2295911.3,,
methyl chloroformate,COC(=O)Cl,94.49702,212.15,343.65,100553.43544166788,345847.9908759495,525,5360000,283.15,
tetrachlorosilane,Cl[Si](Cl)(Cl)Cl,169.8975,203.15,330.8,44732.853632337145,165227.2873092569,507,3749025,,
loratadine,CCOC(=O)N1CCC(=C2c3ccc(Cl)cc3CCc3cccnc32)CC1,382.8832200000001,405.15,973.53,122094.6689698232,,1228.5719,1789390.2,,5.2
loxapine,CN1CCN(C2=Nc3ccccc3Oc3ccc(Cl)cc32)CC1,327.80802,382.65,853.93,138825.15748089386,,1112.9669,2485067.2,,
(s)-1-aminoindane,N[C@H]1CCc2ccccc21,133.19034,331.33,516.45,120504.23476657542,,755.18398,4010843.7,,
alpha-ecdysone,C[C@H]([C@H](O)CCC(C)(C)O)[C@H]1CC[C@@]2(O)C3=CC(=O)[C@@H]4C[C@@H](O)[C@@H](O)C[C@]4(C)[C@H]3CC[C@]12C,464.63466,515.15,1376.46,84881.74343,253267.12119506564,1791.6261,1466851.9,,
(r)-4-methyl-2-oxazolidinone,CC1COC(O)=N1,101.10388,300.14,404.63,180111.78206019392,385635.74513512576,605.27664,4809162.8,,
minoxidil,N=c1nc(N2CCCCC2)cc(N)n1O,209.2483,521.15,767.39,,,,,,1.24
"n-(2,2-diethoxyethyl)aniline",CCOC(CNc1ccccc1)OCC,209.28476,333.54,595.41,118637.4010224156,,796.27689,2374899.8,,
ferric chloride,[Cl-].[Cl-].[Cl-].[Fe+3],162.204,580.75,589.15,246603.0430815516,300512.2132273527,948.15,4300000,,
neosiluol,[Ag+].[I-],234.77267,831.15,1779.15,40098.364089823575,771112.1405,2897.64,9712000,,
"benzeneacetonitrile, 4-(dimethylamino)-",CN(C)c1ccc(CC#N)cc1,160.21568,338.86,574.58,123801.86508586426,,795.54171,2802438.5,,
agn-pc-0018wj,N#CC1CC2(C(=O)O)CCC1CC2,179.21571999999998,476.55,693.58,112423.17359213805,405725.4648511583,935.91546,3114038.6,,
sulfur hexafluoride,FS(F)(F)(F)(F)F,146.0554192,222.35,209.3,34370.51516127517,116267.82472191293,318.7232,3754983,,1.68
hydroperoxy,[O]O,33.00674,169.03,280.58,156028.7383728293,992449.6704612224,424.16271,9744983.5,,
chembl31787,COc1cc(OC)c(SC)cc1CC(C)N,241.34976,436.1,701.49,115558.43270778476,,928.38866,2412373,,
bromothymol blue,Cc1c(C2(c3cc(C(C)C)c(O)c(Br)c3C)OS(=O)(=O)c3ccccc32)cc(C(C)C)c(O)c1Br,624.38122,474.15,,,,,,,
68052-36-8,CCN(CC)CCO.O=C(O)c1ccccc1,239.31074,483.84,775.25,156094.12264572832,,977.24034,2393526.4,,
"1,2-butadiene",C=C=CC,54.09044,136.95,284.15,128673.38479775724,440284.18627866905,443.7,4498830,,
"gon-4-ene-3,17-dione, 13-ethyl-, (±)-",CC[C@]12CC[C@H]3[C@@H](CCC4=CC(=O)CC[C@@H]43)[C@@H]1CCC2=O,286.40854,429.9,817.98,75528.47412,,1075.5219,1900260.6,,
liothyronine,N[C@@H](Cc1cc(I)c(Oc2ccc(O)c(I)c2)c(I)c1)C(=O)O,650.9734900000001,509.65,505.15,81628.51608596226,248768.4096874108,1526.3108,2966570.3,,
"benzene, (2-(9-decen-1-yloxy)-2-methoxyethyl)-",C=CCCCCCCCCO[C@@H](Cc1ccccc1)OC,290.44030000000004,358.01,702.08,125946.7091860186,,890.61092,1376836.8,,
surecn3641463,C[C@]12CCC(=O)C=C1CC[C@@H]1[C@@H]2CC[C@@]2(C)[C@H]1CC[C@@]2(O)C(=O)CO,346.4605,696.88,1029.96,73751.55321,350355.7647,1268.3745,2034551.2,,
pyrocalciferol,CC(C)[C@@H](C)/C=C/[C@@H](C)[C@H]1CC[C@H]2C3=CC=C4C[C@@H](O)CC[C@@]4(C)[C@H]3CC[C@]12C,396.64836,367.15,982.99,88867.12653999125,219337.44425937487,1212.1632,1091377.9,,
dicumyl peroxide,CC(C)(OOC(C)(C)c1ccccc1)c1ccccc1,270.36608,313.45,669.15,66598.59106586152,186815.4115144638,884,2180000,344.15,5.5
ferrous oxide,[Fe].[O],71.8444,1650.15,3687.15,335447.16080863646,,,,,
pseudolaric acid-a,CC(=O)O[C@]12CCC(C)=CCC13CCC2C(C)(/C=C/C=C(\C)C(=O)O)OC3=O,388.4541200000001,479.65,1002.06,113078.9911560212,262230.3837498635,1242.9782,1527071.7,,
lanthionine,N[C@@H](CSC[C@H](N)C(=O)O)C(=O)O,208.23548,649.5,840.86,187576.1037456249,556223.1305608952,1078.7448,4634004,,
einecs 215-807-5,C=C(N=C(O)C(N=C(O)C(Cc1cnc[nH]1)N=C(O)C(N=C(O)C(CO)N=C(O)C1CSC(C)C2N=C(O)C(C)N=C(O)C(N=C(O)C(CCCCN)N=C(O)C(CCSC)N=C(O)C(CC(=N)O)N=C(O)C3CSC(C)C(N=C(O)C(CCCCN)N=C(O)C4CSC(C)C(N=C(O)C5CSCC(N=C(O)/C(=C/C)N=C(O)C(N)C(C)CC)C(O)=NC(C(C)CC)C(O)=NC(=C)C(O)=NC(CC(C)C)C(O)=N5)C(=O)N5CCCC5C(O)=NCC(O)=N4)C(O)=NCC(O)=NC(C)C(O)=NC(CC(C)C)C(O)=NC(CCSC)C(O)=NCC(O)=N3)C(C)SCC(N=C2O)C(O)=NC(Cc2cnc[nH]2)C(O)=N1)C(C)CC)C(C)C)C(O)=NC(CCCCN)C(=O)O,3354.0705,7449.44,8574.34,159955.4928854358,,-896.4172,106281.22,,
2-oxazolidinone,OC1=NCCO1,87.0773,360.15,386.42,167081.43224468376,436998.0806582598,589.33851,5800568.3,,
copper sulfate,O=S(=O)([O-])[O-].[Cu+2],159.6086,863.15,,,,,,,
furosemide,NS(=O)(=O)c1cc(C(=O)O)c(NCc2ccco2)cc1Cl,330.74414,479.15,,,,,,,2.03
calsil,[Ca+2].[Ca+2].[O-][Si]([O-])([O-])[O-],172.2391,1813.15,,,,,,,
chembl397705,CC(C)=CCN1CC[C@@]2(C)c3cc(O)ccc3C[C@@H]1[C@H]2C,285.42378,420.15,772.13,130882.5774783026,,1002.3459,1975308.6,,4.64
3-amino-3-cyclohexylpropanoic acid,NC(CC(=O)O)C1CCCCC1,171.23677999999998,490.65,642.67,132670.09575863316,399594.6981524319,871.40786,3368444.9,,
potassium permanganate,[K+].[Mn].[O-].[O].[O].[O],158.033949,513.15,,,,,,,
"5-bromopyrimidine-4,6(1h,5h)-dione",O=C1N=CN=C(O)C1Br,190.98282,515.79,613.88,95327.94625191942,359805.9937438507,903.38113,6990973.3,,
2-furaldehyde,O=Cc1ccco1,96.08406,235.9,434.65,149556.5445506778,436042.0902533967,670,5510000,333.15,0.41
tromethamine,NC(CO)(CO)CO,121.13504,445.15,492.65,133429.6005515828,358141.33498766227,809.30055,6400000,,
"4-(1,1-dimethylethyl)benzeneethanol",CC(C)(C)c1ccc(CCO)cc1,178.27072,306.15,594.77,96269.31444490716,,793.9771,2648831.9,,
eucatropine,CC1CC(OC(=O)C(O)c2ccccc2)CC(C)(C)N1C,291.3853,386.15,783.82,108313.63147008448,,993.41287,1963075,,
nocodazole,COC(O)=Nc1nc2ccc(C(=O)c3cccs3)cc2[nH]1,301.32044,529.15,907.7,157795.4685052232,,1173.8756,3435911.3,,
"4,7-dimethylindole",Cc1ccc(C)c2[nH]ccc12,145.20104,375.15,529.14,154310.18951379412,,763.1153,3594246.9,,
thiophene,c1ccsc1,84.13955999999999,235.045,357.25,60257.03010569583,375837.34463376174,580,5700000,264.15,1.81
rotenone,C=C(C)[C@H]1Cc2c(ccc3c2O[C@@H]2COc4cc(OC)c(OC)cc4[C@@H]2C3=O)O1,394.41718,443.9,1019.37,148857.61314960974,,1271.1581,1675533.3,,4.1
copper oxide (cu2o),[Cu].[Cu].[O],143.0914,1517.15,,458448.2365816534,,,,,
oil blue n,CCCCCNc1ccc(NCCCCC)c2c1C(=O)c1ccccc1C2=O,378.5072,386.65,1065.12,139558.77193353258,,1308.3872,1386079,,
lithium aluminium hydride,[Al+3].[H-].[H-].[H-].[H-].[Li+],37.954298,375.65,,,,,,,
fluorescein,O=C1OC2(c3ccc(O)cc3Oc3cc(O)ccc32)c2ccccc21,332.30628,590.65,999.9,149642.07116398762,,1272.4122,3637734.1,,
iodide,[I-],126.90447,386.35,292.04,14530.61503664922,196857.1823192452,494.55073,6990973.3,,
venlafaxine,COc1ccc(C(CN(C)C)C2(O)CCCCC2)cc1,277.40178,376.15,766.61,85612.28410286337,,977.98853,2060492.3,,
sodium hydride,[H-].[Na+],23.99771,911.15,,1083436.7112528654,,,,,
indium phosphide,[In].[P],145.791761,1335.15,,,,,,,
oxalic acid,O=C(O)C(=O)O,90.03488,374.65,569,235708.64980327623,806018.8649579645,804,7020000,439.15,
verapamil,COc1ccc(CCN(C)CCCC(C#N)(c2ccc(OC)c(OC)c2)C(C)C)cc1OC,454.60162,670.77,517.65,111205.05905808257,216318.13564852788,1335.9084,931777.49,,3.79
6605 vufb,CN1C[C@H](CC#N)CC2c3cccc4[nH]cc(c34)C[C@H]21,265.35286,602.4,812.63,159802.31002597825,,1053.6304,2183596.8,,
5-amino-2-methylpyridine,Cc1ccc(N)cn1,108.14112,368.65,494.77,141324.59512163367,,737.82784,4959333.5,,
bifenthrin,Cc1c(COC(=O)C2C(C=C(Cl)C(F)(F)F)C2(C)C)cccc1-c1ccccc1,422.8677896,342.15,881.07,108528.01071325674,,1107.8665,1297660.5,,
rapamycin,COC1CC2CCC(C)C(O)(O2)C(=O)C(=O)N2CCCCC2C(=O)OC(C(C)CC2CCC(O)C(OC)C2)CC(=O)C(C)C=C(C)C(O)C(OC)C(=O)C(C)CC(C)C=CC=CC=C1C,914.17186,457.15,2181.12,107115.52639566045,187189.9056322256,3958.0014,448295.22,,
ctk1e3278,CC(=O)O.CC(=O)O.OC(O)(c1ccccc1)c1ccccc1,320.3371,713.97,1116.87,131698.76358373728,,1368.9315,2543048.1,,
badge-h2o,CC(C)(c1ccc(OCC(O)CO)cc1)c1ccc(OCC2CO2)cc1,358.42814,602.34,1002.62,120467.66194194464,,1229.6506,1883801.1,,
3-amino-α-methylbenzeneacetic acid,CC(C(=O)O)c1cccc(N)c1,165.18913999999998,373.65,654.78,148526.7130756901,,891.67917,3848308.9,,
trans-cinnamaldehyde,O=C/C=C/c1ccccc1,132.15922,265.65,519.15,118024.30432019802,,708.39553,3786982.2,393.15,
phalloidin,CC1N=C(O)C(CC(C)(O)CO)N=C(O)C2Cc3c([nH]c4ccccc34)SCC(N=C(O)C(C(C)O)N=C1O)C(=O)N1CC(O)CC1C(O)=NC(C)C(O)=N2,788.86762,554.15,2361.96,148844.99886051856,,3947.4985,1439160.4,,
ofloxacin,CC1COc2c(N3CCN(C)CC3)c(F)cc3c(=O)c(C(=O)O)cn1c23,361.3675032,526.65,446.05,153948.54132528428,362856.43703729095,1209.2532,2248261.6,,-0.39
ac1mhu2u,ClCC(Cl)/C(Cl)=C(\Cl)C(Cl)CCl,290.82984,331.65,564.5,92885.92944933024,173510.1656369441,794.11301,2662517.4,,
carboprost methyl,CCCCC[C@](C)(O)/C=C/[C@@H]1[C@@H](C/C=C\CCCC(=O)OC)[C@@H](O)C[C@H]1O,382.53412,328.65,1044.08,155559.97985225474,252513.11296827928,1293.6127,1235479.3,,
oxytetracycline,CN(C)[C@@H]1C(=O)C(C(=N)O)=C(O)[C@@]2(O)C(=O)C3=C(O)c4c(O)cccc4[C@@](C)(O)[C@H]3[C@H](O)[C@@H]12,460.43396,456.15,1588.36,132609.6797899095,,2138.5907,3269041.1,,-0.9
ethyl myristate,CCCCCCCCCCCCCC(=O)OCC,256.42408,285.3,581.15,162094.76114723703,206726.3327597461,743.41,1454800,,
eicosanoic acid,CCCCCCCCCCCCCCCCCCCC(=O)O,312.53040000000004,348.15,673.15,184618.8402792176,206674.8405611874,820,1200000,,9.29
amyl methyl ether,CCCCCOC,102.17476,179.61,372.15,122182.8169696704,317713.84012572654,546.5,3042000,,
butyl isopropyl ether,CCCCOC(C)C,116.20134,175.88,380.15,99405.04989013037,283734.5246799736,549,2740000,,
"2,3,4,5,6-pentamethylbenzonitrile",Cc1c(C)c(C)c(C#N)c(C)c1C,173.2542,432.15,627.82,117965.39420112182,,848.0631,2185639,,
(2r)-2-methylbutyl 3-(4-aminophenyl)-2-methylacrylate,CC[C@@H](C)COC(=O)/C(C)=C/c1ccc(N)cc1,247.33274,389.3,708.81,134203.8259876149,,926.54358,2038226.9,,
4-ethylcyclopentene,CCC1CC=CC1,96.17018,180.31,371.15,94031.22672745337,324520.91566709545,566.02,3569000,,
furan,c1ccoc1,68.07396,187.55,304.45,55821.63870002568,399232.0718359606,490.2,5300000,253.15,1.34
hydrochlorothiazide,NS(=O)(=O)c1cc2c(cc1Cl)NCNS2(=O)=O,297.73912,544.9,,,,,,,-0.07
lithium hydroxide,[Li+].[OH-],23.94834,746.15,1899.15,872711.8455809463,7850230.955464971,,,,
melamine,N=c1[nH]c(=N)[nH]c(=N)[nH]1,126.11994,618.15,704,220377.52317357587,603505.6678690441,1008,5858000,,-1.37
copper dinitrate,O=[N+]([O-])[O-].O=[N+]([O-])[O-].[Cu+2],187.5558,528.15,,,,,,,
clonidine,Clc1cccc(Cl)c1NC1=NCCN1,230.09386,403.15,693.53,148839.26063911483,,961.21947,3995646.3,,1.59
squaric acid,O=c1c(O)c(O)c1=O,114.05628,573.15,602.84,112996.84681983315,,867.47627,9802960.5,,
arabinose,O=C[C@@H](O)[C@H](O)[C@H](O)CO,150.12990000000002,431.65,730.06,111756.55215916348,677987.3335,955.7,5842000,,-3.02
dimethylmercury,[CH3].[CH3].[Hg],230.65904,230.15,366.15,,141488.9465377755,601,6610000,,2.59
magnesium chloride,[Cl-].[Cl-].[Mg+2],95.211,987.15,1685.15,452678.7871149341,2263817.641502135,2754.32,22712000,,
"1,6-diisocyanatohexane",O=C=NCCCCCCN=C=O,168.19307999999998,206.15,400.15,,381282.4419,720.8,2860210,413.15,
dicyanoketene,N#CC(=C=O)C#N,92.0556,273.28,489.31,166801.36786898354,555268.8701079523,708.12465,4987391.9,,
triazolam,Cc1nnc2n1-c1ccc(Cl)cc1C(c1ccccc1Cl)=NC2,343.20998,507.15,944.77,140022.152,,1231.7924,2793558.3,,2.42
2-mercaptoethanol,OCCS,78.13344000000001,173.15,423.15,116032.26480236884,618161.669,629,6270000,320.6243907,
hydroxypyruvic acid,O=C(O)C(=O)CO,104.06146,475.15,559.8,186005.4625410791,,753.83331,6278867.1,,
dimethyl glutarate,COC(=O)CCCC(=O)OC,160.16778,233.4,489.15,141251.87974759968,284195.34716937365,682,2800000,,0.62
octyl 1-thiohexopyranoside,CCCCCCCCSC1OC(CO)C(O)C(O)C1O,308.43412,542.21,985.24,183494.6147,392825.5843302299,1211.8951,2239757.5,,
hypochlorous acid,OCl,52.46034,180.5,329.21,77029.61894642696,671206.5852181871,499.95304,7393338.2,,
6-hydroperoxyhexanoic acid,O=C(O)CCCCCOO,148.15708,401.03,596.99,180315.3788,498849.6631046591,776.03506,3763784.9,,
212555-40-3,CC(C)(CO)CO.O=C(O)CCC(=O)O,222.23562,603.71,879.07,165365.03014233272,549541.8715601759,1081.9285,3124491.3,,
strontium titanate,[O-].[O-].[O].[Sr+2].[Ti],183.4852,2353.15,,,,,,,
brompheniramine,CN(C)CCC(c1ccc(Br)cc1)c1ccccn1,319.23945999999995,484.25,755.88,109040.40496748115,,1004.0276,2424265.3,,
7244-67-9,COC(=O)[C@H](C)N=C(O)c1ccccc1,207.22582,330.15,639.78,124651.45511307423,,858.16928,2909246.6,,
nitrogen pentoxide,O=[N+]([O-])O[N+](=O)[O-],108.0104,303.15,306.15,,278783.9864346305,515.51,6433000,,
calcium sulfate,O=S(=O)([O-])[O-].[Ca+2],136.1406,1733.15,,205669.72673838664,,,,,
pyridine-2-carboxamide oxime,NC(N=O)=C1C=CC=CN1,137.13928,388.9,550.42,,432525.4291161979,790.06746,5205632.9,,
sumatriptan,CNS(=O)(=O)Cc1ccc2[nH]cc(CCN(C)C)c2c1,295.40044,443.15,425.95,,117364.23255566228,546.29479,1203138.9,,0.93
oxetane,C1COC1,58.07914,176.15,320.75,111916.2577131824,459052.22170791024,507.9,5750000,,-0.14
barium hydroxide lime,[Ba+2].[OH-].[OH-],171.34168,681.15,1053.15,93380.66488,,,,,
atomic bromine,[Br],79.904,265.925,265.06,34078.394072887466,405429.4629469291,444.24138,8189840.5,,
"n,4-dimethylcyclohexanamine",CNC1CCC(C)CC1,127.22728,235.72,469.15,113819.92918499868,,642,3100000,,
4-amino-α-methylbenzenemethanol,CC(O)c1ccc(N)cc1,137.17904,333.65,578.57,115834.02245707509,,791.01709,4368397.4,,
5-ethyl-2-pyridineethanol,CCc1ccc(CCO)nc1,151.20562,315.15,583.06,145126.88086593605,,787.18977,3572795.2,,
4-(dimethylamino)benzaldehyde,CN(C)c1ccc(C=O)cc1,149.18974,347.65,449.65,,443065.0351973477,832,3070000,420.15,1.81
perchlorate,[O-][Cl+3]([O-])([O-])[O-],99.4506,535.65,194.33,162201.13302483846,227252.97961712684,301.40495,11438703,,
ethanethiol,CCS,62.13404,125.15,308.15,80149.30302294846,431382.7736890275,499,5490000,225.15,
fucoxanthin,CC(=O)O[C@H]1CC(C)(C)C(=C=C/C(C)=C/C=C/C(C)=C/C=C/C=C(C)/C=C/C=C(\C)C(=O)C[C@@]23O[C@]2(C)C[C@@H](O)CC3(C)C)[C@](C)(O)C1,658.9063199999999,441.15,1542.33,127612.98146297946,126125.08342108472,2014.9095,651102.67,,
puromycin,COc1ccc(C[C@H](N)C(O)=N[C@H]2[C@@H](O)[C@H](n3cnc4c(N(C)C)ncnc43)O[C@@H]2CO)cc1,471.50956,449.4,1374.67,178906.23469013014,,1708.0086,2143347.1,,0.03
triclopyr,O=C(O)COc1nc(Cl)c(Cl)cc1Cl,256.47056,422.15,735.3,139665.15299065906,,983.01487,3708973.2,,
phenylthiourea,N=C(S)Nc1ccccc1,152.21681999999998,424.65,,,,,,,0.71
"1,8-dihydroxy-2,5-dinitroanthraquinone",O=C1c2c(ccc([N+](=O)[O-])c2O)C(=O)c2c([N+](=O)[O-])ccc(O)c21,330.20604,1023.26,1200.9,154491.41996312366,,1508.0457,4890214.7,,
acyclovir,N=c1nc(O)c2ncn(COCCO)c2[nH]1,225.20464,528.15,849.76,185489.07340452663,,1085.4329,5446548.9,,-1.56
p-methoxyamphetamine hydrochloride,COc1ccc(CC(C)N)cc1.Cl,201.69314,345.44,592.7,102556.78502501374,,819.58571,2693001.3,,
"propanoic acid, 3-hydroxy-2,2-dimethyl-, 2-phenylhydrazide",CC(C)(CO)C(O)=NNc1ccccc1,208.25694,458.64,721.12,128485.51409619291,,929.42093,3291586.1,,
bromocriptine,CC(C)C[C@H]1C(=O)N2CCC[C@H]2[C@]2(O)O[C@](N=C(O)[C@@H]3C=C4c5cccc6[nH]c(Br)c(c56)C[C@H]4N(C)C3)(C(C)C)C(=O)N12,654.5944999999999,489.65,1536.81,125217.97845841968,,1935.2956,1337836.3,,
atomic iodine,[I],126.90447,164.19,292.04,14530.61503664922,196857.1823192452,494.55073,6990973.3,,
potassium cyanide,[C-]#N.[K+],65.1157,895.15,1898.15,224216.27963762963,,,,,
nimorazole,O=[N+]([O-])c1cncn1CCN1CCOCC1,226.23246,383.65,701.82,174462.1439381422,,949.16087,3791647.5,,0.07
nimorazole,O=[N+]([O-])c1cncn1CCN1CCOCC1,226.23246,383.65,701.82,174462.1439381422,,949.16087,3791647.5,,0.07
clindamycin,CCCC1CC(C(O)=NC(C(C)Cl)C2OC(SC)C(O)C(O)C2O)N(C)C1,424.98302,671.63,407.15,157286.2840496545,157717.78092653162,1414.1681,1716032.3,,2.16
ac1o5cg5,CCCCCCCCCCCC(=O)OCC(C)O.O=C(O)c1ccccc1C(=O)O,424.52774,764.52,1199.88,166853.6430622885,,1491.8184,1176854.8,,
lovastatin,CC[C@H](C)C(=O)O[C@H]1C[C@@H](C)C=C2C=C[C@H](C)[C@H](CC[C@@H]3C[C@@H](O)CC(=O)O3)[C@H]21,404.53964,452.15,983.09,142045.41241001745,,1204.7676,1132145.9,,4.26
omethoate,CN=C(O)CSP(=O)(OC)OC,213.191841,245.15,408.15,,167522.92558891096,555.43132,2053314.1,,-0.75
medroxalol hydrochloride,CC(CCc1ccc2c(c1)OCO2)NCC(O)c1ccc(O)c(C(=N)O)c1.Cl,408.8759,493.15,1177.43,158307.2027478264,,1441.8457,2269734.8,,
"spiro(isobenzofuran-1(3h),9'-(9h)xanthen)-3-one, 2'-chloro-6'-(diethylamino)-3'-methyl-",CCN(CC)c1ccc2c(c1)Oc1cc(C)c(Cl)cc1C21OC(=O)c2ccccc21,419.90008,735.28,1017.87,136132.38654300803,,1265.0349,1574704,,
midazolam,Cc1ncc2n1-c1ccc(Cl)cc1C(c1ccccc1F)=NC2,325.7673232,432.15,875.79,136269.03878491887,,1141.657,2507516.9,,
"dicyclopenta(cd,lm)perylene",C1=Cc2ccc3c4ccc5c6c(ccc(c7ccc1c2c73)c64)C=C5,300.35208,664.3,891.08,136706.22823720748,,1154.7722,2370277.1,,
ctk1f7064,CC(=O)O.CC(=O)O.CC(CO)CO,210.22492,542.28,860.38,164999.4681886429,562619.6862395712,1061.5814,3114038.6,,
2-amino-1-methoxypropane,COCC(C)N,89.13623999999999,225.33,370.15,100722.22027763345,383839.3549,548,4090000,281.15,
trans-permethrin solution,CC1(C)[C@H](C=C(Cl)Cl)[C@H]1C(=O)OCc1cccc(Oc2ccccc2)c1,391.2877,530.51,895.6,114138.52262670154,,1141.546,1591077.5,,
amiodarone,CCCCc1oc2ccccc2c1C(=O)c1cc(I)c(OCCN(CC)CC)c(I)c1,645.3116,769.73,1167.37,104041.21047878264,,1433.4364,1225980.6,,7.8
anthraquinone,O=C1c2ccccc2C(=O)c2ccccc21,208.21212,558.15,650.15,84068.11284568833,312380.3096768804,900,3150000,466.3414434,3.39
ac1laur6,CN(C)c1ccc(C=C2SC(=O)N=C2O)cc1,248.30088,646.83,776.87,116644.77387273054,,1049.7933,3360638.5,,
pentane,CCCCC,72.14878,143.15,309.2093458,116426.08509804324,357704.4498,469.7,3367500,233.15,3.45
oleic acid,CCCCCCCC/C=C\CCCCCCCC(=O)O,282.46136,287.15,633.15,186648.53840539465,235066.1109865245,781,1390000,462,7.64
2-(phenylmethoxy)-3-pyridinol,Oc1cccnc1OCc1ccccc1,201.22124,344.15,684.26,134314.84668318316,,946.03483,4031242.1,,
"pyridinium, 3-ethenyl-1-methyl-, chloride (1:1), polymer with 5-ethenyl-2-methylpyridine",C=Cc1ccc(C)nc1.C=Cc1ccc[n+](C)c1.[Cl-],274.78846,419.88,719.2,113279.86626512629,,966.57812,2000121.6,,
trifluoromethyl trifluorovinyl ether,FC(F)=C(F)OC(F)(F)F,166.0219192,118.76,251.15,80483.34861,125122.85190336208,363,3110000,,
"(αs,1r,3as,4r,5s,7as)-octahydro-α,3a,5-trimethyl-6,8-dioxo-1,4-methano-1h-indene-1-acetic acid",C[C@@H]1C(=O)C[C@H]2[C@]3(C)CC[C@@]2([C@H](C)C(=O)O)C(=O)[C@H]13,264.3169,444.15,558.15,83600.40542243043,,1087.7018,2374899.8,,
"5,7-dihydroxycoumarin",O=c1ccc2c(O)cc(O)cc2o1,178.14154,522.36,662.94,163010.82835592417,,909.44099,6018581.8,,
parathion s,CCOP(=O)(OCC)Sc1ccc([N+](=O)[O-])cc1,291.260621,315.65,,,,,,,
4-amino-3-phenylbutyric acid hcl,Cl.NCC(CC(=O)O)c1ccccc1,215.67666,471.29,710.81,139231.5700734609,,948.15951,3065946,,
"ethyl 4-ethyl-2,5-dimethyl-1h-pyrrole-3-carboxylate",CCOC(=O)c1c(C)[nH]c(C)c1CC,195.25818,379.65,596.24,163665.35834759905,,801.49884,2453168.4,,
60917-67-1,COc1cc(OC)c(CC(C)N)cc1Br,274.15424,450.23,675.99,96496.77495,,902.33755,2805407.9,,
fludrocortisone,C[C@]12CCC(=O)C=C1CC[C@H]1[C@@H]3CC[C@](O)(C(=O)CO)[C@@]3(C)C[C@H](O)[C@@]12F,380.4503632,534.15,1116.98,72264.35472095247,361287.6767936032,1367.6745,2147321.7,,1.67
tannic acid,O=C(OC[C@H]1O[C@@H](OC(=O)c2cc(O)c(O)c(OC(=O)c3cc(O)c(O)c(O)c3)c2)[C@H](OC(=O)c2cc(O)c(O)c(OC(=O)c3cc(O)c(O)c(O)c3)c2)[C@@H](OC(=O)c2cc(O)c(O)c(OC(=O)c3cc(O)c(O)c(O)c3)c2)[C@@H]1OC(=O)c1cc(O)c(O)c(OC(=O)c2cc(O)c(O)c(O)c2)c1)c1cc(O)c(O)c(OC(=O)c2cc(O)c(O)c(O)c2)c1,1701.19848,483.15,4855.7,190115.3826565845,,-4007.8763,4822530.9,,
13463-41-7,[O-]n1ccccc1=S.[O-]n1ccccc1=S.[Zn+2],317.69272,535.15,,,,,,,
"boc-l-leucine n,o-dimethylhydroxamide",CON(C)C(=O)[C@@H](N=C(O)OC(C)(C)C)C(C)C,260.32996,397.04,521.15,106219.04601375884,136910.5958143729,856.68472,1935535.4,,
"o,p'-dicofol",OC(c1ccc(Cl)cc1)(c1ccccc1Cl)C(Cl)(Cl)Cl,370.48566,397.07,856.11,79800.65949,,1113.946,2537926.1,,
methylamine nitrate,CN.O=[N+]([O-])O,94.06994,381.4,479.95,,604784.1545298306,684.93035,6840579.7,,
68703-73-1,CCNc1cc(N=C(O)CC)ccc1OCCOC,266.33608,498.71,755.61,148128.63506889492,,957.57866,2054891.9,,
nitrofurantoin,O=C1N=C(O)CN1/N=C/c1ccc([N+](=O)[O-])o1,238.15704,536.15,878.65,,,1163.9983,4151610.2,,-0.47
denatonium benzoate,CC[N+](CC)(CC([O-])=Nc1c(C)cccc1C)Cc1ccccc1.O=C(O)c1ccccc1,446.58116,441.15,,,,,,,
nifedipine,COC(=O)C1=C(C)NC(C)=C(C(=O)OC)C1c1ccccc1[N+](=O)[O-],346.33462,446.15,974.84,161260.2286193624,,1223.8608,1940654.8,,2.2
dantrolene,O=C1N=C(O)CN1/N=C/c1ccc(-c2ccc([N+](=O)[O-])cc2)o1,314.253,552.65,1047.59,,,1340.229,3045675.4,,1.7
diltiazem,COc1ccc([C@@H]2Sc3ccccc3N(CCN(C)C)C(=O)[C@@H]2OC(C)=O)cc1,414.51784,493.525,993.79,125234.65817538758,,1235.6886,1522308.9,,
thorium oxide,[O].[O].[Th],264.0369,3623.15,4673.15,340861.4477749133,,,,,
metolazone,Cc1ccccc1N1C(=O)c2cc(S(N)(=O)=O)c(Cl)cc2NC1C,365.83454,527.15,,,,,,,
octyl p-hydroxybenzoate,CCCCCCCCOC(=O)c1ccc(O)cc1,250.33338,323.15,708.32,154989.3186438021,,913.0665,2117778.6,,
pepcid,N=C(N)Nc1nc(CSCCC(=N)NS(N)(=O)=O)cs1,337.44539999999995,436.65,,,,,,,-0.64
"gallic acid, 2-ethylhexyl ester",CCCCC(CC)COC(=O)c1cc(O)c(O)c(O)c1,282.33218,647.72,869.12,165910.94929384245,,1094.0637,2868873.3,,
3-ethynylpyridine,C#Cc1cccnc1,103.1213,307.65,430.26,155544.9747,,673.80425,5029928.1,,
"17-octadecene-9,11-diynoic acid",C=CCCCCC#CC#CCCCCCCCC(=O)O,274.39784000000003,312.65,771.63,209487.8006328329,,976.57456,1606419.3,,
ac1l1igg,CC1C=CC=CCCC=CC=CC=CC=CC(OC2OC(C)C(O)C(N)C2O)CC2OC(O)(CC(O)C(O)CCC(O)CC(O)CC(O)CC(=O)OC(C)C(C)C1O)CC(O)C2C(=O)O,926.0949,318.15,2635.22,147280.8024318026,,-67885.236,722238.54,,
amphozone,CC1C=CC=CC=CC=CC=CC=CC=CC(OC2OC(C)C(O)C(N)C2O)CC2OC(O)(CC(O)CC(O)C(O)CCC(O)CC(O)CC(=O)OC(C)C(C)C1O)CC(O)C2C(=O)O,924.07902,1484.73,2634.38,148924.4934919094,,-81884.985,736419.05,,
spironolactone,CC(=O)S[C@@H]1CC2=CC(=O)CC[C@]2(C)[C@H]2CC[C@@]3(C)[C@@H](CC[C@@]34CCC(=O)O4)[C@H]12,416.57348,407.65,407.15,81330.18933418422,148421.2717907657,1309.1635,1523497.5,,2.78
suramin,Cc1ccc(C(O)=Nc2ccc(S(=O)(=O)O)c3cc(S(=O)(=O)O)cc(S(=O)(=O)O)c23)cc1N=C(O)c1cccc(N=C(O)Nc2cccc(C(O)=Nc3cc(C(O)=Nc4ccc(S(=O)(=O)O)c5cc(S(=O)(=O)O)cc(S(=O)(=O)O)c45)ccc3C)c2)c1,1297.2797,401.15,,,,,,,
hydroxyzine,OCCOCCN1CCN(C(c2ccccc2)c2ccc(Cl)cc2)CC1,374.90428,463.15,930.57,119483.8319797256,,1153.0022,1800034.5,,
flecainide,OC(=NCC1CCCCN1)c1cc(OCC(F)(F)F)ccc1OCC(F)(F)F,414.3427192,419.15,831.34,113915.35994920412,,1033.6678,1588541.9,,3.78
holmium,[Ho],164.93032,1745.15,2973.15,71302.83867757002,,9067.21,,,
barium sulfate,O=S(=O)([O-])[O-].[Ba+2],233.3896,1853.15,,171387.2426192084,,,,,
barium oxide,[Ba].[O],153.3264,2246.15,2273.15,300013.5658308028,,,,,
calcium fluoride,[Ca+2].[F-].[F-],78.0748064,1691.15,2773.15,384246.8701914066,5172855.740530524,4570.85,37691000,,
d-lysine hydrochloride,Cl.NCCCC[C@@H](N)C(=O)O,182.6485,483.05,665.14,168766.78428785346,413841.7320833251,883.143,3476548.6,,
neostigmine methyl sulfate,CN(C)C(=O)Oc1cccc([N+](C)(C)C)c1.COS(=O)(=O)[O-],334.38858,416.65,,,,,,,
"acetamide, n-[3-[(2-cyanoethyl)ethylamino]-4-ethoxyphenyl]-",CCOc1ccc(N=C(C)O)cc1N(CC)CCC#N,275.34614000000005,532.55,820.42,146295.85873257564,,1031.4526,1849924.8,,
n-[(phenylmethoxy)carbonyl]-d-norleucine,CCCC[C@@H](N=C(O)OCc1ccccc1)C(=O)O,265.30496,330.15,882.83,,,1098.2753,2145333,,
pyridostigmine,CN(C)C(=O)Oc1ccc[n+](C)c1,181.21172,426.15,511.45,137998.80051908342,,710.38589,3110566,,
"3,3'-methylenedianiline",Nc1cccc(Cc2cccc(N)c2)c1,198.26366,355.15,705.42,136807.72361410054,,964.44557,3380205.5,,
ecothiophate iodide,CCOP(=O)(OCC)SCC[N+](C)(C)C.[I-],383.2270510000001,411.15,,,,,,,
malathion,CCOC(=O)CC(SP(=S)(OC)OC)C(=O)OCC,330.358021,275.95,,,,,,435.92778,2.36
cisapride,COc1cc(N)c(Cl)cc1C(O)=NC1CCN(CCCOc2ccc(F)cc2)CC1OC,465.9454632,383.15,1102.7,134382.67983118762,,1351.2652,1393331.9,,
12070-12-1,[C-].[W+],195.8507,3058.15,6273.15,,,10745.729,197889210,,
dicyclomine,CCN(CC)CCOC(=O)C1(C2CCCCC2)CCCCC1,309.48670000000004,417.35,744.32,96055.82404671992,215465.3687285869,956.85838,1497666,,
flavoxate,Cc1c(-c2ccccc2)oc2c(C(=O)OCCN3CCCCC3)cccc2c1=O,391.4596,360.65,1022.22,123565.75237904498,,1276.2909,1660545.9,,
zinc chloride,[Cl-].[Cl-].[Zn+2],136.286,598.15,1005.15,75576.36147513318,822174.2283266927,1637.05,13499000,,
ipratropium bromide,CC(C)[N+]1(C)C2CCC1CC(OC(=O)C(CO)c1ccccc1)C2.[Br-],412.3611,504.15,,,,,,,
nonane,CCCCCCCCC,128.2551,219.9,423.9130498,120618.98513197526,288584.14785638126,594.55,2281000,303.15,5.65
2-methoxypropane,COC(C)C,74.1216,142.07,303.95,51010.77148901265,352638.02511588123,464.4,3762000,,
lead(ii) iodide,[I-].[I-].[Pb+2],461.00894,683.15,,50758.23475353862,,1865.07,15379000,,
"1-(butylamino)-4-(methylamino)-9,10-anthraquinone",CCCCNc1ccc(NC)c2c1C(=O)c1ccccc1C2=O,308.3743,674.27,950.72,129303.90113573018,,1195.4892,2054891.9,,
"5,7-dichloro-4-hydroxyquinoline-3-carboxylic acid",O=C(O)c1c[nH]c2cc(Cl)cc(Cl)c2c1=O,258.0576,692.07,826.58,147114.4426670635,,1092.1604,3867478.5,,
omeprazole,COc1ccc2nc(S(=O)Cc3ncc(C)c(OC)c3C)[nH]c2c1,345.41606,429.15,,,,,,,2.23
didanosine,OC[C@@H]1CC[C@H](n2cnc3c(O)ncnc32)O1,236.22728,435.15,850.26,198897.4347077949,,1100.1274,5845000,,-1.24
2-(3-methoxypropylamino)-5-nitropyridine,COCCCN=c1ccc([N+](=O)[O-])c[nH]1,211.21782,520.17,715.31,168091.87785386667,,954.75712,3239339.6,,
furapromide,CC(C)N=C(O)/C=C/c1ccc([N+](=O)[O-])o1,224.21328,496.85,743.18,173508.90188128018,,982.729,3142029.8,,1.34
ethyl 2-(2-aminothiazol-4-yl)-2-methoxyiminoacetate,CCOC(=O)C(=NOC)c1csc(=N)[nH]1,229.25624,403.15,742.13,,,991.79837,3117517,,
allene,C=C=C,40.06386,136.95,240.8741571,109824.66492245132,498666.04622847534,398,5215600,,1.45
imidacloprid,O=[N+]([O-])NC1=NCCN1Cc1ccc(Cl)nc1,255.661,415.2,816.28,166114.50318977082,,1088.3966,4062132.8,,
chlorfenvinphos,CCOP(=O)(OCC)OC(=CCl)c1ccc(Cl)cc1Cl,359.569921,253.15,441.65,,91505.71667146162,581.03803,1175376.5,,3.81
ouabain,C[C@@H]1O[C@@H](O[C@H]2C[C@@H](O)[C@]3(CO)[C@H]4[C@H](O)C[C@]5(C)[C@@H](C6=CC(=O)OC6)CC[C@]5(O)[C@@H]4CC[C@]3(O)C2)[C@H](O)[C@H](O)[C@H]1O,584.65246,473.15,1745.82,127248.24590663656,218022.6954942887,3004.8594,1731779,,-2
3-o-acetyljervine,CC(=O)O[C@H]1CC[C@@]2(C)C(=CC[C@H]3[C@@H]4CC[C@]5(O[C@@H]6C[C@H](C)CN[C@H]6[C@H]5C)C(C)=C4C(=O)[C@@H]32)C1,467.64014,811.66,1130.05,126997.22483189746,215536.0866615433,1393.2471,1106680,,
ketoconazole,CC(=O)N1CCN(c2ccc(OCC3COC(Cn4ccnc4)(c4ccc(Cl)cc4Cl)O3)cc2)CC1,531.43092,419.15,1199.38,136294.29014028766,,1474.0572,1589808.9,,4.35
"ropivacaine, (r)-",CCCN1CCCC[C@@H]1C(O)=Nc1c(C)cccc1C,274.40113999999994,478.77,756.96,133756.7329348559,,973.60283,1898605,,
isosorbide dinitrate,O=[N+]([O-])O[C@H]1CO[C@H]2[C@@H]1OC[C@H]2O[N+](=O)[O-],236.13632,343.15,,,,,,,1.31
tricine,O=C(O)CNC(CO)(CO)CO,179.17111999999997,460.15,805.87,175184.48285638893,735056.0430835423,992.44614,5123977.2,,
15910-74-4,CN(C)[C@@H]1CCCC[C@H]1O,143.22668,276.35,502.14,115139.16261970186,360730.0736877289,690.25997,3364538.3,,
sodium sulfate,O=S(=O)([O-])[O-].[Na+].[Na+],142.04214,1157.15,,167907.9180305225,,,,,
nsc 63346,CN(C)c1ccc(C=Cc2ccnc3ccccc23)cc1.Cl,310.82056,526.95,825.05,129222.46842358175,,1086.1102,2016320.5,,
cyclosarin,CP(=O)(F)OC1CCCCC1,180.1570242,243.15,,,,,,,
"methanamine, n-nitro-",CN[N+](=O)[O-],76.05466,311.15,424.49,194675.77660593053,,642.55992,6018581.8,,
"1,3-cyclopentadien-1-ol",OC1=CC=CC1,82.10054,236.11,429.43,93945.78890711316,560911.5235689165,624.5655,5602567.3,,
chlorpyrifos,CCOP(=S)(OCC)Oc1nc(Cl)c(Cl)cc1Cl,350.58630100000005,315.15,,,,,,,4.96
n-phenyl-4-piperidinecarboxamide,OC(=Nc1ccccc1)C1CCNCC1,204.26824,379.15,737.68,,,978.41284,3028936.3,,
cefazolin,Cc1nnc(SCC2=C(C(=O)O)N3C(=O)[C@@H](N=C(O)Cn4cnnn4)[C@H]3SC2)s1,454.50716,472.15,1428.91,,,1750.2438,3745380.1,,-0.58
perfluorooctanoic acid,O=C(O)C(F)(F)C(F)(F)C(F)(F)C(F)(F)C(F)(F)C(F)(F)C(F)(F)F,414.068388,328.05,465.15,50525.47020324575,90065.31196,633.51613,1681033.6,,
propene,C=CC,42.07974,88.075,225.5308712,71364.50938147432,438883.8280152807,364.211,4555000,,1.77
"ethanol, 2-(2-buten-1-yloxy)-",CC=CCOCCO,116.15828,235.35,455.64,144406.40822160934,379091.3410596692,643.9,3387000,,
"α,2-dimethyl-1h-indole-3-ethanamine",Cc1[nH]c2ccccc2c1CC(C)N,188.26884,485.21,629.85,155416.0529166696,,884.20753,3103638.2,,
propargyl chloride,C#CCCl,74.50892,195.15,329.15,143580.12436631747,368035.58849093487,541,5300000,,
"1-propene, 1-chloro-, (1e)-",C/C=C/Cl,76.5248,174.15,310.15,103561.19846115248,341468.06791625987,492.86,4498000,,
12002-28-7,[C-]#[O+].[C-]#[O+].[C-]#[O+].[C-]#[O+].[Fe+2].[H-].[H-],169.90128,203.15,,,,,,,
fumaric acid,O=C(O)/C=C/C(=O)O,116.07216,560.15,795.15,229202.2479809112,,771,4980000,,0.46
2-([bis(2-hydroxyethyl)amino]methyl)-4-tert-butylphenol,CC(C)(C)c1ccc(O)c(CN(CCO)CCO)c1,267.3639,566,848.65,141470.10871699583,,1047.6947,2520120.6,,
congo red,Nc1c(N=Nc2ccc(-c3ccc(N=Nc4cc(S(=O)(=O)[O-])c5ccccc5c4N)cc3)cc2)cc(S(=O)(=O)[O-])c2ccccc12.[Na+].[Na+],696.66322,633.15,,,,,,,
1-buten-3-yne,C#CC=C,52.07456,476.15,279.15,149996.46660480666,466483.1632714295,455,4964925,,
l-arabinose,O=C[C@H](O)[C@@H](O)[C@@H](O)CO,150.12990000000002,439.15,730.06,111756.55215916348,,900.87462,6588379.2,,
dihydrothebaine,COC1=CC[C@H]2[C@H]3Cc4ccc(OC)c5c4[C@@]2(CCN3C)[C@H]1O5,313.39082,583.83,787.24,128883.80074438684,,1015.0113,1992984.7,,
benzoyl peroxide,O=C(OOC(=O)c1ccccc1)c1ccccc1,242.2268,378.15,689.72,119045.45657210516,281233.12212983664,884,2570000,353.15,3.46
buspirone,O=C1CC2(CCCC2)CC(=O)N1CCCCN1CCN(c2ncccn2)CC1,385.50314,475.15,1034,104048.43913852426,,1296.7115,2000121.6,,2.63
amoxapine,Clc1ccc2c(c1)C(N1CCNCC1)=Nc1ccccc1O2,313.78144,448.65,871.43,151019.12974840068,,1148.2533,2896733.8,,
batrachotoxin,Cc1c[nH]c(C)c1C(=O)OC(C)C1=CC[C@@]23OCCN(C)CC12C[C@@H](O)C12O[C@@]4(O)CC[C@@]1(C)[C@H](CC=C23)C4,538.67498,1068.34,1361.45,110335.54964813848,,1680.5299,1436979,,
"spirocyclohexane-1,2'-[1,3-diazaadamantane]",C1=CC2=CN3CC1=CN2C31CCCCC1,200.27954,433.39,574.84,96290.41489,283498.94899819035,806.89192,3448027.4,,
cadmium sulfide,[Cd].[S],144.476,1753.15,,,,,,,
2-(1-iminoethyl)phenol,CC(=N)c1ccccc1O,135.16316,397.15,574.28,,,,,,
lead(ii) sulfide,[Pb].[S],239.265,1386.15,1554.15,206465.63433849497,809171.7514952783,2531.19,20872000,,
4-(heptadecyloxy)benzoic acid,CCCCCCCCCCCCCCCCCOc1ccc(C(=O)O)cc1,376.5726,377,948.31,167030.2087831138,,1161.1051,1018127.1,,
"d-mannaric acid, 1,4:3,6-dilactone",O=C1OC2C(O)C(=O)OC2C1O,174.10824,398.12,633.28,177027.80752938517,506811.8130705732,810.8872,4717123.5,,
deoxycholic acid,C[C@H](CCC(=O)O)[C@H]1CC[C@H]2[C@@H]3CC[C@@H]4C[C@H](O)CC[C@]4(C)[C@H]3C[C@H](O)[C@]12C,392.572,448.65,1103.59,121024.93300591996,288137.5401512903,1351.481,1401690.8,,3.5
n-methylformamide,CN=CO,59.0672,251.15,459.15,,855084.8671571271,725,7500076,,-0.97
anisole,COc1ccccc1,108.13782,236.15,426.75,119292.2143242762,363036.5142750786,646.5,4240000,316.1595123,2.11
11-octadecynoic acid,CCCCCCC#CCCCCCCCCCC(=O)O,280.44548000000003,319.15,765.95,198402.1992438601,,954.76683,1374795.5,,
morphine n-oxide,C[N+]1([O-])CC[C@]23c4c5ccc(O)c4O[C@H]2[C@@H](O)C=C[C@H]3[C@H]1C5,301.33705999999995,547.65,,,,,,,
bromophenol blue,O=S1(=O)OC(c2cc(Br)c(O)c(Br)c2)(c2cc(Br)c(O)c(Br)c2)c2ccccc21,669.9606999999999,477.15,,,,,,,
colistin,CCC(C)CCCC(O)=N[C@@H](CCN)C(O)=N[C@H](C(O)=N[C@@H](CCN)C(O)=N[C@H]1CCN=C(O)[C@H]([C@@H](C)O)N=C(O)[C@H](CCN)N=C(O)[C@H](CCN)N=C(O)[C@H](CC(C)C)N=C(O)[C@@H](CC(C)C)N=C(O)[C@H](CCN)N=C1O)[C@@H](C)O,1155.43392,483.15,3227.72,163978.22213839804,,-17852.909,489250.17,,
"2-ethyl-4,6-dimethylphenol",CCc1cc(C)cc(C)c1O,150.21756000000002,365.64,500.65,137813.4487073282,315532.95274619886,711.89,3318000,,
"3,3,4,4-tetramethoxystilbene",COC1(OC)C=CC(C=Cc2ccccc2)=CC1(OC)OC,302.36488,426.65,750.62,78501.18042809734,,982.90374,1870787,,
tetraoctylammonium bromide,CCCCCCCC[N+](CCCCCCCC)(CCCCCCCC)CCCCCCCC.[Br-],546.79302,371.15,,,,,,,
tungsten hexafluoride,[F-].[F-].[F-].[F-].[F-].[F-].[W+6],297.8304192,275.05,290.25,13766.223111168358,73335.23849455218,444,4340000,,
dinoprostone,CCCCC[C@H](O)/C=C/[C@H]1[C@H](O)CC(=O)[C@@H]1C/C=C\CCCC(=O)O,352.46508,340.15,1068.71,165528.4546202421,314285.46127746016,1312.9331,1474748.8,,2.82
chlorhexidine,N=C(NCCCCCCNC(=N)NC(=N)Nc1ccc(Cl)cc1)NC(=N)Nc1ccc(Cl)cc1,505.4466000000001,407.15,1537.84,,,1897.504,1174436.2,,
sodium benzoate,O=C([O-])c1ccccc1.[Na+],144.10316999999998,573.15,,,,,,,
sodamide,[NH2-].[Na+],39.01235,483.15,673.15,,,,,,
(-)-adlumidine,CN1CCc2cc3c(cc2[C@@H]1[C@@H]1OC(=O)c2c1ccc1c2OCO1)OCO3,367.35208,509.15,946.66,182952.5505885253,,1192.989,2349641.2,,
"benzene, 1-(dimethoxymethyl)-4-nitro-",COC(OC)c1ccc([N+](=O)[O-])cc1,197.18794,403.2,567.15,116295.1446219277,250640.6662903581,870.93707,3156167.2,,
miconazole,Clc1ccc(COC(Cn2ccnc2)c2ccc(Cl)cc2Cl)c(Cl)c1,416.12856,434.15,936.56,117564.62954621523,,1196.4751,1989430.6,,
methanetetracarbonitrile,N#CC(C#N)(C#N)C#N,116.0803,405.65,719.09,63025.33677,650084.7942498155,971.93305,3159716.4,,
"cis,trans-2,4-hexadiene",C/C=C\C=C\C,82.14359999999999,177.05,356.15,142433.4945144844,360517.7207868216,538,3350000,261.4901964,2.8
"2,5-dimethyltetrahydrofuran",CC1CCC(C)O1,100.15888,144.25,364.15,142583.46339336064,305449.95419125346,551.1,3643000,,
"dimethyl cis-1,2,3,6-tetrahydrophthalate",COC(=O)[C@H]1CC=CC[C@H]1C(=O)OC,198.21576,291.02,558.88,123713.67443234584,265037.81232000515,767.25076,2603082,,
allantoin,N=C(O)NC1N=C(O)N=C1O,158.11544,511.15,715.71,190658.1672226317,598399.1725617504,981.27452,7317638.9,,
3-ethenylbenzoic acid,C=Cc1cccc(C(=O)O)c1,148.15861999999998,369.15,579.37,145661.45392012966,,809.39143,3740800,,
rifampicin,CO[C@H]1/C=C/O[C@@]2(C)Oc3c(C)c(O)c4c(c3C2=O)C(=O)/C(=C/NN2CCN(C)CC2)C(=C4O)N=C(O)/C(C)=C\C=C\[C@H](C)[C@H](O)[C@@H](C)[C@@H](O)[C@@H](C)[C@H](OC(C)=O)[C@@H]1C,822.94022,456.15,2139.19,146395.80989248527,,3706.1761,766062.28,,
cyclobenzaprine,CN(C)CCC=C1c2ccccc2C=Cc2ccccc21,275.38744,458.81,450.65,132504.22749853804,266501.1910084511,983.92757,1923668.8,,
lithium nitrate,O=[N+]([O-])[O-].[Li+],68.9459,526.15,,387260.1561514173,,,,,
fusidic acid,CC(=O)O[C@H]1C[C@@]2(C)[C@@H](C[C@@H](O)[C@H]3[C@@]4(C)CC[C@@H](O)[C@@H](C)[C@@H]4CC[C@@]32C)/C1=C(\CCC=C(C)C)C(=O)O,516.70922,465.65,1328.54,128139.7688239432,199739.8681,1665.3332,950837.06,,
methylethylthiophos,CCOP(=S)(OC)Oc1ccc([N+](=O)[O-])cc1,277.23404100000005,255.15,444.65,,123088.89612642751,605.31554,1522026,,
sotalol,CC(C)NCC(O)c1ccc(NS(C)(=O)=O)cc1,272.3638,479.9,,,,,,,0.24
1-[4-(decyloxy)phenyl]ethanone,CCCCCCCCCCOc1ccc(C(C)=O)cc1,276.41372,403.72,719.39,140423.56508208055,,912.25741,1497666,,
"α-amino-2,3-dihydro-2-oxo-5-oxazoleacetic acid",NC(C(=O)O)c1cnc(O)o1,158.11214,463.15,716.12,217200.2731732048,,972.49061,7790048.8,,
"3-ethyl-4-hydroxy-1,2,5-oxadiazole",CCc1no[nH]c1=O,114.10264,434.62,512.23,193071.78168708453,,757.95421,5774152.1,,
dimethyl sulfone,CS(C)(=O)=O,94.13284,382.15,511.15,194406.11799240307,579694.1346990112,768.65059,6888768.7,,-1.41
ethyl 5-methoxy-1h-indole-2-carboxylate,CCOC(=O)c1cc2cc(OC)ccc2[nH]1,219.23652,429.15,655.54,151174.6309419617,,879.62429,2853568.6,,
"1-(hydroxymethyl)-5,5-dimethylhydantoin",CC1(C)C(O)=NC(=O)N1CO,158.15519999999998,373.15,670.59,111984.93631572028,,870.19064,5446548.9,,
"2h-azepin-2-one, 3-(dimethylamino)hexahydro-, polymer with hexahydro-2h-azepin-2-one",CN(C)C1CCCCN=C1O.OC1=NCCCCC1,269.38308,605.73,818.81,104950.91228446864,302130.3321279145,1087.252,2405279.5,,
"2,6-dinitrophenol",O=[N+]([O-])c1cccc([N+](=O)[O-])c1O,184.10636,336.65,752.84,181704.7493633572,,770.1,3905000,,1.37
51228-92-3,CC(=O)OCCN(CCC#N)c1cccc(C)c1,246.30492,426.27,724.32,140330.12414043536,,933.74023,1944079,,
5153-63-9,CC(=O)O.c1ccncc1,139.15186,456.65,,,,,,,
pyrithioxin,Cc1ncc(CSSCc2cnc(C)c(O)c2CO)c(CO)c1O,368.471,492.15,1229.52,168262.90264362734,,1505.4964,3745380.1,,
69898-15-3,O=C(O)/C=C/C(=O)O.O=C(OCCOCCO)c1ccccc1,326.29862,693.99,1038.88,169832.16171738633,,1273.1555,2256814.2,,
1-carboxycyclopropanecarboxamide,N=C(O)C1(C(=O)O)CC1,129.11398,461.65,592.89,135399.7452483457,543832.4089716054,827.61868,5791742.8,,
g-carboxyglutamic acid,N[C@@H](CC(C(=O)O)C(=O)O)C(=O)O,191.13876,440.15,845.06,208623.30591660217,634713.1494034561,1072.1695,4730109.4,,
methyl formate,COC=O,60.05196,173.15,304.75,,469260.3122529338,487.2,6000000,253.15,0.03
"2-(cyclohexylsulfanyl)hexahydro-1h-isoindole-1,3(2h)-dione",O=C1C2CCCCC2C(=O)N1SC1CCCCC1,267.38704,487.07,778.35,82621.80545474456,288231.5928370877,1046.5292,2597777.8,,
"benzenamine, 2,5-dimethoxy-n,n-dimethyl-4-nitro-",COc1cc([N+](=O)[O-])c(OC)cc1N(C)C,226.22916,486.98,679.14,138302.24185069688,,905.41454,2724011.8,,
ajmalicine hydrochloride,COC(=O)C1=CO[C@@H](C)[C@H]2CN3CCc4c([nH]c5ccccc45)[C@@H]3C[C@H]12.Cl,388.8878,531.15,944.79,156572.1526877418,,1191.6015,1714611.5,,
cyclobutane,C1CCC1,56.10632,182.48,285.65,19427.401405046705,427438.37449993467,458,5045985,,
2-(hexyloxy)ethyl laurate,CCCCCCCCCCCC(=O)OCCOCCCCCC,328.5298,379.72,737.84,161668.7435964713,191813.3293652869,908.48127,1007810.5,,
"pyrazino[2,3-b]pyrazine",c1cnc2nccnc2n1,132.12276,502.66,597.34,173384.2072327281,,895.61614,6785199.6,,
domperidone,Oc1nc2ccccc2n1CCCN1CCC(n2c(O)nc3cc(Cl)ccc32)CC1,425.91126,515.65,1108.31,148796.2539,,1373.9396,2104200,,3.9
silver bromide,[Ag+].[Br-],187.7722,703.15,1775.15,48798.49093742312,1054469.1919251094,,,,
68310-78-1,C=CC(=O)O.C=Cc1ccccc1.CC(C)(N)CO,265.34802,523.33,872.63,118233.40532181096,,1097.5788,2139383.4,,
ethion,CCOP(=S)(OCC)SCSP(=S)(OCC)OCC,384.476102,260.15,,,,,,449.26111,5.07
phenethicillin,CC(Oc1ccccc1)C(O)=N[C@@H]1C(=O)N2[C@@H]1SC(C)(C)[C@@H]2C(=O)O,364.4161,813.63,1019.24,127971.84317597385,,1269.1418,2274066.4,,2.2
cloxacillin,Cc1onc(-c2ccccc2Cl)c1C(O)=N[C@@H]1C(=O)N2[C@@H]1SC(C)(C)[C@@H]2C(=O)O,435.88132,1023.71,1199.29,149618.7081382611,,1477.7771,2267573.7,,2.48
sodium metabisulfite,O=S([O-])S(=O)(=O)[O-].[Na+].[Na+],190.10654,423.15,,,,,,,
4-biphenylyl isocyanate,O=C=Nc1ccc(-c2ccccc2)cc1,195.21666,329.15,556.15,,318510.7397979309,873.39747,3284045.3,,
benzo[b]fluoranthene,c1ccc2c(c1)-c1cccc3c1c-2cc1ccccc13,252.30928,439.15,754.15,124783.36111933737,268476.87133197073,1026,2186000,,5.78
1:12-trimethylene-chrysene,c1cc2c3c(c4ccc5ccccc5c4cc3c1)CCC2,268.35174,523.21,795.03,114595.86585874196,,1058.3198,2345092,,
nadolol,CC(C)(C)NCC(O)COc1cccc2c1C[C@H](O)[C@H](O)C2,309.40058,398.15,977,122071.52294284644,,1196.1242,2208293.3,,0.81
fenfluramine,CCNC(C)Cc1cccc(C(F)(F)F)c1,231.2573496,383.15,550.13,103304.82486858012,,739.08666,2165345.3,,3.36
barium carbonate,O=C([O-])[O-].[Ba+2],197.3359,1828.15,1723.15,202700.06623224667,,,,,
5995-42-6,O=P(O)(O)CN(CCO)CP(=O)(O)O,249.096042,528.15,,,,,,,
diallylcyclohexylamine,C=CCN(CC=C)C1CCCCC1,179.30184,261.33,499.51,106702.75330136044,239609.9274467026,697.45419,2304737.5,,
titanium tetrachloride,[Cl-].[Cl-].[Cl-].[Cl-].[Ti+4],189.679,249.03,409.6,52562.48714934178,190847.67075424144,638,4660950,,
"benzoic acid, 2-amino-4,5-dimethoxy-, methyl ester",COC(=O)c1cc(OC)c(OC)cc1N,211.21452,403.15,645.61,125332.2925,,862.08475,2878115.3,,
magnesium fluoride,[F-].[F-].[Mg+2],62.3018064,1536.15,2500.15,942187.7694,,,,,
ethanolamine,NCCO,61.08308,283.45,443.5640754,167329.47978392706,815041.4269573732,671.4,8125000,358.15,-1.31
4-(phenylmethoxy)benzeneethanol,OCCc1ccc(OCc2ccccc2)cc1,228.28634,360.65,715.74,120791.28343815928,,930.50526,2668021.3,,
3-aminopropanol,NCCCO,75.10966,284.15,458.15,262283.1736956338,708322.6520218963,649,5500000,,-1.12
squalene,CC(C)=CCCC(C)=CCCC(C)=CCCC=C(C)CCC=C(C)CCC=C(C)C,410.718,198.15,694.45,162661.48549613115,111823.76553033903,1115.8859,708841.01,,
astaxanthin,CC(C=CC=C(C)C=CC1=C(C)C(=O)C(O)CC1(C)C)=CC=CC=C(C)C=CC=C(C)C=CC1=C(C)C(=O)C(O)CC1(C)C,596.83848,455.65,1520.24,129405.19518781698,146255.3011433376,1957.9483,667694.92,,
"morphine, methyldihydro-",CN1CC[C@]23c4c5ccc(O)c4O[C@H]2[C@@](C)(O)CC[C@H]3[C@H]1C5,301.38012000000003,479.65,878.77,131478.4797351597,,1111.0768,2881205.9,,
11-cis-retinal,CC1=C(/C=C/C(C)=C/C=C\C(C)=C\C=O)C(C)(C)CCC1,284.43572,366,751.17,119584.13661969038,,972.39338,1490735.1,,
potassium iodide,[I-].[K+],166.00277,954.15,1596.15,144575.90075153566,,819,9730000,,
"1-(10,11-dihydro-5h-dibenzo[b,f]azepin-5-yl)-n,n-dimethylpropan-2-amine",CC(CN1c2ccccc2CCc2ccccc21)N(C)C,280.40726,457.41,729.22,121084.5967397563,,953.62098,1944079,,
41573-36-8,CN(C)c1ccc(C(c2ccc(N(C)C)cc2)c2ccccc2Cl)cc1,364.911,416.65,882.69,117831.47123545191,,1125.9192,1586012.4,,
potassium perchlorate,[K+].[O-][Cl+3]([O-])([O-])[O-],138.5489,798.15,,,,,,,
solatunine,C[C@H]1CC[C@@H]2[C@@H](C)[C@H]3[C@H](C[C@H]4[C@@H]5CC=C6C[C@@H](O[C@@H]7O[C@H](CO)[C@H](O)[C@H](O[C@@H]8O[C@H](CO)[C@@H](O)[C@H](O)[C@H]8O)[C@H]7O[C@H]7O[C@@H](C)[C@H](O)[C@@H](O)[C@H]7O)CC[C@]6(C)[C@H]5CC[C@]34C)N2C1,868.05882,558.15,2265.04,161140.00201046283,799321.1845373597,14549.833,722626.89,,
sufentanil,CCC(=O)N(c1ccccc1)C1(COC)CCN(CCc2cccs2)CC1,386.5508,369.75,917.41,108185.00440304352,,1154.8955,1641760.1,,3.95
hentriacontane,CCCCCCCCCCCCCCCCCCCCCCCCCCCCCCC,436.83986,341.05,731.15,174082.09955932133,99037.3009,904.88,569000,,
dodecane,CCCCCCCCCCCC,170.33484,263.55,489.4415896,216045.05572670867,256157.1398534701,658.1,1817000,347.15,6.1
6-methyldodecane,CCCCCCC(C)CCCCC,184.36142,215,496.6,140501.19596605407,,659.98393,1655145.7,,
"dodecane, 3-ethyl-",CCCCCCCCCC(CC)CC,198.388,232.54,519.48,143622.59814101658,219809.88564198243,691.4,1622000,,
pentadecane,CCCCCCCCCCCCCCC,212.41458,283.1,543.75,162889.00695988006,234615.6278,708,1480000,405.15,
hexadecane,CCCCCCCCCCCCCCCC,226.44116,291.15,559.9033653,235646.2049567313,228542.89271099272,722.1,1479850,399.7493207,
heptadecane,CCCCCCCCCCCCCCCCC,240.46774,295.15,576.15,167007.8489530446,223329.3669082692,736,1340000,405.3542963,
octadecane,CCCCCCCCCCCCCCCCCC,254.49432,301.15,589.15,242441.5601888482,216395.38635869228,747,1290000,,
5-methyloctadecane,CCCCCCCCCCCCCC(C)CCCC,268.5209,260,633.88,154338.07945675738,,795.21061,1086347.7,,
eicosane,CCCCCCCCCCCCCCCCCCCC,282.54748,309.9,617.25,247392.04893988083,202922.98417668435,768,1070000,,
deacetylchitin,COC(O)=N[C@H]1[C@H](O[C@H]2[C@H](O)[C@@H](N)[C@H](O[C@H]3[C@H](O)[C@@H](N)[C@H](O)O[C@@H]3CO)O[C@@H]2CO)O[C@H](CO)[C@@H](O[C@@H]2O[C@H](CO)[C@@H](O[C@@H]3O[C@H](CO)[C@@H](O[C@@H]4O[C@H](CO)[C@@H](O[C@@H]5O[C@H](CO)[C@@H](O[C@@H]6O[C@H](CO)[C@@H](O[C@@H]7O[C@H](CO)[C@@H](O)[C@H](O)[C@H]7N)[C@H](O)[C@H]6N)[C@H](O)[C@H]5N)[C@H](O)[C@H]4N)[C@H](O)[C@H]3N)[C@H](O)[C@H]2N)[C@@H]1O,1526.45392,375.65,4442.85,209627.02889845503,,-1072.101,678168.4,,
clobestasol propionate,CCC(=O)OC1(C(=O)CCl)C(C)CC2C3CCC4=CC(=O)C=CC4(C)C3(F)C(O)CC21C,466.9699832,469.4,1114.28,86806.43608443397,236636.2309491168,1366.0795,1317518.7,,3.5
trichloramine,ClN(Cl)Cl,120.3657,233.15,344.15,94445.51063965895,250417.8408916313,564,10400000,,
phenylacetylene,C#Cc1ccccc1,102.13324,228.25,416.15,132101.9483960364,340435.1035443008,650,4280000,314.15,2.4
barium chloride,[Ba+2].[Cl-].[Cl-],208.233,1234.15,1833.15,76116.65778238799,,,,,
ticlopidine,Clc1ccccc1CN1CCc2sccc2C1,263.78566,484.15,688.92,106666.1470528762,,946.2383,2850522.3,,
dipyridamole,OCCN(CCO)c1nc(N2CCCCC2)c2nc(N(CCO)CCO)nc(N3CCCCC3)c2n1,504.6256,436.15,1487.48,162766.21717170117,,1975.2739,2036387.8,,
methyl viologen,C[n+]1ccc(-c2cc[n+](C)cc2)cc1.[Cl-].[Cl-],257.15896000000004,450.65,620.96,112646.27917300643,,858.15586,2603082,,
griseofulvin,COC1=CC(=O)C[C@@H](C)[C@]12Oc1c(Cl)c(OC)cc(OC)c1C2=O,352.76628,493.15,928.84,95349.24936703134,,1178.8712,2010899.1,,2.18
brucinum,COc1cc2c(cc1OC)[C@@]13CCN4CC5=CCOC6CC(=O)N2C1[C@H]6[C@H]5C[C@H]43,394.46354,450.15,743.15,130942.3933071229,181294.17257798187,1209.4175,1801562.9,,0.98
potassium sulfate,O=S(=O)([O-])[O-].[K+].[K+],174.2592,1342.15,1962.15,210031.9524019392,,,,,
1-triacontanol,CCCCCCCCCCCCCCCCCCCCCCCCCCCCCCO,438.81268,361.15,978.18,176713.21621790875,,881.6,740000,,
methylcyclopentadiene,CC1=CC=CC1,80.12772,345.15,345.93,77563.66960148123,366157.8489367715,541,4430000,255.15,
plumericin,C/C=C1/C(=O)O[C@]23C=C[C@@H]4C(C(=O)OC)=CO[C@H](O[C@@H]12)[C@@H]43,290.26806,485.15,745.61,168785.36343268357,269451.06161683844,970.00027,2384185.8,,
2-hydroxy-5-nonylbenzophenone oxime,CCCCCCCCCC1=C/C(=C(/NO)c2ccccc2)C(=O)C=C1,339.47116000000005,567.88,973.85,139352.04392620566,,1198.4648,1562280.3,,
silver chloride,[Ag+].[Cl-],143.3212,728.15,1820.15,91082.12881,1323507.8451650415,2992.1,10028000,,
clomiphene,CCN(CC)CCOc1ccc(C(=C(Cl)c2ccccc2)c2ccccc2)cc1,405.95962,390.15,955.71,125179.93784702034,,1198.4464,1341759.6,,
tolnaftate,Cc1cccc(N(C)C(=S)Oc2ccc3ccccc3c2)c1,307.40938,384.15,,,,,,,
hydrazine sulfate,NN.O=S(=O)(O)O,130.12364,527.15,,,,,,,
cadmium sulfate,O=S(=O)([O-])[O-].[Cd+2],208.4736,1273.15,,,,,,,
ac1o59m5,C=CC#N.C=CC(=O)OC.C=CCCO/C=C/O/C=C/OCCC=C.C=Cc1ccccc1C=C,479.6077800000001,510.6,1114.94,117990.1627117058,,1365.304,744478.3,,
ecdysterone,CC(C)(O)CC[C@@H](O)[C@](C)(O)[C@H]1CC[C@@]2(O)C3=CC(=O)[C@@H]4C[C@@H](O)[C@@H](O)C[C@]4(C)[C@H]3CC[C@]12C,480.63406,515.15,1465.85,82466.06576321287,239778.1064736013,1992.3149,1589808.9,,
boron carbide,B12B3B4B1C234,55.2547,2623.15,3773.15,,10988453.344430637,6778.9889,141467270,,
cyanogen chloride,N#CCl,61.470400000000005,266.6,286.15,65869.10123,434920.1248854172,449,5990000,,
2-bromo-2-chloropropane,CC(C)(Cl)Br,157.43674,215.71,368.15,35531.73166568363,202816.21420043145,578.46847,4723609.8,,
193486-91-8,C=COC(C)=O.C=Cc1ccccc1.CC(C)OC(=O)/C=C/C(=O)OC(C)C,390.47,387.03,903.74,112049.58127384946,,1121.6871,1105208.8,,
n-butylcyclohexanamine,CCCCNC1CCCCC1,155.28044,481.45,480.15,119718.87766417972,,697.25034,2603082,,
zopiclone,CN1CCN(C(=O)OC2c3nccnc3C(=O)N2c2ccc(Cl)cn2)CC1,388.80828,451.15,1031.92,141051.52287394705,,1301.5436,2698600.1,,
nitrazepam,O=[N+]([O-])c1ccc2c(c1)C(c1ccccc1)=NCC(O)=N2,281.26614,498.15,952.12,146501.8149714004,,1255.5335,3384139.4,,2.25
samarium iodide (smi2),[I-].[I-].[Sm+2],404.16894,793.15,,,,,,,
"2-cyclopentyl-2-methyl-1,3-propanediol",CC(CO)(CO)C1CCCC1,158.23802,368.65,601.93,86976.56858952102,,784.93429,3464282,,
1-(3-pyridyl)-2-(4-pyridyl)ethylene,C(=C/c1cccnc1)\c1ccncc1,182.2212,415.84,639.08,139369.07450944238,,916.32781,3655350.2,,
10597-89-4,CC(O)=N[C@@H](C=O)[C@@H](O[C@H](C)C(=O)O)[C@H](O)[C@H](O)CO,293.27046,648.61,1046.25,133709.34119992857,504782.6335246911,1288.6785,3318184.7,,
oxalacetic acid,O=C(O)CC(=O)C(=O)O,132.07156,434.15,636.01,212013.85067307448,613879.3834686537,853.35707,5398632.3,,
2-methoxynicotinic acid,COc1ncccc1C(=O)O,153.13538,418.15,613.05,156769.78109173727,,851.21052,4438524.4,,
trichloroacetic acid,O=C(O)C(Cl)(Cl)Cl,163.38714,330.4,471.35,36110.553131660185,302409.8830038121,685,5099687,,1.33
chloric acid,[O-][Cl+2]([O-])O,84.45913999999999,184.66,308.21,133662.2655641533,447034.6340851468,452.96772,9518144,,
barium nitrate,O=[N+]([O-])[O-].O=[N+]([O-])[O-].[Ba+2],261.3368,863.15,,,,,,,
usaf xr-7,CCN(CC)CCC(=O)N1c2ccccc2Sc2ccccc21,326.45578,609.31,827.09,137329.47231015484,,1055.4876,1985885.9,,
1303-33-9,S1[As]2S[As]3S[As]1S[As](S2)S3,492.0764,585.15,980.15,58324.27647414101,179615.29539059917,1608.24,6838000,,
pimaricin,CC1CC=CC=CC=CC=CC(OC2OC(C)C(O)C(N)C2O)CC2OC(O)(CC(O)CC3OC3C=CC(=O)O1)CC(O)C2C(=O)O,665.72518,563.15,1856.77,161571.1756614043,172660.74679322942,2857.5779,1185787.2,,
n-phenylaza-15-crown 5-ether,c1ccc(N2CCOCCOCCOCCOCC2)cc1,295.374,317.65,770.98,135888.73766817662,,1037.2239,2443476.9,,
"(2,3-d)-furocycloheptatrienone",O=c1ccc2cocc2cc1,146.14274,344.34,546.79,112171.15540600922,,801.17629,4351125.4,,
pyrazole,c1cn[nH]c1,68.07726,341.15,460.15,205648.6997273392,623448.4073323677,734,6600000,355.65,0.26
bromazepam,OC1=Nc2ccc(Br)cc2C(c2ccccn2)=NC1,316.1527,510.65,897.26,119176.58776913816,,1207.8183,4082924.2,,2.05
"benzene, 2-ethyl-1,3,4-trimethyl-",CCc1c(C)ccc(C)c1C,148.24474,277.71,489.75,115484.70455005688,288497.2840000406,697.3,2795000,,
glycol dibutyrate,CCCC(=O)OCCOC(=O)CCC,202.24752,193.15,513.15,150281.1999870258,276017.8735,719.80411,2127558.2,,
(+)-2-methylbutanal,CC[C@H](C)C=O,86.1323,173.11,364.15,86750.26674081617,,539.36376,3829281.4,,
citronellyl nitrile,CC(C)=CCCC(C)CC#N,151.24868,233.41,534.08,122520.07753059398,312876.0825980984,730.59976,2187684,,
acarbose,C[C@H]1O[C@H](O[C@H]2[C@H](O)[C@@H](O)[C@@H](O[C@H]3[C@H](O)[C@@H](O)C(O)O[C@@H]3CO)O[C@@H]2CO)[C@H](O)[C@@H](O)[C@@H]1N[C@H]1C=C(CO)[C@@H](O)[C@H](O)[C@H]1O,645.60482,1318.2,2158.09,200277.31515387385,,222858.23,2216618.6,,
chlorisopropamide,CC(C)N=C(O)NS(=O)(=O)c1ccc(Cl)cc1,276.73982,429.15,575.15,,205347.82282677005,747.40001,2031369.8,,
chlorthalidone,NS(=O)(=O)c1cc(C2(O)N=C(O)c3ccccc32)ccc1Cl,338.76614,512.15,,,,,,,0.85
n-methyl-n-(1-methylethyl)-1h-indole-3-ethanamine,CC(C)N(C)CCc1c[nH]c2ccccc12,216.322,444.44,626.85,150946.27453518365,,845.11736,2424265.3,,
4-cyano-4'-octylbiphenyl,CCCCCCCCc1ccc(-c2ccc(C#N)cc2)cc1,291.42990000000003,294.15,845.48,133671.9396328242,,1070.2163,1449038.3,,
sphingosine,CCCCCCCCCCCCC/C=C/[C@@H](O)[C@@H](N)CO,299.49188000000004,340.15,871.61,163293.2418735359,302039.09278554143,1067.1874,1438069.1,,
melitten,CCC(C)C(N=C(O)CN)C(O)=NCC(O)=NC(C)C(O)=NC(C(O)=NC(CC(C)C)C(O)=NC(CCCCN)C(O)=NC(C(O)=NC(CC(C)C)C(O)=NC(C(O)=NC(C(O)=NCC(O)=NC(CC(C)C)C(=O)N1CCCC1C(O)=NC(C)C(O)=NC(CC(C)C)C(O)=NC(C(O)=NC(CO)C(O)=NC(Cc1c[nH]c2ccccc12)C(O)=NC(C(O)=NC(CCCCN)C(O)=NC(CCCNC(=N)N)C(O)=NC(CCCCN)C(O)=NC(CCCNC(=N)N)C(O)=NC(CCC(=N)O)C(O)=NC(CCC(=N)O)C(=N)O)C(C)CC)C(C)CC)C(C)O)C(C)O)C(C)C)C(C)C,2846.46266,5134.01,7212.34,,,,,,
3-acetoxyphenyltrimethylammonium iodide,CC(=O)Oc1cccc([N+](C)(C)C)c1.[I-],321.1547100000001,476.15,,,,,,,
ag-g-84407,c1ccc2c(c1)CN1C3CCC(CC3)N1C2,214.30612,413,597.08,126659.93859624727,,823.49292,2915533.5,,
"3,3'-[(phenylimino)bis(ethane-2,1-diyloxy)]dipropanenitrile",N#CCCOCCN(CCOCCC#N)c1ccccc1,287.35684000000003,503.41,853.8,137967.83121640675,,1066.1112,1588541.9,,
lead(ii) chloride,[Cl-].[Cl-].[Pb+2],278.106,774.15,1224.15,78675.03757560067,519082.5719347253,1998.62,16481000,,
ac1o593g,COCc1ccc(COC)cc1.Oc1ccccc1.c1ccc(Oc2ccccc2)cc1,430.5354,623.93,1097.64,109303.43939197568,,1365.8572,1413307.7,,
brn 5580635,CCOc1cccc(-c2nc(-c3ccccc3CC)n[nH]2)c1,293.36296,682.54,494.65,154293.50726485715,326006.15425544616,1145.8863,2381859.2,,
ethyl 3-chloro-4-methylcarbanilate,CCOC(O)=Nc1ccc(C)c(Cl)c1,213.66078,378.83,610.86,133782.15693118784,,827.14277,2781783.5,,
triphenylmethane,c1ccc(C(c2ccccc2)c2ccccc2)cc1,244.33034,367.15,632.15,96451.38626664212,245677.9313982572,865,2200000,,
silver fluoride,[Ag+].[F-],126.8666032,708.15,1432.15,,,,,,
phthalocyanine,c1ccc2c(c1)-c1nc-2nc2[nH]c(nc3nc([nH]c4nc(n1)-c1ccccc1-4)-c1ccccc1-3)c1ccccc21,514.53892,1458.32,1572.98,178633.71734833976,,1930.6622,2505007.5,,
ammonium carbonate,N.N.O=C(O)O,96.08582,331.15,,,,,,,
procainamide,CCN(CC)CCNC(=O)c1ccc(N)cc1,235.32534,440.15,485.65,161453.07598408227,370456.4322659878,928.12253,2453168.4,,0.88
aluminum nitride,[Al].[N],40.988238,3273.15,2790.15,,10642339.539153095,4048.6319,23037332,,
cefuroxime,CON=C(C(O)=NC1C(=O)N2C(C(=O)O)=C(COC(=N)O)CSC12)c1ccco1,424.38524,494.65,1250.12,,,1531.0782,2345092,,-0.16
sinomenine,COC1=C[C@@H]2[C@@H]3Cc4ccc(OC)c(O)c4[C@]2(CCN3C)CC1=O,329.39022,435.15,905.55,108561.20743354187,,1150.6127,2241879,,
28705-46-6,CCOC(=O)c1cc2ccc(N(CC)CC)cc2oc1=O,289.32636,360.15,742.48,145907.89446215687,,946.72433,1913584.1,,
sodium azide,[N]N=[N-].[Na+],65.00987,548.15,,,,,,,
131447-89-7,CC(=O)CC[C@H](CC#N)C(C)(C)OC(C)=O,225.28416,369.67,684.66,103748.97196500632,294825.7958619624,886.34417,1890359.2,,
cupric oxide,[Cu].[O],79.5454,1500.15,2273.15,616000.4224002897,,,,,
potassium dichromate,[Cr].[Cr].[K+].[K+].[O-].[O-].[O].[O].[O].[O].[O],294.18460000000005,671.15,773.15,,,,,,
bendroflumethiazide,NS(=O)(=O)c1cc2c(cc1C(F)(F)F)NC(Cc1ccccc1)NS2(=O)=O,421.4145696,495.15,,,,,,,1.89
nsc635690,CC1=C(/C=C/C(C)=C/C=C/C(C)=C/C=C/C=C(C)/C=C/C=C(C)/C=C/C=C(C)/C=C/C=C(\C)C(=O)O)C(C)(C)CCC1,564.8396799999999,484.15,1338.42,159415.14590476366,147300.6609599464,1654.5385,606962.55,,
indanthrone,O=c1c2ccccc2c(=O)c2c1ccc1[nH]c3c(ccc4c(=O)c5ccccc5c(=O)c43)[nH]c12,442.42176,758.15,1376.6,126666.4641449824,,1696.3818,2271899.1,,
sodium fluoroacetate,O=C([O-])CF.[Na+],100.0242532,473.15,,,,,,,
(+)-limonene,C=C(C)[C@H]1CC=C(C)CC1,136.23404,199.15,450.75,86131.19011959127,264985.9169922716,653,2810000,321,
1-ethyl-2-phenyl-1h-indole,CCn1c(-c2ccccc2)cc2ccccc21,221.297,357.4,647.74,126106.5445984356,,886.43751,2629848.8,,
picrotoxinum,C=C(C)[C@@H]1C2OC(=O)C1[C@]1(O)CC3O[C@]34C(=O)O[C@H]2[C@]14C.CC(C)(O)[C@@H]1C2OC(=O)C1[C@]1(O)C[C@H]3O[C@]34C(=O)O[C@H]2[C@]14C,602.58316,476.65,1442.17,127408.14064568284,197349.1233407457,1875.9749,1351643.6,,
cnqx,N#Cc1cc2nc(O)c(O)nc2cc1[N+](=O)[O-],232.15246,828.93,949.48,163560.61874166655,,1245.0394,4438524.4,,
fmoc-l-valine,CC(C)[C@H](N=C(O)OCC1c2ccccc2-c2ccccc21)C(=O)O,339.38504,417.15,971.74,146618.13025111536,,1207.8695,1885437.4,,
acetylcodeine,COc1ccc2c3c1O[C@H]1[C@@H](OC(C)=O)C=C[C@H]4[C@@H](C2)N(C)CC[C@@]341,341.40092,405.65,836.27,139489.95802354606,,1063.9961,1838835.6,,
styphnic acid,O=[N+]([O-])c1cc([N+](=O)[O-])c(O)c([N+](=O)[O-])c1O,245.10332,448.65,990.28,204844.2265082333,,1291.5047,7444458.8,,
allyl acrylate,C=CCOC(=O)C=C,112.12652,196.19,394.15,116876.89941683732,316145.62947018334,575.5,3396000,,
2-cyanoethoxyethyl acrylate,C=CC(=O)OC(C)OCCC#N,169.17784,244.5,561.6,110747.36502132904,324083.8041830426,757.99089,2568891.9,,
allyxycarb,C=CCN(CC=C)c1c(C)cc(OC(O)=NC)cc1C,274.35808,340.15,721.49,145791.22291568742,,922.32964,1783350.1,,
naphthol as-itr,COc1cc(OC)c(N=C(O)c2cc3ccccc3cc2O)cc1Cl,357.78764,728.2,993.51,132941.98759912443,,1245.6735,2400567.9,,
flurazepam,CCN(CC)CCN1C(=O)CN=C(c2ccccc2F)c2cc(Cl)ccc21,387.8782232,352.65,951.3,131033.39388505276,,1190.5179,1655145.7,,
5-methylfurfural,Cc1ccc(C=O)o1,110.11064,444.15,459.15,,397690.5481138457,687.8,4703000,,0.67
7790-86-5,[Ce+3].[Cl-].[Cl-].[Cl-],246.475,1080.15,,215437.6712,,,,,
"1,1'-biphenyl,3-(1-methylethyl)-4-nitro-",CC(C)c1cc(-c2ccccc2)ccc1[N+](=O)[O-],241.2851,465.3,757.52,123289.83430804472,,1019.339,2485067.2,,
sodium borohydride,[BH4-].[Na+],37.83253,309.15,,,,,,,
d-galactonic acid,O=C(O)[C@H](O)[C@@H](O)[C@@H](O)[C@H](O)CO,196.15528,420.65,941.53,141658.1801927534,863294.3183769955,1156.4666,6796391.7,,
dihydromorphine,CN1CC[C@]23c4c5ccc(O)c4O[C@H]2[C@@H](O)CC[C@H]3[C@H]1C5,287.35353999999995,430.15,855.65,150800.29986754298,,1084.5878,3045675.4,,
praseodymium chloride,[Cl-].[Cl-].[Cl-].[Pr+3],247.26665,1059.15,,204637.38235625383,,,,,
"rel-(1r,3s,4s,6s)-4,7,7-trimethylbicyclo[4.1.0]heptan-3-ol",C[C@H]1C[C@H]2[C@@H](C[C@@H]1O)C2(C)C,154.24932,306.82,524.56,109102.58794009594,,717.69185,2906110.8,,
"cyclopropanecarboxylic acid, (3z)-3-hexenyl ester",CC/C=C\CCOC(=O)C1CC1,168.23283999999998,257.65,497.52,144811.20332986116,270054.7350862021,687.73812,2522652.8,,
neodymium chloride,[Cl-].[Cl-].[Cl-].[Nd+3],250.599,1032.15,1873.15,193536.2870562133,,,,,
sulfasalazine,O=C(O)C1=C/C(=N/Nc2ccc(S(=O)(=O)Nc3ccccn3)cc2)C=CC1=O,398.39256,493.15,,,,,,,
2-(1-methylethyl)propanedioic acid,CC(C)C(C(=O)O)C(=O)O,146.1412,403.15,627.02,167892.42184955374,,838.8459,3906250,,
129188-99-4,CC1CC(C)(C)CC(c2ccc(O)cc2)(c2ccc(O)cc2)C1,310.42994,649.41,905.37,100425.2360452088,,1177.4371,2391186.1,,
4-(4′-hexylphenyl)benzoic acid,CCCCCCc1ccc(-c2ccc(C(=O)O)cc2)cc1,282.37678,496.15,843.15,150200.02707021448,,1071.0444,1856306.6,,
fluoromethane,CF,34.0329232,131.3,194.8363087,41900.60288444455,487844.9847035082,317.28,5897000,,0.51
2-(2-ethoxyethoxy)ethyl acetate,CCOCCOCCOC(C)=O,176.21024,248.15,491.15,131780.08270120964,276020.8415,663,2730000,368.15,
"2-oxepanone, trimethyl-",CC1CCCOC(=O)C1(C)C,156.22214,264.08,474.59,77729.05940220765,265265.52607587783,680.61311,2814344.7,,
triamcinolone,C[C@]12C=CC(=O)C=C1CC[C@H]1[C@@H]3C[C@@H](O)[C@](O)(C(=O)CO)[C@@]3(C)C[C@H](O)[C@@]12F,394.4338832,543.15,1203.65,85880.04591589306,377032.2125254433,1486.1395,2349641.2,,1.16
samarium(iii) chloride,[Cl-].[Cl-].[Cl-].[Sm+3],256.71900000000005,955.15,,,,,,,
"morphinan, 3-methoxy-",COc1ccc2c(c1)[C@@]13CCCC[C@H]1[C@@H](C2)NCC3,257.37062,530.75,725.17,107758.99751106014,,976.59417,2365667.9,,
succinimide,O=C1CCC(O)=N1,99.088,398.4,569.15,76598.57904085258,578132.7472941498,858,5970000,,
n-methylacetamide,CN=C(C)O,73.09378,300.15,481.15,139875.10291573373,651791.6453814362,707.4,5090000,378.7908654,-1.05
finasteride,CC(C)(C)N=C(O)[C@H]1CC[C@H]2[C@@H]3CC[C@H]4N=C(O)C=C[C@]4(C)[C@H]3CC[C@]12C,372.54414,525.15,1075.31,,,1320.7364,1446834.4,,3.03
pentachlorophenol,Oc1c(Cl)c(Cl)c(Cl)c(Cl)c1Cl,266.33654,447.15,582.65,114700.7466568425,243155.4631993932,911.75958,4114411.9,,5.07
pterin,N=c1nc(O)c2nccnc2[nH]1,163.13680000000002,633.15,738.36,186689.94365465056,,1044.9739,7574604.2,,
cefalexin,CC1=C(C(=O)O)N2C(=O)[C@@H](N=C(O)[C@H](N)c3ccccc3)[C@H]2SC1,347.38888,599.95,1068.96,145525.67140318366,,1330.4742,2844444.4,,-1.8
1-methyl-3-phenylpiperazine,CN1CCNC(c2ccccc2)C1,176.25814,332.15,554.23,140889.94698344145,,791.16349,3302946.2,,
europium trichloride,[Cl-].[Cl-].[Cl-].[Eu+3],258.323,896.15,,128134.1576243695,,,,,
vecuronium bromide,CC(=O)O[C@H]1C[C@@H]2CC[C@@H]3[C@H](CC[C@@]4(C)[C@H]3C[C@H]([N+]3(C)CCCCC3)[C@@H]4OC(C)=O)[C@@]2(C)C[C@@H]1N1CCCCC1.[Br-],637.7313800000001,501.15,,,,,,,
salmeterol,OCc1cc(C(O)CNCCCCCCOCCCCc2ccccc2)ccc1O,415.56558,348.9,1167.07,156225.64313435197,,1447.2554,1441346.7,,
ranitidine,CN/C(=C\[N+](=O)[O-])NCCSCc1ccc(CN(C)C)o1,314.40378,342.15,889.66,189364.7716321986,,1121.6333,2246131,,0.27
saxitoxin,N=C1N[C@H]2[C@H](COC(=N)O)NC(=N)N3CCC(O)(O)[C@]23N1,299.28648,1013.69,356.15,177171.38442070622,213020.0554226585,1341.4086,6359235.8,,
mercurous chloride,[Cl-].[Cl-].[Hg+].[Hg+],472.086,673.15,656.15,,161144.23114085698,1115,20673000,,
nsc609769,CCOC(=O)C1=C(C)/C(=C\c2[nH]c(C)c(C(=O)OCC)c2C)N=C1C,344.40486,696.44,931.05,164480.83804624592,,1158.659,1584749.9,,
34688-70-5,Cc1ccc(C(C)(C)C#N)c(C)c1C,187.28078,385.15,637.51,87526.33345504008,,864.7418,2092664.9,,
cis-tamoxifen,CC/C(=C(/c1ccccc1)c1ccc(OCCN(C)C)cc1)c1ccccc1,371.51456,344.15,918.28,125489.02524843172,,1158.0307,1378882.6,,
cefotetanum [inn-latin],CO[C@@]1(N=C(O)C2SC(=C(C(N)=O)C(=O)O)S2)C(=O)N2C(C(=O)O)=C(CSc3nnnn3C)CSC21,575.61898,1618.67,1662.13,158445.08810324498,,2051.8872,3501278,,
nimodipine,COCCOC(=O)C1=C(C)NC(C)=C(C(=O)OC(C)C)C1c1cccc([N+](=O)[O-])c1,418.44034,398.15,1088.34,152650.19620240247,,1337.811,1410125.2,,3.05
"2,6-diethylaniline",CCc1cccc(CC)c1N,149.2328,276.65,524.15,134796.1038055977,354202.1752810521,678,3120000,371.7687983,
mono-o-acetylsolanoside,CO[C@@H]1[C@@H](O)[C@H](C)O[C@@H](O[C@H]2CC[C@@]3(C)[C@H](CC[C@@H]4[C@@H]3CC[C@]3(C)[C@@H](C5=CC(=O)OC5)CC[C@]43O)C2)[C@@H]1OC(C)=O,576.71812,862.51,1351.12,116783.22158492263,183638.9773558116,1690.7094,956136.66,,
ac1o51ld,C/C=C/C(=O)[C@@H]1C/C(C)=C/CC/C(C)=C/CC/C=C/1C,272.42502,374.84,749.94,104619.6123983032,238832.8290041053,983.26546,1588541.9,,
phencyclidine hydrochloride,Cl.c1ccc(C2(N3CCCCC3)CCCCC2)cc1,279.84804,507.15,705.55,63477.307184284735,,967.26623,2121682.3,,
cidofovir,N=c1ccn(C[C@@H](CO)OCP(=O)(O)O)c(O)n1,279.187021,533.15,,,,,,,
adefovir,Nc1ncnc2c1ncn2CCOCP(=O)(O)O,273.185741,574.15,,,,,,,
"3,2′:4′,3′′-terpyridine",c1cncc(-c2ccnc(-c3cccnc3)c2)c1,233.26794,421.15,788.92,136126.72191472174,,1094.2722,3555771.7,,
lithium chloride,[Cl-].[Li+],42.394000000000005,883.15,1656.15,467047.2237,4937448.749334791,2695.68,22229000,,
propargyl alcohol,C#CCO,56.06326,223.15,386.15,188875.9233765572,751514.7287216834,588.8,6190000,306.15,-0.38
nizatidine,CNC(=C[N+](=O)[O-])NCCSCc1csc(CN(C)C)n1,331.45744,404.15,941.36,174269.73429831595,,1190.4067,2475186.3,,
hexadecyl methacrylate,C=C(C)C(=O)OCCCCCCCCCCCCCCCC,310.51452,297.15,711.98,158881.4590699333,195359.94617487243,882.40161,1050045.6,,
nsc55787,N#C/C(=C\c1ccc2c(c1)OCO2)c1ccccc1,249.26404,469.23,800.43,152127.84002056616,,1065.3629,2643387.2,,
12-o-butyroyl-phorboldodecanoate,CCCCCCCCCCCC(=O)O[C@@]12[C@H](OC(=O)CCC)[C@@H](C)[C@@]3(O)[C@@H](C=C(CO)C[C@]4(O)C(=O)C(C)=C[C@@H]34)[C@@H]1C2(C)C,616.82504,992.98,1509.74,125768.24053705733,130687.85462498137,2127.7429,730065.51,,
"19-hydroxyandrost-4-ene-3,17-dione",C[C@]12CC[C@H]3[C@@H](CCC4=CC(=O)CC[C@@]43CO)[C@@H]1CCC2=O,302.40794,445.65,910.4,64224.504158191085,326466.25669411296,1156.0179,2149313.2,,
idarubicin,CC(=O)[C@]1(O)Cc2c(O)c3c(c(O)c2[C@@H](O[C@H]2C[C@H](N)[C@H](O)[C@H](C)O2)C1)C(=O)c1ccccc1C3=O,497.49388,1203.65,1544.03,139432.87101340824,,1930.2637,2367970.8,,
"3-hydroxy-5-benzoyl-1,2,4-oxadiazole",O=C(c1ccccc1)c1nc(=O)[nH]o1,190.15554,567.32,707.18,161026.07370787094,,985.67826,5087494.7,,
5-fluorouracil,Oc1ncc(F)c(O)n1,130.0772232,556.15,642.15,146013.26452669848,433942.49355423526,807.71609,6219586.2,,-0.89
2-methoxyadenosine,COc1nc(N)c2ncn(C3OC(CO)C(O)C3O)c2n1,297.26730000000003,466.15,1072.45,200886.5421793786,,1313.6038,4924592.2,,
sbb017068,Cc1ccc(C(=O)[C@@H]2CCCC[C@H]2C(=O)O)cc1,246.30162,511.42,788.72,133600.42049256517,,1029.7197,2455600.3,,
2-hydroxy mestranol,C#C[C@]1(O)CC[C@H]2[C@@H]3CCc4cc(OC)c(O)cc4[C@H]3CC[C@@]21C,326.42934,705.73,921.96,113941.96367275076,,1163.446,2274066.4,,
71173-51-8,CC12CC3C(=O)c4ccccc4C(=O)C3CC1O2,242.26986,534.24,752.84,100858.60453297822,,1019.2382,2832346.9,,
l-threose,O=C[C@H](O)[C@@H](O)CO,120.10392,435.65,615.44,113426.77241508856,,781.31081,6545804.9,,
sodium sulfite,O=S([O-])[O-].[Na+].[Na+],126.04274,1184.15,,205485.85344939344,,,,,
"1-(2,5-dimethoxy-benzyl)-4-(3-methyl-benzyl)-piperazine",COc1ccc(OC)c(CN2CCN(Cc3cccc(C)c3)CC2)c1,340.45922,544.89,833.78,118789.55723390308,,1056.4648,1643091.3,,
anhydroecgonine,CN1[C@@H]2CC=C(C(=O)O)[C@H]1CC2,167.20502,501.15,585.36,162871.90420479004,367856.5237746972,802.42801,3505425.2,,
cromolyn,O=C(O)c1cc(=O)c2c(OCC(O)COc3cccc4oc(C(=O)O)cc(=O)c34)cccc2o1,468.36654,514.65,1455.9,152980.61215047512,,1801.9228,2246131,,1.92
iron oxide (fe3o4),O.O.O.O.[Fe].[Fe].[Fe],239.59612,1870.15,,575969.2603,,,,,
3-hydroxy-7-methoxy-n-phenylnaphthalene-2-carboxamide,COc1ccc2cc(O)c(C(O)=Nc3ccccc3)cc2c1,293.3166,639.74,900.82,137626.03275777778,,1155.1537,2887402,,
formamide,N=CO,45.04062,275.15,490.15,187386.40809118524,1139844.2933579686,771,7799999,427.59444,-1.51
meconic acid,O=C(O)c1cc(=O)c(O)c(C(=O)O)o1,200.10246,393.15,858.67,199267.9150471213,,1111.856,6328917.6,,
glucochloralose,OCC(O)[C@H]1OC2O[C@H](C(Cl)(Cl)Cl)O[C@@H]2[C@H]1O,309.52834,456.15,456.15,160289.03847705835,156887.89212564207,1060.8365,3857875.9,,1.02
biphenyl,c1ccc(-c2ccccc2)cc1,154.2078,342.575,528.35,120421.92418282344,315453.9711,773,3380000,385.92778,3.76
acenaphthylene,C1=Cc2cccc3cccc1c23,152.19192,364.9,553.15,45337.49229262631,301864.1952366748,796.87,3221922,,3.94
"1(3h)-isobenzofuranone, 3,3-bis(4-hydroxyphenyl)-, compd. with 2-(diethylamino)ethanol(1:1)",CCN(CC)CCO.O=C1OC(c2ccc(O)cc2)(c2ccc(O)cc2)c2ccccc21,435.51216,849.76,1203.42,139024.8207994927,,1473.3422,1880534.9,,
"propanoic acid, 2-methoxy-2-methyl-, methyl ester",COC(=O)C(C)(C)OC,132.15768,224.36,414.29,71422.25862318407,283328.4523015176,589.3,2935000,,
tin tetrachloride,[Cl-].[Cl-].[Cl-].[Cl-].[Sn+4],260.51300000000003,239.08,387.3,35314.936298764354,108789.5777614387,592,3749025,,
t-2 toxin,CC(=O)OC[C@]12C[C@H](OC(=O)CC(C)C)C(C)=C[C@H]1O[C@@H]1[C@H](O)[C@@H](OC(C)=O)[C@@]2(C)[C@@]12CO2,466.52136,424.65,1090.7,133132.16783900312,226989.08475114763,1335.4996,1247729,,
demeclocycline,CN(C)[C@@H]1C(=O)C(C(=N)O)=C(O)[C@@]2(O)C(=O)C3=C(O)c4c(O)ccc(Cl)c4[C@@H](O)[C@H]3C[C@@H]12,464.85304,494.65,1520.14,136419.45850241187,,1963.4844,3055785.5,,
aminopterin,N=c1nc2ncc(CNc3ccc(C(=O)NC(CCC(=O)O)C(=O)O)cc3)nc2c(N)[nH]1,440.4127,1353.64,1531.23,199851.18503621715,,1885.807,3079572.5,,
12007-23-7,B#B.[Hf],200.112,3373.15,,,,,,,
aluminum chloride,[Al+3].[Cl-].[Cl-].[Cl-],133.340538,465.75,453.15,265110.6747446901,261497.17757863883,629,2634450,,
quinacrine,CCN(CC)CCCC(C)N=c1c2ccc(Cl)cc2[nH]c2ccc(OC)cc12,399.9568,522.15,986.12,142437.88329139547,,1217.7319,1372758.8,,
2-hydroxydibenzofuran,Oc1ccc2oc3ccccc3c2c1,184.19072,409.15,621.15,158346.73972716974,337846.11570007587,906.77254,4534684.7,,
trans-isoeugenol,C/C=C/c1ccc(O)c(OC)c1,164.20108,306.65,567.26,136911.40155716395,,794.17234,3551534.9,,
meclofenoxate,CN(C)CCOC(=O)COc1ccc(Cl)cc1,257.71334,412.15,636.33,129069.7641030146,,840.24033,2256814.2,,
dibenzofuran,c1ccc2c(c1)oc1ccccc12,168.19132000000002,355.15,558.35,139026.19944953162,307977.45883827336,824,3640000,398.4898138,4.12
"1,2,3-butanetriol",CC(O)C(O)CO,106.1204,287.3,443.15,106803.21596978528,1046228.1233641746,719,5830000,,
cesium fluoride,[Cs+].[F-],151.9038532,976.15,1524.15,142853.51913640593,1244801.6004031186,2482.33,20469000,,
saccharic acid,O=C(O)[C@@H](O)[C@@H](O)[C@H](O)[C@@H](O)C(=O)O,210.1388,398.65,994.86,161045.93725670842,855395.6025817016,1220.1108,6762898.2,,
pyrene,c1cc2ccc3cccc4ccc(c1)c2c34,202.2506,424.35,667.15,85834.10877396655,292334.69715556485,938.2,2604053,,5.08
piromidic acid,CCn1cc(C(=O)O)c(=O)c2cnc(N3CCCC3)nc21,288.30184,588.15,933.4,153002.83896904718,,1188.6441,3202778.5,,
sodium thiosulfate,O=S([O-])([O-])=S.[Na+].[Na+],158.10773999999998,321.15,,,,,,,
"acetanilide, mono(aminomethoxy) derivative",CC(=O)N(OCN)c1ccccc1,180.20378,405.5,593.46,133804.0744761292,,815.32333,3673094.6,,
manganese chloride,[Cl-].[Cl-].[Mn+2],125.844049,923.15,1463.15,243952.7355004288,1428187.1835703885,2382.98,19650000,,
dysprosium chloride,[Cl-].[Cl-].[Cl-].[Dy+3],268.85900000000004,991.15,1803.15,,,,,,
21284-22-0,OC12C3=C4C5C3C1C5C42,118.13264,400.54,483.32,179086.82985498334,467962.82051729655,673.30415,5094760,,
oxazole,c1cocn1,69.06202,187.15,342.65,173047.35656443294,436957.6691227508,551,6770000,,0.12
5-methyl-3-pyridinecarbonitrile,Cc1cncc(C#N)c1,118.13594,357.15,547.2,120048.14114993284,,793.86514,3916034,,
triphosgene,O=C(OC(Cl)(Cl)Cl)OC(Cl)(Cl)Cl,296.74830000000003,354.65,476.15,,134111.83190814496,687.9801,2626108.5,,
7646-79-9,[Cl-].[Cl-].[Co+2],129.8392,1010.15,1322.15,354284.37636707554,1221274.404318749,2154.97,17770000,,
maltitol,OCC(O)C(O)C(OC1OC(CO)C(O)C(O)C1O)C(O)CO,344.31236,421.65,1352.26,159221.70206146536,366649.7413911573,2044.7467,4672091.6,,
bromoform,BrC(Br)Br,252.73064,281.65,422.35,43722.439036279895,149349.2186,682,5800000,,2.38
sodium chlorate,[Na+].[O-][Cl+2]([O-])[O-],106.44097,521.15,,212324.2582250049,,,,,
"2,5-dimethoxy-α,3,4-trimethylbenzeneethanamine",COc1cc(CC(C)N)c(OC)c(C)c1C,223.31134,425.49,604.25,116254.73207048063,,869.58589,2135430.7,441.75,
artemether,CO[C@H]1O[C@@H]2O[C@@]3(C)CC[C@H]4[C@H](C)CC[C@@H]([C@H]1C)[C@@]24OO3,298.37464,360.15,721.74,154597.58912486664,225629.2299254035,955.87865,2012703.8,,3.53
artesunate,C[C@H]1[C@@H](OC(=O)CCC(=O)O)O[C@@H]2O[C@@]3(C)CC[C@H]4[C@H](C)CC[C@@H]1[C@@]24OO3,384.4208200000001,414.15,971.69,174865.65894115722,268227.2726407965,1208.9924,1727463,,
strontium dichloride,[Cl-].[Cl-].[Sr+2],158.526,1147.15,1523.15,102317.60089827536,,,,,
methacycline hydrochloride,C=C1c2cccc(O)c2C(O)=C2C(=O)[C@]3(O)C(O)=C(C(=N)O)C(=O)[C@@H](N(C)C)[C@@H]3[C@@H](O)[C@H]12.Cl,478.8796200000001,1171.25,1537.9,132711.84937876454,,1996.7711,2637959.3,,
"propanoic acid, 2,2'-oxybis-",CC(OC(C)C(=O)O)C(=O)O,162.1406,385.65,649.44,158652.42881795182,257977.7707891668,660,3480000,,
piroxicam,CN1C(C(O)=Nc2ccccn2)=C(O)c2ccccc2S1(=O)=O,331.34642,472.15,,,,,,,3.06
difluoromethane,FCF,52.02338639999999,137.15,221.4986824,86614.89210552431,381861.5044735332,351.255,5782000,,0.2
bromobenzene,Brc1ccccc1,157.0079,242.15,429.05,68149.43706654251,240533.78597940173,670,4519095,313.4498952,2.99
phenol red,O=S1(=O)OC(c2ccc(O)cc2)(c2ccc(O)cc2)c2ccccc21,354.37646,573.15,,,,,,,3.02
chlorine trifluoride,,92.4482096,196.85,284.9,,232660.53840247708,433.7,4578000,,
"trans-4-hydroxy-α,α,4-trimethylcyclohexanemethanol",CC(C)(O)[C@H]1CC[C@](C)(O)CC1,172.2646,431.65,624.65,52396.13942736929,588329.9628290851,702.7,2949000,,
ethylcocaine,CCOC(=O)[C@H]1[C@@H](OC(=O)c2ccccc2)C[C@@H]2CC[C@H]1N2C,317.37952,382.15,775.41,140172.8756789348,,992.35077,1753603.3,,
cuprous chloride,[Cl-].[Cu+],98.999,696.15,1763.15,71515.87389771614,3106904.1077398937,2435,23679000,,
dexfosfoserine,N[C@@H](COP(=O)(O)O)C(=O)O,185.072481,439.15,,,,,,,
1-ethyl-2-pyrrolidinone,CCN1CCCC1=O,113.15764,361.15,370.15,77688.08186526338,240101.56684540084,639.52778,4041499.7,,-0.04
sulfonyl fluoride,O=S(=O)(F)F,102.0606064,137.34,217.75,,190394.28353464545,336.28,4639000,,
16681-70-2,O=C(O)c1cnn[nH]1,113.07482,486.15,592.95,251638.69374278025,,854.79457,7971938.8,,
sodium bromide,[Br-].[Na+],102.89377,1020.15,1663.15,254923.1114770117,,4287,19252000,,
nitrofurazone,N=C(O)N/N=C/c1ccc([N+](=O)[O-])o1,198.13624,511.15,797.15,,,1059.4879,4397413.6,,0.23
benzhydryl pyrazine,c1ccc(C(c2ccccc2)c2cnccn2)cc1,246.30646,488.69,775.56,116367.22804590673,,1066.7274,2931340.1,,
eflornithine,NCCCC(N)(C(=O)O)C(F)F,182.1684864,473.1,622.32,148521.8466414178,394554.8923277979,826.5657,3655350.2,,
opipramol,OCCN1CCN(CCCN2c3ccccc3C=Cc3ccccc32)CC1,363.49586,437.9,940.64,140664.60069173828,,1161.6421,1816954.2,,
76189-55-4,c1ccc(P(c2ccccc2)c2ccc3ccccc3c2-c2c(P(c3ccccc3)c3ccccc3)ccc3ccccc23)cc1,622.6724020000001,556.15,,,,,,,
66575-29-9,C=CC1(C)CC(=O)C2(O)C(C)(O1)C(OC(C)=O)C(O)C1C(C)(C)CCC(O)C12C,410.50116,505.15,1143.92,83846.29168891996,308298.39263489936,1402.5466,1681033.6,,
cyclopentane,C1CCCC1,70.1329,179.15,322.3998823,8697.772372167698,389326.2151536407,511.72,4582800,236.15,3
"1-ethyl-2,2,4-trimethyl-7-nitro-1,2,3,4-tetrahydroquinoline",CCN1c2cc([N+](=O)[O-])ccc2C(C)CC1(C)C,248.3208,512.68,723.15,131156.955,,960.42367,2248261.6,,
"2-chloro-3,4-dimethoxybenzaldehyde",COc1ccc(C=O)c(Cl)c1OC,200.61896,342.65,,,,,,,
"2-propenoic acid, 2-methyl-, methyl ester, polymer with 1,1'-(1-methyl-1,3-propanediyl) di-2-propenoate",C=C(C)C(=O)OC.CC(/C=C/C(=O)O)CC/C=C/C(=O)O,298.33158000000003,548.72,897.88,168228.92165824346,322472.97329816635,1114.3265,1730338.5,,
methazole,Cn1c(=O)on(-c2ccc(Cl)c(Cl)c2)c1=O,261.06154,396.15,670.81,122224.0549105778,,901.47841,3435911.3,,
copper(ii) chloride,[Cl-].[Cl-].[Cu+2],134.452,871.15,1266.15,111563.97822271143,1164934.3771933715,2010,17004000,,
tungsten trioxide,[O].[O].[O].[W],231.8382,1746.15,1973.15,314874.77042178554,1395202.1807408575,3013.7783,44402499,,
tetrabutylammonium hydroxide,CCCC[N+](CCCC)(CCCC)CCCC.[OH-],259.47108,300.15,373.15,,103979.36562777383,467.5945,834747.84,,
sodium acetate,CC(=O)[O-].[Na+],82.03379,601.35,,218202.76742059583,,,,,
crystal violet,CN(C)c1ccc(C(=C2C=CC(=[N+](C)C)C=C2)c2ccc(N(C)C)cc2)cc1.[Cl-],407.9788,483.15,943.99,127043.36597882044,,1184.4564,1345700.1,,0.51
chromium chloride (crcl3),[Cl-].[Cl-].[Cl-].[Cr+3],158.3551,1100.15,,378895.28029094107,,,,,
mercuric oxide,[Hg].[O],216.5894,773.15,,,,,,,
valinomycin,CC1OC(=O)C(C(C)C)N=C(O)C(C(C)C)OC(=O)C(C(C)C)N=C(O)C(C)OC(=O)C(C(C)C)N=C(O)C(C(C)C)OC(=O)C(C(C)C)N=C(O)C(C)OC(=O)C(C(C)C)N=C(O)C(C(C)C)OC(=O)C(C(C)C)N=C1O,1111.3218000000002,463.15,2523.74,135459.41418588205,261539.4214929532,6288.9566,313480.57,,
chalcone,O=C(/C=C/c1ccccc1)c1ccccc1,208.25518,329.65,619.65,117591.31273469405,228470.2458076708,906.23015,2826327,,3.08
brn 0805305,CCOC(C1=NCC(C)(CC)CN1)c1ccccc1,260.37456,524.86,740.52,115218.62965414132,,984.28766,2193836.4,,
tetracosane,CCCCCCCCCCCCCCCCCCCCCCCC,338.6538,325.65,664.15,160636.02416391016,177276.90313830934,800,870000,,
amifostine,NCCCNCCSP(=O)(O)O,214.222961,433.65,,,,,,,
triacrylformal,C=CC(=O)N1CN(C(=O)C=C)CN(C(=O)C=C)C1,249.2658,431.15,674.54,136079.63868288387,302580.97917802306,875.46294,2775924.1,,
ammonium sulfate,N.N.O=S(=O)(O)O,132.13952,610.65,,,,,,,
prochlorperazine,CN1CCN(CCCN2c3ccccc3Sc3ccc(Cl)cc32)CC1,373.9426600000001,501.15,866.63,127335.03045627369,,1104.6709,1942365.7,,4.88
af 1312ts,O=C(O)c1nn(Cc2ccc(Cl)cc2)c2ccccc12,286.71304000000003,469.15,866.48,154879.5966866383,,1122.2758,3032273.1,,
2-(azepan-1-yl)-7-methoxy-4-methylquinoline,COc1ccc2c(C)cc(N3CCCCCC3)nc2c1,270.36938,515.89,761.94,110182.59538117817,,1008.6558,2269734.8,,
quinacridone,O=c1c2ccccc2[nH]c2cc3c(=O)c4ccccc4[nH]c3cc12,312.32148,663.15,1009.16,141719.35916799575,,1301.3437,3005732.5,,
phosalone,CCOP(=S)(OCC)SCn1c(=O)oc2cc(Cl)ccc21,367.808561,318.525,,,,,,,4.38
nickel(ii) chloride,[Cl-].[Cl-].[Ni+2],129.5994,1304.15,1258.15,601083.0297053844,,,,,
ferrous chloride,[Cl-].[Cl-].[Fe+2],126.751,950.15,1296.15,337906.60428714566,1123302.905748469,2010,8720000,,
acetyl chloride,CC(=O)Cl,78.49762,161.15,324.15,85760.56191257773,387781.3564617719,508,5740000,269.15,
sulfur oxide,O=S,48.0644,452.65,,,,,,,
thiourea,N=C(N)S,76.12086,450.15,,183918.0482196339,,854,8230000,,-1.08
"n-(1,3-dioxolan-2-ylmethoxy)benzenecarboximidoyl cyanide",N#CC(=NOCC1OCCO1)c1ccccc1,232.23528,350.85,771.08,,,1024.2176,2453168.4,,
chloroquine,CCN(CC)CCCC(C)Nc1ccnc2cc(Cl)ccc12,319.87214,361.15,820.36,145651.9470560956,,1039.2858,1711775.1,,4.63
iptg,CC(C)S[C@@H]1O[C@H](CO)[C@H](O)[C@H](O)[C@H]1O,238.30122,389.65,870.4,168370.9382604084,549328.1063819374,1067.6948,3786982.2,,-1.26
hydrazoic acid,[N-]=[N+]=N,43.02804,193.15,308.85,,805401.9598483526,481.47755,10378755,,
"4,4-dimethyl-3-hexanol",CCC(O)C(C)(C)CC,130.22792,228.16,433.35,73924.23990185821,327844.23871864006,590.31,2869000,,
"(2.2)-paracyclophane, 2,5-dicyano-2',5'-dimethoxy-",COc1cc2c(OC)cc1CCc1cc(C#N)c(cc1C#N)CC2,318.36912,636.22,1005.12,105713.77022997708,,1258.3351,1649771.9,,
"1-cyano-2,3-epithiopropane",N#CCC1CS1,99.1542,301.22,447.77,94943.02813193997,418409.78091027273,673.55688,4426719.9,,
4-(2-pyridyl)benzonitrile,N#Cc1ccc(-c2ccccn2)cc1,180.20532,364.65,688.28,117493.75656612136,,959.92622,3276530.3,,
"2,3-dihydro-7-methyl-1h-inden-4-ol",Cc1ccc(O)c2c1CCC2,148.20168,359.4,557.07,119877.18357848574,,795.06283,4082924.2,,
brn 1222717,COc1ccc2c(c1)Sc1ccccc1N2CC(C)CN(C)C,328.47166,579.13,800.18,123325.70791647596,,1025.1936,1840413.7,,
oleyl alcohol,CCCCCCCC/C=C\CCCCCCCCO,268.47784,279.15,606.15,173816.95263936865,213829.30259095816,755,1350000,,
"4,5,6-trichloro-o-cresol",Cc1cc(Cl)c(Cl)c(Cl)c1O,211.473,350.15,594.29,118852.05203501155,,842.02814,4077711.4,,
67526-95-8,CC=C(C)C(=O)OC1C(C)=C2C(C1OC(=O)CCCCCCC)C(C)(OC(C)=O)CC(OC(=O)CCC)C1(O)C2OC(=O)C1(C)O,650.7536,910.27,1472.27,138053.7887151143,116835.9377448772,2037.5825,692520.78,,
cis-2-butene,C/C=C\C,56.10632,134.26,276.8735554,130288.35254210222,414196.1035018301,435.75,4225500,,2.33
decyl acetate,CCCCCCCCCCOC(C)=O,200.31776,258.15,522.15,155777.50070687692,238211.3311795963,678,1860000,383.4105793,
milk thistle extract,COc1cc([C@H]2Oc3cc([C@@H]4Oc5cc(O)cc(O)c5C(=O)C4O)ccc3O[C@H]2CO)ccc1O,482.43618,1148.17,1481.55,177111.5093399504,,1837.561,3022279.3,,
spilanthol,C/C=C/C=C\CC/C=C/C(O)=NCC(C)C,221.33852,296.15,700.7,,,892.63456,1727463,,
"2,3-dichloropropyl acrylate",C=CC(=O)OCC(Cl)CCl,183.03252,242.79,466.2,105205.34820806708,234478.9471894712,661.66961,3042316.5,,
homochlorcyclizine,CN1CCCN(C(c2ccccc2)c2ccc(Cl)cc2)CC1,314.85232,464.25,774.48,102394.03667090651,,1020.7648,2038226.9,,
41122-70-7,CCCCCCc1ccc(-c2ccc(C#N)cc2)cc1,263.37674000000004,286.65,799.72,128242.15228725209,,1030.2962,1686561.1,,
xylazine,Cc1cccc(C)c1NC1=NCCCS1,220.33384,413.15,690.86,116141.9417,,952.59567,3079572.5,,
gemcitabine,N=c1ccn([C@@H]2O[C@H](CO)[C@@H](O)C2(F)F)c(O)n1,263.1981464,441.79,846.62,152037.54489663077,,1059.7271,4385772.6,,
"2-propenoic acid, 2-methyl-, methyl ester, polymer with n-(hydroxymethyl)-2-propenamide and methyl 2-propenoate",C=C(C)C(=O)OC.C=CC(=O)OC.C=CC(O)=NCO,287.30894,399.62,802.42,129031.8359045841,304865.32945372607,997.73719,1837259.6,,
diazoxide,CC1=Nc2ccc(Cl)cc2S(=O)(=O)N1,230.67138,603.65,,,,,,,1.2
dihydrocapsaicin,COc1cc(CN=C(O)CCCCCCC(C)C)ccc1O,307.42776000000003,338.85,914.44,,,1126.6618,1602563.1,527.75,
1-ethyl-4-piperidyl benzoate hydrochloride,CCN1CCC(OC(=O)c2ccccc2)CC1.Cl,269.7671,373.21,670.67,110825.22664920962,,899.28183,2141363.8,,
d-thyroxine,N[C@H](Cc1cc(I)c(Oc2cc(I)c(O)c(I)c2)c(I)c1)C(=O)O,776.8700200000001,502.65,1314.26,73570.86581871186,,1642.2742,2850522.3,,
isopropylamine,CC(C)N,59.11026,178.02,304.95,124005.54489186816,474950.05728528457,472.2,4550000,249.15,0.26
3-tert-butyl-1-phenyl-2-pyrazolin-5-one,CC(C)(C)C1=NN(c2ccccc2)C(=O)C1,216.27894,384.15,674.27,90249.19393,,927.7929,2850522.3,,
noscapine,COc1ccc2c(c1OC)C(=O)O[C@@H]2[C@H]1c2c(cc3c(c2OC)OCO3)CCN1C,413.42052,449.15,999.35,151276.96128871397,,1233.9929,1644424.2,,
carminic acid,Cc1c(C(=O)O)c(O)cc2c1C(=O)c1c(O)c([C@H]3O[C@H](CO)[C@@H](O)[C@H](O)[C@H]3O)c(O)c(O)c1C2=O,492.3864,409.15,1788.53,184371.46111265465,,2492.6614,4973333,,
clemastinum,CN1CCCC1CCOC(C)(c1ccccc1)c1ccc(Cl)cc1,343.89024,493.25,818.49,101387.00068952232,,1057.3695,1640430.4,,
"2,3-dihydro-3-ethyl-6-methyl-1h-cyclopenta(a)anthracene",CCC1CCc2c1ccc1c(C)c3ccccc3cc21,260.3728,475,748.5,123722.60082466372,,989.50639,1980586.7,,
croconic acid,O=c1c(O)c(O)c(=O)c1=O,142.06638,423.15,697.81,90718.15583672927,,977.38275,9139798.7,,
"(1s,5r)-6,8-dioxabicyclo[3.2.1]octan-4-one",O=C1CC[C@H]2CO[C@@H]1O2,128.12592,307.58,500.15,146996.01766761948,,714.85703,4646648,,
2-hexenal,CCCC=CC=O,98.143,194.3,419.65,140478.68925954986,,590,3700000,,
safranine o,Cc1cc2nc3cc(C)c(N)cc3[n+](-c3ccccc3)c2cc1N.[Cl-],350.84466,783.22,1018.9,143334.08979347156,,1291.6812,2329273.6,,
thionyl chloride,O=S(Cl)Cl,118.9704,168.65,348.75,,223860.9587095429,567,4430000,,
"2(1h)-pyrimidinone, tetrahydro-1,3-bis(hydroxymethyl)-4-methoxy-5,5-dimethyl-",COC1N(CO)C(=O)N(CO)CC1(C)C,218.25022,502.3,711.58,113585.22341924786,430895.41179989785,895.44672,3392027.9,,
anhydroecgonine,CN1[C@@H]2CC=C(C(=O)O)[C@H]1CC2,167.20502,501.15,585.36,162871.90420479004,367856.5237746972,802.42801,3505425.2,,
mannitol hexanitrate,O=[N+]([O-])OC[C@@H](O[N+](=O)[O-])[C@@H](O[N+](=O)[O-])[C@H](O[N+](=O)[O-])[C@@H](CO[N+](=O)[O-])O[N+](=O)[O-],452.15712,380.15,,,,,,,
boron trifluoride,FB(F)F,67.80620959999999,146.35,173.25,61941.229642189006,245680.7088768193,260.8,4985190,,
"2,6-dimethylphenyl isocyanide",[C-]#[N+]c1c(C)cccc1C,131.17446,346.4,,,,,,,
(e)-methoxy-4'-nitrostilbene,COc1ccc(/C=C/c2ccc([N+](=O)[O-])cc2)cc1,255.26862,399.15,784.54,135782.45536016137,,1046.6537,2553338.6,,
"1,1,1,2,2,4,5,5,5-nonafluoro-4-(trifluoromethyl)-3-pentanone",O=C(C(F)(F)C(F)(F)F)C(F)(C(F)(F)F)C(F)(F)F,316.04443839999993,165.15,322.2016577,40453.17191697812,87947.33113,441.81,1869000,,
"acetamide, 2-cyano-2-nitro-",N#CC(C(=N)O)[N+](=O)[O-],129.07422,450.36,648.12,152361.95113168223,581652.9008963858,899.67185,5168276.5,,
bufotaline,CC(=O)O[C@H]1C[C@]2(O)C3CC[C@@H]4C[C@@H](O)CC[C@]4(C)C3CC[C@]2(C)[C@H]1c1ccc(=O)oc1,444.56044,496.15,1139.94,102415.77050805512,,1395.7417,1413307.7,,
tetrasodium pyrophosphate,O=P([O-])([O-])OP(=O)([O-])[O-].[Na+].[Na+].[Na+].[Na+],265.902402,1261.15,,,,,,,
benzoyl chloride,O=C(Cl)c1ccccc1,140.567,272.15,474.15,136589.66898347405,307091.7927899464,697,4060093,345,
"2,4-diisocyanato-1-methylbenzene",Cc1ccc(N=C=O)cc1N=C=O,174.15614,293.65,524.15,,285805.48102150334,745.2,3538830,388.8561804,
sc-8117,C=C[C@@H](C)[C@]1(O)CC[C@H]2[C@@H]3CCC4=CC(=O)CC[C@@H]4[C@H]3CC[C@@]21C,328.48828000000003,556.74,902.79,72909.75495381448,274060.19933950977,1137.2242,1648432.5,,
"1′-(phenylmethyl)spiro[isobenzofuran-1(3h),4′-piperidine]",c1ccc(CN2CCC3(CC2)OCc2ccccc23)cc1,279.37614,335.65,754.71,109028.6378786678,,1011.6075,2395870.1,,
methylparabanic acid,CN1C(=O)N=C(O)C1=O,128.08616,426.65,571.25,95412.33806993668,496226.2857729393,825.52325,6046695,,
cadmium chloride,[Cd+2].[Cl-].[Cl-],183.317,841.15,1237.15,265005.4278,798568.0118626176,2019.79,16655000,,
1-nitroso-l-proline,O=NN1CCC[C@H]1C(=O)O,144.12862,374.15,546.36,,428408.9425842788,754.55125,4602619.1,,
oxygen difluoride,FOF,53.9962064,49.35,128.85,57485.51994571234,185025.97898125925,215.2,4950000,,
trimethylaluminum,[Al].[CH3].[CH3].[CH3],72.085098,288.42,400.26,,453632.3672868157,620,4000000,,
pseudaconitine,CCN1C[C@]2(COC)[C@H](O)C[C@H](OC)[C@]34C1[C@H]([C@H](OC)[C@H]23)[C@@]1(OC(C)=O)C[C@H](OC)[C@@]2(O)C[C@@H]4[C@@H]1[C@H]2OC(=O)c1ccc(OC)c(OC)c1,689.78964,487.15,1511.72,118163.5607052608,,2041.8881,777207.97,,
isopropenyl methyl ketone,C=C(C)C(C)=O,84.11641999999999,219.15,370.15,91718.12114685812,377845.0939346533,566,3890000,278.15,
bromethalin,CN(c1c(Br)cc(Br)cc1Br)c1c([N+](=O)[O-])cc([N+](=O)[O-])cc1C(F)(F)F,577.9302896,423.65,463.15,105874.36080283964,252754.1116858142,1393.8447,2838386,,
brn 0803458,Cc1cc(OCCCN(C)C)n(-c2ccccc2)n1,259.34674,489.16,694.44,145153.1644469485,,910.33153,2231301.6,,
126-93-2,N=C(O)C1CCCCO1,129.15704,363.15,509.78,138637.4292876331,397935.5767628924,740.42227,4577740.1,,
1-(2-methoxyethyl)pyridine,COCCN1C=CC=CC1,139.19492,251.28,435.77,114896.43443884305,287010.1129610237,630.25419,3380205.5,,
"(9z)-n,n-dimethyl-9-[3-(4-methyl-1-piperazinyl)propylidene]-9h-thioxanthene-2-sulfonamide",CN1CCN(CC/C=C2/c3ccccc3Sc3ccc(S(=O)(=O)N(C)C)cc32)CC1,443.62526,421.15,,,,,,,
131447-90-0,CC(=O)CC[C@H]1[C@@H](C#N)[C@H](C(C)C)CC[C@@]1(C)OC(C)=O,293.40117999999995,442.16,808.07,110725.52605275824,254223.7372,1021.8534,1426146.2,,
methyl lignocerate,CCCCCCCCCCCCCCCCCCCCCCCC(=O)OC,382.6633,330.55,829.82,169535.46368308642,,830,960000,,
tetradecanoic acid,CCCCCCCCCCCCCC(=O)O,228.37092,328.15,599.15,197485.7394277696,248634.46733976912,763,1600000,,6.1
potassium dihydrogen phosphate,O=P([O-])(O)O.[K+],136.085541,526.15,,,,,,,
ammonium phosphate,N.N.O=P(O)(O)O,132.056221,428.15,,,,,,,
ceric oxide,[Ce].[O].[O],172.1148,2753.15,,464806.0480562973,,,,,
"4,4'-diphenylmethane diisocyanate",O=C=Nc1ccc(Cc2ccc(N=C=O)cc2)cc1,250.2521,310.75,609,,262287.4114496788,875,4002338,,
uridylic acid,O=c1nc(O)ccn1[C@@H]1O[C@H](COP(=O)(O)O)[C@@H](O)[C@H]1O,324.181281,475.15,,,,,,,
2′-cytidylic acid,N=c1ccn([C@@H]2O[C@H](CO)[C@@H](O)[C@H]2OP(=O)(O)O)c(O)n1,323.196521,514.15,,,,,,,
m-xylene,Cc1cccc(C)c1,106.165,225.35,412.2140026,109263.88169359016,340144.8532128036,616.89,3534600,298.15,3.2
"3′,4′-dihydroxypropiophenone",CCC(=O)c1ccc(O)c(O)c1,166.1739,419.15,647.31,158099.43679482758,,887.71072,5175715.5,,
methyl ethyl ketoxime,CCC(C)=NO,87.12035999999999,243.65,424.65,,491902.3758123001,608.5,4204000,333.3982462,0.63
1-(4-butyrylphenyl)-2-(4-nitrophenyl)ethane,CCCC(=O)c1ccc(CCc2ccc([N+](=O)[O-])cc2)cc1,297.34836,564.04,880.47,143400.8245412889,,1126.8583,1994765.3,,
coumarin 334,CC(=O)c1cc2cc3c4c(c2oc1=O)CCCN4CCC3,283.32178,454.65,793.79,124893.32800323363,,1023.5637,2431443,,
dichlorodifluoromethane,FC(F)(Cl)Cl,120.9135064,115.15,243.3977456,45371.27541278548,166171.37388518872,385.12,4136100,,2.16
tetrafluoroethene,FC(F)=C(F)F,100.0150128,136.325,197.15,77188.41185810458,163339.55729628183,307,3940000,,
trichlorofluoromethane,FC(Cl)(Cl)Cl,137.3681032,162.35,296.8582428,50157.204179841945,181357.4960286388,471.11,4407638,,2.53
calcium nitrate,O=[N+]([O-])[O-].O=[N+]([O-])[O-].[Ca+2],164.08780000000002,834.15,,142606.58013575658,,,,,
"benzene, [(1z)-1-methyl-1-propen-1-yl]-",C/C=C(/C)c1ccccc1,132.20228,209.84,448.15,110353.6187121735,288371.7082741322,654,3010000,,
nonacosane,CCCCCCCCCCCCCCCCCCCCCCCCCCCCC,408.7867,338,716.15,163655.03085105264,163737.69583539816,838,826000,,
kobaltocen [czech],[Co+2].c1cc[cH-]c1.c1cc[cH-]c1,189.1196,446.15,,,,,,,
pyrophosphoric acid,O=P(O)(O)OP(=O)(O)O,177.975082,334.15,,,,,,,
chloroprene,C=CC(=C)Cl,88.5355,143.15,332.15,72773.06843017772,308088.59293345304,525,4259703,244.15,
robinetin,O=c1c(O)c(-c2cc(O)c(O)c(O)c2)oc2cc(O)ccc12,302.2357,584.15,1118.83,180322.84074978568,,1411.0516,9407682.9,,
6-hydroxy-2h-benzofuran-3-one,O=C1COc2cc(O)ccc21,150.13144,518.15,601.1,136307.22518880788,,859.58073,5636266.9,,
magnesium nitrate,O=[N+]([O-])[O-].O=[N+]([O-])[O-].[Mg+2],148.3148,573.65,603.15,,,989,,,
dithiodiglycolic acid,O=C(O)CSSCC(=O)O,182.21804,382.15,719.7,190222.65852491884,501301.0008880604,962.42959,5175715.5,,
phosphorus pentachloride,ClP(Cl)(Cl)(Cl)Cl,208.238761,421.15,433,,213961.3672480452,646.15,5815000,,
phosphorus trichloride,ClP(Cl)Cl,137.332761,179.55,349.15,51699.24458156055,216574.8545290691,563,5670000,,
atrazine,CCN=c1nc(Cl)[nH]c(=NC(C)C)[nH]1,215.68326,448.15,546.16,167027.33443476327,441140.9343,962.70073,3522087.9,,2.61
indium antimonide,[In].[Sb],236.578,797.15,,201624.8340927728,,,,,
mechlorethamine,CN(CCCl)CCCl,156.05354,297.9,466.04,128936.51755673085,398653.05120535067,580.87674,3177552.8,,0.91
phosphorus tribromide,BrP(Br)Br,270.685761,231.65,446.35,,148162.19081987286,711,5399000,,
2-heptylphenol,CCCCCCCc1ccccc1O,192.2973,275.65,530,152108.21992820493,286581.71665782994,763.83,2338000,,
meta nitro orange mn,O=C1C=Cc2ccccc2/C1=N/Nc1cccc([N+](=O)[O-])c1,293.27684,466.65,992.83,,,1279.3498,2587217.7,,
diphenoxylate,CCOC(=O)C1(c2ccccc2)CCN(CCC(C#N)(c2ccccc2)c2ccccc2)CC1,452.58728,494.15,1151.07,98761.06107091652,,1420.446,1203124.9,,
6-aminohexanenitrile,N#CCCCCCN,112.17288,241.75,508.65,160457.67925366628,435120.5522523469,697,3050000,,
"ethyne, difluoro-",FC#CF,62.0182064,219.58,258.15,164758.07013986784,364043.6370927319,415.54622,5569169.1,,
guanidine nitrate,N=C(N)N.O=[N+]([O-])O,122.08334,487.65,,,,,,,
"1-piperidineacetonitrile, |a,|a-dimethyl-",CC(C)(C#N)N1CCCCC1,152.23674,318.15,536.76,59400.90414442663,319017.55505323655,759.01571,2838386,,
"2-buten-1-one, 1-[methyl-1,5,9(or 2,6,10)-cyclododecatrien-1-yl]-",CC=CC(=O)C1=CCCC=C(C)CCC=CCC1,244.37186,344.02,703.87,92641.59956878833,254770.5435244256,945.56434,1942365.7,,
cacodyl,C[As](C)[As](C)C,209.98128,267.15,438.15,,153186.47946295646,659.00841,2384515.2,,
triphenylphosphine,c1ccc(P(c2ccccc2)c2ccccc2)cc1,262.285461,353.15,650.15,,255127.68585646863,1008,7840000,452.9693297,5.69
2-(1-piperidinyl)phenol,Oc1ccccc1N1CCCCC1,177.24290000000002,344.65,590.97,112585.60991723786,,834.96967,3990599.7,,
glycol dibenzoate,O=C(OCCOC(=O)c1ccccc1)c1ccccc1,270.27996,346.65,735.48,125854.68785773093,,967.46972,2306952,,
epirubicin,COc1cccc2c1C(=O)c1c(O)c3c(c(O)c1C2=O)C[C@@](O)(C(=O)CO)C[C@@H]3O[C@H]1C[C@H](N)[C@@H](O)[C@H](C)O1,543.51926,617.68,1686.49,141382.2943459262,,2229.8057,2287135.7,,
methyl 4-hydroxycinnamate,COC(=O)/C=C/c1ccc(O)cc1,178.1846,412.65,598.08,146202.30929047742,,829.21158,3713495,,
kinetin,c1coc(CNc2nc[nH]c3ncnc2-3)c1,215.21136,539.65,785.63,214700.5622751513,,1070.2057,5281571.1,,
ac1l9dpw,O=C1CCC=C2[C@@H]3C[C@@H](CN12)[C@@H]1CCCCN1C3,246.34798,470.69,684.08,106191.25027938122,272809.4024062733,920.38175,2555921,,
"n,n-dimethylbutylamine",CCCCN(C)C,101.19,369.15,365.35,141486.3128767665,306067.4594316257,538,2930000,270.15,1.7
nitroguanidine,N=C(N)N[N+](=O)[O-],104.06806,526.15,595.94,,636957.5667259201,860.93957,6027931,,-0.89
2-(1-propen-1-yl)piperidine,CC=CC1CCCCN1,125.2114,281.15,441.15,144579.4871712959,,674.55002,3443981.6,,
chromic anhydride,[Cr].[O].[O].[O],99.9943,470.15,,142008.09446138432,,,,,
ctk2a8768,O=C=C=C=C=C=C=C=O,116.0737,251.12,360.25,339508.43300420337,326943.3535439816,574.58728,9611687.8,,
lead oxide (pb3o4),[O].[O].[O].[O].[Pb].[Pb].[Pb],685.5975999999999,1103.15,,,,,,,
phosphorus trifluoride,FP(F)F,87.96897059999999,121.65,171.35,,161444.84901537368,271.2,4326577.5,,
methyldiethylaminoethoxybenzanilide,CCN(CC)CCOc1c(C)cccc1C(O)=Nc1ccccc1,326.43264,550.33,859.42,140203.5042,,1078.2674,1667333.3,,
"benzonitrile, 3,5-dimethyl-4-nitro-",Cc1cc(C#N)cc(C)c1[N+](=O)[O-],176.17201999999995,463.77,701.06,140811.23665381144,,954.85269,3055785.5,,
"2,4-dihydroxypyrimidine-5-carboxylic acid",O=C(O)c1cnc(O)nc1O,156.09626,556.15,720.61,183514.96698255296,,989.9269,6609822.2,,
caroverine,CCN(CC)CCn1c(=O)c(Cc2ccc(OC)cc2)nc2ccccc21,365.46868000000006,342.15,950.65,136304.42969832598,,1185.1407,1601280.8,,
tricaine,CCOC(=O)c1cccc(N)c1.CS(=O)(=O)O,261.2948,422.65,,,,,,,
titanium nitride,[N].[Ti],61.8737,3220.15,,1081234.8380652843,,,,,
"1,2,6-hexanetriol triglycidyl ether",C(CCC(COCC1CO1)OCC1CO1)COCC1CO1,302.36334,444.03,710.69,175249.4201181929,239577.8685423477,901.41728,1829409.7,,
5-dodecyl-2-hydroxybenzaldehyde oxime,CCCCCCCCCCCCC1=C/C(=C/NO)C(=O)C=C1,305.4549400000001,326.65,878.65,153230.4568392313,299390.69870709645,1080.8667,1504645.4,,
etorphine,CCCC(C)(O)C1C[C@@]23C=CC1(OC)C1Oc4c(O)ccc5c4[C@@]12CCN(C)[C@@H]3C5,411.53382,488.65,1059.99,113448.7561678406,,1303.625,1815406.2,,2.79
raloxifene,O=C(c1ccc(OCCN2CCCCC2)cc1)c1c(-c2ccc(O)cc2)sc2cc(O)ccc12,473.58328,418.15,1268.52,128855.90048702732,,1558.63,2019947,,5.2
antimony,[Sb],121.76,903.778,1860.15,162532.85151116952,,5070,386560000,,
"1,4-decadiene",C=CCC=CCCCCC,138.24992,195.62,443.9,148846.37907927902,,602.95405,2302526.1,,
cellotriose,O=C[C@H](O)[C@@H](O)[C@H](O[C@@H]1O[C@H](CO)[C@@H](O[C@@H]2O[C@H](CO)[C@@H](O)[C@H](O)[C@H]2O)[C@H](O)[C@H]1O)[C@H](O)CO,504.43708,481.15,1772.8,170711.08253976886,,4783.8233,3325843.5,,
n-bromosuccinimide,O=C1CCC(=O)N1Br,177.98405999999997,450.15,521.04,47228.94848,311552.81485663727,770.99049,6132226.8,,
monolauryl phosphate,CCCCCCCCCCCCOP(=O)(O)O,266.314141,342.15,,,,,,,
hellebrigenin 3-acetate,CC(=O)O[C@H]1CC[C@]2(C=O)C3CC[C@]4(C)[C@@H](c5ccc(=O)oc5)CC[C@]4(O)C3CC[C@]2(O)C1,458.54396,517.65,1193.51,88214.00678792062,,1462.0973,1589808.9,,
tin,[Sn],118.701,505.078,2859.15,60235.38133629877,3443828.600807089,7400,609980000,,
ea 3443,CN1CCC(OC(=O)C(O)(c2ccccc2)C2CCCC2)CC1,317.42258000000004,490.15,443.65,97475.73723331212,316150.4738258626,1077.0625,1998333.8,,
bromide,[Br-],79.904,165.93,265.06,34078.394072887466,304353.7816759716,444.24138,8189840.5,,
"2-oxatricyclo[3.3.1.13,7]decane",C1C2CC3CC1CC(C2)O3,138.20686,498.15,452.29,147756.77560433684,,668.07479,3423859,,
"6-ethyl-5-phenylpyrimidine-2,4-diamine",CCc1[nH]c(=N)[nH]c(=N)c1-c1ccccc1,214.26636,511.65,794.92,160645.84286586096,,1069.6654,3731664.9,,
tinidazole,CCS(=O)(=O)CCn1c([N+](=O)[O-])cnc1C,247.27152,400.65,,,,,,,-0.35
potassium peroxide,[K+].[K+].[O-][O-],110.1954,818.15,,186033.1737985433,,,,,
1-methyl-2-propylpiperidine,CCCC1CCCCN1C,141.25386,234.56,448.15,113426.9888270664,,622.36442,2758456.3,,
tellurium,[Te],127.6,722.66,1261.15,136206.89655172414,1803695.532727399,4840,261710000,,
dichlorine heptoxide,[O-][Cl+3]([O-])([O-])O[Cl+3]([O-])([O-])[O-],182.9018,181.65,355.15,148068.5263895708,162796.9699081685,565.78,5090000,,
chlorine monoxide,ClOCl,86.9054,152.55,275.35,61423.11064674922,303109.06113476097,444.68,7494000,,
dess-martin periodinane,CC(=O)OI1(OC(C)=O)(OC(C)=O)OC(=O)c2ccccc21,424.14199,407.15,313.15,98070.93138785903,300110.6789073695,1091.2241,1992984.7,,
photodieldrin,ClC1C2(Cl)C3C4C5OC5C5C4C1(Cl)C(Cl)(C53)C2(Cl)Cl,380.90932,626.49,717.72,106432.15555870355,177556.69934854252,983.7115,2592489.7,,
5-chloro-2-methoxybenzaldehyde,COc1ccc(Cl)cc1C=O,170.59297999999998,354.15,,,,,,,
rhodium chloride,[Cl-].[Cl-].[Cl-].[Rh+3],209.2645,963.15,990.15,,,,,,
dinonyl ether,CCCCCCCCCOCCCCCCCCC,270.49372,314.85,591.15,161053.64664288695,211759.8924,736,1300000,,
cesium hydroxide,[Cs+].[OH-],149.91279,615.45,,51896.839489145656,,,,,
ammonium picrate,N.O=[N+]([O-])c1cc([N+](=O)[O-])c(O)c([N+](=O)[O-])c1,246.13444,552.65,696.15,,293115.2615593458,917.48731,2543523.9,,
cyclobendazole,COC(O)=Nc1nc2ccc(C(=O)C3CC3)cc2[nH]1,259.26062,523.65,820.48,171703.6702295937,,1066.1303,3287812.5,,
oxygen,O=O,31.9988,54.36,90.18780788,13750.515644336663,213055.8982880237,154.581,5043000,,0.65
furazolidone,O=C1OCCN1/N=C/c1ccc([N+](=O)[O-])o1,225.15828,528.15,744.14,,,993.65212,3493005.6,,-0.04
proguanil,CC(C)NC(=N)NC(=N)Nc1ccc(Cl)cc1,253.73124,402.15,868.28,,,1125.8467,2356489.8,,2.53
mepyramine hydrochloride,COc1ccc(CN(CCN(C)C)c2ccccn2)cc1.Cl,321.84496,416.4,786.03,131622.38116141385,,1014.7336,1832543.6,,
7-chloro-5-iodo-8-quinolinol,Oc1c(Cl)cc(I)c2cccnc12,305.49957,546.59,726.03,94507.49799746036,,1024.078,4789214.7,,
modrasone,CCC(=O)OCC(=O)[C@@]1(OC(=O)CC)[C@H](C)C[C@H]2[C@H]3[C@H]([C@@H](O)C[C@@]21C)[C@@]1(C)C=CC(=O)C=C1C[C@H]3Cl,521.04218,487.15,1236.96,109327.04143069568,210547.4566857097,1518.4229,1060328.3,,
acenaphthenequinone,O=C1C(=O)c2cccc3cccc1c23,182.17484,532.65,672.56,83996.23131273233,,940.83579,3829281.4,,1.95
ticrynafen,O=C(O)COc1ccc(C(=O)c2cccs2)c(Cl)c1Cl,331.17122,422.15,906.4,127426.5318103427,,1163.4627,2906110.8,,
vanadium pentoxide,[O].[O].[O].[O].[O].[V].[V],181.88,954.15,2023.15,351880.3606773697,,2828.6424,,,
ceftin,CO/N=C(\C(O)=N[C@@H]1C(=O)N2C(C(=O)OC(C)OC(C)=O)=C(COC(=N)O)CS[C@H]12)c1ccco1,510.47448,450.65,523.15,,490566.8834912959,1610.2492,1574704,,0.89
"phenol, 2,2'-methylenebis(3,5,6-trichloro-",Oc1c(Cl)c(Cl)cc(Cl)c1Cc1c(Cl)cc(Cl)c(Cl)c1O,406.90354,767.19,966.1,127602.72373152614,,1239.416,3025605.1,,
phosphorus triiodide,IP(I)I,411.687171,334.35,,,,,,,
phenyl acetate,CC(=O)Oc1ccccc1,136.14792,243.15,468.15,109336.96232744504,314854.01801223925,686,3600000,,1.49
o-arsanilic acid,Nc1ccccc1[As](=O)(O)O,217.05422,426.65,,,,,,,
"1h-benzotriazole, 1-(phenylmethyl)-",c1ccc(Cn2nnc3ccccc32)cc1,209.24654,388.65,681.52,147204.3456489173,,948.08665,3695457.4,,
arsenic,[As],74.9216,1090.15,888.15,326207.66240977234,445958.6835,1673,22300000,,
formimino-l-glutamic acid,N=CN[C@@H](CCC(=O)O)C(=O)O,174.1546,363.15,762.09,,,,,,
indium nitride,[In].[N],128.8247,1373.15,,,,,,,
iodine cyanide,N#CI,152.92186999999998,419.5,427.49,27844.28414326872,166261.12716481782,657.54154,5398632.3,,
sulfamic acid,NS(=O)(=O)O,97.09372,478.15,,,,,,,
diethylsilane,CC[SiH2]CC,88.22358,138.85,330.15,,,,,,
gypsogenin,CC1(C)CC[C@]2(C(=O)O)CC[C@]3(C)C(=CC[C@@H]4[C@@]5(C)CC[C@H](O)[C@@](C)(C=O)[C@@H]5CC[C@]43C)[C@@H]2C1,470.68384,548.15,1218.17,72981.04817025374,246130.35604144307,1491.5756,1195648.2,,
3-(methoxymethyl)-5-isoquinolinamine,COCc1cc2c(N)cccc2cn1,188.22578,378.15,655.55,138402.9329032399,,903.23096,3513741.7,,
riboflavin 5'-phosphate,Cc1cc2nc3c(O)nc(=O)nc-3n(C[C@H](O)[C@H](O)[C@H](O)COP(=O)(O)O)c2cc1C,456.343801,468.15,,,,,,,
chrysene,c1ccc2c(c1)ccc1c3ccccc3ccc21,228.28788,528.15,721.15,114767.37179389462,286215.1156456189,979,2390000,,5.73
chloropicrin,O=[N+]([O-])C(Cl)(Cl)Cl,164.3752,206.55,385.15,90548.93926,58801.32418476927,736.49388,5146055.3,,2.09
lead acetate,CC(=O)[O-].CC(=O)[O-].[Pb+2],325.28804,600.55,2013.15,,,,,,
fumonisin b1,CCCCC(C)C(OC(=O)CC(CC(=O)O)C(=O)O)C(CC(C)CC(O)CCCCC(O)CC(O)C(C)N)OC(=O)CC(CC(=O)O)C(=O)O,721.82996,1315.72,2020.67,159811.87591603983,343635.6454929437,5332.1549,729277.1,,
"benzoic acid, 3,4-dimethoxy-, hydrazide",COc1ccc(C(O)=NN)cc1OC,196.20318,418.15,728.27,,,946.47327,3206406.7,,
palytoxin,C=C(/C=C\C[C@@H](O)[C@@H](O)[C@H](O)C/C=C/C=C\[C@@H](O)C[C@@H]1O[C@H](C[C@@H](O)[C@H](O)C[C@H]2O[C@H]([C@H](O)[C@H](O)CC[C@H](O)/C=C/[C@H](C)[C@@H](O)C[C@]3(O)O[C@H](C[C@@H](O)CCCCCCC[C@@]45C[C@@H](C)C[C@@](C)(O4)[C@@H](C[C@@H](C)CCCCC[C@@H](O)[C@H](O)[C@H](O)[C@@H](O)[C@H](O)[C@H]4O[C@H](C[C@H](O)[C@H](O)/C(C)=C/[C@H](O)C[C@@H](C)[C@H](O)C(O)=N/C=C/C(O)=NCCCO)[C@H](O)[C@@H](O)[C@@H]4O)O5)[C@H](O)[C@@H](O)[C@H]3O)C[C@@H](O)[C@@H]2O)[C@@H](O)[C@H](O)[C@H]1O)CC[C@H](O)[C@@H](O)[C@H](O)[C@H](C)C[C@H]1O[C@H](/C=C\[C@@H](O)[C@H](O)C[C@@H]2C[C@@H]3C[C@H](O2)[C@@H](CC[C@H]2O[C@H](CN)C[C@H]2O)O3)[C@@H](O)[C@H](O)[C@H]1O,2680.13862,4223.11,7626.63,164328.4405938675,,-347.7808,162858.77,,
benzyl benzoate,O=C(OCc1ccccc1)c1ccccc1,212.24388,292.15,594.45,115277.7644283548,254158.19816945656,825,2533125,421.15,3.97
daunorubicin,COc1cccc2c1C(=O)c1c(O)c3c(c(O)c1C2=O)C[C@@](O)(C(C)=O)C[C@@H]3O[C@H]1C[C@H](N)[C@H](O)[C@H](C)O1,527.51986,481.65,1594.31,137920.87372786307,,2020.8837,2098420.5,,1.83
psi-bufarenogin,C[C@]12CC[C@H](O)C[C@H]1CC[C@@H]1[C@@H]2C(=O)[C@H](O)[C@]2(C)[C@@H](c3ccc(=O)oc3)CC[C@]12O,416.50728,790.61,1195.96,95025.95008663477,,1466.9503,1816954.2,,
(-)-mitragynine,CC[C@@H]1CN2CCc3c([nH]c4cccc(OC)c34)[C@@H]2C[C@@H]1/C(=C\OC)C(=O)OC,398.4953,377.15,508.15,149527.4850167618,,1194.5585,1420775.6,,
"1,4-benzenediamine, n-(1,4-dimethylpentyl)-",CC(C)CCC(C)Nc1ccc(N)cc1,206.32718,381.13,650.52,127603.15921537824,,864.95325,2347364.9,,
moxastine,CN(C)CCOC(C)(c1ccccc1)c1ccccc1,269.38132,402.58,405.65,101168.85610331107,235140.57504443784,924.13221,1916936.8,,
levobupivacaine,CCCCN1CCCC[C@H]1C(O)=Nc1c(C)cccc1C,288.42772,409.15,534.15,136231.70477511664,319776.36296189786,993.90548,1749205.6,,
civetone,O=C1CCCCCCC/C=C\CCCCCCC1,250.4195,305.65,616.15,32673.174413334425,164667.99638484055,998.00742,1947512.2,,
"ethyl 5,7-dichloro-4-hydroxyquinoline-3-carboxylate",CCOC(=O)c1c[nH]c2cc(Cl)cc(Cl)c2c1=O,286.11076,596.34,785.05,130613.75252017783,,1035.9514,2817333.1,,
3-methylsulfolane,CC1CCS(=O)(=O)C1,134.19670000000002,274.15,550.15,,379688.5102,817,4240000,,
cesium iodide,[Cs+].[I-],259.80992000000003,905.15,1553.15,98918.47085746378,744704.9440733799,2529.56,20859000,,
bryostatin 1,CCCC=CC=CC(=O)OC1C(=CC(=O)OC)CC2CC(C(C)O)OC(=O)CC(O)CC3CC(OC(C)=O)C(C)(C)C(O)(CC4CC(=CC(=O)OC)CC(C=CC(C)(C)C1(O)O2)O4)O3,905.03262,1231.05,2090.56,135669.14306359476,216766.1337046073,4369.6132,529201.08,,
magnesium silicide,[Mg].[Mg].[Si],76.6955,1375.15,,,,,,,
boron oxide (b2o3),O=BOB=O,69.6202,723.15,2133.15,352771.1785,,,,,
"3,4-dihydro-2h-1,5-benzodioxepin-7-carboxylic acid",O=C(O)c1ccc2c(c1)OCCCO2,194.184,421.15,684.4,174494.2940716022,,931.36103,3940655.3,,
lithium acetate,CC(=O)[O-].[Li+],65.98502,559.15,,,,,,,
72987-61-2,CC1CCCC(C2CCCC2)C1O,182.30248,295.62,591.83,103322.7852961737,318650.8830567807,798.79229,2605740.3,,
disodium oxide,[Na+].[Na+].[O-2],61.97894,1407.15,2223.15,769616.2599747592,,,,,
sodium peroxide,[Na+].[Na+].[O-][O-],77.97834,948.15,,314189.8121965664,,,,,
sodium perchlorate,[Na+].[O-][Cl+3]([O-])([O-])[O-],122.44037,753.15,,,,,,,
anhydrone,[Mg+2].[O-][Cl+3]([O-])([O-])[O-].[O-][Cl+3]([O-])([O-])[O-],223.2062,523.15,,,,,,,
2-amino-5-cyanopyridine,N#Cc1ccc(=N)[nH]c1,119.124,436.65,601.97,,,,,,
dimethyl malonate,COC(=O)CC(=O)OC,132.11462,211.15,454.25,132036.86314202016,329815.6543160134,647,3500000,,-0.05
cafestol,C[C@@]12CCc3occc3[C@H]1CC[C@@]13C[C@@H](CC[C@H]12)[C@@](O)(CO)C3,316.43452,427.15,923.62,94265.94797558748,,1150.1444,2336033.2,,
gold(iii) chloride,[Au+3].[Cl-].[Cl-].[Cl-],303.32555,375.65,538.15,,,,,,
pyrrolidine,C1CCNC1,71.12096,213.15,359.75,120639.54142351286,454063.8248,569,5700000,264.4057995,0.46
stannous chloride,[Cl-].[Cl-].[Sn+2],189.607,520.15,896.15,76579.45118059988,510715.86198227765,1459.53,12035000,,
butocarboxim,CN=C(O)ON=C(C)C(C)SC,190.26326,298.15,613.05,,313162.9424649277,832.13743,2637959.3,,1.1
"4,4'-bi-1-naphthol",Oc1ccc(-c2ccc(O)c3ccccc23)c2ccccc12,286.32396,681.88,919.72,141322.4377030829,,1198.0897,3388080.2,,
3-(thien-2-yl)acrylonitrile,N#CC=Cc1cccs1,135.1863,341.19,537.08,104818.31369007067,,786.77989,3911137.4,,
chlorobenzene,Clc1ccccc1,112.5569,227.995,405.2149481,85290.19545,315635.8230521005,632.35,4520600,301.15,2.84
aluminum sulfate,O=S(=O)([O-])[O-].O=S(=O)([O-])[O-].O=S(=O)([O-])[O-].[Al+3].[Al+3],342.150876,1043.15,1873.15,,981793.7079469594,2160.2407,3036222.1,,
acrinol,CC(O)C(=O)O.CCOc1ccc2[nH]c3cc(N)ccc3c(=N)c2c1,343.37704,868.49,1155.83,154241.52995203176,,1418.2111,2535371,,
taurocholic acid,C[C@H](CCC(O)=NCCS(=O)(=O)O)[C@H]1CC[C@H]2[C@@H]3[C@H](O)C[C@@H]4C[C@H](O)CC[C@]4(C)[C@H]3C[C@H](O)[C@]12C,515.703,398.15,,,,,,,
calcium sulfide,[Ca].[S],72.143,2797.15,,970295.1083265182,,,,,
dichloroethyne,ClC#CCl,94.9274,207.15,306.15,131173.92870762286,244724.6553893068,541.92593,5704584.7,,
chlorine pentafluoride,,130.445016,170.15,260.05,,190268.87778175063,416,5268900,,
chlorine monofluoride,FCl,54.4514032,117.55,172.05,55701.04389890176,301578.9028480367,282.32,7901000,,
cesium chloride,[Cl-].[Cs+],168.35845,919.15,1570.15,121170.03928225758,1169399.966992892,2562.13,21127000,,
palladium chloride,[Cl-].[Cl-].[Pd+2],177.32600000000002,952.15,,103820.08278537833,,,,,
arsenic trioxide,[As+3].[As+3].[O-2].[O-2].[O-2],197.8414,547.15,733.15,90981.96838,273799.7627597043,1200,4000000,,
ctk9a2099,CC(C)C12CCC(C)(CC1)C1C(=O)OCCOC(=O)C12,280.35936,433.6,701.98,82718.83628212022,236273.92842544345,921.62642,1950954.6,,
dimethyl sulfate,COS(=O)(=O)OC,126.13164,243.65,459.15,,374061.0015157792,716,7010000,356.15,
carbonyl sulfide,O=C=S,60.0751,134.25,222.988674,78734.78362915751,308918.5449618561,378.77,6370000,,
2-chloro-5-hydroxybenzoic acid,O=C(O)c1cc(O)ccc1Cl,172.5658,442.15,654.98,160292.47973816365,,902.22069,5304676.8,,
"2-methyl-1,3-pentanediol",CCC(O)C(C)CO,118.17416,249.02,487.65,105149.89063599012,519012.36371658026,648.13,3936000,383.15,
chlorosilane,[SiH3]Cl,66.56232,155.15,242.75,,298292.6529038356,399.2,5301000,,
2-butyl-1-octanol,CCCCCCC(CO)CCCC,186.33424,270.82,521.15,147052.95172803453,263836.6190726636,712.9,1970000,,
cadmium telluride,[Cd].[Te],240.011,1315.15,,,,,,,
ammonium bromide,Br.N,97.94246,815.15,669.15,,97842.11881,1089.82,1794000,,
ammonium fluoride,F.N,37.0368632,511.15,,340201.5967702146,,,,,
ammonium iodide,I.N,144.94293,824.15,678.15,144884.6107912956,315605.25277225825,1104.32,1818000,,
chlorine nitrate,O=[N+]([O-])OCl,97.4579,166.15,291.15,,308977.3995992751,431.64184,5662052,,
ferrous sulfide,[Fe].[S],87.91,1461.15,,358321.0101239905,,,,,
sodium metaaluminate,[Al-].[Na+].[O].[O],81.970108,1923.15,,,,,,,
sodium iodide,[I-].[Na+],149.89424,934.15,1577.15,158111.47913355444,20507.112747582683,3950,13900000,,
tetrahydronorharman,Cl.c1ccc2c3c([nH]c2c1)CNCC3,208.68732,556.15,654.38,153650.9261798944,,920.97416,3611547.7,,
ctk3c9397,CCCC(=O)N(Cc1ccccc1)C1=C(CCC#N)CCCC1,310.43324,526.39,885.61,125408.60637217846,,1113.0844,1565991.9,,
potassium nitrite,O=N[O-].[K+],85.1038,711.15,,196230.9556095028,,,,,
21059-09-6,CC1CC(C)C(=O)C(C2CC(O)=NC(=O)C2CCO)C1,281.34742,631.36,912.08,119770.06933278436,364291.9204169911,1149.6768,2214532.9,,
"6-octen-2-ol, 8-(1h-indol-1-yl)-2,5-dimethyl-",CC(C=CCn1ccc2ccccc21)CCC(C)(C)O,271.3972,433.65,754.51,120811.85804422449,,955.90285,1911911,,
tellurium dioxide,O=[Te]=O,159.59879999999998,1006.15,1518.15,181079.05573224864,1573000.0627922744,2463.1,75605000,,
cadmium selenide,[Cd].[Se],191.371,1513.15,,,,,,,
iodeosin,O=C1OC2(c3ccccc31)c1cc(I)c(O)c(I)c1Oc1c2cc(I)c(O)c1I,835.8924,564.15,1392.38,78712.28402124485,,1737.5843,3065946,,
brn 0202126,C/C=C(\C)C1(CC)C(=O)N(C)C(=O)N=C1O,224.25634,571.65,735.29,97727.44886499085,341652.03260471154,983.69271,2878115.3,,
"1,5-naphthyridine",c1cnc2cccnc2c1,130.14664,348.15,535.7,136861.00540129197,,803.75702,5044227.8,,
mercaptoacetic acid,O=C(O)CS,92.11696,256.65,493,164150.01102945648,560150.8635401952,733,6100000,397.1143438,0.09
brn 2295104,CC(=O)Oc1cc2c(c3ccc4ccccc4c13)CCC2=O,290.31266000000005,578.52,856.33,111714.03961508255,,1110.9066,2315841.9,,
iodic acid,[O-][I+2]([O-])O,175.91061000000002,383.15,363.92,65362.74304318539,253445.5685567796,537.0108,9802960.5,,
orthoperiodic acid,[O-][I+](O)(O)(O)(O)O,227.94057,388.52,745.94,76765.62360092369,680413.3061986986,922.57257,12710211,,
periodic acid (hio4),[O-][I+3]([O-])([O-])O,191.91001,398.15,353.42,78797.34881989741,241498.0647,513.58693,11293297,,
molybdenum hexacarbonyl,[C-]#[O+].[C-]#[O+].[C-]#[O+].[C-]#[O+].[C-]#[O+].[C-]#[O+].[Mo],264.0206,421.15,428.15,,233407.1746149237,1308.72,5443000,,
bromic acid,[O-][Br+2]([O-])O,128.91014,214.54,336.94,96012.61778,341375.1982772758,493.69656,11840471,,
tetraphenylene,c1ccc2c(c1)-c1ccccc1-c1ccccc1-c1ccccc1-2,304.38384,506.15,850.75,117903.7626,235774.8388754683,1148.9124,2123638.2,,
octachlorocamphene,C=C1C(C)(C)C2(Cl)C(Cl)(Cl)C(Cl)(Cl)C1(Cl)C2(Cl)Cl,411.79452,614.3,472.45,35792.12273150211,111663.00699505588,1017.8866,2421879.8,,
heptachlor,ClC1=C(Cl)C2(Cl)C3C(Cl)C=CC3C1(Cl)C2(Cl)Cl,373.3177,368.4,709.89,78552.39652,173495.62261780992,989.10808,2646107.5,,6.1
zimelidine,CN(C)CC=C(c1ccc(Br)cc1)c1cccnc1,317.22358,470.65,760.36,117346.25780340792,,1017.4473,2545614.9,,
prontosil,Nc1ccc(N=Nc2ccc(S(N)(=O)=O)cc2)c(N)c1,291.32892,522.65,,,,,,,
5-hydroxymethylfurfural,O=Cc1ccc(CO)o1,126.11004,305.9,388.15,,281725.96634503914,794.9,4950000,,
"1,3-benzenediol, 1,3-benzene diamine polymer",Nc1cccc(N)c1.Oc1cccc(O)c1,218.25176,635.06,835.22,153556.60820329696,,1117.2247,5220689,,
terfenadine,CC(C)(C)c1ccc(C(O)CCCN2CCC(C(O)(c3ccccc3)c3ccccc3)CC2)cc1,471.67344,420.4,1221.96,99965.34890749837,,1498.3467,1185787.2,,
nickel fluoride,[F-].[F-].[Ni+2],96.6902064,1653.15,,713619.3268,,3278.75,27037000,,
fluorine dioxide,FOOF,69.9956064,109.65,330.15,61318.13439078942,351681.6792656152,338.24,7100000,,
16078-71-0,CCOC(=O)c1cnn(-c2ccccc2)c1N,231.25052,373.15,721.69,152354.25200341173,,963.00565,3272782.5,,
lithium perchlorate,[Li+].[O-][Cl+3]([O-])([O-])[O-],106.3916,509.15,,275397.6817718692,,,,,
silver perchlorate,[Ag+].[O-][Cl+3]([O-])([O-])[O-],207.3188,267,,,,,,,
potassium periodate,[K+].[O-][I+3]([O-])([O-])[O-],230.00037,855.15,,,,,,,
ac1nqyyp,C/C=C(/C)C(=O)O[C@H]1CCN2CC=C(CO)[C@H]12,237.29486,389.65,685.81,146648.77275470697,320020.1361054834,880.53141,2480119.4,,
"androst-4-en-3-one, 17-hydroxy-4,17-dimethyl-, (17β)-",CC1=C2CC[C@@H]3[C@H](CC[C@@]4(C)[C@H]3CC[C@]4(C)O)[C@@]2(C)CCC1=O,316.47758,414.65,888.89,61539.90434330293,,1126.1514,1755072.9,,
4-ethyl-2-pyridinamine,CCc1cc[nH]c(=N)c1,122.1677,340.15,522.77,,,,,,
beryllium fluoride,[Be+2].[F-].[F-],47.00898839999999,825.15,1556.15,101469.95632860716,,,,,
"2,5-furandicarboxylic acid",O=C(O)c1ccc(C(=O)O)o1,156.09296,615.15,683.08,218401.90614618364,,894.5,4466000,,
okadaic acid,C=C1C(O)C2OC3(CCC(C=CC(C)C4CC(C)=CC5(OC(CC(C)(O)C(=O)O)CCC5O)O4)O3)CCC2OC1C(O)CC(C)C1OC2(CCCCO2)CCC1C,805.0029200000001,438.15,1996.04,145259.10042661705,172484.0849392775,3319.9178,734026.79,,
platinum dioxide,[O].[O].[Pt],227.0768,723.15,,,,,,,
buscolysin,CCCC[N+]1(C)[C@H]2CC(OC(=O)C(CO)c3ccccc3)C[C@H]1[C@H]1O[C@H]12.[Br-],440.3712,416.15,,,,,,,
glutaronitrile,N#CCCCC#N,94.11454,244.15,559.15,124507.86031573868,572225.6470138001,782,3150000,,-0.72
lithium hydride,[H].[Li],7.94894,965.15,,2742504.031984139,,,,,
thiabendazole,c1ccc2[nH]c(-c3cscn3)nc2c1,201.24768,577.65,702.64,157253.98672918862,,1006.1681,5198129.3,,2.47
potassium fluoride,[F-].[K+],58.0967032,1131.15,1775.15,468184.9141484504,3931618.638575466,2891.12,23840000,,
"2,6-naphthalenedicarboxylic acid",O=C(O)c1ccc2cc(C(=O)O)ccc2c1,216.18952,630.36,820.8,173014.86214502904,260220.0886665977,904,3050000,,
tacalcitol,C=C1/C(=C\C=C2/CCC[C@]3(C)[C@@H]([C@H](C)CC[C@@H](O)C(C)C)CC[C@@H]23)C[C@@H](O)C[C@@H]1O,416.63646,614.03,1141.76,106848.5460921975,250193.60038420025,1410.6673,1177662.7,,
ornidazole,Cc1ncc([N+](=O)[O-])n1CC(O)CCl,219.6256,350.65,730.87,158442.36737429514,,953.18699,3975517.2,,0.6
cilostazol,O=C1CCc2cc(OCCCCc3nnnn3C3CCCCC3)ccc2N1,369.46068,433.15,1060.38,144426.73574898415,,1331.2042,2153304.5,,
"3h-1,2,4-triazol-3-one, 1,2-dihydro-5-propoxy-",CCCOc1n[nH]c(O)n1,143.14386,546.58,579.13,191548.5582,,823.20468,5138680.1,,
05-07-6804,COC(=O)[N]N=Cc1c[n+](=O)c2ccccc2n1O,262.2215,512.9,337.65,,416497.8902857926,1019.3447,2989321.2,,
humycin sulfate,NC[C@@H]1O[C@H](O[C@@H]2[C@@H](CO)OC(O[C@H]3C(O[C@H]4O[C@H](CO)[C@@H](O)[C@H](O)[C@H]4N)[C@@H](N)C[C@@H](N)[C@@H]3O)[C@@H]2O)[C@H](N)[C@@H](O)[C@@H]1O.O=S(=O)(O)O,713.7069799999999,418.15,,,,,,,
magnesium sulfide,[Mg].[S],56.37,2499.15,,1117615.7530601383,,,,,
nafenopin,CC(C)(Oc1ccc(C2CCCc3ccccc32)cc1)C(=O)O,310.38688,390.65,896.23,112156.80250402336,,1146.1484,1957866.7,,
"n,n',n'',n'''-tetramethyltriethylenetetramine",CNCCN(C)CCN(C)CCNC,202.34024,372.72,553.62,187288.4998060692,275496.0654528289,720.43702,2151307.5,,
105-84-0,CNCCN(C)CCNC,145.24586,306.44,472.54,186614.6133184106,322726.0388903336,644.26271,2871949,,
hydrogen selenide,[SeH2],80.97587999999999,207.42,231.9,,235130.87102972803,411,8916600,,
beryllium oxide,[Be].[O],25.011582,2851.15,4173.15,3438407.0547796623,,,,,
pentanitroaniline,Nc1c([N+](=O)[O-])c([N+](=O)[O-])c([N+](=O)[O-])c([N+](=O)[O-])c1[N+](=O)[O-],318.11428,470.15,1220.19,205567.6343734082,,1538.4663,4952355.9,,
2-amino-4-phosphonobutyric acid,NC(CCP(=O)(O)O)C(=O)O,183.099661,503.15,,,,,,,
"carbonimidic dichloride, hydroxy-",ON=C(Cl)Cl,113.93074,312.65,402.15,,,671.42421,5131320.8,,
rubidium hydroxide,[OH-].[Rb+],102.47514,658.15,1663.15,78067.71476477124,,3100.595,,,
6-(1-pyrrolidinyl)-3-pyridazinamine,N=c1ccc(N2CCCC2)n[nH]1,164.20768,483.15,627.47,,,,,,
zeaxanthin,CC1=C(/C=C/C(C)=C/C=C/C(C)=C/C=C/C=C(C)/C=C/C=C(C)/C=C/C2=C(C)C[C@@H](O)CC2(C)C)C(C)(C)C[C@H](O)C1,568.87144,488.65,1384.6,137489.76394385347,144590.17486853438,1752.9302,644180.47,,
aldrin,ClC1=C(Cl)[C@]2(Cl)[C@H]3[C@H]([C@@H]4C=C[C@H]3C4)[C@@]1(Cl)C2(Cl)Cl,364.90992000000006,377.15,498.49,83700.10878301143,121005.83533379404,994.14205,2515067.8,,6.5
chlorodifluoromethyl radical,F[C](F)Cl,85.4605064,115.63,260.41,87689.62783,260415.02058402964,416.73959,5029928.1,,
meso-cuscohygrine,CN1CCCC1CC(=O)C[C@@H]1CCCN1C,224.34246,379.98,597.81,129877.33129074184,255426.2958866201,798.09074,2274066.4,,
docetaxel,CC(=O)O[C@@]12CO[C@@H]1C[C@H](O)[C@@]1(C)C(=O)[C@H](O)C3=C(C)[C@@H](OC(=O)[C@H](O)[C@@H](N=C(O)OC(C)(C)C)c4ccccc4)C[C@@](O)([C@@H](OC(=O)c4ccccc4)[C@H]21)C3(C)C,807.87922,505.15,2009.6,112494.53847816508,,3458.2926,776342,,
hexamethylphosphoramide,CN(C)P(=O)(N(C)C)N(C)C,179.200381,280.35,508.15,,283884.48026011867,676.21835,2488636.9,377.59444,0.28
1-pyrroline,C1=NCCC1,69.10508,372.15,363.93,77273.62445713108,,580.53746,5470746.8,,
ethyl nitrate,CCO[N+](=O)[O-],91.066,178.55,362.15,,402458.6469603732,533.22747,5123376,,
methyl nitrate,CO[N+](=O)[O-],77.03942,177.9,338.15,106958.22995552146,458619.6013642299,508.2334,6394844.3,,
triethyl borate,CCOB(OCC)OCC,145.9925,188.25,391.05,,227958.7649966772,553.27613,2356363.9,,
trimethyl borate,COB(OC)OC,103.91276,239.15,340.55,,288787.3583390048,502,3500000,,
4-(4-methyl-1-piperazinylcarbonyl)-1-phenyl-2-pyrrolidinone hydrochloride,CN1CCN(C(=O)C2CC(=O)N(c3ccccc3)C2)CC1.Cl,323.81778,558.69,816.19,107847.69137753954,,1058.1876,2265415.6,,
triethylene glycol,OCCOCCOCCO,150.17296,266.15,561.75,145485.5787619822,349948.35879369563,780,3300000,429.15,
nealbarbital,C=CCC1(CC(C)(C)C)C(O)=NC(=O)N=C1O,238.28292,429.15,855.26,97812.29808666102,,1074.7818,3100183,,2.06
"1-propanone, 1-(2-piperidinyl)-",CCC(=O)C1CCCCN1,141.2108,342.26,504.61,138091.4207695162,337159.3527476104,724.09618,3488880.4,,
93621-94-4,COC[C@@H]1CC[C@@H](COC)N1,159.22608,336.07,486.64,147262.30778274513,283162.20925446454,684.58309,2928168.5,,
dimetacrine,CN(C)CCCN1c2ccccc2C(C)(C)c2ccccc21,294.43384,506.86,473.15,125457.72591900444,260892.81259267515,961.91312,1758017.7,,
dexamethasone dipropionate,CCC(=O)OCC(=O)[C@@]1(OC(=O)CC)[C@H](C)C[C@H]2[C@@H]3CCC4=CC(=O)C=C[C@]4(C)[C@@]3(F)[C@@H](O)C[C@@]21C,504.5875832,816.38,1203.71,96074.50047137824,217401.8741048985,1476.1528,1110370.7,,
sodium propionate,CCC(=O)[O-].[Na+],96.06037,571.15,,,,,,,
potassium propionate,CCC(=O)[O-].[K+],112.1689,430.15,,,,,,,
methyl iodide,CI,141.93899,206.95,315.55,19388.61196631032,188073.8383574964,528,6586125,,1.5
tin(ii) oxide,[O].[Sn],134.7004,1250.15,,205641.5571149009,,,,,
"4,4'-diaminostilbene",Nc1ccc(/C=C/c2ccc(N)cc2)cc1,210.27436,486.86,732.46,142271.26883182523,,995.98842,3213681.5,,
"3-methylenecyclopropane-1,2-dicarboxylic acid",C=C1C(C(=O)O)C1C(=O)O,142.10944,473.15,629.13,208494.24218405195,524309.9596521106,848.38059,4444444.4,,
selenic acid,O=[Se](=O)(O)O,144.97348,331.15,533.15,,442528.0279650024,783.90653,8948493,,
prazosin,COc1cc2nc(N3CCN(C(=O)c4ccco4)CC3)[nH]c(=N)c2cc1OC,383.40114,555.15,1069.3,150813.32309027563,,1331.3208,2517592.3,,
zinc acetate,CC(=O)[O-].CC(=O)[O-].[Zn+2],183.46804,510.15,1181.15,,,,,,
orthotelluric acid,O[Te](O)(O)(O)(O)O,229.64404,409.15,273.15,,121650.41695726852,381.94256,3715609.3,,
5-trans latanoprost,CC(C)OC(=O)CCCC=CCC1C(O)CC(O)C1CCC(O)CCc1ccccc1,432.5928,597.09,1160.47,148116.19610867312,,1455.671,1146761.5,,
clofarabine,Nc1nc(Cl)nc2c1ncn2[C@@H]1O[C@H](CO)[C@@H](O)[C@@H]1F,303.6774432,499.15,971.67,194706.59189216988,,1205.2818,4528583.5,,
guanidine,N=C(N)N,59.0705,323.15,451.88,,877695.6277674544,681.35013,8992183.6,,
(±)-naringenin,O=C1CC(c2ccc(O)cc2)Oc2cc(O)cc(O)c21,272.25278000000003,521.15,948.78,158573.2200787812,,1231.3211,5228241.5,,
carbogen,O=C=O.O=O,76.00829999999999,148.6,182.35,241236.8122954993,286654.6359211569,285.75639,13583930,,
lithium nitride,[Li+].[Li+].[Li+].[NH2-],36.84558,1086.15,,,,,,,
nandrolone decanoate,CCCCCCCCCC(=O)O[C@H]1CC[C@H]2[C@@H]3CCC4=CC(=O)CC[C@@H]4[C@H]3CC[C@]12C,428.64716,391.15,1009.63,118680.3617222146,197504.5917744963,1241.3427,963870.19,,
uracil mustard,Oc1ncc(N(CCCl)CCCl)c(O)n1,252.09784,479.15,731.04,149497.51255306273,,978.28283,3530463.8,,
4815-44-5,CCOC(=O)c1c(C(=O)OCC)c(C)n(N)c1C,254.28232,375.15,709.49,155905.4518615372,,910.43531,2256814.2,,
alfuzosin,COc1cc2nc(N(C)CCCN=C(O)C3CCCO3)[nH]c(=N)c2cc1OC,389.44878,452.15,1083.38,164211.58130216764,,1334.3659,1964815.7,,
hydroxychloroquine,CCN(CCO)CCCC(C)Nc1ccnc2cc(Cl)ccc12,335.87154,363.15,912.54,150885.0675469556,,1127.606,1849924.8,,
flavopurpurin,O=C1c2cc(O)ccc2C(=O)c2c1ccc(O)c2O,256.21032,822.72,732.15,136032.77182589678,335500.77542018297,1254.3683,6151480.2,,
oenanthotoxin,CCC[C@@H](O)CC/C=C/C=C/C#CC#C/C=C/CO,258.35538,360.15,411.15,198521.1223393142,178708.0599278902,1001.8778,2100344.4,,
4-methoxyphenyl 4-butylcyclohexanecarboxylate,CCCCC1CCC(C(=O)Oc2ccc(OC)cc2)CC1,290.39724,399.26,738.62,118771.78997982212,,954.29108,1639102.4,,
bromine pentafluoride,,174.89601599999995,212.65,314.45,32419.263341024307,177332.30255952492,492.46,6697000,,
acryloyl chloride,C=CC(=O)Cl,90.50832,349.15,348.65,88853.70980259053,335404.8168848792,548.98498,4835954.7,265.15,
piperacillin,CCN1CCN(C(O)=N[C@@H](C(O)=N[C@@H]2C(=O)N3[C@@H]2SC(C)(C)[C@@H]3C(=O)O)c2ccccc2)C(=O)C1=O,517.5547799999999,455.15,1414.34,130828.66319967135,,1740.0309,1848334.5,,0.5
trazodone,O=c1n(CCCN2CCN(c3cccc(Cl)c3)CC2)nc2ccccn12,371.86388,360.15,919.92,133962.9974279836,,1163.7708,2261108.8,,
val-gly,CC(C)C(N)C(O)=NCC(=O)O,174.19765999999998,485.1,680.96,165777.19815524505,468790.14030600456,892.33513,3664206.3,,
trans-2-pentene,C/C=C/CC,70.1329,137.15,309.45,119059.67099606602,363889.23249710654,475,3657832,228,
iodine pentafluoride,FI(F)(F)(F)F,221.896486,282.58,373.65,39811.35600317709,163990.57014245584,594.33,7252000,,
iodine heptafluoride,,259.8932924,278.65,277.95,,83244.65676903637,447.53,4126000,,
quinethazone,CCC1N=C(O)c2cc(S(N)(=O)=O)c(Cl)cc2N1,289.73858,524.15,,,,,,,
beclomethasone,C[C@H]1C[C@H]2[C@@H]3CCC4=CC(=O)C=C[C@]4(C)[C@@]3(Cl)[C@@H](O)C[C@]2(C)[C@@]1(O)C(=O)CO,408.91566000000006,391.65,1172.51,81906.86558690366,341411.91479851084,1436.3635,1987657,,
saquinavir mesylate,CC(C)(C)N=C(O)[C@@H]1C[C@@H]2CCCC[C@@H]2CN1C[C@@H](O)[C@H](Cc1ccccc1)N=C(O)[C@H](CC(=N)O)NC(=O)c1ccc2ccccc2n1.CS(=O)(=O)O,766.9464599999999,514.15,,,,,,,
xenon tetrafluoride,F[Xe](F)(F)F,207.2866128,408.15,388.9,78635.08299,184745.2160741368,612,7040000,,
xenon hexafluoride,F[Xe](F)(F)(F)(F)F,245.2834192,322.63,348.75,23401.50026740984,147404.30855421655,502,4700000,,
ketotifen,CN1CCC(=C2c3ccccc3CC(=O)c3sccc32)CC1,309.42526,425.65,862.78,96010.26108857436,,1133.7215,2351920.7,,
kanamycin,NC[C@H]1O[C@H](O[C@H]2[C@H](O)[C@@H](O[C@H]3O[C@H](CO)[C@@H](O)[C@H](N)[C@H]3O)[C@H](N)C[C@@H]2N)[C@H](O)[C@@H](O)[C@@H]1O,484.49864,1120.26,1648.17,203243.0885667708,245650.4369618373,2564.9118,2749784.2,,
"(2e)-3-(2,5-dimethylphenyl)-2-propenoic acid",Cc1ccc(C)c(/C=C/C(=O)O)c1,176.21178,403.15,637.59,158071.1573312522,,864.71801,2979538.9,,
peracetic acid,CC(=O)OO,76.05135999999999,273.1,383.15,123508.63942472562,574334.0935479453,552,6400000,313.15,
oxiglutatione,N[C@@H](CCC(O)=N[C@@H](CSSC[C@H](N=C(O)CC[C@H](N)C(=O)O)C(O)=NCC(=O)O)C(O)=NCC(=O)O)C(=O)O,612.63108,452.15,1936.26,195030.9148533568,207791.83759976504,2923.6335,1893651,,
d-glucuronic acid,O=C[C@H](O)[C@@H](O)[C@H](O)[C@H](O)C(=O)O,194.1394,438.15,898.01,133862.57503628836,,1099.4327,6599087.6,,-2.57
sbb008990,O=C([O-])C1=C/C(=N/Nc2ccc([N+](=O)[O-])cc2)C=CC1=O.[Na+],309.20949,526.65,,,,,,,
glycogen,OC[C@H]1O[C@H](OC[C@H]2O[C@H](O[C@H]3[C@H](O)[C@@H](O)[C@@H](O)O[C@@H]3CO)[C@H](O)[C@@H](O)[C@@H]2O[C@H]2O[C@H](CO)[C@@H](O)[C@H](O)[C@H]2O)[C@H](O)[C@@H](O)[C@@H]1O,666.57768,421.65,2217.78,202683.0541340658,,-19681.661,2429046.9,,
fisetin,O=c1c(O)c(-c2ccc(O)c(O)c2)oc2cc(O)ccc12,286.2363,603.15,1038.21,170198.53875975896,,1326.4602,7181844.3,,
maleic anhydride,O=C1C=CC(=O)O1,98.05688,326.15,475.15,138695.01048779034,459537.0218772486,726,6484800,372.8150664,
bismuth tetroxide,[Bi+3].[Bi+3].[O-2].[O-2].[O-2],465.959,578.15,,,,,,,
stannic oxide,[O].[O].[Sn],150.69979999999998,1903.15,2773.15,155275.58762519926,3048067.270758321,4320.4156,55062441,,
temephos,COP(=S)(OC)Oc1ccc(Sc2ccc(OP(=S)(OC)OC)cc2)cc1,466.468922,303.4,,,,,,,5.96
20062-22-0,O=[N+]([O-])c1cc([N+](=O)[O-])c(C=Cc2c([N+](=O)[O-])cc([N+](=O)[O-])cc2[N+](=O)[O-])c([N+](=O)[O-])c1,450.23044,484.15,1518.36,191306.47852242063,,1864.0042,2871949,,
carbon tetrafluoride,FC(F)(F)F,88.0043128,89.35,145.1049302,7999.607946486914,134435.44570007955,227.51,3750000,,1.18
carbon tetrabromide,BrC(Br)(Br)Br,331.6267,363.25,462.65,11338.049680559498,120575.13485010627,724.91,9631000,,3.42
hexamethylene triperoxide diamine,C1OOCN2COOCN1COOC2,208.16928,404.98,571.9,224528.80655589525,308031.3358553724,807.80003,5281571.1,,
methacholine chloride,CC(=O)OC(C)C[N+](C)(C)C.[Cl-],195.68702,445.15,,,,,,,
etoposide,COc1cc(C2c3cc4c(cc3C(OC3OC5COC(C)OC5C(O)C3O)C3COC(=O)C23)OCO4)cc(OC)c1O,588.5565799999999,516.65,1489.75,184383.29242704247,,1898.0788,1464607.3,,0.6
d-eritadenine,Nc1ncnc2c1ncn2C[C@@H](O)[C@@H](O)C(=O)O,253.21474,552.15,1023.52,188061.72184131143,,1262.3582,6298815.8,,
arsenic acid,O=[As](O)(O)O,141.94302,309.25,,,,,,,
octyl ether,CCCCCCCCOCCCCCCCC,242.44056,265.55,562.15,158323.34325576545,221225.17328531228,707,1440000,396.7940764,
"2-propenoic acid, 2-methyl-, methyl ester, polymer with ethenylbenzene and 2-methyl-n-(2-methyl-1-oxo-2-propen-1-yl)-2-propenamide",C=C(C)C(=O)N=C(O)C(=C)C.C=C(C)C(=O)OC.C=Cc1ccccc1,357.44338,433.3,912.05,114913.3045910656,,1138.0279,1320392.8,,
glyburide,COc1ccc(Cl)cc1C(O)=NCCc1ccc(S(=O)(=O)NC(O)=NC2CCCCC2)cc1,494.00352,442.4,,,,,,,
4-hydroxycoumarin,O=c1cc(O)c2ccccc2o1,162.14213999999998,486.65,582.32,143429.7092662031,,819.93343,4835954.7,,
ac1o57y3,C=C(C)C(=O)OCCCC.C=C(C)c1ccccc1.C=Cc1ccccc1,364.52038,368,875.78,109099.52414731927,,1104.5206,1117807.9,,
flunisolide,CC1(C)O[C@@H]2C[C@H]3[C@@H]4C[C@H](F)C5=CC(=O)C=C[C@]5(C)[C@H]4[C@@H](O)C[C@]3(C)[C@]2(C(=O)CO)O1,434.4977432,518.15,1143.9,111926.93347917944,291135.15529504267,1400.4699,1657842.5,,
triamcinolone hexacetonide,CC(C)(C)CC(=O)OCC(=O)[C@@]12OC(C)(C)O[C@@H]1C[C@H]1[C@@H]3CCC4=CC(=O)C=C[C@]4(C)[C@@]3(F)[C@@H](O)C[C@@]12C,532.6407432,568.15,1248.9,93252.34810538992,212715.2635375849,1530.5474,1094992.3,,
ganciclovir,N=c1nc(O)c2ncn(COC(CO)CO)c2[nH]1,255.23062,523.15,964.38,176029.03601456597,,1193.5004,5478848.6,,-1.66
bupirimate,CCCCc1c(OS(=O)(=O)N(C)C)nc(=NCC)[nH]c1C,316.41966,323.65,,,,,,,2.7
surecn1341846,CC(C)COc1ccccc1[N+](=O)[O-],195.21512,392.24,550.65,124652.22980678956,289735.2946502729,870.07148,2893618.2,,
bronopol,O=[N+]([O-])C(Br)(CO)CO,199.98804,402.4,667.37,104676.25964032648,481992.5713812235,875.11263,6696649.8,,
"n-methyl-n'-(2-nitrophenyl)-n-(3-((2-nitrophenyl)amino)propyl)propane-1,3-diamine",CN(CCCNc1ccccc1[N+](=O)[O-])CCCNc1ccccc1[N+](=O)[O-],387.4329,806.78,1114.1,176058.87367851313,,1371.9446,1792421.8,,
iron(0) carbonyl,[C-]#[O+].[C-]#[O+].[C-]#[O+].[C-]#[O+].[C-]#[O+].[Fe],195.8955,252.65,376.15,,126640.164,559.65,3153000,258.15,
nsc523241,CC12CCC(O)CC1=CCC1C2CCC2(C)C1CC1CC(=O)OC12,330.4611,557.08,867.6,104181.70247572256,268872.9196690596,1091.455,1736111.1,,
ethanamine,CCN,45.08368,192.05,289.75,136035.9225333868,606600.403,456,5600000,255.15,-0.13
"gona-1,3,5(10),8-tetraen-17-one, 13-ethyl-3-methoxy-, (±)-",CC[C@]12CCC3=C(CCc4cc(OC)ccc43)[C@@H]1CCC2=O,296.40336,390.65,826.87,83659.64542372258,,1074.6765,1898605,,
p-divinylbenzene,C=Cc1ccc(C=C)cc1,130.1864,304.15,453.42,97921.13461928436,321128.1526915321,691.5,3077000,,
ag-g-93501,CC1(C)OC(=O)[C@H](CC(=O)O)O1,174.1513,435.75,592.75,168158.37722715823,371067.6975612792,803.96619,3615892.4,,
pyromellitic dianhydride,O=c1oc(=O)c2cc3c(=O)oc(=O)c3cc12,218.11928,425.65,671.65,,339711.7509427097,925.14179,4191754.2,,
cyclotriol,C[C@]12CC[C@@H]3c4ccc(O)cc4CC[C@H]3C13CC[C@]2(O)[C@@H](O)C3,314.41864,718.92,976.45,91772.54885,,1213.2587,2844444.4,,
altadiol,CCCCC(=O)OC1CCC2C3CCc4cc(O)ccc4C3CCC12C,356.49838,417.65,916,126729.88864633832,,1151.0701,1553671,,
adamsite,Cl[As]1c2ccccc2Nc2ccccc21,277.58116000000007,468.15,683.15,,207456.5726,998.9365,2877803.9,,
"2,2′-[1,3-phenylenebis(oxy)]bis[acetic acid]",O=C(O)COc1cccc(OCC(=O)O)c1,226.1828,468.15,795.92,167873.06550277033,,1020.235,3388080.2,,
valstar,CCCCC(=O)OCC(=O)[C@]1(O)Cc2c(O)c3c(c(O)c2[C@@H](OC2CC(N=C(O)C(F)(F)F)C(O)C(C)O2)C1)C(=O)c1c(OC)cccc1C3=O,723.6437496,399.15,1838.78,136230.0165716791,,2716.0507,1151435.8,,
mitoxantrone,O=C1c2c(O)ccc(O)c2C(=O)c2c(NCCNCCO)ccc(NCCNCCO)c21,444.48092,434.15,490.15,174549.6747081967,560728.1810540216,1874.0856,2535371,,
melphalan,N[C@@H](Cc1ccc(N(CCCl)CCCl)cc1)C(=O)O,305.20022,455.65,833.6,151736.4568085829,,1057.4935,2329273.6,,
captan,O=C1C2CC=CCC2C(=O)N1SC(Cl)(Cl)Cl,300.58932,451.15,752.62,78865.07744187319,256154.4101116524,1033.7309,3291586.1,,2.8
195065-80-6,CC(C)(OC(=O)C1CCC2OC2C1)C1CCC2(C)OC2C1,294.38593999999995,459.38,723.85,125287.91286703436,227096.7172576696,953.79225,1898605,,
63428-98-8,CC(c1ccccc1)c1cc(C(C)(C)C)cc(C(C)(C)C)c1O,310.473,517.14,840,88484.34485,,1081.9653,1596166.9,,
butorphanol,Oc1ccc2c(c1)[C@@]13CCCC[C@@]1(O)[C@@H](C2)N(CC1CCC1)CC3,327.46046,489.15,932.96,99047.07273665955,,1173.8102,2453168.4,,
brn 2821940,COc1ccccc1C(=O)CCC(C)(C)C(c1ccccc1OC)N(C)C,369.49714000000006,541.13,545.15,104707.17039920794,194897.07808592395,1119.3927,1331983.6,,
dibutylamine,CCCCNCCCC,129.24316,211.15,435.15,166933.39902862173,316946.1102067907,607.5,3110000,315,2.83
(e)-3-(4-(pentyloxy)phenyl)acrylic acid,CCCCCOc1ccc(C=CC(=O)O)cc1,234.29092,464.23,723.67,158781.22805612782,,936.38702,2220798.9,,
aziridine,C1CN1,43.0678,195.25,327.15,176233.75236255393,740313.7673386931,528,7700700,262.15,
tantalum chloride (tacl5),[Cl-].[Cl-].[Cl-].[Cl-].[Cl-].[Ta+5],358.2129,489.75,512.15,97986.42092453958,152981.64862292787,767,,,
s-triaminotrinitrobenzene,Nc1c([N+](=O)[O-])c(N)c([N+](=O)[O-])c(N)c1[N+](=O)[O-],258.14844,623.15,1061.57,205563.8995920332,,1361.5581,5644739.3,,
perfluoropropane,FC(F)(F)C(F)(F)C(F)(F)F,188.0193256,125.55,236.3611198,2536.9732524984656,105144.4234,345.02,2640000,,
1-bromobutane,CCCCBr,137.01826,161.15,374.55,67363.28428050393,248113.8564687576,571.1,4629539,286.15,2.75
ethacrynic acid,C=C(CC)C(=O)c1ccc(OCC(=O)O)c(Cl)c1Cl,303.13798,395.65,831.88,135364.10053270133,,1060.0851,2329273.6,,
cacodylic acid,C[As](C)(=O)O,137.99738,468.15,,,,,,,
nitrosylsulfuric acid,O=NOS(=O)(=O)O,127.07664,346.65,,,,,,,
sodium dithionite,O=S([O-])S(=O)[O-].[Na+].[Na+],174.10714,440.15,,,,,,,
burgess reagent,CC[N+](CC)(CC)S(=O)(=O)N=C([O-])OC,238.30452,350.15,,,,,,,
acriflavine,C[n+]1c2cc(N)ccc2cc2ccc(N)cc21.Nc1ccc2cc3ccc(N)cc3nc2c1.[Cl-],468.9806000000001,569.65,1368.46,147334.45264047166,,1680.298,1987657,,
9-(1-methylhydrazino)acridine monohydrochloride,CN(N)c1c2ccccc2nc2ccccc12.Cl,259.73406,565.22,771.32,135477.0337013174,,1037.6813,2992592.7,,
halogabide,N=C(O)CCCN/C(=C1\C=C(F)C=CC1=O)c1ccc(Cl)cc1,334.7725432,407.15,935.35,131289.14211385066,,1181.0915,2227091.6,,3.06
viomycin,N=C(O)N/C=C1\N=C(O)[C@H](CO)N=C(O)[C@H](CO)N=C(O)[C@@H](N=C(O)C[C@@H](N)CCCN)CN=C(O)[C@H]([C@H]2C[C@H](O)NC(=N)N2)N=C1O,685.69002,2106.25,2303.9,192169.9254132356,234093.1889642164,3836.1171,2379536,,
chlorprothixene,CN(C)CCC=C1c2ccccc2Sc2ccc(Cl)cc21,315.86022,370.65,791.22,125539.70867239944,,1036.4435,2053030.2,,5.18
hexacarbonylchromium,[C-]#[O+].[C-]#[O+].[C-]#[O+].[C-]#[O+].[C-]#[O+].[C-]#[O+].[Cr],220.0567,422.65,,,,690.8,5696000,,
brn 4263804,Cn1c([N+](=O)[O-])cnc1/C=C1/CCCc2ccccc21,269.29850000000005,619.61,838.72,147401.48942530312,,1107.4857,2817333.1,,
cyanuric chloride,Clc1nc(Cl)nc(Cl)n1,184.4112,420.15,465.15,134449.5345185108,363896.7172001056,862.54436,5800568.3,,
"1-propanol, 2-(1-phenylethoxy)-",CC(CO)OC(C)c1ccccc1,180.24354,293.2,591.68,91637.12607952552,268595.5164904051,722.7,2492000,,
dimetilan,Cc1cc(OC(=O)N(C)C)nn1C(=O)N(C)C,240.25904,342.65,478.15,160056.4124455005,340155.8069734361,857.99866,2814344.7,,
chromium(iii) oxide,[Cr].[Cr].[O].[O].[O],151.9904,2705.15,3273.15,822420.3633913721,,,,,
aluminum bromide,[Al+3].[Br-].[Br-].[Br-],266.693538,370.65,528.15,42183.24929942622,171246.10897088374,763,2887762.5,,
"n,n'-bis(salicylidene)ethylenediamine",O=C1C=CC=CC1=CNCCN/C=C1/C=CC=CC1=O,268.31044,403.15,860.02,124765.92412878158,350892.4742806101,1112.334,2550760.1,,
2-[(2-cyanoethyl)(phenyl)amino]ethyl acetate hydrochloride(1:1),CC(=O)OCCN(CCC#N)c1ccccc1.Cl,268.73928,416.03,734.59,129783.7815149315,,951.92063,1940654.8,,
5-(4-methylphenyl)-2h-tetrazole,Cc1ccc(-c2nn[nH]n2)cc1,160.17592,521.15,647.2,187612.4701,,936.14132,5312412.3,,
obramycin,NCC1OC(OC2C(N)CC(N)C(OC3OC(CO)C(O)C(N)C3O)C2O)C(N)CC1O,467.51448,437.15,1541.01,201963.79799829944,308670.4394068038,2105.3471,2497501.9,,
5-methyluridine,Cc1cn([C@@H]2O[C@H](CO)[C@@H](O)[C@H]2O)c(=O)nc1O,258.22796,457.15,970.99,183628.44983943645,,1193.0233,5273902.8,,
trimyristin,CCCCCCCCCCCCCC(=O)OCC(COC(=O)CCCCCCCCCCCCC)OC(=O)CCCCCCCCCCCCC,723.16074,329.65,858.15,168551.73858027745,144483.61119067672,2247.8149,328782.71,,
4-(1-propenyl)phenol,CC=Cc1ccc(O)cc1,134.1751,367.15,516.98,142291.67706973944,,750.10039,4162330.9,,
1-(4-nitrophenyl)piperazine,O=[N+]([O-])c1ccc(N2CCNCC2)cc1,207.22912,404.15,692.84,155113.33542312973,,959.28003,3838777.5,,
"dicyclopenta[cd,mn]pyrene",c1cc2cc3ccc4cc5ccc6cc(c1)c2c(c34)c65,250.2934,574,775.6,136120.24927545033,,1033.4444,2770083.1,,
zirconium nitride,[N].[Zr],105.2307,3225.15,,640497.4974033243,,,,,
"4-hydroxy-3,5-dinitrobenzoic acid",O=C(O)c1cc([N+](=O)[O-])c(O)c([N+](=O)[O-])c1,228.11586,524.15,926.21,200762.0162841812,,1204.2657,5678820.7,,
3962-77-4,COc1cc([N+](=O)[O-])ccc1[N+](=O)[O-],198.13294,529.56,722.5,156758.3865661106,,991.38917,3995646.3,,
dimethyl maleate,COC(=O)/C=C\C(=O)OC,144.12532,314.65,475.15,140405.5859164788,317116.98536379443,675,3220000,360.6088461,0.22
l-dtt,O[C@@H](CS)[C@@H](O)CS,154.25099999999998,315.15,600.32,99383.47239239942,525481.6132083625,799.8934,6161140.9,,
n'-nitrosonornicotine,O=NN1CCCC1c1cccnc1,177.20314,320.15,572.75,,,807.57478,3834025.1,,
nafcillin,CCOc1ccc2ccccc2c1C(O)=N[C@@H]1C(=O)N2[C@@H]1SC(C)(C)[C@@H]2C(=O)O,414.47478,931.45,1140.14,136941.98715781936,,1402.7762,1933833.5,,
2-acetyl-4-butyramidophenol,CCCC(O)=Nc1ccc(O)c(C(C)=O)c1,221.2524,391.65,809.05,,,1029.4098,2921840.8,,
fluacizine,CCN(CC)CCC(=O)N1c2ccccc2Sc2ccc(C(F)(F)F)cc21,394.4537496,637.29,466.65,123864.96528311873,246998.8505602333,1064.1965,1637776,,
pizotifen,CN1CCC(=C2c3ccccc3CCc3sccc32)CC1,295.44174000000004,437.15,794.96,102213.04545525624,,1057.1486,2274066.4,,
ccris 7408,CCN(CC)c1ccc(N=Nc2ccc([N+](=O)[O-])cc2)cc1,298.33972,425.15,942.48,,,1202.6862,1774347.1,,
2-aminopropanenitrile,CC(N)C#N,70.09314,256.82,442.41,95672.70063803675,611523.0103070386,656.54405,4652989.4,,
indene,C1=Cc2ccccc2C1,116.15982,271.25,455.65,87810.05342466956,325673.4676957654,695.15,3799688,331.15,2.92
benzene,c1ccccc1,78.11184,278.65,353.2187801,126357.28463188167,393696.8119134687,562.02,4907277,262.15,2.13
72152-84-2,CC1=C(C#N)C(C)(C)CC=C1,147.21692,325.29,558.55,70406.30927,338442.7690132542,790.05031,2738284.9,,
trifluoromethoxymethane,COC(F)(F)F,100.0398296,124.05,249.5722311,39484.27357177346,214334.8792103612,377.921,3635000,,
hydroxymethyl-methaqualon,Cc1ccccc1-n1c(CO)nc2ccccc2c1=O,266.29456,407.15,870.69,128256.4691,,1112.3248,3045675.4,,
cis-stilbene,C(=C\c1ccccc1)\c1ccccc1,180.24508,268.15,414.15,112624.43335485218,334110.0685308617,784,2740000,,
pyruvic aldehyde dimethyl acetal,COC(OC)C(C)=O,118.1311,216.15,418.2,77524.03897,,595.11109,3624605.4,,
rubidium nitrate,O=[N+]([O-])[O-].[Rb+],147.4727,583.15,,31192.213880942032,,,,,
"p-anisic acid, undecyl ester",CCCCCCCCCCCOC(=O)c1ccc(OC)cc1,306.4397,407.39,746.62,144155.6038594216,,936.21794,1333930.2,,
tetranitrogen tetrasulfide,N1=S=NSN=S=NS1,184.2868,451.35,458.15,108222.6182233345,241793.3831503383,665.98,4132000,,
lawesson reagent,COc1ccc(P2(=S)SP(=S)(c3ccc(OC)cc3)S2)cc1,404.467282,499.15,,,,,,,
bis-tris propane,OCC(CO)(CO)NCCCNC(CO)(CO)CO,282.33394,442.15,1098.24,156353.8552963204,,1417.1843,3637734.1,,
diflorasone diacetate,CC(=O)OCC(=O)[C@@]1(OC(C)=O)[C@@H](C)C[C@H]2[C@@H]3C[C@H](F)C4=CC(=O)C=C[C@]4(C)[C@@]3(F)[C@@H](O)C[C@@]21C,494.5248864,495.15,1152.55,95948.65962240077,221969.1319149825,1411.3145,1199793.3,,
angelicin,O=c1ccc2ccc3occc3c2o1,186.16354,412.15,594.94,151157.4178273576,,831.43852,3815103.3,,2.08
sodium bromate,[Na+].[O-][Br+2]([O-])[O-],150.89197,654.15,,186292.21952632736,,,,,
potassium bromate,[K+].[O-][Br+2]([O-])[O-],167.0005,623.15,,,,,,,
diquat dibromide,[Br-].[Br-].c1cc[n+]2c(c1)-c1cccc[n+]1CC2,344.04508,610.15,685.56,88093.10686843713,,949.52404,3857875.9,,
sodium bis(trimethylsilyl)amide,C[Si](C)(C)[N-][Si](C)(C)C.[Na+],183.37459,439.15,340.15,,,,,,
maleimide,O=C1C=CC(O)=N1,97.07212,366.15,494.42,90777.86701,521479.65677305625,749.40217,6318859.8,,-0.29
apocarotenal,CC1=C(/C=C/C(C)=C/C=C/C(C)=C/C=C/C=C(C)/C=C/C=C(\C)C=O)C(C)(C)CCC1,416.638,409.65,996.37,139454.39446233903,190484.94370177263,1229.8374,900720.43,,
"dimethyl 1,4-cyclohexanedicarboxylate",COC(=O)C1CCC(C(=O)OC)CC1,200.23164,344.15,535.65,116365.22579548368,264718.9663984493,748.4,2513000,,
phosphinic acid,O=PO,63.980501,299.65,403.15,151608.69090412406,680316.8520300096,627.65,8973000,,
strontium oxide (sro),[O-2].[Sr+2],103.6194,2804.15,3473.15,781706.9004452834,,,,,
quinic acid,O=C(O)C1(O)C[C@@H](O)C(O)[C@H](O)C1,192.16658,438.15,879.77,151592.43610413422,798795.0744223453,1079.9073,6084486.7,,
"2-naphthalenecarboxylic acid, 3-hydroxy-, hexadecyl ester",CCCCCCCCCCCCCCCCOC(=O)c1cc2ccccc2cc1O,412.6047,345.65,1006.84,161193.02567324124,,1232.7164,1043947.6,,
dichloroacetyl chloride,O=C(Cl)C(Cl)Cl,147.38774,236.99,381.15,78724.32266075861,242875.69407672697,585,4610000,290.7276293,
rutin,C[C@@H]1O[C@@H](OC[C@H]2O[C@@H](Oc3c(-c4ccc(O)c(O)c4)oc4cc(O)cc(O)c4c3=O)[C@H](O)[C@@H](O)[C@@H]2O)[C@H](O)[C@H](O)[C@H]1O,610.5175,398.15,1971.31,187558.91518261147,,3330.2496,3456140.4,,
citraconic acid,C/C(=C/C(=O)O)C(=O)O,130.09874,356.35,445.65,214329.51618132505,694562.3408,829,4240000,,
hydroperoxymethanol,OCOO,64.04066,244.9,429.26,120392.26329022842,890716.8879065992,589.9311,7601042.6,,
"2,5-dinitrotoluene",Cc1cc([N+](=O)[O-])ccc1[N+](=O)[O-],182.13354,325.65,557.15,164006.03644995863,348120.8953043147,814,3400000,,
calcium phosphate,O=P([O-])([O-])[O-].O=P([O-])([O-])[O-].[Ca+2].[Ca+2].[Ca+2],310.176722,1943.15,,,,,,,
nitro bt,COc1cc(-c2ccc(-[n+]3nc(-c4ccccc4)nn3-c3ccc([N+](=O)[O-])cc3)c(OC)c2)ccc1-[n+]1nc(-c2ccccc2)nn1-c1ccc([N+](=O)[O-])cc1.[Cl-].[Cl-],817.6356000000001,1620.7,2024.36,148046.39132640505,,2588.3694,1161662,,
boc-d-propargylglycine,C#CC[C@@H](N=C(O)OC(C)(C)C)C(=O)O,213.2304,492.44,668.75,156192.55040557068,338450.5121496372,879.0875,2781783.5,,
cis-4-methyl-2-pentene,C/C=C\C(C)C,84.15948,138.35,329.55,94760.56648638989,313644.3770218633,496.3,3240000,,
73286-70-1,CC(C)(C)OC(=O)N1CC=CC1,169.2209,287.83,481.15,89988.88435175561,252919.6523361203,690.41623,2966570.3,,
rubidium perchlorate,[O-][Cl+3]([O-])([O-])[O-].[Rb+],184.9184,823.15,,,,,,,
permanganic acid,[Mn+].[OH-].[O].[O].[O],119.943589,513.15,,,,,,,
nitryl fluoride,O=[N+]([O-])F,65.0039032,107.15,200.75,156867.50330401698,214012.6550282175,349.4,6116000,,
nitrosyl fluoride,O=NF,49.0045032,140.65,213.25,,478127.6139943565,352.67,11278000,,
brassicasterol,CC(C)[C@@H](C)/C=C/[C@@H](C)[C@H]1CC[C@H]2[C@@H]3CC=C4C[C@@H](O)CC[C@]4(C)[C@H]3CC[C@]12C,398.66424,482.15,974.18,89014.75587577155,212344.3506889756,1201.3674,1053456.5,,
pro-pro,O=C(O)C1CCCN1C(=O)C1CCCN1,212.24564,575.81,715.06,169515.84965420258,388067.8476325997,948.66364,3594246.9,,
thionyl fluoride,O=S(F)F,86.0612064,153.15,229.35,,233827.9884024635,371.25,5928000,,
sulfuryl chloride,O=S(=O)(Cl)Cl,134.96980000000002,219.1,342.55,,224591.4850080304,545,4610000,,
l-lyxose,O=C[C@H](O)[C@H](O)[C@@H](O)CO,150.12990000000002,383.15,730.06,111756.55215916348,,900.87462,6588379.2,,
lithium bromide,[Br-].[Li+],86.845,823.15,1573.15,203350.7973976625,2292200.125224845,2578.42,21262000,,
lithium fluoride,[F-].[Li+],25.9394032,1121.35,1946.15,1044357.1037902676,9939663.358958304,3182.65,26244000,,
lithium iodide,[I-].[Li+],133.84547,742.15,1444.15,109081.0170863459,1227990.1437509535,2370,17000000,,
lithium sulfide,[Li+].[Li+].[S-2],45.947,1645.15,1800.15,,,,,,
bicyclo[2.2.1]hept-2-ene,C1=CC2CCC1C2,94.1543,318.65,368.84,98540.37468283444,326596.4945,590,4860000,258.15,3.24
bromoethane,CCBr,108.9651,154.15,311.35,68554.05996966001,248287.1703769311,504,5800000,257.59444,1.6
palladium(ii) acetate,CC(=O)[O-].CC(=O)[O-].[Pd+2],224.50804,453.65,,,,,,,
hafnium tetrachloride,[Cl-].[Cl-].[Cl-].[Cl-].[Hf+4],320.302,1100.15,590.15,,318869.9974931179,723,5775525,,
erbium chloride,[Cl-].[Cl-].[Cl-].[Er+3],273.618,1049.15,,119144.20834886594,,,,,
gadolinium trichloride,[Cl-].[Cl-].[Cl-].[Gd+3],263.60900000000004,875.15,,154015.9857971465,,,,,
germanium tetrachloride,Cl[Ge](Cl)(Cl)Cl,214.452,221.65,359.7,,121078.80938508184,552,3850350,,
thallium(i) sulfate,O=S(=O)([O-])[O-].[Tl+].[Tl+],504.8292,905.15,,47144.658034836335,,,,,
selenium dioxide,O=[Se]=O,110.9588,633.15,588.15,158617.4327768505,510543.0679768527,961.16,7926000,,
calcium pyrophosphate,O=P([O-])([O-])OP(=O)([O-])[O-].[Ca+2].[Ca+2],254.099322,1626.15,,,,,,,
ruthenium trichloride,[Cl-].[Cl-].[Cl-].[Ru+3],207.429,873.15,,,,,,,
thulium oxide,[O-2].[O-2].[O-2].[Tm+3].[Tm+3],385.86662,2614.15,4218.15,,,,,,
desoximetasone,C[C@@H]1C[C@H]2[C@@H]3CCC4=CC(=O)C=C[C@]4(C)[C@@]3(F)[C@@H](O)C[C@]2(C)[C@H]1C(=O)CO,376.4616632,490.15,1041.93,91871.24050298252,310847.9306075893,1278.5223,1753603.3,,2.35
"(r,r)-(-)-2,3-dimethoxy-1,4-bis(dimethylamino)butane",CO[C@H](CN(C)C)[C@@H](CN(C)C)OC,204.30976,281.86,336.15,112711.2087058396,143910.50111612843,663.64302,2066115.7,,
51449-77-5,O=C1C=CC=CC1=C1N=NNN1,162.14874,644.85,682.85,188653.9482206276,483082.1763,983.20246,6524672.4,,
potassium cyanate,N#C[O-].[K+],81.1151,588.15,,,,,,,
copper(i) iodide,[Cu+].[I-],190.45047,864.15,1563.15,41638.12249977645,1083371.6759686398,2620.77,21611000,,
hcfc 124,FC(Cl)C(F)(F)F,136.47595280000002,74.15,261.1869516,47744.67491389442,165840.15776518473,395.425,3624295,,
dipropylmalonic acid,CCCC(CCC)(C(=O)O)C(=O)O,188.22094,432.15,693.31,169683.56443231023,,899.12303,2814344.7,,
nitrogen trifluoride,FN(F)F,71.00190959999999,66.36,144.1375943,112912.45608977256,162747.73494221974,234,4460700,,
4-methyl-2-oxovaleric acid,CC(C)CC(=O)C(=O)O,130.1418,283.15,535.82,149951.82178208695,,738.38719,3745380.1,,
digitonin,C[C@@H]1CC[C@@]2(OC1)O[C@H]1[C@@H](O)[C@H]3[C@@H]4CC[C@H]5C[C@@H](O[C@@H]6O[C@H](CO)[C@H](O[C@@H]7O[C@H](CO)C(O)[C@H](O[C@@H]8OC[C@@H](O)[C@H](O)[C@H]8O)[C@H]7O[C@@H]7O[C@H](CO)[C@H](O)[C@H](O[C@@H]8O[C@H](CO)[C@@H](O)[C@H](O)[C@H]8O)[C@H]7O)[C@H](O)[C@H]6O)[C@H](O)C[C@]5(C)[C@H]4CC[C@]3(C)[C@H]1[C@@H]2C,1229.31228,510.65,3391.4,175214.2262826822,,-1940.5202,639626.83,,
3-bromobutyric acid,CC(Br)CC(=O)O,167.00117999999998,317.15,502.35,107909.41716699248,320959.3424888825,716.89548,4849434.7,,
pipradrol hydrochloride,Cl.OC(c1ccccc1)(c1ccccc1)C1CCCCN1,303.82638000000003,581.65,859.98,102268.93398789136,,1116.2641,2365667.9,,
p-fluoroamphetamine,CC(N)Cc1ccc(F)cc1,153.1966832,298.98,508.54,114049.46657487426,,722.65712,3280284.6,,
choline chloride,C[N+](C)(C)CCO.[Cl-],139.62376,578.15,,,,,,,
phosphoryl chloride,O=P(Cl)(Cl)Cl,153.332161,274.4,378.65,85435.43581832123,179128.94592139867,601,4960000,,
naringin,CC1OC(OC2C(Oc3cc(O)c4c(c3)OC(c3ccc(O)cc3)CC4=O)OC(CO)C(O)C2O)C(O)C(O)C1O,580.53458,356.15,1801.26,177732.73729878417,,2789.8027,2372586.8,,-0.44
tellurium oxide (teo3),O=[Te](=O)=O,175.5982,703.15,,,,,,,
ellagic acid,O=c1oc2c(O)c(O)cc3c(=O)oc4c(O)c(O)cc1c4c23,302.19264,723.15,1029.32,189084.68452441465,,1287.1786,7206251.6,,
selenium trioxide,O=[Se](=O)=O,126.9582,391.15,,,,,,,
tellurium oxide (teo3),O=[Te](=O)=O,175.5982,703.15,,,,,,,
oxamic hydrazide,NNC(=O)C(N)=O,103.08,494.15,548.33,190405.5102832752,663281.9328689458,773.42902,7470218.1,,
trifluoromethyl radical,F[C](F)F,69.0059096,86.3,222.25,92412.37506997515,274637.55182637746,355.37256,4973333,,
62961-64-2,CC(C)OC(=O)[C@@H](O)[C@H](O)C(=O)OC(C)C,234.24632,348.76,548.15,104496.83905386431,71017.90948810698,905.53406,2624462.5,,
diisopropyl azodicarboxylate,CC(C)OC(=O)/N=N/C(=O)OC(C)C,202.20776,277.15,647.4,,300709.92796852184,856.07626,2025405.1,,
zinc iodide,[I-].[I-].[Zn+2],319.18894,723.15,898.15,53259.99078,,,,,
7-aminodeacetoxycephalosporanic acid,CC1=C(C(=O)O)N2C(=O)[C@@H](N)[C@H]2SC1,214.2416,502.65,755.64,152248.67626081957,,1004.9965,4316887.1,,
3-pentyl,CC[CH]CC,71.14084,143.57,316.08,123796.68274931812,368928.3959559669,483.36684,3577070.1,,
methylene violet,CN(C)c1ccc2nc3ccc(=O)cc-3sc2c1,256.32288,619.32,777.15,114781.01369647532,,1050.8022,3159716.4,,
fluorosulfonic acid,O=S(=O)(O)F,100.0695432,185.85,436.15,,420014.1058190053,715,8417000,,
sodium molybdate,[Mo].[Na+].[Na+].[O-].[O-].[O].[O],205.93714,960.15,,,,,,,
sodium tungstate,[Na+].[Na+].[O-].[O-].[O].[O].[W],293.81714,968.15,,,,,,,
acetohexamide,CC(=O)c1ccc(S(=O)(=O)NC(O)=NC2CCCCC2)cc1,324.3953,461.15,,,,,,,2.44
iron(iii) phosphate,O=P([O-])([O-])[O-].[Fe+3],150.816361,1273.15,,,,,,,
succinylnitrile,N#CC(=O)CCC(=O)C#N,136.10816,387.22,274.35,128618.29885878996,302309.4220604119,871.80989,3388080.2,,
disodium selenite,O=[Se]([O-])[O-].[Na+].[Na+],172.93774,983.15,,,,,,,
triethyl phosphate,CCOP(=O)(OCC)OCC,182.154661,216.95,489.15,,266252.8254260946,757,6840000,,0.8
trimethyl phosphate,COP(=O)(OC)OC,140.074921,227.15,470.35,,356766.3106430778,729,8370000,,-0.65
sodium hydrogen sulfate,O=S(=O)([O-])O.[Na+],120.06031,588.15,,,,,,,
potassium bisulfate,O=S(=O)([O-])O.[K+],136.16884,473.15,,,,,,,
nitroterephthalic acid,O=C(O)c1ccc(C(=O)O)c([N+](=O)[O-])c1,211.1284,472.15,862.14,196022.89412509164,,1117.638,4474222.9,,
3β-(methoxymethoxy)androst-5-en-17-one,COCO[C@H]1CC[C@@]2(C)C(=CC[C@@H]3[C@@H]2CC[C@]2(C)C(=O)CC[C@@H]32)C1,332.47698,404.15,836.33,73541.93364003728,,1076.4048,1546348.2,,
mls002608120,O=C1C=Cc2cccc3ccc(O)c1c23,196.20142,523.31,711.67,118689.25311549734,,980.14721,4233039,,
"piperazine, 1-nicotinoylmethyl-4-phenyl-",O=C(CN1CCN(c2ccccc2)CC1)c1cccnc1,281.35225999999994,539.26,790.05,126570.86884605089,,1041.2199,2657030.5,,
perbromic acid,[O-][Br+3]([O-])([O-])O,144.90954,216.62,326.44,110420.61136899612,315358.6138458162,471.21562,13840830,,
zoapatanolide a,C=C1C(=O)OC2/C=C(/C)C(O)C/C=C(/C)C(O)C(OC(=O)/C(C)=C/C)[C@@H]12,362.41684,548.22,990.3,145832.0755735302,293076.30368696555,1212.7617,1550003.1,,
"1,2-dimethyl 4,5-dimethyl-1,2-benzenedicarboxylate",COC(=O)c1cc(C)c(C)cc1C(=O)OC,222.23716,327.65,632.22,128007.39534288504,,841.70691,2324783.4,,
atovaquone,O=C1C(O)=C([C@H]2CC[C@H](c3ccc(Cl)cc3)CC2)C(=O)c2ccccc21,366.8374600000001,490.65,1071.21,97206.53937577692,,1337.1636,2053030.2,,
sodium oxalate,O=C([O-])C(=O)[O-].[Na+].[Na+],133.99854,533.15,723.15,,,,,,
amidinothiourea,N=C(N)NC(=N)S,118.16084,441.15,,,,,,,
"2-pentanone, 3-methyl-1-phenyl-",CCC(C)C(=O)Cc1ccccc1,176.25484,286.35,554.27,107531.79884308424,,766.96462,2581961.8,,
"5,6-dihydrouridine",O=C1N=C(O)CCN1[C@@H]1O[C@H](CO)[C@@H](O)[C@H]1O,246.21726,687.48,926.86,166324.65165114746,604009.1555913154,1142.818,4903922.4,,
teniposide,COc1cc(C2c3cc4c(cc3C(OC3OC5COC(c6cccs6)OC5C(O)C3O)C3COC(=O)C23)OCO4)cc(OC)c1O,656.6536799999999,517.15,1629.47,174926.3020958019,,2103.5813,1438069.1,,1.24
octafluorocyclobutane,FC1(F)C(F)(F)C(F)(F)C1(F)F,200.0300256,233.05,267.1754699,13847.921039310211,116756.63072622336,388.38,2777500,,
potassium metabisulfite,O=S([O-])S(=O)(=O)[O-].[K+].[K+],222.3236,423.15,,,,,,,
tetrabutylammonium fluoride,CCCC[N+](CCCC)(CCCC)CCCC.[F-],261.4621432,310.15,,,,,,,
sinigrin,C=CC/C(=N\OS(=O)(=O)[O-])SC1OC(CO)C(O)C(O)C1O.[K+],397.46364,400.15,,,,,,,
bis(2-cyanoethyl) ether,N#CCCOCCC#N,124.14052,246.85,579,124826.28556735544,477256.44069563417,783,2830000,,
ccris 2856,CC(C)(C)NCC(O)COc1ccccc1C1=CCCC1,289.41248,483.11,503.75,100766.21436642951,307731.4253377667,1040.8514,1921982.5,,
1-piperazineethanamine,NCCN1CCNCC1,129.2034,254.15,498.15,170026.48537112802,372456.9104498223,710.7,3787000,,
potassium sorbate,CC=CC=CC(=O)[O-].[K+],150.21688,543.15,,,,,,,
azodicarboxamide,N=C(O)/N=N/C(=N)O,116.07876,498.15,647.36,,638914.4145652234,895.85289,4876564.4,,
amitraz,Cc1ccc(N=CN(C)C=Nc2ccc(C)cc2C)c(C)c1,293.40602,359.15,873.4,,,1115.1581,1421847.3,,5.5
silver oxide (ag2o),[Ag].[Ag].[O],231.7358,1100.15,,64728.88522187767,,,,,
picropodophyllin,COc1cc([C@@H]2c3cc4c(cc3[C@H](O)[C@H]3COC(=O)[C@@H]23)OCO4)cc(OC)c1OC,414.40528000000006,501.15,1069.04,154532.29746493575,,1310.4477,1739008.3,,
dihydroxymaleic acid,O=C(O)/C(O)=C(/O)C(=O)O,148.07096,428.15,770.42,217193.16198125549,866631.0085270538,970.92718,7206251.6,,
diethyl succinate,CCOC(=O)CCC(=O)OCC,174.19436,252.15,490.15,144746.36262620674,266057.46224360407,663,2260000,,1.2
119389-05-8,O=C1OC(=O)c2cc(C#Cc3ccccc3)ccc21,248.23292,425.8,,,,,,,
picloram,Nc1c(Cl)c(Cl)nc(C(=O)O)c1Cl,241.45922,491.65,767.51,152613.76227422585,,1029.9431,4522494.7,,
2-aminobenzenethiol hydrochloride,Cl.Nc1ccccc1S,161.65242,490.15,542.06,103320.44518727278,,809.08824,4627701.4,,
"1,2-ethanediol, dinitrate",O=[N+]([O-])OCCO[N+](=O)[O-],152.06295999999998,250.85,472.15,,335983.7786304505,654,4040000,488.15,1.16
disodium sulfide,[Na+].[Na+].[S-2],78.04454,1445.15,,243450.7269823104,,,,,
ethyl nitro(propan-2-yl)carbamate,CCOC(=O)N(C(C)C)[N+](=O)[O-],176.17048,360.79,558.94,150558.70881432577,322029.53004719806,766.64602,3188327.2,,
3-phenylphthalide,O=C1OC(c2ccccc2)c2ccccc21,210.228,420.65,634.68,125639.7815704854,,877.26476,2986055.1,,2.64
"n,n'-diallyltartramide",C=CCN=C(O)C(O)C(O)C(O)=NCC=C,228.24504,495.76,813.32,147306.5964544071,499471.0251653537,1003.655,3295366.3,,
busulfan,CS(=O)(=O)OCCCCOS(C)(=O)=O,246.30176,389.15,,,,,,,-0.52
niclosamide,O=[N+]([O-])c1ccc(N=C(O)c2cc(Cl)ccc2O)c(Cl)c1,327.11962,499.65,976.7,148499.1942702795,,1251.8416,3517911.1,,
5-isobutylbarbituric acid,CC(C)CC1C(O)=NC(=O)N=C1O,184.19248,506.65,702.31,122143.96592086714,412482.1619883906,962.82439,3819820.6,,
"1-naphthalenol, 2,4-bis(phenylazo)-",O=C1C(N=Nc2ccccc2)=C/C(=N\Nc2ccccc2)c2ccccc21,352.38864,478.65,1154.15,,,1447.3883,1619374.2,,
tocopherol acetate,CC(=O)Oc1c(C)c(C)c2c(c1C)CC[C@@](C)(CCC[C@H](C)CCC[C@H](C)CCCC(C)C)O2,472.74278,273.15,1055.56,126195.4756876456,,1293.8834,723404.54,,
methanediimine,N=C=N,42.03998,278.1,390.51,,1032017.0167619868,617.99119,11048942,,
3-oxopyrrolidine-1-carboxylic acid tert-butyl ester,CC(C)(C)OC(=O)N1CCC(=O)C1,185.2203,309.15,556.45,72972.56294261482,,772.15631,2963341.4,,
2-hydroxyethyl acrylate,C=CC(=O)OCCO,116.11522,247.5,464.15,136786.547,482273.0673856292,662,3980000,366.4063141,-0.21
6-methoxy-2-naphthaldehyde,COc1ccc2cc(C=O)ccc2c1,186.2066,353.65,,,,,,,
brn 0227735,Cc1nc2ccccc2c(=O)n1-c1ccc(Cl)cc1,270.71364,430.65,793.06,116998.1682,,1063.7715,2937698.8,,
isobutylparaben,CC(C)COC(=O)c1ccc(O)cc1,194.22706,349.15,616.36,128282.84586092172,,838.24745,3152623.9,,
ac1o54g1,C=CC(=O)O.CC(O)CNCC(C)O,205.25146,461.59,782.76,150030.60148756066,507528.01678930665,970.85433,2999151.8,,
n-[6-(dimethylamino)-2-pyridinyl]acetamide,CC(O)=Nc1cccc(N(C)C)n1,179.21902000000003,391.65,672.06,,,891.1417,3173973.4,,
novobiocin,CO[C@@H]1[C@@H](OC(=N)O)[C@@H](O)[C@H](Oc2ccc3c(O)c(NC(=O)c4ccc(O)c(CC=C(C)C)c4)c(=O)oc3c2C)OC1(C)C,612.6243400000001,427.15,1616.81,159843.4695,,2106.2882,1305172.2,,
mitomycin c,CO[C@@]12[C@H](COC(=N)O)C3=C(C(=O)C(C)=C(N)C3=O)N1C[C@@H]1N[C@@H]12,334.32722,633.15,807.15,147514.16292098502,174067.18322901957,1262.2242,2811361,,-0.4
"vinyltoluene, indene resin",C1=Cc2ccccc2C1.C=Cc1ccccc1C,234.33552,358.94,683.41,99523.96461,,936.4587,2141363.8,,
diethylenetriamine,NCCNCCN,103.16612,234.15,479.65,209458.29890665656,441449.22269496426,710,4400000,372.15,
tetracyanoethylene,N#CC(C#N)=C(C#N)C#N,128.091,471.65,496.15,116339.16512479408,347805.3791853164,1000.3716,2979538.9,,
"1,2-benzenedicarboxylic acid, polymer with 1,4-benzenedicarboxylic acid and 1,4-butanediol",O=C(O)c1ccc(C(=O)O)cc1.O=C(O)c1ccccc1C(=O)O.OCCCCO,422.3826800000001,1091.6,1489.72,182015.03906362824,,1899.6055,2179521,,
2-(2-aminoethoxy)ethanol,NCCOCCO,105.13564,262.15,496.25,157786.64589857447,505022.5095129692,721,4800000,370.0502352,
triethanolamine,OCCN(CCO)CCO,149.1882,293.15,623.15,178170.92772752806,423341.7243032428,772,2700000,452.15,-1
.alpha.-ergostenol,CC(C)C(C)CCC(C)C1CCC2=C3CCC4CC(O)CCC4(C)C3CCC21C,400.68012,404.15,979.67,84418.96243816639,212162.7845305024,1204.8798,1030585.2,,
stigmasterol,CC[C@H](C=C[C@@H](C)[C@H]1CC[C@H]2[C@@H]3CC=C4C[C@@H](O)CC[C@]4(C)[C@H]3CC[C@]12C)C(C)C,412.69082,435.15,997.06,92265.19746671373,0,953.6,1138000,,
astemizole,COc1ccc(CCN2CCC(N=c3[nH]c4ccccc4n3Cc3ccc(F)cc3)CC2)cc1,458.5703432,422.2,1112.22,138933.97369618647,,1367.9626,1401690.8,,
chlorambucil,O=C(O)CCCc1ccc(N(CCCl)CCCl)cc1,304.21216000000004,337.65,784.39,155240.34279234594,,996.3152,2005499.5,,
norfloxacin,CCn1cc(C(=O)O)c(=O)c2cc(F)c(N3CCNCC3)cc21,319.3308232,500.65,928.83,154059.66610742136,,1168.4833,2574107.9,,-1.03
germanium,[Ge],72.64,1211.4,3106.15,508535.2422907489,5401080.607682813,9803,651100000,,
cholic acid,C[C@H](CCC(=O)O)[C@H]1CC[C@H]2[C@@H]3[C@H](O)C[C@@H]4C[C@H](O)CC[C@]4(C)[C@H]3C[C@H](O)[C@]12C,408.5714,471.15,1191.1,128912.59642745432,293898.13482368714,1473.309,1465728.9,,2.02
glycocholic acid,C[C@H](CCC(O)=NCC(=O)O)[C@H]1CC[C@H]2[C@@H]3[C@H](O)C[C@@H]4C[C@H](O)CC[C@]4(C)[C@H]3C[C@H](O)[C@]12C,465.62272,439.65,1340.9,138627.2559895703,252727.1121161415,1707.7321,1343727.7,,1.65
"6,7-dimethoxy-1-phenyl-3,4-dihydroisoquinoline",COc1cc2c(cc1OC)C(c1ccccc1)=NCC2,267.32238,519.69,775.22,112268.93909892616,,1027.0464,2363368.4,,
"(2,3,6-trichlorophenoxy)acetic acid",O=C(O)COc1c(Cl)ccc(Cl)c1Cl,255.4825,421.15,704.48,130232.012,,942.01025,3306746,,
bromhexine,CN(Cc1cc(Br)cc(Br)c1N)C1CCCCC1,376.13,511.15,798.38,94416.82397043575,,1055.5842,2835364,,
brn 1264589,COc1ccc(C(O)C(C)N2CC=C(Cc3ccccc3)CC2)cc1,337.4552800000001,517,911.55,104834.63171771972,,1137.9711,1795461.1,,
cupric acetate,CC(=O)[O-].CC(=O)[O-].[Cu+2],181.63404,505.15,,,,,,,
alpha-thionex,O=S1OC[C@@H]2[C@H](CO1)[C@]1(Cl)C(Cl)=C(Cl)C2(Cl)C1(Cl)Cl,406.92514,486.45,,,,,,,
triacetin,CC(=O)OCC(COC(C)=O)OC(C)=O,218.20386,276.15,532.15,131299.23549473414,245036.34648737733,701.4,2333000,408.8371701,0.25
calcium acetate,CC(=O)[O-].CC(=O)[O-].[Ca+2],158.16604,433.15,,,,,,,
basic red 1,CCN=c1cc2oc3cc(NCC)c(C)cc3c(-c3ccccc3C(=O)OCC)c-2cc1C.Cl,479.01034,798.59,1190.48,150566.68714082456,,1457.5261,1160079.9,,
"2-methoxy-3,5-dimethylbenzoic acid",COc1c(C)cc(C)cc1C(=O)O,180.20048,370.65,637.95,143512.38132107083,,858.00428,3018959.1,,
benzo[b]thiophene,c1ccc2sccc2c1,134.19824,304.65,494.05,89949.01871,324400.4817519719,764,4760000,363.6596707,3.12
phenyl isocyanate,O=C=Nc1ccccc1,119.1207,240.15,439.45,,333504.7375615674,657,4000000,324.15,
z-glu-ome,COC(=O)[C@H](CCC(=O)O)N=C(O)OCc1ccccc1,295.28788,340.15,858.28,157520.85727324808,,1074.8287,2244003.5,,
dioctyl adipate,CCCCCCCCOC(=O)CCCCC(=O)OCCCCCCCC,370.56648,203.15,487.15,165891.96087028703,247952.34296263463,830,1130000,,
rubidium hydride,[H-].[Rb+],86.47574,858.15,,254406.61161153408,,,,,
terephthaloyl chloride,O=C(Cl)c1ccc(C(=O)Cl)cc1,203.02216,355.4,531.15,106983.39531014742,259897.40560816103,755.4,3820000,,
benzyl 11-phenylundecanoate,O=C(CCCCCCCCCCc1ccccc1)OCc1ccccc1,352.50968,455.41,860.3,142881.18272383328,,1070.8594,1226839.6,,
dioctyl terephthalate,CCCCCCCCOC(=O)c1ccc(C(=O)OCCCCCCCC)cc1,390.55612,314.65,698.15,154410.5876512702,174437.96619162793,855,1160000,,
quinpyrrolidine,c1ccc2c(OCCN3CCCC3)ccnc2c1,242.31622,475.35,697.68,122104.90903167769,,938.13271,2693001.3,,
bis[4-[(oxiran-2-yl)methoxy]phenyl]methane,c1cc(OCC2CO2)ccc1Cc1ccc(OCC2CO2)cc1,312.3597,515.25,809.86,150064.17281102526,,1045.4972,2062364.2,,
iotalamic acid,CN=C(O)c1c(I)c(N=C(C)O)c(I)c(C(=O)O)c1I,613.91357,842.71,1135.87,86492.63120214136,,1421.881,2944078.1,,
trifluoroacetic acid,O=C(O)C(F)(F)F,114.0233496,258.15,345.15,113178.57303150126,287169.2916601693,491.3,3258000,,
2-butyl-4-methylphenol,CCCCc1cc(C)ccc1O,164.24414000000002,292.15,501.15,144181.70413872908,326341.46180652693,751,2980000,,
"1,2,3-triazine",c1cnnnc1,81.07602,339.15,451.04,164906.9601591198,548593.7738910466,716.12237,7470218.1,,
trans-11-tetradecenyl acetate,CC/C=C/CCCCCCCCCCOC(C)=O,254.4082,307.33,390.15,164173.16737432205,136694.7518521642,782,1600000,,
trimethylolpropane triacrylate,C=CC(=O)OCC(CC)(COC(=O)C=C)COC(=O)C=C,296.3157,382.94,704.27,123041.06734810203,,893.54226,1602563.1,,
2-phenylanthracene,c1ccc(-c2ccc3cc4ccccc4cc3c2)cc1,254.32516,458.44,758.48,113626.19412094344,,1028.6725,2460474.9,,
"1,2,4-butanetricarboxylic acid",O=C(O)CCC(CC(=O)O)C(=O)O,190.1507,390.15,795.85,214524.58497391804,559049.9982707661,1011.0039,3834025.1,,
tiletamine,CCNC1(c2cccs2)CCCCC1=O,223.33448,489.79,683.02,69662.32889789341,,944.96051,3059166.7,,
covidarabine,OCC1OC(n2cnc3c2NC=NC[C@H]3O)CC1O,268.26914,495.15,464.65,205912.6144736588,552991.6435864669,1191.8054,4945393,,
n-(1-phenylethyl)-4-piperidinecarboxamide,CC(N=C(O)C1CCNCC1)c1ccccc1,232.3214,409.15,783,,,1019.109,2497501.9,,
perhexiline,C1CCC(C(CC2CCCCN2)C2CCCCC2)CC1,277.4879,416.06,741.08,95636.60253293929,230709.71329712213,987.51615,1744824.3,,
4-amino-n-{5-amino-2-[(3-amino-3-deoxyhexopyranosyl)oxy]-4-[(6-amino-6-deoxyhexopyranosyl)oxy]-3-hydroxycyclohexyl}-2-hydroxybutanamide,NCCC(O)C(O)=NC1CC(N)C(OC2OC(CN)C(O)C(O)C2O)C(O)C1OC1OC(CO)C(O)C(N)C1O,585.60252,476.65,1935.47,198247.0977071615,341876.63698010874,4390.8917,2235523.6,,
hexadecadien-1-ol,CCCCCCCCCCCC/C=C/C=C/O,238.4088,320.74,666.18,174859.31727352343,275015.2271638448,834.14805,1528265.9,,
"1-(4-hydroxyphenyl)-2-phenylethane-1,2-dione",O=C(C(=O)c1ccc(O)cc1)c1ccccc1,226.2274,511.96,761.64,128538.80652829852,,1020.7509,3786982.2,,
ethyl 2-amino-4-methylthiazole-5-carboxylate,CCOC(=O)c1sc(=N)[nH]c1C,186.2315,447.15,625.25,141694.6112768248,,867.32806,3940655.3,,
malononitrile,N#CCC#N,66.06138,305.15,492.15,98968.56529488182,712160.2525533327,715,4040000,385.15,-0.6
hexadiynedinitrile,N#CC#CC#CC#N,100.0776,499.56,559.04,205360.64014324883,530766.4014316832,827.03588,4305564.2,,
6-deoxy-6-fluoro-d-galactose,O=C[C@H](O)[C@@H](O)[C@@H](O)[C@H](O)CF,182.1469432,383.25,751.77,103899.62997743022,690950.6642312995,923.50557,5367038.3,,
"1,4-bis(2-phenylethynyl)benzene",C(#Cc1ccc(C#Cc2ccccc2)cc1)c1ccccc1,278.34656,458.15,805.98,146270.89337838412,,1111.2367,2421879.8,,
rubrene,c1ccc(-c2c3ccccc3c(-c3ccccc3)c3c(-c4ccccc4)c4ccccc4c(-c4ccccc4)c23)cc1,532.6717199999999,606.15,775.4,119142.79962150048,280898.66481025616,1696.2296,1149095.1,,
"8b,16b-dihydrodibenzo[g,p]chrysene mixture of cis and trans",c1ccc2c(c1)-c1ccccc1C1c3ccccc3-c3ccccc3C21,330.42112,588.5,917.52,128242.40774923832,,1189.0365,1906904.9,,
2-(ethylthio)ethanol,CCSCCO,106.1866,173.15,448.15,134988.78389551977,467371.6792779903,641,4320000,349.0449109,
phenylcyclobutenedione,O=c1cc(-c2ccccc2)c1=O,158.15344,425.65,610.54,66479.74271062331,,877.5003,4067315.7,,
chromium(3+) trifluoride,[Cr+3].[F-].[F-].[F-],108.9913096,1698.15,,605552.8669416043,,,,,
cobalt(iii) fluoride,[Co+3].[F-].[F-].[F-],115.9284096,1200.15,,,,,,,
1-ethynyl-2-nitrobenzene,C#Cc1ccccc1[N+](=O)[O-],147.1308,353.4,556.26,166273.8189,,820.56234,4385772.6,,
fudosteine,N[C@@H](CSCCCO)C(=O)O,179.23731999999998,481.46,715.44,174801.7656144379,529017.8468,921.52527,4266282.6,,
"2,2,2-trichloroethanol",OCC(Cl)(Cl)Cl,149.40362000000002,291.65,424.15,68278.13141341554,269298.8094726085,644.07774,5029928.1,,1.42
p-benzoquinone,O=C1C=CC(=O)C=C1,108.09476,387.15,453.15,171146.13141284554,427808.9471522087,683,5960000,366.48333,0.2
phylloquinone,CC(=CCC1=C(C)C(=O)c2ccccc2C1=O)CCCC(C)CCCC(C)CCCC(C)C,450.69574000000006,253.15,1103.7,116373.40969763767,,1351.4649,801147.95,,
iron(2+) difluoride,[F-].[F-].[Fe+2],93.8418064,1373.15,,532811.5678728026,,,,,
cobalt difluoride,[Co+2].[F-].[F-],96.9300064,1400.15,1673.15,599401.5904655919,,,,,
phenylmaleic anhydride,O=C1C=C(c2ccccc2)C(=O)O1,174.15284,392.4,,,,,,,
benzenehexacarboxylic acid,O=C(O)c1c(C(=O)O)c(C(=O)O)c(C(=O)O)c(C(=O)O)c1C(=O)O,342.16884,560.15,1398.8,233188.9718537784,,1725.3419,4005768.3,,1.5
venelex,CCCCCCC(O)C/C=C\CCCCCCCC(=O)OCC(COC(=O)CCCCCCC/C=C\CC(O)CCCCCC)OC(=O)CCCCCCC/C=C\CC(O)CCCCCC,933.43026,259.15,586.15,166344.51083683528,950066.1359,18907.358,259225.03,,
2-bromoallyl alcohol,C=C(Br)CO,136.9752,228.47,427.15,75261.79921620848,352068.45056333946,611.4245,5935408.5,,
scandium,[Sc],44.95591,1814.15,3109.15,313640.6314542404,9590971.259676544,8035.08,549900000,,
magnesium stearate,CCCCCCCCCCCCCCCCCC(=O)[O-].CCCCCCCCCCCCCCCCCC(=O)[O-].[Mg+2],591.2436,362.15,,,,,,,
silver fluoride (agf2),[Ag+2].[F-].[F-],145.8650064,963.15,973.15,,,,,,
ferric fluoride,[F-].[F-].[F-].[Fe+3],112.8402096,640.15,,5140.011721,,,,,
"propyl,heptafluoro",F[C](F)C(F)(F)C(F)(F)F,169.02092240000002,116.04,258.63,53537.750661334685,130334.94381277906,384.50322,3257855.3,,
copper fluoride (cuf2),[Cu+2].[F-].[F-],101.5428064,1109.15,1949.15,541643.4895776133,,,,,
cadmium fluoride,[Cd+2].[F-].[F-],150.4078064,1348.15,2023.15,150258.15840899065,1786315.6461024203,3296.66,27184000,,
chlorendic acid,O=C(O)C1C(C(=O)O)C2(Cl)C(Cl)=C(Cl)C1(Cl)C2(Cl)Cl,388.84366,497.9,448.15,111785.28666251108,143857.32674143862,1200.6303,3089852,,
tetraphosphorus trisulfide,s1p2sp3p1p3s2,220.090044,558.15,680.15,91326.25735673896,281145.7600248511,1043.94,4734000,,
thiodiglycol,OCCSCCO,122.186,262.95,555.15,150770.1373316092,558574.8804,731,4610000,433.15,-0.63
chloromethyl methyl ether,COCCl,80.5135,169.65,332.15,78508.57309643725,363691.0457,521,5030000,265.15,
cuprous cyanide,[C]#N.[Cu],89.5634,747.15,,,,,,,
antimycin a,CCCCCC[C@H]1C(=O)O[C@H](C)[C@H](N=C(O)c2cccc(N=CO)c2O)C(=O)O[C@@H](C)[C@@H]1OC(=O)CC(C)C,548.6252,414.65,,,,,,,
chromium carbide,[C-].[C-].[Cr+2].[Cr].[Cr],180.00969999999998,2168.15,4073.05,,,,,,
ammonium acetate,CC(=O)O.N,77.08248,387.15,,,,,,,
62635-47-6,CC(C)N=C(O)Nc1ccccc1Cl,212.67602,411.57,651.26,130616.51238348358,,874.82592,3079572.5,,
"1,2,4,5,7,8-hexoxonane, 3,6,9-triethyl-3,6,9-trimethyl-",CCC1(C)OOC(C)(CC)OOC(C)(CC)OO1,264.31536,304.15,659.6,164549.65008465646,236923.81934311168,886.54221,2322543.2,,
"1h,3h,5h-oxazolo(3,4-c)oxazole, 7a-ethyldihydro-3,5-bis(1-methylethyl)-",CCC12CO[C@@H](C(C)C)N1[C@H](C(C)C)OC2,227.3431,343.9,575.82,133287.52884956705,229408.7406632357,777.01035,2117778.6,,
67859-80-7,CC(C)(C)c1ccc(C(=O)O)cc1.CC(O)CN,253.33732,545.84,859.53,121557.29759831674,,1080.1872,2336033.2,,
"2h-1-benzopyran-2-one, 7-(diethylamino)-4-(4-morpholinyl)-",CCN(CC)c1ccc2c(N3CCOCC3)cc(=O)oc2c1,302.36817999999994,520.77,766.48,146510.12550328547,,984.10597,2094580.8,,
n-butyl-p-toluenesulfonamide,CCCCNS(=O)(=O)c1ccc(C)cc1,227.32318,350.15,,,,,,,
6-hydroxy-4-methyl-2-pyridone,Cc1cc(O)nc(O)c1,125.12528,467.15,578.5,176151.45396677635,,835.4038,7380640.3,,
tenuazonic acid,CCC(C)C1N=C(O)C(C(C)=O)=C1O,197.231,348.15,714.78,138411.30451095416,429331.8601604304,925.33679,3195540.6,,
ccris 5698,Cc1ccc(C)c(N/N=C2/C(=O)C=Cc3ccccc32)c1,276.33244,426.15,891.73,,,1154.8535,2094580.8,,
γ-cadinene,C=C1CC[C@H](C(C)C)[C@H]2C=C(C)CC[C@H]12,204.35106,288.33,539.15,96392.94261551664,,785.80269,1918616.5,,
glyoxal,O=CC=O,58.03608,288.15,323.55,95009.86283,541364.2375732153,495,5880000,,
"3-pyridinecarboxylic acid, 6-methoxy-, methyl ester",COC(=O)c1ccc(OC)nc1,167.16196,321.65,548.64,124567.81435202125,,773.36529,3538869.7,,
methoxyethane,CCOC,60.09502,160.15,279.15,78442.43998920376,401034.7491938568,437.9,4380000,185.7517495,
isoflurophate,CC(C)OP(=O)(F)OC(C)C,184.1457242,191.15,456.15,,222277.30786543235,635.58729,2534358.7,,
ethyl n-(mesitylsulfonyl)oxyacetimidate,CCOC(C)=NOS(=O)(=O)c1c(C)cc(C)cc1C,285.35925999999995,330.15,,,,,,,
4-methoxyphenol,COc1ccc(O)cc1,124.13722,329.15,526.15,120012.35407076136,413243.7892147091,761,4970000,398,1.58
methyl 4-methylbenzoate,COC(=O)c1ccc(C)cc1,150.1745,307.15,495.15,113780.96814039668,293513.51917873224,718.4,3178000,,2.7
flucloxacillin,Cc1onc(-c2c(F)cccc2Cl)c1C(O)=N[C@@H]1C(=O)N2[C@@H]1SC(C)(C)[C@@H]2C(=O)O,453.8717832,1036.82,1203.54,149617.1441221244,,1479.008,2143347.1,,2.58
p-cymene,Cc1ccc(C(C)C)cc1,134.21816,205.15,450.15,71972.37691233437,283364.4111404072,652,2800000,320.15,4.1
n-iodoacetamide,CC(O)=NI,184.96373,416.15,442.54,65093.84299,234892.48556931643,669.00337,5438518.6,,
mercuric cyanide,[C]#N.[C]#N.[Hg],252.6248,593.15,,,,,,,
"piperazine, 1-(o-methoxyphenyl)-4-nicotinoylmethyl-",COc1ccccc1N1CCN(CC(=O)c2cccnc2)CC1,311.37824,585.28,840.33,125249.59997204684,,1083.9736,2338293,,
2-pentylnaphthalene,CCCCCc1ccc2ccccc2c1,198.30342,269.15,575.02863,127466.28373832382,268672.04292859376,797.48,2274000,,
"methyl 3,4-dihydroxybenzoate",COC(=O)c1ccc(O)c(O)c1,168.14672,407.65,628.78,157314.9925255753,,868.59678,5470746.8,,
potassium chromate,[Cr].[K+].[K+].[O-].[O-].[O].[O],194.1903,1247.15,1273.15,169936.39744106683,,,,,
acid red 87,O=C([O-])c1ccccc1-c1c2cc(Br)c(=O)c(Br)c-2oc2c(Br)c([O-])c(Br)cc12.[Na+].[Na+],691.8541799999999,568.65,,,,,,,
reychler's acid,CC1(C)C2CCC1(CS(=O)(=O)O)C(=O)C2,232.29664,426.15,,,,,,,
tectorigenin,COc1c(O)cc2occ(-c3ccc(O)cc3)c(=O)c2c1O,300.26288,500.15,1007.87,154274.81412287793,,1283.5946,4710650.6,,
quercitrin,C[C@@H]1O[C@@H](Oc2c(-c3ccc(O)c(O)c3)oc3cc(O)cc(O)c3c2=O)[C@H](O)[C@H](O)[C@H]1O,448.3769,443.15,1507.25,181583.8416296647,,1894.3272,4769390.4,,
fluorene,c1ccc2c(c1)Cc1ccccc1-2,166.21849999999998,389.15,567.15,117796.75547547356,302608.47183421656,822.32,2989088,,4.2
(+)-ledol,C[C@H]1CC[C@@H]2[C@H]1[C@@H]1[C@H](CC[C@]2(C)O)C1(C)C,222.36634,378.15,565.15,92581.45814694796,,851.69039,2127558.2,,
butyl benzoate,CCCCOC(=O)c1ccccc1,178.22766,251.15,522.15,127118.31597856358,272523.31670488924,725,2400000,379.15,3.84
cyanogen bromide,N#CBr,105.9214,325.15,334.65,48498.22604308478,291102.7332561557,545.03,7008000,,
basic yellow 2,CN(C)c1ccc(C(=N)c2ccc(N(C)C)cc2)cc1.Cl,303.82968,540.15,799.23,,,,,,
citrus red 2,COc1ccc(OC)c(N/N=C2\C(=O)C=Cc3ccccc32)c1,308.33124,429.15,393.15,,191122.83052330627,1192.7349,2030885.3,,
"n-(2,6-dimethylphenyl)-2-hydroxy-5-oxo-1-pyrrolidineacetamide",Cc1cccc(C)c1N=C(O)CN1C(=O)CCC1O,262.30432,577.52,844.05,132026.03754295775,,1062.1459,2755561.1,,
n-(pyridin-4-yl)pivalamide,CC(C)(C)C(=O)N=c1cc[nH]cc1,178.23096,407.15,629.29,,,873.08231,2802438.5,,
"2-furanacetic acid, methyl ester",COC(=O)Cc1ccco1,140.13662,266.73,468.18,150945.55584400424,,676.16109,3791647.5,,
"1-phenyl-1,3,8-triazaspiro[4.5]decan-4-one",OC1=NCN(c2ccccc2)C12CCNCC2,231.29358,445.15,732.28,120102.77155120346,,1008.9512,3722563.3,,
labetalol,CC(CCc1ccccc1)NCC(O)c1ccc(O)c(C(=N)O)c1,328.40546,437.15,1091.27,,,,,,3.09
aluminum arsenide (alas),[Al].[As],101.903138,2013.15,,,,,,,
ctk1h5328,CCCC(=O)N1CCC[C@H]1c1cccnc1,218.29482,431.05,654.74,134038.91123023443,,885.28883,2718333.9,,
aluminum fluoride,[Al+3].[F-].[F-].[F-],83.9767476,1564.15,1549.15,1166989.7060885937,2402805.4101742865,2948.13,9881000,,
isoelemicin,C/C=C/c1cc(OC)c(OC)c(OC)c1,208.25364,350.59,587.2,112727.9215863886,,793.01567,2304737.5,,
antimony(v) fluoride,[F-].[F-].[F-].[F-].[F-].[Sb+5],216.752016,281.45,414.15,,,653.38,,,
"1-[(1r,3s,4r)-3-hydroxy-4-(hydroxymethyl)cyclopentyl]-5-methylpyrimidine-2,4(1h,3h)-dione",Cc1cn([C@@H]2C[C@H](CO)[C@@H](O)C2)c(=O)nc1O,240.25574,640.15,486.65,140795.80367153767,551233.2505915005,1079.9728,3677550.9,,
"1,2-diphenyldiazinane",c1ccc(N2CCCCN2c2ccccc2)cc1,238.32752,406.52,659.6,110285.2075161106,,906.11535,2746902.6,,
toluylene red,Cc1cc2nc3ccc(N(C)C)cc3nc2cc1N.Cl,288.77528,673.07,857.86,145919.69229499146,,1123.262,2621775.6,,
ctk2a8897,CC(=O)O.Cc1cc(C)c(CO)c(C)c1,210.26952,477.66,754.87,145418.1281243235,,962.52262,2522652.8,,
beta-acetyldigitoxin,CC(=O)OC1C(O)CC(OC2C(O)CC(OC3C(O)CC(OC4CCC5(C)C(CCC6C5CCC5(C)C(C7=CC(=O)OC7)CCC65O)C4)OC3C)OC2C)OC1C,806.9757400000001,502.15,1879.23,136544.37740594285,155994.33012302293,3045.7672,658812.91,,
testosterone enanthate,CCCCCCC(=O)O[C@H]1CC[C@H]2[C@@H]3CCC4=CC(=O)CC[C@]4(C)[C@H]3CC[C@]12C,400.594,310.15,964.11,98338.96663454772,210296.19468496463,1197.926,1123058.5,,
tsaa-328,CC[C@H]1C[C@H]2[C@@H]3CCC4=CC(=O)CC[C@@H]4[C@H]3CC[C@]2(C)[C@H]1OC(C)=O,344.48768,526.87,496.65,105672.86470157656,145553.33604619463,1103.615,1394372.6,,
benzyl 4-nitrophenyl carbonate,O=C(OCc1ccccc1)Oc1ccc([N+](=O)[O-])cc1,273.24084,351.65,,,,,,,
citreoviridin,COc1cc(=O)oc(/C=C/C=C/C=C/C(C)=C/[C@]2(C)O[C@H](C)[C@](C)(O)[C@H]2O)c1C,402.4807,382.15,1065,142439.1281370759,,1304.0485,1409066.7,,
indium arsenide,[As].[In],189.7396,1215.15,,405819.3439851249,,,,,
sulfur chloride (scl2),ClSCl,102.971,151.15,332.75,80410.98950189858,298469.0740916174,542,6680000,,
butyl stearate,CCCCCCCCCCCCCCCCCC(=O)OCCCC,340.58356000000003,300.15,616.15,167668.10470828362,175806.48995488917,764,1110000,433.15,
hexadecyl octanoate,CCCCCCCCCCCCCCCCOC(=O)CCCCCCC,368.63672,402.57,806.94,168960.37920476287,168985.0981773143,988.02556,808453.91,,
flutamide,CC(C)C(O)=Nc1ccc([N+](=O)[O-])c(C(F)(F)F)c1,276.2118496,385.15,737.94,122626.88964666345,,959.91245,2517592.3,,3.35
potassium tert-butoxide,CC(C)(C)[O-].[K+],112.21196,493.15,,,,,,,
diflunisal,O=C(O)c1cc(-c2ccc(F)cc2F)ccc1O,250.1976264,488.65,790.01,153586.58894135695,,1029.4183,3456140.4,,4.44
p-lactophenetide,CCOc1ccc(NC(=O)C(C)O)cc1,209.2417,391.15,701.14,125926.14187324992,,902.22223,3089852,,
2-methoxy-6-vinylnaphthalene,C=Cc1ccc2cc(OC)ccc2c1,184.23378,340.9,571.76,106473.41654717176,,801.04768,2784720.2,,
m-xylene,Cc1cccc(C)c1,106.165,225.35,412.2140026,109263.88169359016,340144.8532128036,616.89,3534600,298.15,3.2
"5,5′-dimethyl-2,2′-bipyridine",Cc1ccc(-c2ccc(C)cn2)nc1,184.23708,387.9,644.88,132524.89672545833,,911.73416,3318184.7,,
diphenylchlorarsine,Cl[As](c1ccccc1)c1ccccc1,264.5824,317.15,610.15,,186499.41390605865,883.55247,2447785.7,,
"1-tridecanol, 2-methyl-",CCCCCCCCCCCC(C)CO,214.3874,293.36,611.66,151972.5506256431,283008.26399165066,771.80932,1649771.9,,
18-methyl-1-nonadecanol,CC(C)CCCCCCCCCCCCCCCCCO,298.54688,323.3,748.94,161184.06596645727,,918.94479,1083488.9,,
72928-29-1,CCCCCCCCCCCOc1ccc(-c2ccc(C#N)cc2)cc1,349.50904,525.34,936.54,137089.44409563768,,1158.1235,1163247.3,,
cinnarizine,C(=C/c1ccccc1)\CN1CCN(C(c2ccccc2)c2ccccc2)CC1,368.51392,393.35,918.8,116424.36736175392,,1172.2507,1629851.3,,5.77
silicon nitride,N12[Si]34N5[Si]16N3[Si]25N46,140.2833,2173.15,,,,,,,
phenyllithium,[Li+].[c-]1ccccc1,84.0449,434.65,,,,,,,
chlorotrimethylsilane,C[Si](C)(C)Cl,108.64206,215.15,330.75,,249589.68387744093,497.8,3200000,245,
trifluoromethanesulfonic anhydride,O=S(=O)(OS(=O)(=O)C(F)(F)F)C(F)(F)F,282.1388192,193.15,355.55,,120511.35447058947,474.4121,2252213.1,,
surecn7393223,CC(O)=Nc1ccc(CCCl)cc1,197.66138,410.65,601.53,132565.0969349703,,821.7524,3009031,,
clomiphene,CCN(CC)CCOc1ccc(C(=C(Cl)c2ccccc2)c2ccccc2)cc1,405.95962,390.15,955.71,125179.93784702034,,1198.4464,1341759.6,,
90826-31-6,COC(O)=NC(C)(C)c1cccc(C(C)(C)N=C(O)OC)c1,308.37276,503.84,807.66,113356.31590805882,,1024.1488,1789390.2,,
114650-76-9,C=CN1CCCC1=O.C=CN1CCCCCC1=O.C=COC(C)=O,336.42592,495.85,862.92,80157.31962626425,243990.3236612717,1098.6428,1601280.8,,
1-methyl-2-pyrrolidinone,CN1CCCC1=O,99.13106,249.15,477.35,62553.55284206585,435154.3708878906,721.8,4520000,359.15,-0.38
st046299,CCCCOC(=O)Nc1ccc([N+](=O)[O-])cc1,238.23986,491.27,743.17,162554.6623474342,,972.27078,2690208.5,,
5-fluorocytosine,N=c1[nH]c(O)ncc1F,129.0924632,569.15,565.49,163146.6274477285,,823.2277,6410252.3,,
4-bromotoluene,Cc1ccc(Br)cc1,171.03448,301.4,457.15,74973.18669311592,236960.8802,699,4370000,339.1052916,3.42
4-chlorotoluene,Cc1ccc(Cl)cc1,126.58348,280.65,434.95,92705.62004,292207.9090763883,615.9,2330000,322.15,3.33
gitoxigenin,C[C@]12CC[C@H](O)C[C@H]1CC[C@@H]1[C@@H]2CC[C@]2(C)[C@@H](C3=CC(=O)OC3)[C@@H](O)C[C@]12O,390.51306000000005,507.15,1101.83,98222.06714418206,324147.76966340875,1349.2916,1816954.2,,1.6
4-amino-n-methylbenzenemethanesulfonamide,CNS(=O)(=O)Cc1ccc(N)cc1,200.25808,414.15,,,,,,,
n-benzoyl-dl-methionine,CSCCC(N=C(O)c1ccccc1)C(=O)O,253.3174,534.01,818.73,151292.41023316994,,1054.1867,2925002.1,,
"(r)-1-cyano-2,2-dimethyl-1-propyl acetate",CC(=O)O[C@@H](C#N)C(C)(C)C,155.19431999999998,274.66,471.15,73546.50608347007,204973.59837426053,745.26171,2553338.6,,
tetraethylene glycol dimethacrylate,C=C(C)C(=O)OCCOCCOCCOCCOC(=O)C(=C)C,330.37344,389.99,493.15,134145.16614894953,121939.20389971996,922.82338,1370726.6,,
4-methylbenzyl alcohol,Cc1ccc(CO)cc1,122.1644,334.15,490.15,116367.7798114672,424323.3288973677,681,3920000,,1.58
"cyclopropanecarboxylic acid, (3z)-3-hexenyl ester",CC/C=C\CCOC(=O)C1CC1,168.23283999999998,257.65,497.52,144811.20332986116,270054.7350862021,687.73812,2522652.8,,
2-hydroxyethyl methyl terephthalate,COC(=O)c1ccc(C(=O)OCCO)cc1,224.20998000000003,354.15,691.56,137032.25877813288,,832,2675000,,
alpha-pinene dimer,CC1=CCC2CC1C2(C)C.CC1=CCC2CC1C2(C)C,272.46808,413.02,693.52,87144.15281232209,205743.0112177016,922.94127,1490735.1,,
egta,O=C(O)CN(CCOCCOCCN(CC(=O)O)CC(=O)O)CC(=O)O,380.34776,999.34,1171.68,212978.7750031708,354060.84730796394,1448.9295,1985885.9,,
ctk2h1596,CCCC[N+](CCC(C)C)(CCC(C)C)CCC(C)C.[Br-],364.44748,395,,,,,,,
150884-56-3,CC(C)(C)OC(=O)N1OC1c1ccc(C#N)cc1,246.26186,465.45,727.63,133085.97604192546,,955.71527,2363368.4,,
surecn4198341,CC1CN=C2C=CC=C2N1C,148.20498,355.6,505.79,142451.35352401788,321037.7051417741,731.07521,3620245,,
"1h-imidazole, 1,2-diethyl-",CCc1nccn1CC,124.18358,305.36,492.15,153514.65950651446,316491.03446117014,647.64636,3690968.5,,
"4,4'-dimethoxy-n-methyldiphenylamine",COc1ccc(N(C)c2ccc(OC)cc2)cc1,243.30098,372.15,663.4,112235.47065038538,,889.78826,2351920.7,,
chrysoidine g,Cl.Nc1ccc(N=Nc2ccccc2)c(N)c1,248.71142,391.65,2535.15,,,1152.8999,2502501.9,,
palladium,[Pd],106.42,1827.95,3236.15,157301.2591618117,2732648.416327744,10669.1,689410000,,
v 271,Cc1cccc(Cl)c1N=C(O)CCN(C)C.Cl,277.19012,454.99,702.84,131786.80394524886,,919.78391,2173428.7,,
3-methylfluoren-9-one,Cc1ccc2c(c1)-c1ccccc1C2=O,194.2286,435.38,658.91,101452.61820349836,,915.12349,3096733.6,,
"1-(2-ethylhexylamino)-4-(isopropylamino)-9,10-anthracenedione",CCCCC(CC)CNc1ccc(NC(C)C)c2c1C(=O)c1ccccc1C2=O,392.53378,711.89,1087.12,123219.9684827125,,1334.7047,1307060.4,,
tetramethrin,CC(C)=CC1C(C(=O)OCN2C(=O)C3=C(CCCC3)C2=O)C1(C)C,331.4061,342.15,882.78,104460.96194366972,265372.8996536108,1117.3846,1706123.3,,4.73
ciclacillin,CC1(C)S[C@@H]2[C@H](N=C(O)C3(N)CCCCC3)C(=O)N2[C@H]1C(=O)O,341.42582,455.65,1017.14,118570.41157578534,366978.6726759239,1276.4209,2712673.6,,1.31
cephacetrile,CC(=O)OCC1=C(C(=O)O)N2C(=O)[C@@H](N=C(O)CC#N)[C@H]2SC1,339.32382,849.08,1061.85,156027.9499,397437.2407,1309.2852,2492516.8,,-0.45
ritanserin,Cc1nc2sccn2c(=O)c1CCN1CCC(=C(c2ccc(F)cc2)c2ccc(F)cc2)CC1,477.56870640000005,418.65,1143.7,121031.7996665118,,1413.5198,1530658.5,,5.2
4-(2-methoxyethyl)morpholine,COCCN1CCOCC1,145.1995,265.06,441.52,130427.44637550403,244362.9928807016,669.8,3133000,,
phytol,CC(=CCO)CCCC(C)CCCC(C)CCCC(C)C,296.531,311.94,752.1,134781.8609,229447.6180560577,927.18356,1137497.9,,
"butanoic acid, 3-oxo-, 2,2-bis(hydroxymethyl)butyl ester",CCC(CO)(CO)COC(=O)CC(C)=O,218.24692,418.78,721.62,130063.69116228537,419725.7999510821,898.99896,2749784.2,,
homeostan,C/C=C(/CC)C(O)=NC(=O)N=C(C)O,198.21906,427.26,671.51,166245.3651026294,386534.6234142984,875.77078,3052409.9,,
gallium phosphide,[Ga].[P],100.696761,1730.15,,,,,,,
droperidol,O=C(CCCN1CC=C(n2c(O)nc3ccccc32)CC1)c1ccc(F)cc1,379.42738320000007,418.9,991.9,138951.4893610346,,1238.5129,1971801.7,,3.5
4-chloro-3-methylanisole,COc1ccc(Cl)c(C)c1,156.60946,283.53,479.13,96571.43317,,696.84947,3306746,,
violet 3r base,Cc1ccc(Nc2cccc3c2C(=O)c2cccc(Nc4ccc(C)cc4)c2C3=O)cc1,418.48648,478.65,1219.96,120644.27983432105,,1505.5774,1682412.9,,
"5-benzoyl-1,3-dihydro-2h-indol-2-one",O=C(c1ccccc1)c1ccc2c(c1)CC(O)=N2,237.25334,478.65,821.42,129110.93264271852,,1065.8556,3517911.1,,
furfuramide,C(=N/C(/N=C/c1ccco1)c1ccco1)\c1ccco1,268.26738,390.15,846.32,,,1117.0182,2318072.5,,
nsc31293,O=C1C(=C2C=Cc3ccccc3N2)C(=O)c2ccccc21,273.28544,514.15,894.32,117035.14098665483,,1181.6653,2999151.8,,
vinpocetine,CCOC(=O)C1=C[C@]2(CC)CCCN3CCc4c(n1c1ccccc41)[C@@H]32,350.45404,423.15,449.15,126338.96302065742,249136.2093658636,1089.1868,1765412,,
(8α)-6′-methoxycinchonan-9-one,C=C[C@H]1CN2CC[C@H]1C[C@H]2C(=O)c1ccnc2ccc(OC)cc12,322.40088000000003,381.15,865.01,132583.38500813025,,1107.5536,1970051.7,,
arsenic pentoxide,O=[As](=O)O[As](=O)=O,229.8402,1003.15,,261050.93886970167,,,,,
glufosinate,CP(=O)(O)CCC(N)C(=O)O,181.126841,503.15,,,,,,,
sodium stearate,CCCCCCCCCCCCCCCCCC(=O)[O-].[Na+],306.45907000000005,543.15,,,,,,,
sodium arsenite,O=[As][O-].[Na+],129.91017,823.15,,,,,,,
sodium dichromate,[Cr].[Cr].[Na+].[Na+].[O-].[O-].[O].[O].[O].[O].[O],261.96754,630.15,,,,,,,
metahexamide,Cc1ccc(S(=O)(=O)NC(O)=NC2CCCCC2)cc1N,311.39984,424.65,,,,,,,
"o,p'-dde",ClC(Cl)=C(c1ccc(Cl)cc1)c1ccccc1Cl,318.02532,352.1,736.88,105934.96140495985,,1009.1568,2460474.9,,
methidathion,COc1nn(CSP(=S)(OC)OC)c(=O)s1,302.331301,312.15,,,,,,,2.2
metalaxyl-m,COCC(=O)N(c1c(C)cccc1C)[C@H](C)C(=O)OC,279.33154,234.45,725.95,123591.48558734184,,929.59213,1890359.2,,1.71
tetrachlorophthalonitrile,N#Cc1c(Cl)c(Cl)c(Cl)c(Cl)c1C#N,265.911,516.9,788.1,106697.35362583722,,1048.6663,2690208.5,,
trans-deltamethrin,CC1(C)[C@H](C(=O)OC(C#N)c2cccc(Oc3ccccc3)c2)[C@@H]1C=C(Br)Br,505.19916000000006,373.15,1077.58,93844.17820488854,,1345.793,1724594.7,,
iprodione,CC(C)N=C(O)N1CC(=O)N(c2cc(Cl)cc(Cl)c2)C1=O,330.16662,409.15,884.07,110198.90502558982,,1127.7316,2695798.5,,3
fenthion,COP(=S)(OC)Oc1ccc(SC)c(C)c1,278.328061,280.4,652.77,,206707.5967935371,902.27155,2303075.2,,4.09
diphenylamine,c1ccc(Nc2ccccc2)cc1,169.22244,326.15,578.25,109323.56252515918,322458.74752633343,931.15,8140000,419.049567,3.44
hexyl (diethylamino)oxoacetate,CCCCCCOC(=O)C(=O)N(CC)CC,229.31592,349.73,598.69,156225.52503114482,255228.9162594988,772.68045,1883801.1,,
strontium hydroxide,[OH-].[OH-].[Sr+2],121.63468,808.15,,189090.80864108825,,,,,
crocin,CC(/C=C/C=C(\C)C(=O)O[C@@H]1O[C@H](CO[C@@H]2O[C@H](CO)[C@@H](O)[C@H](O)[C@H]2O)[C@@H](O)[C@H](O)[C@H]1O)=C\C=C\C=C(C)\C=C\C=C(/C)C(=O)O[C@@H]1O[C@H](CO[C@@H]2O[C@H](CO)[C@@H](O)[C@H](O)[C@H]2O)[C@@H](O)[C@H](O)[C@H]1O,976.96456,459.15,2798.04,195122.73812675456,,-3451.7954,798885.14,,
isoeugenol resin,C/C=C/c1ccc(O)c(OC)c1.C=CCc1ccc(O)c(OC)c1,328.40216,621.36,928.84,135078.28328534745,,1171.4848,2000121.6,,
cyclopropylamine,NC1CC1,57.09438,237.75,322.35,230845.8380667239,518772.3396699694,508.6,5748000,,0.07
dihydrodigitoxin,C[C@H]1O[C@@H](O[C@H]2[C@@H](O)C[C@H](O[C@H]3[C@@H](O)C[C@H](O[C@H]4CC[C@@]5(C)[C@H](CC[C@@H]6[C@@H]5CC[C@]5(C)[C@H](C7COC(=O)C7)CC[C@]65O)C4)O[C@@H]3C)O[C@@H]2C)C[C@H](O)[C@@H]1O,766.95494,1155.48,1858.62,136859.40923726236,166468.7093555167,3064.5402,742046.69,,2.9
"1,3-benzenediamine, n,n,n',n'-tetraethyl-",CCN(CC)c1cccc(N(CC)CC)c1,220.35376,351.42,576.46,143904.96445352238,,766.94838,1975308.6,,
"2-methyl-4-(2,6,6-trimethyl-2-cyclohexen-1-yl)-2-butenal",CC(C=O)=CCC1C(C)=CCCC1(C)C,206.32388,310.82,591.88,100027.1999537814,,805.14241,2079326.7,,
furfuryl alcohol,OCc1ccco1,98.09994,250.35,441.15,133843.0991904786,500631.3266086581,632,5350000,334.15,0.28
trans-2-octene,C/C=C/CCCCC,112.21264,185.15,398.05,148628.53240062797,288167.67320404603,569.8,2580000,287.15,4.51
ascorbyl palmitate,CCCCCCCCCCCCCCCC(=O)OC[C@H](O)[C@H]1OC(=O)C(O)=C1O,414.53292,385.15,1111.36,165955.4565654279,,1424.0873,1189060.6,,
"2-propenoic acid, 2-methyl-, 2-methylpropyl ester, polymer with 2-ethylhexyl 2-propenoate and 2-hydroxyethyl 2-propenoate",C=C(C)C(=O)OCC(C)C.C=CC(=O)OCC(CC)CCCC.C=CC(=O)OCCO,442.58608,433.33,1007.4,126951.57516024903,176939.7896926961,1239.1342,843089.57,,
aluminum antimonide,[Al].[Sb],148.741538,1338.15,,,,,,,
gallium antimonide,[Ga].[Sb],191.483,985.15,,131082.13261751697,,,,,
tephrosin,COc1cc2c(cc1OC)[C@]1(O)C(=O)c3ccc4c(c3O[C@@H]1CO2)C=CC(C)(C)O4,410.41658000000007,471.15,1118.9,126495.86427526876,,1377.2818,1980586.7,,
"ethane, 1,1-dichloro-1,2,2,2-tetrafluoro-",FC(F)(F)C(F)(Cl)Cl,170.9210128,216.55,276.15,39913.17327368423,132963.5641703004,418.7,3300000,,
daconate,C[As](=O)([O-])O.[Na+],161.95202999999998,388.15,,,,,,,
"methane, chlorotrifluoro-",FC(F)(F)Cl,104.4589096,92.15,191.6737657,41825.05845341506,149352.73242327146,302,3879000,,1.65
2-methoxy-2-methylheptane,CCCCCC(C)(C)OC,144.2545,215.84,424.71,89009.35499412497,248179.87292513068,598.28653,2311390.5,,
new methylene blue n,CCN=c1cc2sc3cc(NCC)c(C)cc3nc-2cc1C.Cl,347.90538000000004,720.52,941.4,142012.7507082529,,1190.4087,1927048.1,,
metabutoxycaine,CCCCOc1c(N)cccc1C(=O)OCCN(CC)CC,308.41582,513.1,790.81,151821.00580962416,,990.03498,1592347.6,,
ac1o5a08,C/C=C/C=C/C(=O)O.C1CCC2=NCCCN2CC1,264.36326,524.08,808.21,138101.64090123566,314442.03247572586,1050.6027,2252531.8,,
68703-72-0,CCC(O)=Nc1ccc(OCCOC)c(N(CC)CC)c1,294.38924,501.06,763.64,144550.12010629193,,959.99673,1717455,,
"benzo[c]naphtho[2,1-p]chrysene",c1ccc2c(c1)ccc1c2c2ccc3ccccc3c2c2ccc3ccccc3c12,378.46392,506.65,1051.46,125945.95542951622,,1330.7273,1777340.5,,
pent-1-en-4-yn-3-yl radical,C#C[CH]C=C,65.0932,188.78,302.88,161337.89704608163,381244.3635000721,486.48407,4553062.3,,
perivine,C/C=C1/CN[C@H]2Cc3c([nH]c4ccccc34)C(=O)C[C@@H]1[C@@H]2C(=O)OC,338.40028,453.65,960.79,157030.01191370172,,1218.3764,2007296.9,,
spiperone,O=C(CCCN1CCC2(CC1)C(O)=NCN2c1ccccc1)c1ccc(F)cc1,395.4698432,463.15,1005.5,120213.9703379537,,1257.2681,1862721.5,,3.03
"n-(dichloro-2',6' benzyl)pyroglutamate de d'isopropylamine [french]",CC(C)N.O=C(O)[C@@H]1CCC(=O)N1Cc1c(Cl)cccc1Cl,347.2369,681.34,964.57,124646.89092662676,,1214.1721,2110003.3,,
flupentixol,OCCN1CCN(CC/C=C2/c3ccccc3Sc3ccc(C(F)(F)F)cc32)CC1,434.5176096,707.49,983.07,120374.86823180756,,1209.0614,1615471.3,,4.51
reciniferatoxin,C=C(C)[C@]12C[C@@H](C)[C@@]34OC(Cc5ccccc5)(O[C@@H]1[C@@H]3C=C(COC(=O)Cc1ccc(O)c(OC)c1)C[C@]1(O)C(=O)C(C)=C[C@@H]41)O2,628.7081,1130,1544.91,126650.18949175302,,1929.9954,1117807.9,513.45,
n-cyclohexyl-2-methylpropanamide,CC(C)C(O)=NC1CCCCC1,169.26396,297.43,551.55,98461.59808620808,308001.62078360963,764.11121,2802438.5,,
doxifluridine,C[C@H]1O[C@@H](n2cc(F)c(O)nc2=O)[C@H](O)[C@@H]1O,246.1924432,463.15,838.09,165630.59154043117,,1051.7662,4194743.5,,
indinavir,CC(C)(C)N=C(O)[C@@H]1CN(Cc2cccnc2)CCN1C[C@@H](O)C[C@@H](Cc1ccccc1)C(O)=N[C@H]1c2ccccc2C[C@H]1O,613.78948,440.9,1588.29,137283.2261641239,,2093.1006,1056884,,
"1,2-dipalmitoylphosphatidylcholine",CCCCCCCCCCCCCCCC(=O)OCC(COP(=O)([O-])OCC[N+](C)(C)C)OC(=O)CCCCCCCCCCCCCCC,734.038861,463.15,,,,,,,
zotepine,CN(C)CCOC1=Cc2ccccc2Sc2ccc(Cl)cc21,331.85962,363.15,815.41,118275.91437608468,,1060.5645,2053030.2,,
triethylborane,CCB(CC)CC,97.9943,180.15,368.15,,332362.09241367434,530.89261,2713248.7,,
62409-40-9,CCOC(=O)C1=C(C)OC(=O)C1=C(C)O,212.19928,392.32,664.07,146103.22900247353,363952.7624965944,853.30454,2850522.3,,
"p,p'-ddd",Clc1ccc(C(c2ccc(Cl)cc2)C(Cl)Cl)cc1,320.0412,382.4,466.15,90807.05859120638,219869.76322447183,995.16306,2351920.7,,6.02
"(3|a,5xi)-lanost-9(11)-en-3-ol",CC(C)CCC[C@@H](C)[C@H]1CC[C@@]2(C)[C@@H]3CCC4C(C)(C)[C@@H](O)CC[C@]4(C)C3=CC[C@]12C,428.73328,604.76,1012.03,75718.40469207335,195383.7926,1242.5134,931777.49,,
nicofibrate,CC(C)(Oc1ccc(Cl)cc1)C(=O)OCc1cccnc1,305.75614,322.15,453.15,105858.8717,,1041.5148,2191782.7,,
methyl 3-mercaptopropionate,COC(=O)CCS,120.17012,311.15,439.15,120886.95592548298,342728.39702651586,644,3926000,309.587128,
brn 2855929,COc1ccc(OC)c(/C=C/c2ccc(N)cc2)c1,255.31168,483.12,755.51,124890.48679637376,,996.20595,2351920.7,,
pyrrole-2-carboxaldehyde,O=Cc1ccc[nH]1,95.0993,317.9,491.15,,508244.5717912401,744.95504,5593515,,0.64
alphamethadol,CC[C@@H](O)C(C[C@@H](C)N(C)C)(c1ccccc1)c1ccccc1,311.46106,444.98,833.95,99135.9883,,1048.8111,1670060,,
"styrene, allyl alcohol polymer, trimellitate",C=CCO.C=Cc1ccccc1.O=C(O)c1ccc(C(=O)O)c(C(=O)O)c1,372.3686,866.66,1245.39,161369.6751014989,,1525.3809,1994765.3,,
cyclopropanecarboxamide,N=C(O)C1CC1,85.10448,397.15,424.26,129805.15244320864,397326.4297276562,779.1,5739000,,
c.i. vat yellow 4,O=C1c2ccccc2-c2ccc3c4c(ccc1c24)-c1ccccc1C3=O,332.35088,658.15,1019,109137.66799714806,,1301.6712,2315841.9,,
isoliquiritigenin,O=C(/C=C/c1ccc(O)cc1)c1ccc(O)cc1O,256.25338,473.15,896.05,163268.09035650574,,1164.6551,4862971.2,,
"1,3-benzenediol, 4,4'-(5-hydroxypentylidene)bis-",OCCCCC(c1ccc(O)cc1O)c1ccc(O)cc1O,304.3377,826.89,1056.14,169433.49443726492,,1304.6608,4492233.8,,
fluoroacetic acid,O=C(O)CF,78.0424232,308.35,441.15,181426.96522524176,773676.9597688122,575.95553,5359183.2,,
strontium fluoride,[F-].[F-].[Sr+2],125.6168064,1750.15,2733.15,236433.3312648203,,,,,
potassium hydride,[H-].[K+],40.10624,892.15,,523609.2937158906,,,,,
boron tribromide,BrB(Br)Br,250.523,227.15,364.45,,121530.95104854238,573,4870000,,
lincomycin,CCCC1CC(C(O)=NC(C(C)O)C2OC(SC)C(O)C(O)C2O)N(C)C1,406.53736,702.53,412.15,164154.65481450464,176444.13568697352,1510.4958,1915259.4,,0.56
brn 5051566,Cc1cc2ccccc2c2c(C)cc3c(c12)CCC3=O,260.32974,548.71,803.09,106303.6439862768,,1059.35,2271899.1,,
1-pyrenecarboxaldehyde,O=Cc1ccc2ccc3cccc4ccc1c2c34,230.2607,400.15,,,,,,,
diazoaminobenzene,c1ccc(N=NNc2ccccc2)cc1,197.23584,371.15,610,,296699.48515383806,845,2830000,,
hexafluoropropylene,FC(F)=C(F)C(F)(F)F,150.02251919999998,116.65,242.8122547,81147.81744046332,140977.3261866412,358.9,3149528,,
hexachloroacetone,O=C(C(Cl)(Cl)Cl)C(Cl)(Cl)Cl,264.7495,271.15,476.15,58466.588227739805,127544.98809333588,792.92991,3777677.6,,
ethyl (s)-(3-methyl-4-oxo-5-piperidin-1-ylthiazolidin-2-ylidene)acetate,CCOC(=O)/C=C1/S[C@H](N2CCCCC2)C(=O)N1C,284.37449999999995,535.13,733.39,113322.39705036844,264921.78747677186,962.27246,2405279.5,,
ccris 6982,O[C@@H]1[C@@H]2O[C@@H]2c2c(ccc3cc4c(ccc5ccccc54)nc23)[C@H]1O,329.3487,751.7,1048.5,168493.15026900062,,1293.5418,2820326.3,,
cyclopamine,CC1=C2C[C@H]3[C@@H](CC=C4C[C@@H](O)CC[C@@]43C)[C@@H]2CC[C@]12O[C@@H]1C[C@H](C)CN[C@H]1[C@H]2C,411.61994,510.15,1050.43,132204.47969551716,246100.3381640428,1296.7218,1310849,,
sitosterol alpha1,C/C=C(/CC[C@@H](C)[C@H]1CC[C@H]2C3=CC[C@H]4[C@H](C)[C@@H](O)CC[C@]4(C)[C@H]3CC[C@]12C)C(C)C,426.7174,439.15,1015.59,102997.90915486457,195451.5041330161,1245.8566,913285.3,,
iodotrifluoromethane,FC(F)(F)I,195.9103796,163.28,251.2906403,23367.82772483587,103964.11069275178,396.44,3953000,,
vicine,N=c1nc(O)c(O[C@@H]2O[C@H](CO)[C@@H](O)[C@H](O)[C@H]2O)c(N)[nH]1,304.25664,513.65,1199.97,197093.48003054265,,1476.0014,5713211.6,,
"adenine, 9-cyclopentyl-, 1-oxide",N=c1c2ncn(C3CCCC3)c2ncn1O,219.24312,686.92,773.07,,,,,,
"1-naphthalenemethanol, decahydro-5-[(3e)-5-hydroxy-3-methyl-3-penten-1-yl]-1,4a-dimethyl-6-methylene-, (1s,4ar,5s,8ar)-",C=C1CC[C@H]2[C@@](C)(CO)CCC[C@]2(C)[C@H]1CC/C(C)=C/CO,306.48276000000004,492.56,866.46,100759.338,0,790,1610000,,
36268-65-2,CCC(C)(C)c1ccc(OCCCC#N)c(C(C)(C)CC)c1,301.46624,458.68,811.88,95151.61631365422,,1024.5331,1238960.7,,
water,O,18.01528,273.15,373.1242958,333605.69472136983,2256470.315159003,647.096,22064000,,-1.38
scandium fluoride,[F-].[F-].[F-].[Sc+3],101.9511196,1825.15,,614019.7404953266,,,,,
dexmecamylamine,CN[C@@]1(C)[C@@H]2CC[C@@H](C2)C1(C)C,167.29114,338.07,510.34,78073.47119518701,266327.62292681885,723.49265,2624462.5,,
"2,2,4-trimethyl-1,3-pentanediol",CC(C)C(O)C(C)(C)CO,146.22732,324.9,503.25,69699.69770354815,386386.9989043211,697.9,2704000,382.65,1.24
benzoyl peroxide,O=C(OOC(=O)c1ccccc1)c1ccccc1,242.2268,378.15,689.72,119045.45657210516,281233.12212983664,884,2570000,353.15,3.46
medazepam,CN1CCN=C(c2ccccc2)c2cc(Cl)ccc21,270.7567,369.15,752.39,120599.04704112584,,1015.4244,2627153.6,,4.41
mercury telluride,[Hg].[Te],328.19,946.15,,,,,,,
tin telluride (snte),[Sn].[Te],246.301,1079.15,,183515.29226434324,,,,,
"trans-1,2-dichloroethylene",Cl/C=C/Cl,96.94328,223.35,320.79,98325.53633423585,285446.3955725622,515.5,5300000,245.3895707,1.93
17469-89-5,CN(C)[C@@H](Cc1ccccc1)C(=O)O,193.2423,418.22,635.47,144523.22291754963,,852.81622,2928168.5,,
biguanide,N=C(N)NC(=N)N,101.11048,409.15,623.85,,761905.3916,878.30391,7118493.5,,
3-methoxy-5-methylphenol,COc1cc(C)cc(O)c1,138.16379999999998,409.15,532.15,123758.90066717911,,742.14207,4227536.1,,
71673-20-6,CCOCCOCCN1c2ccccc2C(C)CC1(C)C,291.42836000000005,446.09,702.69,117809.3991950543,,901.5303,1569716.8,,
prazepam,O=C1CN=C(c2ccccc2)c2cc(Cl)ccc2N1CC1CC1,324.80408,418.65,895.59,117202.9612435903,,1165.5163,2324783.4,,3.73
altretamine,CN(C)c1nc(N(C)C)nc(N(C)C)n1,210.27942,446.15,640.58,175033.77173096634,,866.72994,3142029.8,,2.73
rubidium chloride,[Cl-].[Rb+],120.9208,997.15,1663.15,201784.9699968905,1724119.0925035016,2694.06,22215000,,
mirex,ClC1(Cl)C2(Cl)C3(Cl)C4(Cl)C(Cl)(Cl)C5(Cl)C3(Cl)C1(Cl)C5(Cl)C24Cl,545.543,758.15,868.96,28540.371703055487,153232.24951758757,1210.426,3045675.4,,7.18
"n-(3,4-dichlorophenyl)cyclohexanecarboxamide",OC(=Nc1ccc(Cl)c(Cl)c1)C1CCCCC1,272.1703,457.54,732.13,108814.22403546605,,980.15701,2608402.6,,4.72
sanguinarine,C[n+]1cc2c3c(ccc2c2ccc4cc5c(cc4c21)OCO5)OCO3,332.32946,539.15,909.91,183173.6494260846,,1166.5802,2721170.6,,
(e)-5-(2-bromovinyl)-2'-deoxyuridine,O=c1nc(O)c(C=CBr)cn1C1CC(O)C(CO)O1,333.13532,438.15,959.57,141963.3318976805,,1192.6765,4233039,,
thioacetamide,CC(=N)S,75.1328,388.15,,,,,,,-0.26
chloroplatinic acid,Cl.Cl.[Cl-].[Cl-].[Cl-].[Cl-].[Pt+4],409.81188,333.15,,,,,,,
16079-88-2,CC1(C)C(=O)N(Cl)C(=O)N1Br,241.47034,436.65,585.09,62479.72318256562,262566.5040401406,830.96183,4924592.2,,
hydrogen bromide,Br,80.91194,186.65,206.77,29785.46800385704,221111.2762596608,363.2,8551830,,
"2,3,4-tris-o-(phenylmethyl)-β-d-arabinopyranose",O[C@@H]1OC[C@@H](OCc2ccccc2)[C@@H](OCc2ccccc2)[C@@H]1OCc1ccccc1,420.49752,342.15,1066.45,132933.00754782098,,1312.8059,1498825.9,,
2-(phenylsulfonyl)acetophenone,O=C(CS(=O)(=O)c1ccccc1)c1ccccc1,260.30828,369.15,,,,,,,
oxybutynin,CCN(CC)CC#CCOC(=O)C(O)(c1ccccc1)C1CCCCC1,357.4864400000001,387.15,917.8,128111.1529712847,,1140.9799,1574704,,
lenthionine,C1SSCSSS1,188.37816,333.65,513,41857.29386039231,251488.9509530485,838.78729,7218501.9,,
"1,3-butadiene, 1,4-bis(methylthio)-, (z,z)-",CS/C=C\C=C/SC,146.2736,216.02,482.76,136456.61281324862,293469.88248312543,717.06859,3646526.2,,
isodecanol,CC(C)CCCCCCCO,158.28108,278.15,493.15,140389.48938180102,321502.0148726107,644,2280000,,
silver cyanide (ag(cn)),[Ag].[C]#N,133.8856,593.15,,,,,,,
halazepam,O=C1CN=C(c2ccccc2)c2cc(Cl)ccc2N1CC(F)(F)F,352.73818959999994,437.15,837.67,103700.14100679052,,1085.3777,2208293.3,,3.97
pinazepam,C#CCN1C(=O)CN=C(c2ccccc2)c2cc(Cl)ccc21,308.76162,414.15,856.09,130579.70093562796,,1133.0686,2603082,,
ketazolam,CC1=CC(=O)N2CC(=O)N(C)c3ccc(Cl)cc3C2(c2ccccc2)O1,368.81358,455.9,972.22,107729.22190121093,,1241.6808,2263260.7,,
camazepam,CN(C)C(=O)OC1N=C(c2ccccc2)c2cc(Cl)ccc2N(C)C1=O,371.81752,446.65,954.84,130155.24389490845,,1207.6009,2003704.4,,
6-undecanone,CCCCCC(=O)CCCCC,170.29178000000002,287.9,500.55,151768.92272780283,275264.7808837571,678,2020000,361.48,
88899-55-2,COC1=CC(C)=CC(C)C(O)C(C)CC(C)=CC=CC(OC)C(C(C)C(O)C(C)C2(O)CC(O)C(C)C(C(C)C)O2)OC1=O,622.82962,802.27,1549.76,120707.1686796142,133818.96246880837,2192.9066,733231.96,,
bih3,[Bi].[H].[H].[H],212.00422,206.15,290.15,,132372.67515281227,515.20799,13858262,,
fludiazepam,CN1C(=O)CN=C(c2ccccc2F)c2cc(Cl)ccc21,302.7306832,569.15,824.46,115132.03627586568,,1085.8127,2561097.5,,2.75
ethyl loflazepate,CCOC(=O)C1N=C(c2ccccc2F)c2cc(Cl)ccc2N=C1O,360.7667632,466.65,964.15,138435.7016622201,,1226.0986,2175456.7,,
trifluoromethanesulfonic acid,O=S(=O)(O)C(F)(F)F,150.0770496,233.15,435.15,,312772.3062656188,630.71924,5579115.1,,
prednisolone valerate acetate,CCCCC(=O)O[C@]1(C(=O)COC(C)=O)CC[C@H]2[C@@H]3CCC4=CC(=O)C=C[C@]4(C)[C@H]3[C@@H](O)C[C@@]21C,486.59712,796.13,1208.87,104038.8401805584,228974.14582287407,1482.4139,1135199.5,,
potassium hydrogen phthalate,O=C([O-])c1ccccc1C(=O)O.[K+],204.2212,493.15,,,,,,,
etizolam,CCc1cc2c(s1)-n1c(C)nnc1CN=C2c1ccccc1Cl,342.8458,420.65,537.65,141156.7533,337574.37072879926,1235.2316,2707031,,
clotiazepam,CCc1cc2c(s1)N(C)C(=O)CN=C2c1ccccc1Cl,318.8211,392.15,869.59,113885.18513987938,,1140.0026,2505007.5,,3.18
cloxazolam,OC1=Nc2ccc(Cl)cc2C2(c3ccccc3Cl)OCCN2C1,349.21126000000004,476.15,445.15,120259.58154957544,258088.45293379805,1191.6443,2784720.2,,
"2,3-dichloro-1,4-bis(methylamino)anthraquinone",CNc1c(Cl)c(Cl)c(NC)c2c1C(=O)c1ccccc1C2=O,335.18468,725.34,966.9,118501.8360624358,,1227.3355,2445894.4,,
brotizolam,Cc1nnc2n1-c1sc(Br)cc1C(c1ccccc1Cl)=NC2,393.6887,486.15,972.14,123193.78229550405,,1276.397,3624605.4,,2.79
doxefazepam,O=C1C(O)N=C(c2ccccc2F)c2cc(Cl)ccc2N1CCO,348.7560632,412.15,477.67,133878.67603386802,432453.0253857568,1264.0529,2709850.1,,
brn 0202126,C/C=C(\C)C1(CC)C(=O)N(C)C(=O)N=C1O,224.25634,571.65,735.29,97727.44886499085,341652.03260471154,983.69271,2878115.3,,
sbb008303,O=C(CCCCC(=O)OCC1CCCCC1)OCC1CCCCC1,338.48156,360.15,812.74,118068.47025876387,219958.9771247052,1022.6309,1353633.5,,
"3,4-dihydro-2-methoxy-2h-pyran",COC1CCC=CO1,114.1424,289.15,400.15,118448.53446221564,313978.64453129814,599,3930000,299.15,
rubidium fluoride,[F-].[Rb+],104.4662032,1068.15,1683.15,246969.82573977573,2042574.702836529,2738.03,22578000,,
2-methylbicyclo[2.2.1]hept-2-ene,CC1=CC2CCC1C2,108.18088,311.15,391.15,106109.32356993214,294010.96479913685,600,3440000,,
hesperidin,COc1ccc(C2CC(=O)c3c(O)cc(OC4OC(COC5OC(C)C(O)C(O)C5O)C(O)C(O)C4O)cc3O2)cc1O,610.56056,535.15,1851.54,174542.88236370852,,3017.1307,2102270.9,,
chromium(ii) chloride,[Cl-].[Cl-].[Cr+2],122.9021,1097.15,1393.15,366145.0862108947,1602901.8218565837,,,,
pralidoxime,CN1C=CC=C/C1=C\[NH+]=O,137.15916,299.25,436.08,167272.8237764069,331815.1093169939,626.63189,4743149,,
"5,5-dimethyl-4-thiazolidinecarboxylic acid",CC1(C)SCNC1C(=O)O,161.22204,473.65,589.62,145104.23016604927,,835.96449,4480214.5,,
vanadium oxytrichloride,[Cl-].[Cl-].[Cl-].[O].[V+3],173.2999,194.15,400.15,,177942.4841952509,636,3740000,,
rifapentine,CO[C@H]1/C=C/O[C@@]2(C)Oc3c(C)c(O)c4c(c3C2=O)C(=O)/C(=C/NN2CCN(C3CCCC3)CC2)C(=C4O)N=C(O)/C(C)=C\C=C\[C@H](C)[C@H](O)[C@@H](C)[C@@H](O)[C@@H](C)[C@H](OC(C)=O)[C@@H]1C,877.0306599999999,452.65,2245.99,142264.12563501488,,4171.2564,686365.87,,
isophorone diisocyanate,CC1(C)CC(N=C=O)CC(C)(CN=C=O)C1,222.28352,213.15,618.19,,212279.15123418867,765,2520000,428.15,
1271-19-8,[C-]1=CC=CC1.[C-]1=CC=CC1.[Cl-].[Cl-].[Ti+4],248.9594,562.15,628.67,,224564.5194083502,909.11607,3106838.2,,
gibberellin,C=C1C[C@]23C[C@@]1(O)CC[C@H]2[C@@]12C=C[C@H](O)[C@@](C)(C(=O)O1)[C@H]2[C@@H]3C(=O)O,346.37438,507.15,1041.38,105126.13548380802,392168.9216863629,1278.1666,2555921,,0.24
cerulenin,C/C=C/C/C=C/CCC(=O)[C@H]1O[C@H]1C(=N)O,223.26828,366.65,393.15,191787.2077,184826.70549604145,903.19907,2512547,,
chelerythrine,COc1ccc2c(c[n+](C)c3c4cc5c(cc4ccc23)OCO5)c1OC,348.37192,472.15,480.15,151613.8269697512,152208.14564360512,1152.9351,2081224.4,,
6797-44-0,CC(=O)C(=NO)C(=O)c1ccccc1,191.18336,402.15,731.56,,,955.26288,3345107,,
di 2-ethyl hexyl 2-ethyl suberate,CCCCC(CC)COC(=O)CCCCCC(CC)C(=O)OCC(CC)CCCC,426.6728,422.44,909.6,143587.77967566717,155052.4140494584,1115.3557,738421.55,,
d(+)-talose,O=C[C@@H](O)[C@@H](O)[C@@H](O)[C@H](O)CO,180.15588,402.15,844.68,110643.0719885468,,1034.2622,6631370.1,,
"3′,4′,7-trihydroxyisoflavone",O=c1c(-c2ccc(O)c(O)c2)coc2cc(O)ccc12,270.2369,520.65,957.59,158875.41634765646,,1242.5467,5661741.5,,
tantalum(v) oxide,[O].[O].[O].[O].[O].[Ta].[Ta],441.8928,2148.15,,271559.07496116706,,,,,
zirconium chloride (zrcl4),[Cl-].[Cl-].[Cl-].[Cl-].[Zr+4],233.036,709.15,604.15,124444.29186906744,160976.48887635538,778,5765392.5,,
6-hydroxy-4-methyl-2-pyridone,Cc1cc(O)nc(O)c1,125.12528,467.15,578.5,176151.45396677635,,835.4038,7380640.3,,
mercury selenide (hgse),[Hg].[Se],279.55,940.15,,,,,,,
o-carbamimidamidohomoserine,N=C(N)NOCCC(N)C(=O)O,176.17378,457.15,775.64,,560196.5870123453,1010.7521,4178490.1,,
carbic anhydride,O=C1OC(=O)[C@H]2[C@@H]1[C@H]1C=C[C@@H]2C1,164.15802,436.15,,,,,,,
rubidium bromide,[Br-].[Rb+],165.3718,965.15,1613.15,140894.63862641636,1244709.5188569047,2646.82,21826000,,
"1,3-dibromo-5,5-dimethylhydantoin",CC1(C)C(=O)N(Br)C(=O)N1Br,285.92134,471.15,613.82,56571.50319734792,245535.23123215395,869.45333,5747915.9,,
methoprene (racemate),COC(C)(C)CCCC(C)CC=CC(C)=CC(=O)OC(C)C,310.47146000000004,316.75,373.15,113237.46150451316,134486.36510354083,906.43255,1180902.4,,5.5
tcnq,N#CC(C#N)=c1ccc(=C(C#N)C#N)cc1,204.18696,567.9,918.06,117999.69988289164,,1181.414,2284949.7,,
famciclovir,CC(=O)OCC(CCn1cnc2c[nH]c(=N)nc21)COC(C)=O,321.33176,376.15,930.05,,,,,,
2-nitrophenyl-beta-d-galactopyranoside,O=[N+]([O-])c1ccccc1O[C@@H]1O[C@H](CO)[C@H](O)[C@H](O)[C@H]1O,301.2494,466.65,1076.62,177550.56109655325,,1319.1351,3777677.6,,
diphenyl oxide,c1ccc(Oc2ccccc2)cc1,170.2072,300.65,531.15,101170.80828543092,278523.5413080942,767,3100000,388.15,4.21
"2h-azepin-2-one, hexahydro-, polymer with 2,6-dimethylphenol",Cc1cccc(C)c1O.OC1=NCCCCC1,235.32204,546.81,778.46,109853.7137,,1047.5164,2884301.4,,
"1,2,3,6-tetrahydro-1-((6-methyl-3-cyclohexen-1-yl)carbonyl)pyridine",CC1CC=CCC1C(=O)N1CC=CCC1,205.29606,338.47,596.5,108428.77354782163,269408.95939283195,825.04992,2635251.7,,
bromodichloromethane,ClC(Cl)Br,163.82864,216.15,363.15,51895.68807993523,202433.6478476224,575.96116,5818280,,2
"methyl, dibromochloro-",Cl[C](Br)Br,207.2717,234.05,394.19,57431.86358774498,184476.49926097647,626.98168,7157560.8,,
2-sulfanylacetonitrile,N#CCS,73.11692,213.75,410.3,88679.88421831773,524986.9141292133,633.21083,5320164.9,,
p-menthene-8-thiol,CC1=CCC(C(C)(C)S)CC1,170.31492,262,511.72,64304.40738838382,252096.3459500625,749.1475,2862736.6,,
cinnamalacetophenone,O=C(/C=C/C=C/c1ccccc1)c1ccccc1,234.29246,374.15,704.11,127494.4998,,955.22673,2448315.4,,
2-(furan-2-yl)acetonitrile,N#CCc1ccco1,107.11,278.12,350.65,146578.28400709553,466779.29207342287,715.81371,4119695.3,,0.85
21295-86-3,CN(C)c1ccc(C(c2ccc(N(C)C)cc2)N2CCOCC2)cc1,339.47446,528.43,827.18,129120.17004165794,,1057.692,1741912.6,,
nsc216239,CCOC(=O)CNC(O)=NCc1ccccc1,236.26704,449,713.27,156784.45880559558,,923.73515,2643387.2,,
102128-78-9,CN=C(O)CCNCC1COc2ccccc2O1,250.29362,498.02,747.82,187252.07618156628,,968.58591,2701406,,
flurbiprofen,CC(C(=O)O)c1ccc(-c2ccccc2)c(F)c1,244.2609232,383.65,750.46,129410.79394069855,348051.87580878905,987.85648,2566289.8,,4.16
benzorphanol,O=C(CN1CC[C@]23CCCC[C@H]2[C@H]1Cc1ccc(O)cc13)c1ccccc1,361.47668,447.15,978.72,116242.63009165625,,1238.6676,2056756.2,,
zearalenone,C[C@H]1CCCC(=O)CCC/C=C/c2cc(O)cc(O)c2C(=O)O1,318.36428,437.65,966.17,113486.34966209148,,1232.6877,2627153.6,,
ethyl 2-cyano-3-phenylpent-2-enoate,CCOC(=O)C(C#N)=C(CC)c1ccccc1,229.2744,348.28,710.82,128727.84750499838,,936.32653,2086932.9,,
chlorosulfuric acid,O=S(=O)(O)Cl,116.52414,193.15,425.15,,359341.54374881973,700,8500000,,
aflodac,CC1=C(CC(=O)O)c2cc(F)ccc2C1=Cc1ccc(S(C)=O)cc1,356.4105832,457.3,,,,,,,3.42
3-chlorophenol,Oc1cccc(Cl)c1,128.5563,305.95,483.15,115902.52675287017,379854.3280802334,729,5320000,370.15,2.5
cefdinir,C=CC1=C(C(=O)O)N2C(=O)[C@@H](N=C(O)/C(=N\O)c3csc(=N)[nH]3)[C@H]2SC1,395.41352,443.15,1292.14,,,1582.6194,3310552.3,,
mercuric nitrate,O=[N+]([O-])[O-].O=[N+]([O-])[O-].[Hg+2],324.5998,352.15,,,,,,,
coumatetralyl,O=c1oc2ccccc2c(O)c1C1CCCc2ccccc21,292.32854,445.15,858.77,131543.77605416154,,1115.5697,2651560.5,,
3-acetylpyrrole,CC(=O)c1cc[nH]c1,109.12588,385.15,462.55,159485.54091843293,704124.9851,686.74058,4849434.7,,
cadmium oxide,[Cd].[O],128.4104,1503.15,1832.15,,1849101.8689416184,2983.96,24606000,,
uranium chloride,[Cl-].[Cl-].[Cl-].[U+3],344.38791000000003,1110.15,,,,,,,
l-cycloserine,N[C@H]1CON=C1O,102.09194,426.65,499.37,193325.7414836078,524556.3513185077,746.73801,6740706.6,,
"[5-methyl-3-(morpholin-4-ylmethyl)-2,3-dihydro[1,4]oxazino[2,3,4-hi]indol-6-yl](1-naphthyl)methanone",Cc1c(C(=O)c2cccc3ccccc23)c2cccc3c2n1C(CN1CCOCC1)CO3,426.50694,769.74,1080.24,149648.2097,,1338.7433,1707533.6,,
"5-bromo-5-nitro-1,3-dioxane",O=[N+]([O-])C1(Br)COCOC1,211.99874,332.15,582.81,114420.49136707131,293388.41892098007,858.78433,6018581.8,,
cytochalasin e,CC1CC=CC2C3OC3(C)C(C)C3C(Cc4ccccc4)N=C(O)C23OC(=O)OC=CC(C)(O)C1=O,495.56412,480.15,,,,404.56,3787000,,
talofloc,CCCCCCCCCCCCCCCCCC[N+](C)(C)CCCCCCCCCCCCCCCCCC.[Cl-],586.5015,340.15,,,,,,,
bikhaconitine,CCN1C[C@]2(COC)CC[C@H](OC)[C@]34C1[C@H]([C@H](OC)[C@H]23)[C@@]1(OC(C)=O)C[C@H](OC)[C@@]2(O)C[C@@H]4[C@@H]1[C@H]2OC(=O)c1ccc(OC)c(OC)c1,673.79024,437.15,1424.21,113312.7128704031,,1833.6062,752257.75,,
"1,2-bis(diphenylphosphino)ethane",c1ccc(P(CCP(c2ccccc2)c2ccccc2)c2ccccc2)cc1,398.416282,414.15,,,,,,,
apramycin,CN[C@@H]1[C@@H](O[C@H]2O[C@H](CO)[C@@H](N)[C@H](O)[C@H]2O)O[C@H]2C[C@@H](N)C(O[C@H]3[C@H](O)[C@@H](O)[C@H](N)C[C@@H]3N)O[C@@H]2[C@@H]1O,539.57714,1182.66,1708.09,208194.5132071385,208403.06546175288,2640.4341,2141363.8,,
ochratoxin a,CC1Cc2c(Cl)cc(C(O)=NC(Cc3ccccc3)C(=O)O)c(O)c2C(=O)O1,403.8130200000001,442.15,1153.35,154460.10136077335,,1415.8042,2212450.1,,4.74
etidronic acid,CC(O)(P(=O)(O)O)P(=O)(O)O,206.028242,472.15,,,,,,,
dimethyl disulfide,CSSC,94.19904,188.15,382.87,97559.38064761597,359683.4845,615,5100000,285.5280984,1.77
598-88-9,FC(Cl)=C(F)Cl,132.9242064,142.65,294.25,98341.75696082995,159280.28173847156,501.18552,4374177.7,,
trichloroacetyl chloride,O=C(Cl)C(Cl)(Cl)Cl,181.8328,216.15,391.35,65494.23426,200592.71944644907,605,4300000,,
pentachlorofluoroethane,FC(Cl)(Cl)C(Cl)(Cl)Cl,220.2848032,374.45,411.15,46181.124853918205,151655.56536826646,624,3340000,,
ethanedioyl difluoride,O=C(F)C(=O)F,94.0170064,213.34,299.15,109490.82931021722,238959.3714725377,525.52625,5296958.1,,
trifluoroiodoethylene,FC(F)=C(F)I,207.9210796,139.13,303.15,58502.96671891656,108941.02800120218,530.57703,4414962.3,,
bromodifluoroacetyl chloride,O=C(Cl)C(F)(F)Br,193.3746064,255.55,323.15,55658.80753616882,135197.2464313531,600.22704,5205632.9,,
42816-33-1,CCN(CCN=C(C)O)c1cccc(C)c1,220.3107,410.27,645.18,148867.0318781612,,848.58055,2320306.2,,
oxacillin,Cc1onc(-c2ccccc2)c1C(O)=N[C@@H]1C(=O)N2[C@@H]1SC(C)(C)[C@@H]2C(=O)O,401.43626,461.15,1156.88,152970.7356281169,,1430.2467,2384185.8,,2.38
etidocaine,CCCN(CC)C(CC)C(O)=Nc1c(C)cccc1C,276.41702,452.87,741.24,141977.50919968678,,940.00543,1643091.3,,3.69
(4-acetamidophenacyl)trimethylammonium chloride,CC(=O)N=C1C=CC(=C([O-])C[N+](C)(C)C)C=C1.Cl,270.75516,527.15,,,,,,,
barium(2+) difluoride,[Ba+2].[F-].[F-],175.3238064,1641.15,2533.15,133239.17886373246,,,,,
2157-98-4,CN=C(O)C=C(C)OP(=O)(OC)OC,223.163521,328.15,,,,,,,-0.2
citrinin,CC1=C2C(=CO[C@H](C)[C@H]2C)C(=O)C(C(=O)O)=C1O,250.24726,451.65,882.44,162786.99714834042,441651.13798092434,1108.7766,2871949,,
tetraphenylmethane,c1ccc(C(c2ccccc2)(c2ccccc2)c2ccccc2)cc1,320.4263,555.65,704.15,91303.3668,234351.09327346884,983,1790000,,
hexaphenylethane,c1ccc(C(c2ccccc2)(c2ccccc2)C(c2ccccc2)(c2ccccc2)c2ccccc2)cc1,486.6448,501.65,1222.66,89580.73732627986,,1532.2419,1238089,,
unii-t1fad4ss2m,[Al+3].[Al+3].[O-2].[O-2].[O-2].[O-2].[O-2].[Si+4],162.045576,2133.15,,,,,,,
titanium chloride (ticl3),[Cl-].[Cl-].[Cl-].[Ti+3],154.226,452.15,1233.15,,987268.3532,1971.57,17720000,,
disulfur decafluoride,FS(F)(F)(F)(F)S(F)(F)(F)(F)F,254.114032,220.45,244.15,,76498.86925393251,356.37842,2463628.4,,
hydrogen telluride,[TeH2],129.61588,224.15,271.15,,197380.9017980419,438.04,7193000,,
"1,2-propanediol, 3-(1,1-dimethylethoxy)-",CC(C)(C)OCC(O)CO,148.20014,299.94,562.87,83083.59222872529,525389.2416215691,690,2959000,,
einecs 252-314-4,CCOc1ccc(C(C)(C)C)cc1NC(=O)C(=O)Nc1ccccc1CC,368.46932,657.93,998.53,127068.92394731804,,1233.862,1527071.7,,
7699-45-8,[Br-].[Br-].[Zn+2],225.188,675.15,943.15,69719.52324280157,524006.6078121392,,,,
"hydroperoxide, 3-phenylpropyl (9ci)",OOCCCc1ccccc1,152.19038,300.66,546.8,120789.50062415244,394315.7426144356,740.28936,3560016.2,,
"2,2'-dimethoxyhydrazobenzene",COc1ccccc1NNc1ccccc1OC,244.28904,375.15,728.42,130558.4565,,958.78415,2662517.4,,
n-(2-acetamido)iminodiacetic acid,N=C(O)CN(CC(=O)O)CC(=O)O,190.154,644.24,766.74,217713.01155905213,552527.3159266982,981.34971,4456320,,
nickel(ii) iodide,[I-].[I-].[Ni+2],312.50234,1073.15,,153598.8498518123,,,,,
silver carbonate,O=C([O-])[O-].[Ag+].[Ag+],275.7453,491.15,,,,,,,
"9,9'-bifluorenylidene",c1ccc2c(c1)C(=C1c3ccccc3-c3ccccc31)c1ccccc1-2,328.40524,622.78,935.98,123859.16862958705,,1210.1875,2032717,,
"2-propanethiol, 1-anilino-2-methyl-",CC(C)(S)CNc1ccccc1,181.2978,320.42,564.88,96107.06803943568,,806.20943,3261577.5,,
"2,3,4,4-tetramethyl-1-pentene",C=C(C)C(C)C(C)(C)C,126.23922,162.89,403.15,43877.013815516286,,583.38897,2480119.4,,
(t-4)-dichlorodioxochromium,[Cl-].[Cl-].[Cr+2].[O].[O],154.9009,176.65,390.15,,227252.7762313068,626.33,5999000,,
bromocresol green,Cc1c(C2(c3cc(Br)c(O)c(Br)c3C)OS(=O)(=O)c3ccccc32)cc(Br)c(O)c1Br,698.0138599999998,494.9,,,,,,,
beryllium hydroxide,[Be+2].[OH-].[OH-],43.026862,378.15,,,,,,,
barium iodide,[Ba+2].[I-].[I-],391.13594,984.15,,67751.38076035661,,,,,
calcium hydride,[Ca].[H].[H],42.093880000000006,1273.15,,159168.0310772017,,,,,
1-ethylnaphthalene,CCc1cccc2ccccc12,156.22368,259.25,531.15,112063.67690224682,312233.8466,775.6,3100545,382.7270365,4.4
aluminum phosphide,[Al].[P],57.955299,2823.15,,,,,,,
"acetamide, 2-nitro-n-phenyl-",O=[N+]([O-])CC(O)=Nc1ccccc1,180.16072,366.65,665.2,158613.93093899713,,913.0617,4072508.6,,
myricetin,O=c1c(O)c(-c2cc(O)c(O)c(O)c2)oc2cc(O)cc(O)c12,318.2351,630.15,1199.45,189429.13588098864,,1496.8689,12854726,,
tetrahydrothiophene,C1CCSC1,88.17132,177.15,394.25,83360.43965316613,392623.5038612199,632,5400000,286.15,
"o,p'-methoxychlor",COc1ccc(C(c2ccccc2OC)C(Cl)(Cl)Cl)cc1,345.64810000000006,349.72,782.46,82540.59547846494,,1032.7987,1992984.7,,
cesium acetate,CC(=O)[O-].[Cs+],191.94947,467.15,,,,,,,
ag-g-87472,CCOc1ccc2c3c(ccc(OC)c13)C(=O)N(Cc1ccccc1)C2=O,361.3905600000001,712.39,995.28,110301.71900450304,,1246.4368,1872406.4,,
pybop,F[P-](F)(F)(F)(F)F.c1ccc2c(c1)nnn2O[P+](N1CCCC1)(N1CCCC1)N1CCCC1,520.3924612,429.65,,,,,,,
cetylpyridinium chloride,CCCCCCCCCCCCCCCC[n+]1ccccc1.[Cl-],339.98612,354.15,748.5,151773.84300276727,189120.95243200928,931.85796,1100812.9,,1.71
silver sulfate,O=S(=O)([O-])[O-].[Ag+].[Ag+],311.799,933.15,,57697.42686795019,,,,,
beta-sitosterol,CC[C@H](CC[C@@H](C)[C@H]1CC[C@H]2[C@@H]3CC=C4C[C@@H](O)CC[C@]4(C)[C@H]3CC[C@]12C)C(C)C,414.7067,413.15,992.9,91329.60716573909,,953,1120000,,
1-octadecene,C=CCCCCCCCCCCCCCCCC,252.47844,290.65,588.65,162770.33397386328,214518.8423829405,748,1300000,,
silver chlorate,[Ag+].[O-][Cl+2]([O-])[O-],191.3194,503.15,,,,,,,
jasmonyl acetate,CCCC=CCOC(=O)CC1CCCC1,210.31258,284.42,574.7,132811.83655300128,246415.1141915797,770.70866,2012703.8,,
ammonium metavanadate,[NH4+].[O-].[O].[O].[V],116.97816,473.15,,,,,,,
sodium metavanadate,[Na+].[O-].[O].[O].[V],121.92946999999998,903.15,,,,,,,
lithium sulfate,O=S(=O)([O-])[O-].[Li+].[Li+],109.9446,1133.15,,81859.40919335738,,,,,
coprosterol,CC(C)CCC[C@@H](C)[C@H]1CC[C@H]2[C@@H]3CC[C@@H]4C[C@@H](O)CC[C@]4(C)[C@H]3CC[C@]12C,388.66942,375.15,938.77,93796.93416580083,208640.43439509653,1157.6776,1041254.4,,
sodium hydrosulfide,[Na+].[SH-],56.06271,623.15,,,,,,,
tellurium tetrachloride,,269.41200000000003,497.15,660.15,70152.77715914657,216188.6650163117,1002,8560000,,
disilane,[SiH3][SiH3],62.21864,143.75,258.35,,330499.5988712934,432,5130000,,
xenon difluoride,F[Xe]F,169.2898064,409.15,387.5,99238.10746350998,230176.4428623545,631,9320000,,
vanadium tetrachloride,[Cl-].[Cl-].[Cl-].[Cl-].[V+4],192.7535,245.15,424.15,11932.33845299826,190652.2991008524,697,6030000,,
pentetic acid,O=C(O)CN(CCN(CC(=O)O)CC(=O)O)CCN(CC(=O)O)CC(=O)O,393.34652000000006,493.15,1284.79,233366.7525519229,376029.9988699704,1608.1911,2218707.3,,
uranium fluoride (uf5),[F-].[F-].[F-].[F-].[F-].[U+5],333.020926,621.15,,105098.5006269546,,,,,
tungsten(vi) chloride,[Cl-].[Cl-].[Cl-].[Cl-].[Cl-].[Cl-].[W+6],396.558,555.15,610.15,16870.167793866218,146544.44312934537,923,4975000,,
sulfur tetrafluoride,FS(F)(F)F,108.0586128,148.15,232.7,,196259.97370509309,364,5222000,,
sulfur monochloride,ClSSCl,135.036,196.15,410.15,91901.41888089104,279348.3218349332,659.37,6275000,391.48333,
"fumonisin b2, fusarium moniliforme",CCCCC(C)C(OC(=O)CC(CC(=O)O)C(=O)O)C(CC(C)CCCCCCC(O)CC(O)C(C)N)OC(=O)CC(CC(=O)O)C(=O)O,705.83056,1269.9,1928.93,162633.93299377686,262966.4908754285,4116.4712,691428.62,,
"2-{6-[(2-{5'-[6-hydroxy-6-(hydroxymethyl)-3,5-dimethyltetrahydro-2h-pyran-2-yl]-2,3'-dimethyloctahydro-2,2'-bifuran-5-yl}-9-methoxy-2,4,10-trimethyl-1,6-dioxaspiro[4.5]dec-7-yl)methyl]-3-methyltetrahydro-2h-pyran-2-yl}propanoic acid",COC1CC(CC2CCC(C)C(C(C)C(=O)O)O2)OC2(OC(C)(C3CCC(C)(C4OC(C5OC(O)(CO)C(C)CC5C)CC4C)O3)CC2C)C1C,724.9613200000001,1092.53,1673.49,152123.97814548228,114914.11606541568,2271.8991,646146.94,,
dichloroisoproterenol,CC(C)NCC(O)c1ccc(Cl)c(Cl)c1,248.14890000000003,408.51,403.15,113012.79191646627,315734.1810135518,911.65521,2695798.5,,3.32
3-amino-5-tert-butylpyrazole,CC(C)(C)c1cc(=N)[nH][nH]1,139.19822,350.15,559.54,150339.56612376223,,806.63084,4255158,,
"n,n-dimethyl-2,4-dinitroaniline",CN(C)c1ccc([N+](=O)[O-])cc1[N+](=O)[O-],211.17476,360.15,735.4,168021.97383816133,,997.82904,3615892.4,,
amithiozone,CC(O)=Nc1ccc(/C=N/NC(=N)S)cc1,236.29348,498.15,,,,,,,
"n,5-dimethyl-3-phenyl-6-quinoxalinamine",CNc1ccc2ncc(-c3ccccc3)nc2c1C,249.3104,588.92,505.05,146423.8956738267,368446.82821087074,1079.1738,2838386,,
ethopropazine,CCN(CC)C(C)CN1c2ccccc2Sc2ccccc21,312.47226,326.15,772.78,127083.28092868147,,999.33752,1892004,,4.77
trimethylsilyl cyanide,C[Si](C)(C)C#N,99.20646,284.15,391.65,,343319.58285012795,562.44411,2807548.6,,
brimonidine,Brc1c(NC2=NCCN2)ccc2nccnc12,292.1346,480.65,856.97,149290.7721,,1157.86,5220689,,
"benzenamine, 4-(1-methyl-1-phenylethyl)-n-phenyl-",CC(C)(c1ccccc1)c1ccc(Nc2ccccc2)cc1,287.39814,334.15,812.04,102871.22943801932,,1073.7846,2021763.9,,
mesoridazine,CN1CCCCC1CCN1c2ccccc2Sc2ccc(S(C)=O)cc21,386.57394,402.65,,,,,,,
nilvadipine,COC(=O)C1=C(C#N)NC(C)=C(C(=O)OC(C)C)C1c1cccc([N+](=O)[O-])c1,385.37066,422.15,1122.24,153133.09010083956,,1383.8255,1627222.5,,
bufuralol,CCc1cccc2cc(C(O)CNC(C)(C)C)oc12,261.35932,484.47,783.5,132327.40274959395,,990.98562,2171403.7,,3.5
st50405145,CN[C@@H](c1ccccc1)[C@@H](NC)c1ccccc1,240.3434,398.24,718.5,118289.08137273586,,953.73662,2379536,,
"titanium iodide (tii4), (t-4)-",[I-].[I-].[I-].[I-].[Ti+4],555.48488,428.15,650.15,35644.534555107966,105133.37464738917,1040,6088000,,
tetraiodomethane,IC(I)(I)I,519.62858,444.15,591.81,16465.607030313844,96342.06081,961.09,5228000,,
thallium oxide (tl2o),[O].[Tl].[Tl],424.766,852.15,1353.15,71333.39297401393,,,,,
sodium hydroxymethanesulfinate,O=S([O-])CO.[Na+],118.08749,336.15,,,,,,,
hemicholinium-3,C[N+]1(C)CCOC(O)(c2ccc(-c3ccc(C4(O)C[N+](C)(C)CCO4)cc3)cc2)C1.[Br-].[Br-],574.34576,453.15,,,,,,,
benzydamine,CN(C)CCCOc1nn(Cc2ccccc2)c2ccccc12,309.40542,433.15,804.94,145517.81284245118,,1030.3413,1964815.7,,
"2,2':5',2''-terthiophene",c1csc(-c2ccc(-c3cccs3)s2)c1,248.38692,365.9,692.38,89276.03756268647,,1001.2867,3940655.3,,5.57
bullvalene,C1=CC2C3C=CC1C=CC23,130.1864,368.65,445.7,143624.8333159224,296202.60620473244,666.2521,3509579.7,,
chlorosulfonyl isocyanate,O=C=NS(=O)(=O)Cl,141.5336,229.15,380.15,,270821.4015536098,551.6309,4551519.6,,
dibutyl terephthalate,CCCCOC(=O)c1ccc(C(=O)OCCCC)cc1,278.34348,289.15,713.78,142219.96505899832,,787.2,1694000,,5.53
rose bengal lactone,O=C1OC2(c3cc(I)c(O)c(I)c3Oc3c2cc(I)c(O)c3I)c2c(Cl)c(Cl)c(Cl)c(Cl)c21,973.67264,1254.5,1562.02,83217.90781755971,,1920.2592,2465364.1,,
demecarium bromide,CN(CCCCCCCCCCN(C)C(=O)Oc1cccc([N+](C)(C)C)c1)C(=O)Oc1cccc([N+](C)(C)C)c1.[Br-].[Br-],716.58768,437.65,,,,,,,
chlorothiazide,NS(=O)(=O)c1cc2c(cc1Cl)N=CNS2(=O)=O,295.72324000000003,623.15,,,,,,,-0.24
guanethidine,N=C(N)NCCN1CCCCCCC1,198.30848,499.15,690.95,,351812.5847175381,930.16869,2761356.1,,
oxtriphylline,C[N+](C)(C)CCO.Cn1c2ncnc-2c([O-])n(C)c1=O,283.32684,450.15,,,,,,,
methyl hydrogen sulfate,COS(=O)(=O)O,112.10506,243.15,,,,,,,
succinic anhydride,O=C1CCC(=O)O1,100.07276,392.65,534.15,203851.67751943687,566173.3257549445,811,6730000,419.4150797,
"3,4-diethylhexanedioyl dichloride",CCC(CC(=O)Cl)C(CC)CC(=O)Cl,239.13884,332.16,610.12,109568.14877917782,248502.5766506156,808.26115,2246131,,
"silane, tetrafluoro-",F[Si](F)(F)F,104.0791128,182.95,187.15,,142297.94958500506,259,3718627.5,,
4-(methylthio)benzonitrile,CSc1ccc(C#N)cc1,149.21287999999998,335.15,545.15,105647.7162025155,367594.9494896343,839.01605,3551534.9,,
aluminum iodide,[Al+3].[I-].[I-].[I-],407.694948,461.43,655.15,38999.74742880552,134883.7392158604,955,3595000,,
1302-81-4,[Al+3].[Al+3].[S-2].[S-2].[S-2],150.158076,1373.15,,439536.7985402264,,,,,
aluminum selenide,[Al+3].[Al+3].[Se-2].[Se-2].[Se-2],290.843076,1233.15,,,,,,,
bis(2-chloroethyl)ethylamine,CCN(CCCl)CCCl,170.08012,239.15,467.39,133531.1851849587,316739.3965113878,602.60523,2859675.7,,
trichlormethine,ClCCN(CCCl)CCCl,204.52518,335.4,461.61,131563.26277282825,206353.97455950463,646.55085,2749784.2,,
arsenic triselenide,[Se]=[As][Se][As]=[Se],386.7232,650.15,,105501.81628617056,,,,,
arsenous tribromide,Br[As](Br)Br,314.6336,304.25,494.15,37186.11108285956,146740.69932681383,789.01,6640000,,
arsenic(iii) chloride,Cl[As](Cl)Cl,181.2806,257.15,403.15,55714.731747357415,165659.09649315235,591,5260000,,
calcium arsenate,O=[As]([O-])([O-])[O-].O=[As]([O-])([O-])[O-].[Ca+2].[Ca+2].[Ca+2],398.0724,1728.15,,,,,,,
antimony trichloride,[Cl-].[Cl-].[Cl-].[Sb+3],228.11900000000003,346.55,493.45,56856.289918858136,178282.16533103725,794,4820000,,
zinc stearate,CCCCCCCCCCCCCCCCCC(=O)[O-].CCCCCCCCCCCCCCCCCC(=O)[O-].[Zn+2],632.3186000000001,403.15,,,,,,549.81667,
vanadium dichloride,[Cl-].[Cl-].[V+2],121.8475,1623.15,1183.15,287244.30127823714,,1918.64,,,
tralomethrin,CC1(C)[C@H](C(=O)O[C@H](C#N)c2cccc(Oc3ccccc3)c2)[C@@H]1C(Br)C(Br)(Br)Br,665.00716,416.15,1202.19,72406.73919962005,,1490.7315,1890359.2,,
4-nitrodiphenylamine,O=[N+]([O-])c1ccc(Nc2ccccc2)cc1,214.22,408.45,734.51,144659.6956399963,190698.7418595985,814,2870000,,3.74
testolactone,C[C@]12C=CC(=O)C=C1CC[C@@H]1[C@@H]2CC[C@]2(C)OC(=O)CC[C@@H]12,300.39206,491.15,803.51,78281.03046398763,,1054.3408,1944079,,
copper bromide (cubr2),[Br-].[Br-].[Cu+2],223.354,771.15,1173.15,,,,,,
mercury diiodide,[Hg+2].[I-].[I-],454.39894,529.15,624.15,34331.066001166284,127780.67489151856,1072,10000000,,
mercuriacetate,CC(=O)[O-].CC(=O)[O-].[Hg+2],318.67804,452.15,,,,,,,
indium trichloride,[Cl-].[Cl-].[Cl-].[In+3],221.177,856.15,928.15,122074.17588628113,,,,,
potassium acetate,CC(=O)[O-].[K+],98.14232,582.15,,77948.02486837482,,,,,
potassium iodate,[K+].[O-][I+2]([O-])[O-],214.00097,833.15,,,,,,,
"3,6-dihydroxyflavone",O=c1c(O)c(-c2ccccc2)oc2ccc(O)cc12,254.2375,506.15,876.97,146127.14489404592,,1158.7407,4577740.1,,
potassium thiocyanate,N#C[S-].[K+],97.1807,446.15,,,,,,,
lithium metaborate,O=B[O-].[Li+],49.7508,1117.15,,,,,,,
sodium cyanoborohydride,[B]=C=[N-].[Na+],59.81817,458.15,,,,,,,
sodium formate,O=C[O-].[Na+],68.00721,530.45,,260266.5217408565,,,,,
sodium iodate,[Na+].[O-][I+2]([O-])[O-],197.89244,695.15,,177369.07989006554,,,,,
sodium thiocyanate,N#C[S-].[Na+],81.07217,560.15,,,,,,,
nickel carbonate,O=C([O-])[O-].[Ni+2],118.7023,543.15,,,,,,,
zirconium silicate,[O-][Si]([O-])([O-])[O-].[Zr+4],183.3071,2823.15,,,,,,,
zirconium fluoride,[F-].[F-].[F-].[F-].[Zr+4],167.21761279999998,1183.15,1185.15,364794.10857849545,1395439.724940877,1553.38,22535000,,
zirconium iodide,[I-].[I-].[I-].[I-].[Zr+4],598.8418800000001,773.15,704.15,53436.47642011944,86253.09058952668,960,9457000,,
firefly luciferin,O=C1C=Cc2n/c(=C3\NC(C(=O)O)CS3)sc2=C1,280.32282,883.84,929.99,146388.36752569771,,1229.4336,4621411.6,,
557-21-1,[C-]#N.[C-]#N.[Zn+2],117.4148,1073.15,,,,,,,
7783-49-5,[F-].[F-].[Zn+2],103.3768064,1145.15,1773.15,386933.9883186796,2198910.171644416,2882.98,23773000,,
zinc nitrate,O=[N+]([O-])[O-].O=[N+]([O-])[O-].[Zn+2],189.3898,255.15,,,,,,,
potassium sulfide,[K].[K].[S],110.2616,1221.15,,146469.8498842752,,,,,
5-tert-butyl-o-anisidine,COc1cc(C(C)(C)C)ccc1N,179.25878000000003,373.1,479.15,91934.13008835605,288068.28391544166,804.82125,2729707.6,,
yttrium fluoride,[F-].[F-].[F-].[Y+3],145.9010596,1428.15,,191225.4789409357,,,,,
yttrium trichloride,[Cl-].[Cl-].[Cl-].[Y+3],195.26485,994.15,1755.15,161319.3567608302,,,,,
yttrium tribromide,[Br-].[Br-].[Br-].[Y+3],328.61785,1177.15,,,,,,,
ytterbium fluoride,[F-].[F-].[F-].[Yb+3],230.0492096,1430.15,,,,,,,
ytterbium chloride,[Cl-].[Cl-].[Cl-].[Yb+3],279.413,1127.15,,126694.17672048186,,,,,
titanium(ii) chloride,[Cl-].[Cl-].[Ti+2],118.773,1308.15,1773.15,288786.1719414345,2056520.6866716207,2906.02,33586000,,
fucostanol,CC[C@H](CC[C@@H](C)[C@H]1CC[C@H]2[C@@H]3CC[C@H]4C[C@@H](O)CC[C@]4(C)[C@H]3CC[C@]12C)C(C)C,416.72258,417.15,984.09,91458.92694,195154.7914147419,1207.9725,927808.26,,
cesium carbonate,O=C([O-])[O-].[Cs+].[Cs+],325.8198,1066.15,,95144.61675,,,,,
hypobromous acid,OBr,96.91134,210.38,357.94,52924.66289,420163.2769540417,541.7569,8950556.2,,
1-(5-methyl-1-phenyl-1h-pyrazol-4-yl)ethanone,CC(=O)c1cnn(-c2ccccc2)c1C,200.23648,380.65,644.81,136163.99968677037,,886.30654,3276530.3,,
"3-ethylamino-5h-pyrido(4,3-b)indole",CCN=c1cc2[nH]c3ccccc3c2c[nH]1,211.26242,585.12,720.63,177182.48233642313,,974.30699,3472452.5,,
cadmium iodide,[Cd+2].[I-].[I-],366.21994,661.15,1017.15,41778.17297441532,341757.27294546686,1741.29,14359000,,
chlorbenside,Clc1ccc(CSc2ccc(Cl)cc2)cc1,269.18949999999995,348.15,704,108674.37251452976,,975.06407,2796513.6,,
chlorfenapyr,CCOCn1c(-c2ccc(Cl)cc2)c(C#N)c(Br)c1C(F)(F)F,407.6128496,373.65,843.49,100911.93160462134,,1068.2305,1940654.8,,4.83
iodobenzene,Ic1ccccc1,204.00837,242.15,461.65,47792.15676297987,200311.1796891071,721,4519095,347.59,3.28
"2,3-diazabicyclo[2.2.2]octane,2,3-diphenyl-",c1ccc(N2C3CCC(CC3)N2c2ccccc2)cc1,264.3648,446.28,703.16,123957.50114992616,,947.78967,2431443,,
spectinomycin,CN[C@@H]1[C@H](O)[C@H](NC)[C@H]2O[C@@]3(O)C(=O)C[C@@H](C)O[C@H]3O[C@@H]2[C@H]1O,332.34956,458.15,1059.26,186424.1974624549,433997.7836638288,1297.0132,2799473.7,,
perindopril,CCC[C@H](N[C@@H](C)C(=O)N1[C@H](C(=O)O)C[C@@H]2CCCC[C@@H]21)C(=O)OCC,368.46778,636.48,971,150059.25348479586,275419.3345407416,1192.8014,1501149.7,,
sodium methylate,C[O-].[Na+],54.02369,573.15,,,,,,,
symclosene,O=c1n(Cl)c(=O)n(Cl)c(=O)n1Cl,232.4094,522.15,632.72,89385.36909436538,317581.2789810547,881.8173,5446548.9,,
α-phenyl-4-morpholineacetonitrile,N#CC(c1ccccc1)N1CCOCC1,202.25236,340.65,661.82,112354.68401950908,,906.50836,2909246.6,,
estropipate,C1CNCCN1.C[C@]12CC[C@@H]3c4ccc(OS(=O)(=O)O)cc4CC[C@H]3[C@@H]1CCC2=O,436.56488,463.15,,,,,,,
tebufenozide,CCc1ccc(C(=O)NN(C(=O)c2cc(C)cc(C)c2)C(C)(C)C)cc1,352.46992000000006,464.15,938.38,123570.82839863324,,1169.8088,1529461.5,,4.25
enoxacin,CCn1cc(C(=O)O)c(=O)c2cc(F)c(N3CCNCC3)nc21,320.3188832,495.15,959.65,161539.0247464499,,1207.1206,2847480.9,,-0.2
"1,8-dihydroxy-4,5-bis(hydroxyamino)anthraquinone",O=C1c2c(O)ccc(NO)c2C(=O)c2c(NO)ccc(O)c21,302.239,963,1181.92,154400.98729813163,,1447.964,6461885.2,,
azelastine,CN1CCCC(n2nc(Cc3ccc(Cl)cc3)c3ccccc3c2=O)CC1,381.89846,693.04,985.21,116939.46081898312,,1249.8775,1867554.5,,
"1,1-diphenyl-2-thiourea",N=C(S)N(c1ccccc1)c1ccccc1,228.31278,485.15,,,,,,,
pentafluoroiodoethane,FC(F)(F)C(F)(F)I,245.917886,178.15,286.15,24048.677776938923,87743.24204844651,504.19148,3815103.3,,
dsp 4,CCN(CCCl)Cc1ccccc1Br,276.6005,374.86,598.97,109909.41809577352,,817.93008,2690208.5,,
glycomul s,CCCCCCCCCCCCCCCCCC(=O)OCC(O)[C@H]1OC[C@@H](O)[C@@H]1O,430.61844,329.15,1115.93,174358.53420489843,192993.16042012043,1433.7104,1022036.7,,
perfluoroethanamine,FN(F)C(F)(F)C(F)(F)F,171.0169224,90.2,238.85,62502.58658613307,115985.62898809442,363.94622,3505425.2,,
platinum(ii) chloride,[Cl-].[Cl-].[Pt+2],265.98400000000004,854.15,,,,,,,
4-sec-butyl-2-(1-phenylethyl)phenol,CCC(C)c1ccc(O)c(C(C)c2ccccc2)c1,254.36668,439.7,749.52,113245.96444785928,,988.30761,2195893,,
thionyl bromide,O=S(Br)Br,207.8724,221.15,413.15,,183797.5766921006,661.75,6489000,,
seleninyl chloride,O=[Se](Cl)Cl,165.8654,281.65,450.15,,271277.91073704493,730,7090000,,
guanabenz,N=C(N)NN=Cc1c(Cl)cccc1Cl,231.08192,501.15,777.86,,,,,,
2-toluenesulfonic acid,Cc1ccccc1S(=O)(=O)O,172.20162,340.65,401.95,,207312.51410718213,567.15902,2667024.2,,
ethoxzolamide,CCOc1ccc2nc(S(N)(=O)=O)sc2c1,258.3173,462.15,,,,,,,2.01
o-tolylthiourea,Cc1ccccc1NC(=N)S,166.24339999999998,435.15,,,,,,,
thiamphenicol,CS(=O)(=O)c1ccc([C@@H](O)[C@@H](CO)N=C(O)C(Cl)Cl)cc1,356.2222,438.45,,,,,,,
cobalt(ii) oxide,[Co].[O],74.9326,2103.15,,,,,,,
cobalt(ii) oxide,[Co].[O],74.9326,2103.15,,,,,,,
epichlorohydrin,ClCC1CO1,92.5242,216.05,391.05,149550.0636590211,363905.4746244414,610,4900077,301.15,0.45
vinylsilane,C=C[SiH3],58.15454,101.55,250.35,,,,,,
"6-methoxy-2,3-dimethylquinoxalin-5-amine",COc1ccc2nc(C)c(C)nc2c1N,203.24042,571.5,719.21,149630.66893878687,,973.92928,3395982.4,,
"trans,trans,trans-1,5,9-cyclododecatriene",C1=C/CC/C=C/CC/C=C/CC/1,162.27132,307.15,510.7,53404.38470581246,,769.76517,2847480.9,,
dipropylene glycol,CCC(O)OC(O)CC,134.17356,271.25,504.15,101465.59426462262,532789.1014962057,705,3400000,391,
homatropine,CN1[C@@H]2CC[C@H]1CC(OC(=O)C(O)c1ccccc1)C2,275.34284,372.65,767.84,125055.00415409384,,979.33123,2338293,,
cresol red,Cc1cc(C2(c3ccc(O)c(C)c3)OS(=O)(=O)c3ccccc32)ccc1O,382.42962,573.15,,,,,,,
btpaba,O=C(O)c1ccc(NC(=O)C(Cc2ccc(O)cc2)N=C(O)c2ccccc2)cc1,404.4153,514.15,1244.63,155431.80487978572,,1525.5712,2379536,,
dl-α-tocopherol,Cc1c(C)c2c(c(C)c1O)CCC(C)(CCCC(C)CCCC(C)CCCC(C)C)O2,430.7061,624.7,1027.22,130671.47179944746,,1257.6725,882091.76,,
gallium tribromide,[Br-].[Br-].[Br-].[Ga+3],309.435,396.15,552.15,37810.84880508023,125712.99303569407,806.7,,,
gallium(iii) iodide,[Ga+3].[I-].[I-].[I-],450.43641,485.15,613.15,28638.89267,125433.90974988011,951,,,
12024-21-4,[Ga].[Ga].[O].[O].[O],187.4442,2080.15,,533492.1005824667,,,,,
gadolinia,[Gd+3].[Gd+3].[O-2].[O-2].[O-2],362.4982,2698.15,4173.15,165518.06326210723,,,,,
hafnium oxide,[Hf].[O].[O],210.4888,3073.15,5673.15,456081.2736829703,,7180.0485,125302020,,
india,[In+3].[In+3].[O-2].[O-2].[O-2],277.6342,2185.15,3573.15,378195.4816805711,,,,,
indium sulfide(2:3),[In+3].[In+3].[S-2].[S-2].[S-2],325.831,965.15,,110486.72471311816,,,,,
lanthanum chloride (lacl3),[Cl-].[Cl-].[Cl-].[La+3],245.2645,1131.15,,221801.36138740013,,,,,
lead fluoride,[F-].[F-].[Pb+2],245.1968064,1103.15,1566.15,59951.8412,797650.6895080155,2550.73,21033000,,
lithium molybdate,[Li+].[Li+].[Mo].[O-].[O-].[O].[O],173.8396,975.15,,,,,,,
"bicyclo[2.2.2]octa-2,5,7-triene",C1=CC2C=CC1C=C2,104.14912,211.04,402.14,117254.95136204704,331288.74678340007,619.05117,4067315.7,,
trans-crotonaldehyde,C/C=C/C=O,70.08984,196.55,375.35,122799.53842097516,476984.9974179855,569,4250000,286.15,
rhenium heptoxide,[O].[O].[O].[O].[O].[O].[O].[Re].[Re],484.4098,600.15,633.15,135628.96539252508,109939.43599034204,942,8535000,,
samarium fluoride,[F-].[F-].[F-].[Sm+3],207.3552096,1579.15,,,,,,,
selenium tetrafluoride,F[Se](F)(F)F,154.95361279999997,263.65,374.75,,238283.9453071102,608.64,8560000,,
"silane, tetraiodo-",I[Si](I)(I)I,535.70338,393.65,560.5,36774.08195557773,80898.72448369412,944,5054000,,
silicon disulfide,S=[Si]=S,92.2155,1363.15,1363.15,,1871110.8579323124,2243.489,23926758,,
trisodium hexafluoroaluminate,[Al+3].[F-].[F-].[F-].[F-].[F-].[F-].[Na+].[Na+].[Na+],209.9412672,1286.15,,544914.3063951173,,,,,
sodium telluride,[Na].[Na].[Te],173.57954,1308.15,,,,,,,
strontium hexaboride,[B].[B].[B].[B].[B].[B].[Sr],152.486,2508.15,,,,,,,
strontium nitrate,O=[N+]([O-])[O-].O=[N+]([O-])[O-].[Sr+2],211.6298,843.15,918.15,210745.3676,,,,,
tantalum pentafluoride,[F-].[F-].[F-].[F-].[F-].[Ta+5],275.939916,370.05,502.65,43487.72795886479,206204.3100716172,787.96,,,
terbium(3+) tribromide,[Br-].[Br-].[Br-].[Tb+3],398.63734,1103.15,1763.15,79019.19072608702,,,,,
trichloroterbium,[Cl-].[Cl-].[Cl-].[Tb+3],265.28434000000004,855.15,,73506.03507165179,,,,,
thallium bromide (tlbr),[Br-].[Tl+],284.2873,733.15,1092.15,57688.12043309709,437957.8933529598,1778.75,14668000,,
thallium monochloride,[Cl-].[Tl+],239.8363,704.15,993.15,64877.58525294128,426123.9854017095,,,,
thallium carbonate,O=C([O-])[O-].[Tl+].[Tl+],468.7755,546.15,,38397.91115363324,,,,,
1314-32-5,[O].[O].[O].[Tl].[Tl],456.7648,1107.15,1169.15,116033.45967114804,,,,,
tin sulfide (sns2),[S].[S].[Sn],182.831,1143.15,,,,,,,
titanium fluoride (tif3),[F-].[F-].[F-].[Ti+3],104.8622096,573.15,1673.15,,,2716.12,43133000,,
p-laurylacetophenone,CCCCCCCCCCCCc1ccc(C(C)=O)cc1,288.46748,320.65,742.73,148394.54346812336,,934.01983,1313701.2,,
13-cis-etretinate,CCOC(=O)/C=C(C)\C=C\C=C(C)\C=C\c1c(C)cc(OC)c(C)c1C,354.4825,441.79,869.48,145440.18393009529,,1083.4291,1149874.5,,
2-(2-ethylhexyloxy)-2-phenylacetophenone,CCCC[C@@H](CC)CO[C@H](C(=O)c1ccccc1)c1ccccc1,324.45652000000007,432.7,831.73,112677.65554534084,,1051.9018,1472486,,
"1,4-bis(triethylammonium)butane dibromide",CC[N+](CC)(CC)CCCC[N+](CC)(CC)CC.[Br-].[Br-],418.29432,552.15,,,,,,,
hexanitrohexaazaisowurtzitane,O=[N+]([O-])N1C2C3N([N+](=O)[O-])C1C1N([N+](=O)[O-])C(C(N1[N+](=O)[O-])N3[N+](=O)[O-])N2[N+](=O)[O-],438.18504,523.15,1314.56,239328.11581153024,,1613.5158,4890214.7,,
rosaramicin,CCC1OC(=O)CC(O)C(C)C(OC2OC(C)CC(N(C)C)C2O)C(CC=O)CC(C)C(=O)/C=C/C2(C)OC2C1C,581.73794,393.65,1380.86,146794.62027180142,160028.91153796038,1761.1994,820071.14,,2.19
4-(tetradecyloxy)benzoic acid,CCCCCCCCCCCCCCOc1ccc(C(=O)O)cc1,334.49286,369,879.67,164813.68242060533,,1082.632,1234611.2,,
isobutylamine,CC(C)CN,73.13683999999999,188.15,341.95,106512.66858125126,397985.1798,516,4255650,253.15,0.73
methyllithium,[CH3-].[Li+],21.97552,343.65,,,,,,,
titanium tetrabromide,[Br-].[Br-].[Br-].[Br-].[Ti+4],367.483,311.45,506.65,35103.664659317576,120740.2791421644,795.7,5713000,,
tris(pentafluorophenyl)borane,Fc1c(F)c(F)c(B(c2c(F)c(F)c(F)c(F)c2F)c2c(F)c(F)c(F)c(F)c2F)c(F)c1F,511.979648,401.15,,,,,,,
triethyloxonium tetrafluoroborate,CC[O+](CC)CC.F[B-](F)(F)F,189.9873128,365.15,,,,,,,
hexadecyltrimethylammonium chloride,CCCCCCCCCCCCCCCC[N+](C)(C)C.[Cl-],319.99648,343.15,355.35,,70224.18417,437.37252,607616.41,,3.23
thallium azide (tl(n3)),[N]N=[N-].[Tl+],246.4034,607.15,,,,,,,
gliclazide,Cc1ccc(S(=O)(=O)NC(O)=NN2CC3CCCC3C2)cc1,323.41054,454.15,,,,,,,
titanium oxide (ti2o3),[O].[O].[O].[Ti].[Ti],143.73219999999998,2115.15,,727742.2873928043,,,,,
12039-88-2,[Si].[Si].[W],240.011,2433.15,,,,,,,
methoxyflurane,COC(F)(F)C(Cl)Cl,164.96606640000002,238.15,378.15,50501.29509543788,222399.0222845233,539.22333,3628973.7,,2.21
ac1o5brm,C=C(C)c1ccccc1.C=CC(=O)OC.C=Cc1ccccc1,308.41406,336.88,784.38,99603.11147941828,,1023.2726,1465728.9,,
semicarbazide,N=C(O)NN,75.06989999999999,369.15,471.58,205648.3358,735517.3989569901,690.90171,7915300,,
5-bromo-2'-deoxyuridine,O=c1nc(O)c(Br)cn1[C@H]1C[C@H](O)[C@@H](CO)O1,307.09804,465.65,909.65,136474.3324314281,,1139.6638,5123977.2,,-0.29
ethanamine; nitric acid,CCN.O=[N+]([O-])O,108.09652,281.15,513.15,,553072.4507420516,720.64893,5738620.7,,
gallamine triethiodide,CC[N+](CC)(CC)CCOc1cccc(OCC[N+](CC)(CC)CC)c1OCC[N+](CC)(CC)CC.[I-].[I-].[I-],891.52911,420.65,,,,,,,
nickel dihydroxide,[Ni+2].[OH-].[OH-],92.70808,503.15,,,,,,,
cadmium nitrate,O=[N+]([O-])[O-].O=[N+]([O-])[O-].[Cd+2],236.4208,633.15,,77404.35698,,,,,
iron[iii] nitrate,O.O.O.O.O.O.O.O.O.O=[N+]([O-])[O-].O=[N+]([O-])[O-].O=[N+]([O-])[O-].[Fe+3],403.99722,320.15,,,,,,,
75680-27-2,C=C1C(=O)O[C@@H]2/C=C(/C)[C@@]3(O)C[C@H](O)[C@@](C)(C[C@@H](OC(=O)/C(C)=C\C)[C@@H]12)O3,378.41624,634.29,1011.79,131434.63398928122,300928.60513227404,1239.4492,1736111.1,,
tetramethylenedisulfotetramine,O=S1(=O)N2CN3CN1CN(C2)S3(=O)=O,240.26072,526.15,,,,,,,
zinc phosphate,O=P([O-])([O-])[O-].O=P([O-])([O-])[O-].[Zn+2].[Zn+2].[Zn+2],386.082722,1173.15,,,,,,,
ytterbium dichloride,[Cl-].[Cl-].[Yb+2],243.96,994.15,2306.15,,,,,,
"xenon fluoride oxide (xef4o), (sp-5-21)-",O=[Xe](F)(F)(F)F,223.2860128,226.95,,,,,,,
tungsten dioxide,[O].[O].[W],215.8388,1823.15,2003.15,,1495997.9411834192,3175.0773,55182122,,
tungsten ditelluride,[Te].[Te].[W],439.04,1293.15,,,,,,,
tungsten pentabromide,[Br-].[Br-].[Br-].[Br-].[Br-].[W+5],583.36,559.15,606.15,29484.366428963247,102332.30958352408,923.75,5775000,,
pentachlorotungsten,[Cl-].[Cl-].[Cl-].[Cl-].[Cl-].[W+5],361.105,526.15,559.15,57047.11926,145626.82670311804,861.73,5361000,,
"tungsten chloride oxide (wcl2o2), (t-4)-",[Cl-].[Cl-].[O].[O].[W+2],286.7448,538.15,500.15,,,,,,
tungsten tetrabromide monoxide,Br.Br.Br.Br.[O].[W],523.48716,550.15,600.15,,118469.98013221916,903.22,6222000,,
tungsten chloride oxide (wcl4o),[Cl-].[Cl-].[Cl-].[Cl-].[O].[W+4],341.6514,483.15,503.15,55026.84900457016,134961.1209,782,5213000,,
tungsten fluoride oxide,F.F.F.F.[O].[W],279.8647728,378.15,459.05,21438.925449498376,180456.26785431907,707.67,8988000,,
12004-76-1,[Al].[Al].[Al].[Ta],261.892514,1673.15,,,,,,,
tantalum bromide (tabr5),[Br-].[Br-].[Br-].[Br-].[Br-].[Ta+5],580.4679,513.15,621.95,64947.6052,107327.2096527646,974,,,
tantalum nitride,[N].[Ta],194.9546,3363.15,,34366.97569587996,,,,,
terbium iodide (tbi3),[I-].[I-].[I-].[Tb+3],539.6387500000001,1228.15,,,,,,,
terbium(iii) oxide,[O].[O].[O].[Tb].[Tb],365.84888,2576.15,,,,,,,
tellurium tetrabromide,,447.216,653.15,,55230.58209008622,,,,,
tellurium tetraiodide,I[Te](I)(I)#I,635.21788,553.15,,,,,,,
bis-tris,OCCN(CCO)C(CO)(CO)CO,209.24016,377.15,852.75,155433.83258739623,642760.7102285308,1046.4743,4391587.3,,
"1a,2,7,7a-tetrahydro-3,6-dimethoxynaphth[2,3-b]oxirene",COc1ccc(OC)c2c1CC1OC1C2,206.23776,405.65,596.78,137874.84891224574,,816.37082,2793558.3,,
thorium chloride,[Cl-].[Cl-].[Cl-].[Cl-].[Th+4],373.8501,1043.15,1194.15,117426.74403457428,391600.8047075553,,,,
tetrafluorothorium,[F-].[F-].[F-].[F-].[Th+4],308.0317128,1383.15,1953.15,135700.31351655038,837576.0977815789,,,,
thorium iodide (thi4),[I-].[I-].[I-].[I-].[Th+4],739.65598,839.15,1110.15,65030.23202759748,,,,,
dithioxothorium,[S].[S].[Th],296.1681,2178.15,,,,,,,
titanium oxide (ti3o5),[O].[Ti],63.8664,2050.15,,,,,,,
titanium tetrafluoride,[F-].[F-].[F-].[F-].[Ti+4],123.86061279999998,650.15,,331017.2545828064,,,,,
titanium silicide,[Si].[Si].[Ti],104.038,1773.15,,,,,,,
phosphanylidynetitanium,[P].[Ti],78.840761,2263.15,,,,,,,
5697-56-3,CC1(C(=O)O)CCC2(C)CCC3(C)C(=CC(=O)C4C5(C)CCC(OC(=O)CCC(=O)O)C(C)(C)C5CCC43C)C2C1,570.7565999999999,565.65,1440.4,91730.87091765564,203197.55285855845,1775.7478,911081.29,,
genipin,COC(=O)C1=CO[C@@H](O)[C@@H]2C(CO)=CC[C@H]12,226.22586,393.65,750.71,165661.87437634228,431175.3023637089,945.76088,3265306.1,,
1-(2-chloroethyl)-3-(3-chlorophenyl)urea,OC(=NCCCl)Nc1cccc(Cl)c1,233.0945,372.15,666.25,141183.08239791158,,892.5914,3261577.5,,
4-(2-(2-(2-methyl-1-propenyl)-5-nitro-1h-imidazol-1-yl)ethyl)morpholine,CC(C)=Cc1ncc([N+](=O)[O-])n1CCN1CCOCC1,280.3229,584.25,802.36,172415.45374994338,,1043.7695,2587217.7,,
antimony bromide,[Br-].[Br-].[Br-].[Sb+3],361.472,370.15,561.15,40390.40368271955,142807.1450102784,904,7362000,,
antimony triiodide,[I-].[I-].[I-].[Sb+3],502.47341,444.15,673.15,45375.53539400224,134634.11470666094,1102,9054000,,
seleninyl bromide,O=[Se](Br)Br,254.7674,314.75,490.15,,196461.23749210808,771.0535,7920411.6,,
samarium dichloride,[Cl-].[Cl-].[Sm+2],221.266,1128.15,,,,,,,
samaria,[O-2].[O-2].[O-2].[Sm+3].[Sm+3],348.7182,2608.15,4053.15,341249.75409944187,,,,,
12067-22-0,[S-2].[S-2].[S-2].[Sm+3].[Sm+3],396.915,1993.15,,,,,,,
tin(ii) bromide,[Br-].[Br-].[Sn+2],278.509,505.15,912.15,64629.86833459601,376673.8820678738,1466.09,13911000,,
octadecyltrichlorosilane,CCCCCCCCCCCCCCCCCC[Si](Cl)(Cl)Cl,387.93088,293.15,496.15,,94523.15286,609.08935,763769.58,,
rotoxamina,CN(C)CCO[C@@H](c1ccc(Cl)cc1)c1ccccn1,290.78786,476.6,749.57,120053.15490130847,,986.62288,2155304.3,,
alum ammonium,N.O=S(=O)([O-])O.O=S(=O)([O-])[O-].[Al+3],237.145198,367.65,,,,,,,
1-azetidinamine,NN1CCC1,72.10902,261.48,364.62,122148.38032745416,491991.73715598014,562.99921,6027931,,
"2-chloro-9,10-bis(phenylethynyl)anthracene",Clc1ccc2c(C#Cc3ccccc3)c3ccccc3c(C#Cc3ccccc3)c2c1,412.90898,499.65,1079.35,141682.55677074398,,1386.574,1747743.3,,
"naphtho[2,1-c]phenanthro[4,3-g]phenanthrene",c1ccc2c(c1)ccc1ccc3ccc4ccc5ccc6ccc7ccccc7c6c5c4c3c12,428.5226,803.38,1166.94,127545.1983162615,,1453.5669,1567232.1,,
"1,2-bis[2,3,5-trichloro-6-[(pentyloxy)carbonyl]phenyl] ethanedioate",CCCCCOC(=O)c1c(Cl)cc(Cl)c(Cl)c1OC(=O)C(=O)Oc1c(Cl)c(Cl)cc(Cl)c1C(=O)OCCCCC,677.18196,351.15,1345.14,133972.85420893374,,1672.3746,878435.43,,
boc-ala-ome,COC(=O)[C@H](C)N=C(O)OC(C)(C)C,203.23558,315.93,568.46,108081.46880580654,273277.23538785096,760.44904,2421879.8,,
azinphos-methyl,COP(=S)(OC)SCn1nnc2ccccc2c1=O,317.324341,345.65,,,,,,,2.75
ammonium hexachloroplatinate(iv),Cl.Cl.N.N.[Cl-].[Cl-].[Cl-].[Cl-].[Pt+4],443.87292,653.15,,,,,,,
lithium amide,[Li+].[NH2-],22.96358,653.15,,,,,,,
"benzene, 1-methoxy-2-(3-methoxyphenoxy)-",COc1cccc(Oc2ccccc2OC)c1,230.25916,392.11,600.65,99383.66838478867,175741.80723793828,881.68835,2548185.6,,
carbonyl fluoride,O=C(F)F,66.00690639999999,161.95,188.65,92490.32158853005,256930.3202162613,297,5760000,,
dipropyl phthalate,CCCOC(=O)c1ccccc1C(=O)OCCC,250.29032,242.15,592.15,137464.36538176946,242677.18257225087,784,1900000,,3.27
"1,4-dihydroxy-2-((2-methoxyethyl)amino)anthraquinone",COCCNc1cc(O)c2c(c1O)C(=O)c1ccccc1C2=O,313.3047,832.22,1033.47,136410.33792343366,,1295.6407,3337381.6,,
"acetic acid, 2-propenyl ester, polymer with ethenylbenzene and 2-propen-1-ol",C=CCO.C=CCOC(C)=O.C=Cc1ccccc1,262.34408,328.89,735.6,111022.13550997608,,937.99491,1771361.2,,
iodine monochloride,ClI,162.35747,300.53,330.17,71447.28234555514,171938.5051388756,549.92111,6132226.8,,
3-cyclohexene-1-carboxaldehyde,O=CC1CC=CCC1,110.1537,275.15,437.15,83810.16706656246,355017.6066,655,4030000,319.4088869,
formanilide,OC=Nc1ccccc1,121.13658,320.15,544.15,,441151.3239,787,4110000,,1.15
2-mercaptobenzimidazole,Sc1nc2ccccc2[nH]1,150.20094,576.15,,,,,,,1.66
germania,O=[Ge]=O,104.6388,1389.15,1473.15,120414.22493377216,2184848.782762239,2251.359,34305216,,
nitrosourea,N=C(O)N=NO,89.05342,384.3,462.45,,605498.0538649949,666.66624,6956033,,
"(3,4-dimethoxyphenyl)acetyl chloride",COc1ccc(CC(=O)Cl)cc1OC,214.64554,378.23,601.18,107577.3575,,817.79333,2814344.7,,
dhea sulfate,C[C@]12CC[C@H](OS(=O)(=O)O)CC1=CC[C@@H]1[C@@H]2CC[C@]2(C)C(=O)CC[C@@H]12,368.4876200000001,464.15,495.15,,96369.65614084422,654.31244,1118895.4,,
(-)-trans-resmethrin,CC(C)=C[C@@H]1[C@@H](C(=O)OCc2ccc(Cc3ccccc3)o2)C1(C)C,338.44004,489.04,844.72,137471.91378419643,,1075.3742,1499987.1,,
bromine chloride,ClBr,115.357,207.15,303.19,45406.86737692555,237708.7615,499.98305,7109361.9,,
"(10-methoxy-1,6-dimethylergolin-8-yl)methyl 5-bromonicotinate",COC12CC(COC(=O)c3cncc(Br)c3)CN(C)C1Cc1cn(C)c3cccc2c13,484.38554,410.15,1062.73,119518.43153699428,,1316.8811,1707533.6,,
1-methyl-1-[4-(1-methylethyl)phenyl]ethyl hydroperoxide,CC(C)c1ccc(C(C)(C)OO)cc1,194.27012,306.65,616.75,76321.56710460673,332313.64377283846,810,2490000,,
trilinolein,CCCCC/C=C\C/C=C\CCCCCCCC(=O)OCC(COC(=O)CCCCCCC/C=C\C/C=C\CCCCC)OC(=O)CCCCCCC/C=C\C/C=C\CCCCC,879.3844200000001,268.65,1702.94,175329.46512743537,188273.7829567987,3665.6736,247610.4,,
(2e)-2-pentenenitrile,CC/C=C/C#N,81.11578,206.02,417.85,128384.3908053402,464143.47688262345,620.87113,3581352.8,,
benzenethiol,Sc1ccccc1,110.17684,258.15,442.25,104196.1268811122,359162.16641765164,685,4600155,328.15,2.52
4-mercaptopyridine,S=c1cc[nH]cc1,111.1649,450.15,,,,,,,
ethyl 2-amino-4-thiazolecarboxylate,CCOC(=O)c1csc(=N)[nH]1,172.20492,445.15,602.51,,,,,,
4-methyldibenzothiophene,Cc1cccc2c1sc1ccccc12,198.2835,339.65,571.15,107230.30408480788,217683.6678668196,904.1,3378000,,
rhodamine 123,COC(=O)c1ccccc1-c1c2ccc(=N)cc-2oc2cc(N)ccc12.Cl,380.82428,755.86,1065.08,144336.91045119287,,1336.345,2171403.7,,
acetylglucosamine,CC(O)=N[C@@H](C=O)[C@@H](O)[C@H](O)[C@H](O)CO,221.2078,478.15,967,,,1189.4228,4328254.8,,
"1,1'-azobis(cyanocyclohexane)",N#CC1(N=NC2(C#N)CCCCC2)CCCCC1,244.3354,389.15,912.86,,345240.3627933702,1190.674,1774347.1,,
diethylzinc,[CH2-]C.[CH2-]C.[Zn+2],123.5022,245.15,406.15,,,,,,
tolfenamic acid,Cc1c(Cl)cccc1Nc1ccccc1C(=O)O,261.70358,480.4,821.33,146616.25951009154,,1069.1198,2829334.5,,5.17
diphenylmethane,c1ccc(Cc2ccccc2)cc1,168.23438,298.25,537.35,110560.04129476984,292897.8053729869,760,2710000,,4.14
"3,5-di-t-butyl-4-hydroxybenzyl ether",CC(C)(C)c1cc(COCc2cc(C(C)(C)C)c(O)c(C(C)(C)C)c2)cc(C(C)(C)C)c1O,454.68444,408.7,1130.02,94747.02939,,1385.7466,1014886.3,,
α-butylidenebenzeneacetonitrile,CCCC=C(C#N)c1ccccc1,171.23832,297.37,606.96,124242.05049430524,,835.86607,2482591.4,,
pantethine,CC(C)(CO)C(O)C(O)=NCCC(O)=NCCSSCCN=C(O)CCN=C(O)C(O)C(C)(C)CO,554.7208800000001,1034.98,1618.06,148301.6107127606,177274.05410542092,2461.4303,1514027.5,,
(+)-bulbocapnine,COc1ccc2c(c1O)-c1c3c(cc4c1C(C2)N(C)CC4)OCO3.Cl,361.8194,734.3,946.09,153783.90434564868,,1196.2418,2345092,,
"1,1-dichloro-1,2,2-trifluoroethane",FC(F)C(F)(Cl)Cl,152.9305496,161.33,303.35,49911.54494615116,169328.4681050373,462,3610000,,
lomustine,O=NN(CCCl)C(O)=NC1CCCCC1,233.69524,363.15,336.75,,168448.0266164284,850.38232,2896733.8,,2.83
"3,3-diphenyl-2-methyl-1-pyrroline",CC1=NCCC1(c1ccccc1)c1ccccc1,235.32358,453.81,715.28,91261.57268,,993.15531,2654293.4,,
60135-93-5,O=C(O)c1cccc(C(=O)O)c1.OCCOCCO,272.25124,696.27,1005.02,171804.54347976524,,1231.176,3096733.6,,
"2,6-octadien-1-ol, 3,7-dimethyl-, acetate",CC(=O)OCC=C(C)CCC=C(C)C,196.286,229.25,513.15,147687.55795115294,,727.62978,1973554,,
levormeloxifene,COc1ccc2c(c1)OC(C)(C)[C@@H](c1ccccc1)[C@@H]2c1ccc(OCCN2CCCC2)cc1,457.6038,373.15,1082.8,119384.93517754876,,1338.7209,1211514.9,,
7789-46-0,[Br-].[Br-].[Fe+2],215.653,964.15,1240.15,199394.3974811387,,,,,
radium bromide (rabr2),[Br-].[Br-].[Ra+2],385.808,1001.15,,,,,,,
perfluorohexane,FC(F)(F)C(F)(F)C(F)(F)C(F)(F)C(F)(F)C(F)(F)F,338.04184480000004,226.15,330.2743674,20234.18137493255,84476.87478,448,1741600,,
levamisole,c1ccc([C@H]2CN3CCSC3=N2)cc1,204.29138,537.65,618.49,117650.58320130786,,884.96969,3853087.9,,1.84
n-(6-bromohexyl)phthalimide,O=C1c2ccccc2C(=O)N1CCCCCCBr,310.18634000000003,330.15,772.96,103673.16626515532,,1006.3302,2574107.9,,
perchloryl fluoride,,102.4496032,126.15,226.4,,185707.02793678248,368.4,5370225,,
cloforex,CCOC(O)=NC(C)(C)Cc1ccc(Cl)cc1,255.74052,325.95,362.15,,,968.59664,2079326.7,,
ionone lights,CC(=O)/C=C/C1C(C)=CCCC1(C)C.CC(C)=O.CCC(=O)/C=C/C=C(\C)CCC=C(C)C,456.70032,504.25,1086.07,125145.52212269086,176864.58221324917,1329.855,759322.14,,
pendimethalin,CCC(CC)Nc1c([N+](=O)[O-])cc(C)c(C)c1[N+](=O)[O-],281.30765999999994,329.65,603.15,164264.99015348536,398599.19219251873,1141.1744,2163331.5,,5.18
dichlorvos,COP(=O)(OC)OC=C(Cl)Cl,220.975741,213.15,484.74,,197403.36054150143,687.21408,2842131.4,352.59444,1.47
"2,3-dihydro-1,1,3,3-tetramethyl-4,6-bis(1-methylethyl)-1h-inden-5-ol",CC(C)c1cc2c(c(C(C)C)c1O)C(C)(C)CC2(C)C,274.4409,420.15,758.23,84488.1357,,983.86176,1730338.5,,
8-methylquinoline,Cc1cccc2cccnc12,143.18516,193.15,520.55,121974.93092161226,337136.04931045533,787,4300000,378.15,2.6
bromocresol purple,Cc1cc(C2(c3cc(C)c(O)c(Br)c3)OS(=O)(=O)c3ccccc32)cc(Br)c1O,540.22174,514.4,,,,,,,
"cholestane, (5alpha,14beta)-",CC(C)CCC[C@@H](C)[C@H]1CC[C@@H]2[C@@H]3CC[C@H]4CCCC[C@]4(C)[C@H]3CC[C@@]21C,372.67002,453.29,851.26,83980.46078404697,179186.6670186464,1072.9718,1002710.9,,
dienestrol,C/C=C(C(=C/C)/c1ccc(O)cc1)\c1ccc(O)cc1,266.33432,500.65,834.12,149466.27982454537,,1094.7753,2853568.6,,
"2,6-dimethoxyphenol",COc1cccc(OC)c1O,154.1632,328.15,534.15,118621.04574892065,350861.4265313898,752.2,3785000,,1.15
"methyl 2,4-dimethoxy-6-methylbenzoate",COC(=O)c1c(C)cc(OC)cc1OC,210.22646000000003,317.65,595.96,113520.4388638804,,801.58864,2458035.8,,
jervine,CC1=C2C(=O)[C@H]3[C@@H](CC=C4C[C@@H](O)CC[C@@]43C)[C@@H]2CC[C@]12O[C@@H]1C[C@H](C)CN[C@H]1[C@H]2C,425.60346,517.15,1118.25,126709.49620569345,259564.0647625052,1375.8868,1344713.4,,
antimony trifluoride,[F-].[F-].[F-].[Sb+3],178.7552096,560.15,649.15,127548.73019376326,,1063.5731,,,
pramiverine,CC(C)NC1CCC(c2ccccc2)(c2ccccc2)CC1,293.44578,343.15,798.29,90006.40595342689,,1052.414,1835685.6,,
4-benzylpiperazinyl beta-(p-chlorophenyl)phenethyl ketone,O=C(CC(c1ccccc1)c1ccc(Cl)cc1)N1CCN(Cc2ccccc2)CC1,418.9583799999999,623.01,1010.92,114830.02201793889,,1265.4687,1577206.5,,
iprindole,CN(C)CCCn1c2c(c3ccccc31)CCCCCC2,284.43902,419.65,731.34,123161.7237325596,,948.44245,1813860.2,,
nickel nitrate,O=[N+]([O-])[O-].O=[N+]([O-])[O-].[Ni+2],182.7032,380.65,,,,,,,
2-methylbenzo[f]quinoline,Cc1cnc2ccc3ccccc3c2c1,193.24384,356.15,648.22,126549.95884991728,,909.6466,3191930.8,,
nickel sulfate,O=S(=O)([O-])[O-].[Ni+2],154.756,1113.15,,,,,,,
"(z)-1,2-dimethylthioethene",CS/C=C\SC,120.23632,198.56,432.84,121244.56237516252,319678.4286599395,662.82387,4351125.4,,
"(z)-1,2-dimethylthioethene",CS/C=C\SC,120.23632,198.56,432.84,121244.56237516252,319678.4286599395,662.82387,4351125.4,,
iodosobenzene,O=Ic1ccccc1,220.00777,483.15,446.2,60756.94508,,684.47231,4987391.9,,-1.61
ag-h-12286,[Br-].[Br-].[Cd+2],272.219,841.15,1136.15,122511.65421958057,422453.9800675192,,,,
calcium dibromide,[Br-].[Br-].[Ca+2],199.886,1015.15,2088.15,145582.98229991095,,,,,
54200-67-8,CC(=O)c1c(C)ccc(C)c1C,162.22826000000003,327.64,546.77,115386.80128850543,,761.62843,2698600.1,,
carboprost,CCCCC[C@](C)(O)/C=C/[C@@H]1[C@@H](C/C=C\CCCC(=O)O)[C@@H](O)C[C@H]1O,368.50754,659.93,1108.49,170121.34948446375,291308.8410176201,1379.5956,1408009.5,,
enprostil,COC(=O)CCC=C=CC[C@H]1C(=O)C[C@@H](O)[C@@H]1/C=C/[C@@H](O)COc1ccccc1,400.46482,613.58,1102.43,144077.57465437287,,1350.4267,1514027.5,,
gold monochloride,[Au+].[Cl-],232.41955,615.15,,,,,,,
salicin,OCc1ccccc1O[C@@H]1O[C@H](CO)[C@@H](O)[C@H](O)[C@H]1O,286.27782,472.15,1039.84,170477.75479078328,,1281.8363,3704459.7,,-1.22
d-rhamnose,C[C@@H](O)[C@@H](O)[C@H](O)[C@H](O)C=O,164.15648,413.15,752.5,96523.75587000891,,926.59405,5739210.3,,
tetrazepam,CN1C(=O)CN=C(C2=CCCCC2)c2cc(Cl)ccc21,288.77198,417.15,821.89,102915.10970004776,,1089.4529,2530272.2,,3.2
octadecylbenzene,CCCCCCCCCCCCCCCCCCc1ccccc1,330.59028,302.15,673.15,157164.3304,188757.91569482983,834,1160000,,
1-(4-dodecylphenyl)-2-hydroxy-2-methylpropan-1-one,CCCCCCCCCCCCc1ccc(C(=O)C(C)(C)O)cc1,332.52004000000005,489.81,877.44,134310.70199558497,,1077.8145,1239833.4,,
phenprocoumon,CCC(c1ccccc1)c1c(O)c2ccccc2oc1=O,280.31784,452.65,819.46,130904.97558057668,,1063.8472,2555921,,3.62
2-(9h-fluoren-9-ylidene)acetic acid,O=C(O)C=C1c2ccccc2-c2ccccc21,222.2387,500.15,761.14,151368.77600525922,,1011.3545,3103638.2,,
acenocoumarol,CC(=O)CC(c1ccc([N+](=O)[O-])cc1)c1c(O)c2ccccc2oc1=O,353.32550000000003,470.15,1053.03,146765.51791478394,,1315.5511,2465364.1,,1.98
dicumarol,O=c1oc2ccccc2c(O)c1Cc1c(O)c2ccccc2oc1=O,336.29498,563.15,997.88,156315.14927757767,,1251.4581,3142029.8,,2.07
6443-72-7,COc1ccc(/C=C/C#N)cc1OC,189.21054,371.15,639,114121.54946547904,,863.9415,2550760.1,,
"2-amino-4,5-dimethoxybenzonitrile",COc1cc(N)c(C#N)cc1OC,178.18789999999998,365.9,666.59,117959.7492310084,,898.1659,3093289.9,,
perfluorooctyl bromide,FC(F)(F)C(F)(F)C(F)(F)C(F)(F)C(F)(F)C(F)(F)C(F)(F)C(F)(F)Br,498.9624544,279.15,414.15,29679.587851570424,74071.74690416497,536.44042,1562280.3,,
methazolamide,CC(=O)N=c1sc(S(N)(=O)=O)nn1C,236.27202,486.65,,,,,,,0.13
cephapirin,CC(=O)OCC1=C(C(=O)O)N2C(=O)[C@@H](N=C(O)CSc3ccncc3)[C@H]2SC1,423.46338,428.15,1200.45,153748.8318352345,,1475.8077,2467814.2,,-1.15
sulfamethizole,Cc1nnc(NS(=O)(=O)c2ccc(N)cc2)s1,270.3313,481.15,449.15,,148294.86759374038,596.89747,1851352.8,,0.54
netilmicin,CCNC1CC(N)C(OC2OC(CN)=CCC2N)C(O)C1OC1OCC(C)(O)C(NC)C1O,475.57954,986.99,1398.96,179025.78399398766,287422.8804691137,1786.5285,1741912.6,,
idoxuridine,O=c1nc(O)c(I)cn1[C@H]1C[C@H](O)[C@@H](CO)O1,354.09851000000003,487.15,936.63,115877.35853505848,,1176.143,4516418.1,,-0.96
trifluridine,O=c1nc(O)c(C(F)(F)F)cn1[C@H]1C[C@H](O)[C@@H](CO)O1,296.1999496,460.65,860.95,138561.80615636404,,1069.8351,3551534.9,,-0.46
cinnamedrine,CC(C(O)c1ccccc1)N(C)C/C=C/c1ccccc1,281.39202,348.15,795.58,118386.4418045686,,1012.0451,2025405.1,,
methdilazine,CN1CCC(CN2c3ccccc3Sc3ccccc32)C1,296.4298,360.15,761.35,123732.49922915982,,1008.5378,2365667.9,,5.23
buclizine,CC(C)(C)c1ccc(CN2CCN(C(c3ccccc3)c3ccc(Cl)cc3)CC2)cc1,433.02802,610.56,491.15,101349.09976495284,264603.0288201723,1258.2722,1304229.7,,
p-dimethylaminobenzylidene-p-isopropylphenylacetonitrile,CC(C)c1ccc(/C(C#N)=C/c2ccc(N(C)C)cc2)cc1,290.40208,456.46,838.64,119682.33836341668,,1077.2946,1641760.1,,
cytochalasin d,C=C1C(C)C2C(Cc3ccccc3)N=C(O)C23C(OC(C)=O)C=CC(C)(O)C(=O)C(C)CC=CC3C1O,507.61788000000007,543.15,1368.04,116764.9965,,1686.9196,1201457.4,,
"pyrazinecarboxamide, n-(1-oxodecyl)-",CCCCCCCCCC(O)=NC(=O)c1cnccn1,277.36202000000003,360,834.79,170246.81317218556,,1053.3194,2092664.9,,
6-carboxyfluorescein,O=C(O)c1ccc2c(c1)C1(OC2=O)c2ccc(O)cc2Oc2cc(O)ccc21,376.31578,986.81,1173.27,164943.92023635044,,1451.0583,3543083.9,,
3147-15-7,O=C(O)CN(CC(=O)O)Cc1cc2c(c(CN(CC(=O)O)CC(=O)O)c1O)Oc1cc(O)ccc1C21OC(=O)c2ccccc21,622.53304,1647.5,1845.58,195110.9293733229,,2538.8822,1896951.5,,
hoechst 33342,CCOc1ccc(-c2nc3cc(-c4nc5ccc(N6CCN(C)CC6)cc5[nH]4)ccc3[nH]2)cc1,452.55082,1065.8,1220.88,161988.4370113394,,1505.5715,1882166.9,,
dimanganese decacarbonyl,[C-]#[O+].[C-]#[O+].[C-]#[O+].[C-]#[O+].[C-]#[O+].[C-]#[O+].[C-]#[O+].[C-]#[O+].[C-]#[O+].[C-]#[O+].[Mn].[Mn],389.977098,427.15,,,,,,,
nomate suppress 2,CCCCCCCC/C=C\CCCOC(C)=O,240.38162,296.06,605.18,162978.35084063414,226262.5907894441,775.70045,1478152.7,,
ammonium dichromate,[Cr].[Cr].[NH4+].[NH4+].[O-].[O-].[O].[O].[O].[O].[O],252.06492,453.15,,,,,,,
flunarizine,Fc1ccc(C(c2ccc(F)cc2)N2CCN(C/C=C/c3ccccc3)CC2)cc1,404.4948464,551.78,927.3,119373.58517604096,,1166.2553,1482709.6,,5.78
dichlorphenamide,NS(=O)(=O)c1cc(Cl)c(Cl)c(S(N)(=O)=O)c1,305.15884,501.85,,,,,,,
o-ethoxy-n-(3-morpholinopropyl)benzamide,CCOc1ccccc1C(O)=NCCCN1CCOCC1,292.37336,508.02,783.14,145697.26872516703,,998.56924,2110003.3,,
sulbutiamine,C/C(=C(/CCOC(=O)C(C)C)SS/C(CCOC(=O)C(C)C)=C(\C)N(C=O)Cc1cnc(C)[nH]c1=N)N(C=O)Cc1cnc(C)[nH]c1=N,702.8876399999999,414.15,,,,,,,
"2-(acetylamino)-2,3-dihydro-1h-indene-5-sulfonyl chloride",CC(O)=NC1Cc2ccc(S(=O)(=O)Cl)cc2C1,273.73588,511.15,,,,,,,
6-chloro-2-benzoxazolinone,Oc1nc2ccc(Cl)cc2o1,169.56516,469.15,543.47,156689.02739218363,,777.62693,4546924,,
3-cyclohexyl-4-hydroxy-2(5h)furanone,O=C1OCC(O)=C1C1CCCCC1,182.21636,360.97,618.88,106774.16671038758,379299.5875802725,825.76128,3431886.8,,
p-(isobornyloxy)aniline,CC1(C)C2CCC1(C)C(Oc1ccc(N)cc1)C2,245.35992,486.19,701.18,85380.69298359733,,945.96022,2291517.2,,
calcium gluconate,O=C([O-])[C@H](O)[C@@H](O)[C@H](O)[C@H](O)CO.O=C([O-])[C@H](O)[C@@H](O)[C@H](O)[C@H](O)CO.[Ca+2],430.37268,393.15,,,,,,,
dibucaine,CCCCOc1cc(C(O)=NCCN(CC)CC)c2ccccc2n1,343.46316,337.65,905.42,156881.45418565415,,1122.2273,1557352,,4.4
480-78-4,C/C=C1/C[C@H](C)[C@@](C)(O)C(=O)OC[C@H]2CCN3CC[C@@H](OC1=O)[C@@H]23,337.41068,402.15,863.07,125944.44254106004,275072.19374095363,1073.3601,1775842.8,,
benzethidine,CCOC(=O)C1(c2ccccc2)CCN(CCOCc2ccccc2)CC1,367.48126,533.64,887.8,107823.1853237904,,1120.3827,1534257.9,,
"1,2-dibromo-3-chloropropane",ClCC(Br)CBr,236.3328,279.15,473.15,62496.61494299564,229359.07492987128,659.19036,5123977.2,349.81667,2.96
6-methoxyflavone,COc1ccc2oc(-c3ccccc3)cc(=O)c2c1,252.26468,427.15,766.01,114855.55568064464,,1028.2998,2758456.3,,
furazabol,C[C@]12Cc3nonc3C[C@@H]1CC[C@@H]1[C@@H]2CC[C@@]2(C)[C@H]1CC[C@]2(C)O,330.4644,425.65,938.44,105875.24707653836,,1190.6965,2129522.2,,
nitrosyl chloride,O=NCl,65.4591,211.65,267.65,,408728.6847411075,440,9119250,,
4-hydroxybenzotriazole,Oc1cccc2nn[nH]c12,135.1234,489.65,615.68,213752.76228987725,,896.85831,8219567.7,,
3-chloro-n-methylaniline,CNc1cccc(Cl)c1,141.59812,290.17,508.2,118885.75921770712,289934.7285533752,702.25463,3916034,,
tetrafluorohydrazine,FN(F)N(F)F,104.0070128,108.65,199.15,135740.84689027816,145207.99128703316,309.4,3749025,,
brodifacoum,O=c1oc2ccccc2c(O)c1C1CC(c2ccc(-c3ccc(Br)cc3)cc2)Cc2ccccc21,523.41652,503.15,1258.14,120733.67497074796,,1552.0253,1699097.9,,8.5
"allyl, pentafluoro-, radical",F[C](F)C(F)=C(F)F,131.024116,77.02,270.47,116764.7641,179226.18880934763,407.813,3727110,,
"n,n-bis(2-hydroxyethyl)methacrylamide",C=C(C)C(=O)N(CCO)CCO,173.2096,368.24,629.87,154044.5795152232,473839.4220669229,798.29676,3484762.5,,
6-aminophthalide,Nc1ccc2c(c1)C(=O)OC2,149.14668,416.15,552.9,137911.2159922031,,782.94099,4385772.6,,
4-fluorophenyl methyl sulfone,CS(=O)(=O)c1ccc(F)cc1,174.1926832,352.15,,,,,,,
mls000736959,COc1cc(C=C2C(O)=NC(=O)N=C2O)ccc1O,262.2182,834.59,940.28,138266.5276475851,,1224.8726,4444444.4,,
4-(4-butylphenyl)aniline,CCCCc1ccc(-c2ccc(N)cc2)cc1,225.32876,323.65,701.53,131794.09499257884,,939.39005,2345092,,
thiirane,C1CS1,60.11816,164.15,328.05,27562.38713892774,469710.99706151686,547,6780000,,
nafronyl,CCN(CC)CCOC(=O)C(Cc1cccc2ccccc12)CC1CCCO1,383.52372,529.15,463.15,141759.1589902184,238021.87243413983,1132.241,1294860.3,,
decamethylcyclopentasiloxane,C[Si]1(C)O[Si](C)(C)O[Si](C)(C)O[Si](C)(C)O[Si](C)(C)O1,370.7697,229.15,484.0594779,,110261.27475539688,618.3,1093400,350.15,5.2
phosmet,COP(=S)(OC)SCN1C(=O)c2ccccc2C1=O,317.32104100000004,345.15,,,,,,,2.78
trichlorogallium,[Cl-].[Cl-].[Cl-].[Ga+3],176.082,351.05,474.15,65367.27207,251326.59358343456,694,3820000,,
brn 5584985,COc1cccc(-c2nc(-c3ccc(Cl)cc3C)n[nH]2)c1,299.75486,702.44,878.01,146426.31649074846,,1156.1191,2744025.5,,
amino reductone,NC1=C(O)C(C(O)CO)OC1=O,175.13936,494.17,759.59,160911.85899046337,711074.3446072297,944.37682,5809414,,
monensin,CC[C@@]1([C@H]2O[C@H]([C@H]3O[C@@](O)(CO)[C@H](C)C[C@@H]3C)C[C@H]2C)CC[C@H]([C@@]2(C)CC[C@]3(C[C@H](O)[C@@H](C)[C@@H]([C@H](C)[C@H](OC)[C@@H](C)C(=O)O)O3)O2)O1,670.8708799999999,377.15,1640.78,140025.4547,126384.27292198442,2271.5685,798433.73,,
sulthiame,NS(=O)(=O)c1ccc(N2CCCCS2(=O)=O)cc1,290.35916,453.65,,,,,,,
51307-45-0,CCN(CC)CCCC(=O)N1c2ccccc2Sc2ccccc21,340.48236,620.58,849.97,139278.87482922757,,1075.7216,1826283.9,,
flurandrenolide,CC1(C)O[C@@H]2C[C@H]3[C@@H]4C[C@H](F)C5=CC(=O)CC[C@]5(C)[C@H]4[C@@H](O)C[C@]3(C)[C@]2(C(=O)CO)O1,436.5136232,524.15,1144.74,108610.58505447351,,1401.4835,1610289.4,,
l-mimosine,N[C@@H](Cn1ccc(=O)c(O)c1)C(=O)O,198.176,501.15,779.39,161043.71871467787,,1023.7635,5367038.3,,
(+-)-pgf2-alpha,CCCCCC(O)/C=C/C1C(O)CC(O)C1C/C=C/CCCC(=O)O,354.48096000000004,303.15,1088.4,180523.09494986697,307557.6376235161,1352.9148,1502313.6,,
"hexafluoro-1,3-butadiene",FC(F)=C(F)C(F)=C(F)F,162.0332192,141.15,278.55,121950.3019045122,146290.54886528102,412.8,3190000,,
hexachlorocyclotriphosphazene,ClP1(Cl)=NP(Cl)(Cl)=NP(Cl)(Cl)=N1,347.65938300000005,401.95,530.15,,136988.3972,739.88518,2567333.6,,
eupatorin,COc1ccc(-c2cc(=O)c3c(O)c(OC)c(OC)cc3o2)cc1O,344.31544,464.65,1027.81,137426.3088521386,,1286.5685,2884301.4,,
dibutyl maleate,CCCCOC(=O)/C=C\C(=O)OCCCC,228.2848,193.15,553.15,156716.52251923914,242737.03303084293,716,1900000,413,
4-hydroxy-5-octyl-2(5h)furanone,CCCCCCCCC1OC(=O)C=C1O,212.2854,359.37,518.65,161391.2214405701,159788.6074,809.79377,2220798.9,,
"2-propenoic acid, polymer with 6-(3-butenyl)-1,3,5-triazine-2,4-diamine and ethyl 2-propenoate",C=CC(=O)O.C=CC(=O)OCC.C=CCCc1nc(=N)[nH]c(=N)[nH]1,337.37422,823.58,1082.17,170792.5401057615,,1339.6505,2073649.4,,
trilostane,C[C@]12CC[C@H]3[C@@H](CC[C@@]45O[C@@H]4C(O)=C(C#N)C[C@]35C)[C@@H]1CC[C@@H]2O,329.43328,537.15,1012.93,104285.15297543709,360569.6610696704,1248.5948,2027229.3,,
30798-32-4,CC(O)CN.O=C(O)CC(O)(CC(=O)O)C(=O)O,267.23318,832.57,1096.67,181740.15666767128,617992.5893880848,1343.3709,3740800,,
4-nitro-1-naphthol,O=[N+]([O-])c1ccc(O)c2ccccc12,189.16748,423.65,711.5,155793.16275715042,,985.87259,4717123.5,,
triflupromazine,CN(C)CCCN1c2ccccc2Sc2ccc(C(F)(F)F)cc21,352.4170696,298.15,749.9,119403.97792808842,,961.95629,1823166,,5.54
brn 0584312,CC(CN1c2ccccc2Sc2ccc(C(=O)CN3CCOCC3)cc21)N(C)C,411.56026,726.09,982.49,133987.66926622117,,1223.2389,1689335,,
"butanoic acid, cyanophenylmethyl ester",CCCC(=O)OC(C#N)c1ccccc1,203.23712,343.74,660.7,114295.0657832585,,882.60344,2377216.2,,
"2-(1,3-benzodioxol-5-yl)piperazine",c1cc2c(cc1C1CNCCN1)OCO2,206.24106,395.15,669.88,201443.88319183383,,935.33785,4041499.7,,
"1h-benzimidazole-1-propanol, 5,6-dichloro-2-methyl-",Cc1nc2cc(Cl)c(Cl)cc2n1CCCO,259.13178,541.36,737.36,145709.6462656954,,950.84904,3045675.4,,
12061-16-4,[Er].[Er].[O].[O].[O],382.5162,2691.15,4193.15,339854.8871917059,,,,,
chloryl fluoride,,86.4502032,158.15,267.15,,,,,,
sulfinpyrazone,O=C1C(CCS(=O)c2ccccc2)C(=O)N(c2ccccc2)N1c1ccccc1,404.4815,409.65,,,,,,,2.3
"4-amino-3,5-dinitropyridine",N=c1c([N+](=O)[O-])c[nH]cc1[N+](=O)[O-],184.10966,639.59,780.55,190245.3135810473,,1076.6248,5782937.4,,
lycorine,O[C@H]1[C@H]2c3cc4c(cc3CN3CCC(=C[C@@H]1O)[C@H]23)OCO4,287.31048,553.15,889.1,176109.13461980227,,1105.7635,3217328.3,,
lithium borohydride,[BH4-].[Li+],21.78376,541.15,,,,,,,
3-bromo-2-methylpentane,CCC(Br)C(C)C,165.07142,187.18,402.16,57762.876214428885,214615.3274985868,594.59,3424000,,
bis(trimethylsilyl)mercury,C[Si](C)C.C[Si](C)C.[Hg],346.96812,377.15,408.95,,99865.14617236696,570.21653,2202146.1,,
hexamethyldisilazane,C[Si](C)(C)N[Si](C)(C)C,161.39275999999998,195.15,398.15,,210410.6238589703,544,1920000,284.15,
hexamethyldisilane,C[Si](C)(C)[Si](C)(C)C,146.37812,285.9,385.8,,217145.2590889049,537.9375,2057188.3,,
carmustine,O=NN(CCCl)C(O)=NCCCl,214.04986,304.15,568.74,,294469.80389059323,760.0231,3395982.4,,1.53
pipobroman,O=C(CCBr)N1CCN(C(=O)CCBr)CC1,356.05424,379.15,709.02,102315.87187390326,231864.57692169456,928.43038,3341240.9,,0.42
ttnpb,C/C(=C\c1ccc(C(=O)O)cc1)c1ccc2c(c1)C(C)(C)CCC2(C)C,348.47792000000004,513.65,973.39,110124.62425165989,,1225.9239,1541495,,
"bis(3,3,5-trimethylcyclohexyl) phthalate",CC1CC(OC(=O)c2ccccc2C(=O)OC2CC(C)CC(C)(C)C2)CC(C)(C)C1,414.57752,328.15,963.48,98519.57241,,1201.8672,1096443.1,,
dihydrocaffeic acid,O=C(O)CCc1ccc(O)c(O)c1,182.1733,412.15,738.95,191114.72427627977,,979.70684,5374910.8,,
copper(i) bromide,[Br-].[Cu+],143.45,756.15,1618.15,35552.45730219589,1436329.9446333444,2651.71,21866000,,
"3,5-dimethylpyridine",Cc1cncc(C)c1,107.15306,265.35,445.05,118298.06820262528,367140.5685,667.7,4050000,,1.78
platinum,[Pt],195.078,2041.35,4098.15,113672.4797260583,,6983,810590000,,
benzal chloride,ClC(Cl)c1ccccc1,161.02854000000002,257.15,478.15,79476.59465,265258.2695702196,731,3650000,361.15,
megestrol acetate,CC(=O)O[C@]1(C(C)=O)CC[C@H]2[C@@H]3C=C(C)C4=CC(=O)CC[C@]4(C)[C@H]3CC[C@@]21C,384.50848,487.15,976.6,78926.73784,238636.32178432835,1226.4663,1410125.2,,
"(17β)-13-ethyl-3-methoxygona-1,3,5(10),8-tetraen-17-ol",CC[C@]12CCC3=C(CCc4cc(OC)ccc43)[C@@H]1CC[C@@H]2O,298.41924,376.65,846.56,102024.25285983572,,1069.8747,1938946.1,,
proscillaridin,CC1OC(OC2C=C3CCC4C(CCC5(C)C(c6ccc(=O)oc6)CCC45O)C3(C)CC2)C(O)C(O)C1O,530.64968,494.15,1421.32,119992.5344343937,,1824.7828,1340777.1,,2.48
methyldigoxin,CO[C@H]1[C@@H](O)C[C@H](O[C@H]2[C@@H](O)C[C@H](O[C@H]3[C@@H](O)C[C@H](O[C@H]4CC[C@@]5(C)[C@H](CC[C@@H]6[C@@H]5C[C@@H](O)[C@]5(C)[C@@H](C7=CC(=O)OC7)CC[C@]65O)C4)O[C@@H]3C)O[C@@H]2C)O[C@@H]1C,794.96504,1202.26,1908.06,137837.50792361886,177890.78355095076,3319.8534,706206.26,,1.8
fosfestrol,CC/C(=C(/CC)c1ccc(OP(=O)(O)O)cc1)c1ccc(OP(=O)(O)O)cc1,428.310002,478.15,,,,,,,
chlorotrianisene,COc1ccc(C(Cl)=C(c2ccc(OC)cc2)c2ccc(OC)cc2)cc1,380.8640400000001,388.15,929.43,109290.96902926304,,1180.4904,1594892.3,,
fluoxymesterone,C[C@]1(O)CC[C@H]2[C@@H]3CCC4=CC(=O)CC[C@]4(C)[C@@]3(F)[C@@H](O)C[C@@]21C,336.4408632,543.15,948.05,57115.53530457117,322434.6486758233,1177.0546,2034551.2,,2.38
59254-87-4,C=CC(=O)O.C=Cc1ccccc1.C=Cc1ccccc1C,294.38748000000004,470.36,853.89,118293.07414839788,,1099.2316,1663255.9,,
2-chloro-n-ethyl-n-(m-tolyl)benzylamine,CCN(Cc1ccccc1Cl)c1cccc(C)c1,259.77382,410.35,678.87,122098.52401600746,,910.14693,2141363.8,,
fluderma,CC(=O)OCC(=O)[C@@]12OC(C)(C)O[C@@H]1C[C@H]1[C@@H]3CC(C=O)=C4C=C(OCCCl)CC[C@]4(C)[C@@]3(F)[C@@H](O)C[C@@]12C,569.0586231999999,454.15,1279.9,108740.99341826828,202218.0841616695,1576.8814,1118555.7,,
fluocinolone acetonide,CC1(C)O[C@@H]2C[C@H]3[C@@H]4C[C@H](F)C5=CC(=O)C=C[C@]5(C)[C@@]4(F)[C@@H](O)C[C@]3(C)[C@]2(C(=O)CO)O1,452.4882064,538.65,1143.41,100365.0467739572,279451.86133477435,1399.8546,1657842.5,,2.48
56726-04-6,CCCCC/C=C/C=C/C(=O)O[C@@]12C[C@@H](C)[C@@]3(O)[C@@H](C=C(COC(C)=O)C[C@]4(O)C(=O)C(C)=C[C@@H]34)[C@@H]1C2(C)C,540.68756,881.16,1339.03,115523.2792853603,187343.3852033233,1686.8103,934057.07,,
pyrethrin ii,C=CC=CCC1=C(C)C(OC(=O)C2C(C=C(C)C(=O)OC)C2(C)C)CC1=O,372.45472000000007,534.76,914.14,126608.67876771704,224148.03280374923,1137.4201,1240706.9,,4.3
flumethasone,C[C@@H]1C[C@H]2[C@@H]3C[C@H](F)C4=CC(=O)C=C[C@]4(C)[C@@]3(F)[C@@H](O)C[C@]2(C)[C@@]1(O)C(=O)CO,410.4515264000001,476.15,1128.95,88992.23818308595,316285.51631231303,1384.3848,1843575.9,,1.94
einecs 276-726-9,CCCC(=O)O[C@]1(C(=O)COC(=O)CC)CC[C@H]2[C@@H]3CCC4=CC(=O)CC[C@]4(C)C3[C@@H](O)C[C@@]21C,488.61300000000006,395.15,1209.71,101108.6483576982,225153.03054712256,1483.9458,1108154.1,,
ac1l1czr,CC(=O)OCC(=O)C12OC3(CCCC3)OC1CC1C3CCC4=CC(=O)C=CC4(C)C3(F)C(O)CC12C,502.5717032,887.69,1222.05,93256.34471972796,250151.32701538983,1496.4561,1412245.7,,
12-deoxyphorbol-13-angelate-20-acetate,C/C=C(/C)C(=O)O[C@@]12C[C@@H](C)[C@@]3(O)[C@@H](C=C(COC(C)=O)C[C@]4(O)C(=O)C(C)=C[C@@H]34)[C@@H]1C2(C)C,472.5705400000001,815.93,1220.35,101572.13778074272,245628.8997241444,1501.3693,1240706.9,,
12-deoxyphorbol 13-isobutyrate 20-acetate,CC(=O)OCC1=CC2C3C(C)(C)C3(OC(=O)C(C)C)CC(C)C2(O)C2C=C(C)C(=O)C2(O)C1,460.55984,808.7,1192.99,93353.77570046057,251465.03080171224,1465.9638,1282830.2,,
ls-58500,C/C=C(\C)C(=O)O[C@@]12C[C@@H](C)[C@@]3(O)[C@@H](C=C(CO)C[C@]4(O)C(=O)C(C)=C[C@@H]34)[C@@H]1[C@@]2(C)COC(C)=O,488.56994,876.75,1312.53,106613.1903243986,245609.3981198061,1647.5777,1325203.8,,
halcinonide,CC1(C)O[C@@H]2C[C@H]3[C@@H]4CCC5=CC(=O)CC[C@]5(C)[C@@]4(F)[C@@H](O)C[C@]3(C)[C@]2(C(=O)CCl)O1,454.9592832,537.15,1094.9,88249.65548,251870.4938733544,1349.3163,1546348.2,,
627-34-9,S=C=C=C=S,100.1621,272.15,,,,,,,
terephthalaldehyde,O=Cc1ccc(C=O)cc1,134.13204,389.15,519.15,,380038.4758037136,739,3670000,,
10-deacetyl baccatin iii,CC(=O)OC12COC1CC(O)C1(C)C(=O)C(O)C3=C(C)C(O)CC(O)(C(OC(=O)c4ccccc4)C21)C3(C)C,544.59014,495.15,1500.1,112385.43540285176,,1955.264,1441346.7,,
miltefosine,CCCCCCCCCCCCCCCCOP(=O)([O-])OCC[N+](C)(C)C,407.568001,506.15,,,,,,,
trenbolone acetate,CC(=O)O[C@H]1CC[C@H]2[C@@H]3CCC4=CC(=O)CCC4=C3C=C[C@]12C,312.40276,369.65,844.21,94992.75870674124,258405.23652318868,1092.2403,1818504.2,,
1-bromopropane,CCCBr,122.99168,163.15,343.95,52361.26541242465,239921.9492626731,536.9,4800000,,2.1
"1,3-dibromopropane",BrCCCBr,201.88774,239.15,437.15,72317.41759058772,218506.6222292812,680.6,4648000,,2.37
6-hydroxycholest-4-en-3-one,CC(C)CCC[C@@H](C)[C@H]1CC[C@H]2[C@@H]3CC(O)C4=CC(=O)CC[C@]4(C)[C@H]3CC[C@]12C,400.63706,428.15,1015.4,89177.97070495675,228166.18453959367,1248.2933,1103740.6,,
oxatomide,Oc1nc2ccccc2n1CCCN1CCN(C(c2ccccc2)c2ccccc2)CC1,426.5533,426.75,1078.45,131725.6249101812,,1338.4953,1674162.5,,
mianserin hydrochloride,CN1CCN2c3ccccc3Cc3ccccc3C2C1.Cl,300.82574,556.15,751.65,118128.18942953486,,995.8855,2137405.7,,
almitrine,C=CCN=c1nc(N2CCN(C(c3ccc(F)cc3)c3ccc(F)cc3)CC2)[nH]c(=NCC=C)[nH]1,477.5521664,454.15,1187.9,147330.50114794748,,1456.3478,1518751.4,,
lidoflazine,Cc1cccc(C)c1N=C(O)CN1CCN(CCCC(c2ccc(F)cc2)c2ccc(F)cc2)CC1,491.6152064,432.15,1128.66,130923.53361346308,,1381.9187,1120803.7,,5.6
thiethylperazine,CCSc1ccc2c(c1)N(CCCN1CCN(C)CC1)c1ccccc1S2,399.61576,336.15,500.15,131949.25044998224,257681.0500667779,1186.0587,1726027.9,,5.41
fluspirilene,OC1=NCN(c2ccccc2)C12CCN(CCCC(c1ccc(F)cc1)c1ccc(F)cc1)CC2,475.5727464,461.9,1119.4,115000.28211036274,,1381.2009,1395414.6,,5.86
penfluridol,OC1(c2ccc(Cl)c(C(F)(F)F)c2)CCN(CCCC(c2ccc(F)cc2)c2ccc(F)cc2)CC1,523.965096,379.15,1090.45,99718.47437715584,,1335.2218,1194821.8,,
"2,4-diamino-6,7-dimethylpteridine",Cc1nc2nc(=N)[nH]c(N)c2nc1C,190.2052,741.8,808.08,194137.69970537085,,1099.3277,5470746.8,,
2-amino-3-quinolinecarboxamide,N=C(O)c1cc2ccccc2[nH]c1=N,187.19796,514.15,791.89,,,,,,
thenyldiamine,CN(C)CCN(Cc1ccsc1)c1ccccn1,261.38576,523.07,696.26,137012.0545204911,,934.19662,2576721.9,,
tripelennamine,CN(C)CCN(Cc1ccccc1)c1ccccn1,255.35804,456.15,697.62,142772.0858133153,,926.64143,2278410.4,,
syringaldazine,COC1=CC(=CNNC=C2C=C(OC)C(=O)C(OC)=C2)C=C(OC)C1=O,360.3612,720.38,1015.38,116139.02939606152,315128.73406003235,1258.115,1890359.2,,
nonadecanoic acid,CCCCCCCCCCCCCCCCCCC(=O)O,298.50382,342.35,573.15,184617.4028861674,258821.634,812,1300000,,
ac1l3p6i,Cc1cccc2c1nc1c(=O)n(C)c(=O)nc-1n2C,256.25998,703.11,832.7,131979.2501349606,,1094.3993,3345107,,
triphenylphosphine oxide,O=P(c1ccccc1)(c1ccccc1)c1ccccc1,278.28486100000003,429.4,,,,,,,2.83
hexamethyldisiloxane,C[Si](C)(C)O[Si](C)(C)C,162.37752,207.15,373.657871,,192712.15396521817,518.7,1931130,264.1509868,4.2
gemeprost,CCCCC(C)(C)[C@H](O)/C=C/[C@H]1[C@H](O)CC(=O)[C@@H]1CCCC/C=C/C(=O)OC,394.54482,560.84,1046.83,134141.92080889567,243886.48480155203,1285.9033,1143661.1,,
esculin,O=c1ccc2cc(O[C@@H]3O[C@H](CO)[C@@H](O)[C@H](O)[C@H]3O)c(O)cc2o1,340.28214,478.15,1143.54,176456.51340972522,,1411.7778,3838777.5,,
5-aminopicolinic acid,Nc1ccc(C(=O)O)nc1,138.12404,491.65,640.28,184080.91741307304,,894.16652,5644739.3,,
"isobutyl 3,5-diamino-4-chlorobenzoater",CCCCOC(=O)c1cc(N)c(Cl)c(N)c1,242.702,516.48,733.61,148659.67317945464,,960.86212,2752670.4,,
"9-(2,2-dimethylhydrazino)acridine monohydrochloride",CN(C)N=c1c2ccccc2[nH]c2ccccc12.Cl,273.76064,545.89,771.84,137638.4859415875,,1024.4716,2581961.8,,
"9-(2,2-dimethylhydrazinyl)acridine",CN(C)N=c1c2ccccc2[nH]c2ccccc12,237.29970000000003,532.34,733.71,148188.13508824492,,980.88922,2906110.8,,
acronine,COc1cc2c(c3c1c(=O)c1ccccc1n3C)C=CC(C)(C)O2,321.36976000000004,448.65,878.37,117042.7485149816,,1126.4764,2075539.3,,3.67
ammonium sulfamate,N.NS(=O)(=O)O,114.12424,404.15,433.15,,425079.21878227504,619.0696,5719903.6,,
"piperazine, 2-(2-methoxyphenyl)-",COc1ccccc1C1CNCCN1,192.25754,353.15,622.01,156566.03116840046,,872.23474,3380205.5,,
"1,1-diphenylheptane",CCCCCCC(c1ccccc1)c1ccccc1,252.39386,287.15,606.65,116979.86630895062,215331.86758120608,802.7,1780000,,
n-(p-chlorobenzyl)pyroglutamate de n'-isopropylbenzylamine [french],CC(C)NCc1ccccc1.O=C(O)[C@@H]1CCC(=O)N1Cc1ccc(Cl)cc1,402.91438,713.61,1086.64,127935.36929607725,,1342.7377,1587276.4,,
pusilline,C1CCN2C[C@@H]3C[C@@H](CN4CCCC[C@@H]34)[C@@H]2C1,234.38034,382.15,607.45,114719.5195637996,237320.5781620101,828.98423,2340556.1,,
68140-79-4,CN(CCO)c1ccc(C=CC2=[N+](C)c3ccccc3C2(C)C)cc1.[Cl-],370.91558,608.07,932.9,126837.4868480855,,1157.1019,1618071.7,,
adenosylhomocysteine,Nc1ncnc2c1ncn2[C@@H]1O[C@H](CSCC[C@H](N)C(=O)O)[C@@H](O)[C@H]1O,384.4108,483.15,1307.89,204330.88768577785,,1604.1657,3896502.7,,
gliquidone,COc1ccc2c(c1)C(=O)N(CCc1ccc(S(=O)(=O)NC(O)=NC3CCCCC3)cc1)C(=O)C2(C)C,527.63242,454.15,,,,,,,
ac1laseq,CN(C)C(O)=NCO,118.1344,330.72,499.78,168646.89709347996,512612.2204160901,675.25734,4849434.7,,
lithium tetrafluoroborate,F[B-](F)(F)F.[Li+],93.7456128,390.15,,,,,,,
(-)-artemisin,CC1=C2[C@H]3OC(=O)[C@@H](C)[C@@H]3[C@@H](O)C[C@@]2(C)C=CC1=O,262.30102,476.15,533.15,115470.38589480132,,1006.5478,2345092,,
agn-pc-01mp4k,CC(=O)O.O=C(O)c1ccccc1O,198.1727,617.79,805.24,180711.06666054405,,1050.8551,4374177.7,,
1-propenyl bromide,C/C=C/Br,120.9758,178.29,334.15,74502.50380654643,248840.94182804268,531.77,5213000,,
betulin,C=C(C)[C@@H]1CC[C@]2(CO)CC[C@]3(C)[C@H](CC[C@@H]4[C@@]5(C)CC[C@H](O)C(C)(C)[C@@H]5CC[C@]43C)[C@@H]12,442.7168,529.15,1099.42,72400.68594641089,224596.0433695569,1346.3034,1082063.7,,
sulfuryl chloride fluoride,O=S(=O)(F)Cl,118.5152032,148.45,280.25,,216370.40812475755,431.03805,4875388.3,,
ovalene,c1cc2ccc3cc4ccc5ccc6ccc7cc8ccc1c1c2c3c2c4c5c6c7c2c81,398.45356,748.65,1130.6,144624.1313542286,,1405.1001,1883801.1,,
"1,2,5,6,9,10-hexabromocyclododecane",BrC1CCC(Br)C(Br)CCC(Br)C(Br)CCC1Br,641.69532,440.15,892.94,67221.93330005897,,1199.9043,3206406.7,,
3-(phenylsulfonyl)propanenitrile,N#CCCS(=O)(=O)c1ccccc1,195.23826,366.65,,,,,,,
diphenyl diselenide,c1ccc([Se][Se]c2ccccc2)cc1,312.1278,335.15,,,,,,,
22159-33-7,C=Cc1nc(-c2ccccc2Cl)c(-c2ccc(N(CC)CC)cc2)o1,352.85723999999993,617.27,903.81,143531.1345744245,,1152.6991,1784857.2,,
delsemidine,CCN1CC2(COC(=O)c3ccccc3N3C(=O)C[C@H](C)C3=O)CC[C@H](OC)C34C1C(O)([C@@H](OC)[C@H]23)[C@@]1(O)C[C@H](OC)C2C[C@@H]4[C@@H]1[C@H]2OC,682.8003,401.15,1590.32,109471.24657092273,,2114.257,873767.74,,
benzethonium chloride,CC(C)(C)CC(C)(C)c1ccc(OCCOCC[N+](C)(C)Cc2ccccc2)cc1.[Cl-],448.08088,438.15,,,,,,,
barium chromate,[Ba+2].[Cr].[O-].[O-].[O].[O],253.3207,1653.15,,,,,,,
sialic acid,CC(O)=NC1C(O)CC(O)(C(=O)O)OC1C(O)C(O)CO,309.26986,459.15,1193.58,165583.54570988586,551402.8,1509.1696,4498261.6,,
"n-(2,4-dimethylphenyl)pyrrolidine",Cc1ccc(N2CCCC2)c(C)c1,175.27008,327.59,538.92,103177.9069,,761.21629,2820326.3,,
"decanedioic acid, polymer with 1,6-hexanediol",O=C(O)CCCCCCCCC(=O)O.OCCCCCCO,320.42168,338.15,1042.46,194412.5628453106,344237.85673403565,1288.6199,1625910.5,,
phenalen-1-one,O=C1C=Cc2cccc3cccc1c23,180.20202,427.4,631.05,97135.42611786484,,892.51548,3517911.1,,
phe-val,CC(C)C(N=C(O)C(N)Cc1ccccc1)C(=O)O,264.3202,575.41,867.36,141971.74487610103,,1096.2502,2537926.1,,
hexaconazole,CCCCC(O)(Cn1cncn1)c1ccc(Cl)cc1Cl,314.21028,384.15,854.21,130651.35870156762,,1085.6651,2592489.7,,3.9
sulfonethylmethane,CCC(C)(S(=O)(=O)CC)S(=O)(=O)CC,242.35612,349.15,578.92,,238334.32728139896,756.35246,2163776.5,,
phenyl disulfide,c1ccc(SSc2ccccc2)cc1,218.3378,334.15,583.15,106156.60687247007,259491.02791447123,829.8,3569000,,4.41
170373-17-8,COC[C@H](C)Nc1c(C)csc1C,199.31308,400.02,581.59,111472.8647011024,,794.70208,2657030.5,,
ryanodine,CC1CCC2(O)C3(C)CC4(O)OC2(C1O)C1(O)C3(O)C(OC(=O)c2ccc[nH]2)C(O)(C(C)C)C41C,493.5467,492.65,1488.81,91349.00506882124,,1985.8075,2616414.1,,
5-fluoroorotic acid,O=C(O)c1nc(O)nc(O)c1F,174.0867232,528.15,416.15,180007.9835151955,699779.2865005586,982.32631,6009254.3,,
5-aminopicolinic acid,Nc1ccc(C(=O)O)nc1,138.12404,491.65,640.28,184080.91741307304,,894.16652,5644739.3,,
"3,4'-bipyridine",c1cncc(-c2ccncc2)c1,156.18392,398.38,570.15,128143.79354801698,378829.3477299239,867.76118,4362628.7,,
66142-23-2,C=C(C)C(=O)OCC1CC2CCC1C2.C=C(C)C(=O)OCCCC,336.46568,363.76,781.24,127772.3184129805,202611.7766095297,982.01416,1214049,,
picramide,Nc1c([N+](=O)[O-])cc([N+](=O)[O-])cc1[N+](=O)[O-],228.11916,466.65,906.55,190470.62947277204,,1204.6472,4994443.7,,
picryl chloride,O=[N+]([O-])c1cc([N+](=O)[O-])c(Cl)c([N+](=O)[O-])c1,247.54958,356.15,648.15,171480.79992702877,421265.7062932839,1169.1713,4391587.3,,
tetrathiafulvalene,C1=CSC(=C2SC=CS2)S1,204.35596,391.15,552.26,71150.3594,238316.41692707103,891.17159,5791742.8,,
mipafox,CC(C)NP(=O)(F)NC(C)C,182.1762042,338.15,398.65,,196472.2697936241,537.86409,2070779,,
2-(4-amino-n-ethylanilino)ethanol,CCN(CCO)c1ccc(N)cc1,180.24684,417.95,637.21,153201.02144370464,,836.69339,3399943.9,,
20651-74-5,CCCCc1cccc(C#N)c1,159.22762,317.66,585.02,121863.27975008356,,805.38473,2543048.1,,
2897-00-9,O=C(c1ccccc1)c1cc(Cl)ccc1NCC1CC1,285.76804,509.68,800.09,126396.21981520398,,1047.7458,2381859.2,,
n-methylcyclohexylamine,CNC1CCCCC1,113.2007,265.15,420.15,95582.44781171848,331701.79374267324,622,3490000,308.15,
crotamiton,C/C=C/C(=O)N(CC)c1ccccc1C,203.28018,352.53,427.15,137248.99299085626,310308.3901690507,810.94549,2410005,,
"1,2,3,4-naphthalenetetracarboxylic acid, tetramethyl ester",COC(=O)c1c(C(=O)OC)c(C(=O)OC)c2ccccc2c1C(=O)OC,360.31484,424.7,909.9,136980.2032022883,,1132.3386,1721733.4,,
"benzofuran, 3,5-dimethyl-",Cc1ccc2occ(C)c2c1,146.1858,315.95,493.7,142250.47850064782,304394.7565460983,713.7,3216000,,
barium peroxide,[Ba+2].[O-][O-],169.3258,723.15,,,,,,,
methyl fluorosulfonate,COS(=O)(=O)F,114.0961232,178.15,366.15,,314704.70780188346,552.97171,5386034.8,,
bromophenylmagnesium,[Br-].[Mg+2].[c-]1ccccc1,181.3129,426.65,,,,,,,
tetramethylammonium hydrogenphthalate,C[N+](C)(C)C.O=C([O-])c1ccccc1C(=O)O,239.26768,418.15,,,,,,,
pentafluorophosphorane,FP(F)(F)(F)F,125.965777,179.35,188.55,,119588.89562776076,295.7,3715000,,
"2,3,6-trimethylquinoxaline",Cc1ccc2nc(C)c(C)nc2c1,172.22638,366.15,619.28,141761.09374185302,,872.45657,3299153,,
hyponitrous acid,ON=NO,62.02808,410.15,405.35,,807601.7706790533,577.57185,7817624.2,,
"calicheamicin gamma(1,i)",CCN[C@H]1CO[C@@H](O[C@H]2C(O[C@H]3C#C/C=C\C#C[C@@]4(O)CC(=O)C(N=C(O)OC)=C3/C4=C\CSSSC)O[C@H](C)[C@@H](NO[C@H]3C[C@H](O)[C@H](SC(=O)c4c(C)c(I)c(O[C@@H]5O[C@@H](C)[C@H](O)[C@@H](OC)[C@H]5O)c(OC)c4OC)[C@@H](C)O3)[C@@H]2O)C[C@@H]1OC,1368.34803,2173.71,3033.26,151299.95838851028,,-43336.842,471768.97,,
cyclohexanecarboxaldehyde,O=CC1CCCCC1,112.16958,307.9,428.15,71409.73515279277,333279.5481543771,639.4,3579000,,
khellin,COc1c2occc2c(OC)c2c(=O)cc(C)oc12,260.24208,427.65,768.45,124115.2084244024,,1008.3362,2726857.5,,
bismuth trichloride,[Bi+3].[Cl-].[Cl-].[Cl-],315.3394,507.15,714.15,74839.99779,224695.9181314548,1179,12000000,,
heptadecanoic acid,CCCCCCCCCCCCCCCCC(=O)O,270.45066,334.15,635.15,184614.08080867687,232076.7122822273,792,1400000,,
benzaldehyde,O=Cc1ccccc1,106.12194,216.9,451.85,87823.49814,387108.8898499604,695,4700000,337.15,1.48
dimethoate,CN=C(O)CSP(=S)(OC)OC,229.257441,324.9,,,,,,,0.78
ammonium octanoate,CCCCCCCC(=O)O.N,161.24195999999998,348.15,,,,,,,
tridecylbenzene,CCCCCCCCCCCCCc1ccccc1,260.45738,283.15,613.15,149763.46609952077,219388.0666643388,790,1500000,,9.36
naltropine,C=CCN1C2CCC1CC(OC(=O)C(CO)c1ccccc1)C2,315.4067,477.29,575.15,129746.76822020583,300081.2720651424,1042.6352,1867554.5,,
triphenylarsine,c1ccc([As](c2ccccc2)c2ccccc2)cc1,306.2333,333.15,633.15,,161538.49886455902,881.46935,1800738.3,,
leucinocaine,CCN(CC)C(COC(=O)c1ccc(N)cc1)CC(C)C,292.41642,431.15,762.53,133299.62797574772,,966.55258,1655145.7,,
trans 2-nonenoic acid amide,CCCCCC/C=C/C(=N)O,155.23738,319.3,536.08,167897.70608084212,338628.7292785526,729.23691,2741152.9,,
mbma,COC(=O)c1cccc(Cc2cccc(C(=O)OC)c2N)c1N,314.33582,635.45,508.15,144571.49681509414,352543.6427,1164.9583,2216618.6,,
4-(3-methoxyphenyl)-1-methyl-4-piperidinecarbonitrile,COc1cccc(C2(C#N)CCN(C)CC2)c1,230.30552,313.15,704.04,82585.94930768486,,943.28665,2345092,,
"benzenamine, 2-nonyl-n-phenyl-",CCCCCCCCCc1ccccc1Nc1ccccc1,295.46166,444.45,788.59,145325.11595582316,,1001.3012,1509325.5,,
trifluperidol,O=C(CCCN1CCC(O)(c2cccc(C(F)(F)F)c2)CC1)c1ccc(F)cc1,409.4171328000001,485.15,934.14,100853.13166454766,,1152.3878,1624600.1,,
pipamperone,N=C(O)C1(N2CCCCC2)CCN(CCCC(=O)c2ccc(F)cc2)CC1,375.4802032,398.4,951.63,111366.72358123408,,1187.7837,1816954.2,,2.02
piritramide,N#CC(CCN1CCC(C(=N)O)(N2CCCCC2)CC1)(c1ccccc1)c1ccccc1,430.58506,422.65,1156.32,95681.44329020612,,1429.0552,1479289.9,,3.91
benperidol,O=C(CCCN1CCC(n2c(O)nc3ccccc32)CC1)c1ccc(F)cc1,381.4432632000001,443.6,503.45,138841.09410062322,276262.1121,1227.6287,1880534.9,,3.91
bezitramide,CCC(=O)n1c(=O)n(C2CCN(CCC(C#N)(c3ccccc3)c3ccccc3)CC2)c2ccccc21,492.61138,420.15,1269.91,116203.16201383735,,1555.1046,1242456.9,,4.8
bromperidol,O=C(CCCN1CCC(O)(c2ccc(Br)cc2)CC1)c1ccc(F)cc1,420.3152232,428.15,488.35,100305.6698232861,239557.9433755373,1219.8629,2066115.7,,
"4-piperidinecarboxylic acid, 2,2,6,6-tetramethyl-, 1,4-cyclohexanediylbis(methylene) ester",CC1(C)CC(C(=O)OCC2CCC(COC(=O)C3CC(C)(C)NC(C)(C)C3)CC2)CC(C)(C)N1,478.7076,796.58,1090.04,108337.53213861656,190696.2107231537,1341.2618,966869.63,,
bambuterol,CN(C)C(=O)Oc1cc(OC(=O)N(C)C)cc(C(O)CNC(C)(C)C)c1,367.43996,594.58,928.08,132454.29266865802,,1138.5393,1591077.5,,
chlorophenol red,O=S1(=O)OC(c2ccc(O)c(Cl)c2)(c2ccc(O)c(Cl)c2)c2ccccc21,423.26658,534.15,,,,,,,
dichloroamine,ClNCl,85.92064,202.26,324.63,107645.84621343602,350268.1733328078,515.13669,6113063.6,,
hexachloroethane,ClC(Cl)(Cl)C(Cl)(Cl)Cl,236.7394,462.65,458.15,41184.52610761031,166932.6303517487,695,3340000,,4
gliotoxin,CN1C(=O)C23CC4=CC=CC(O)C4N2C(=O)C1(CO)SS3,326.39126,468.15,972.59,91537.37756335756,436296.7652541012,1214.0209,4238552.5,,
isobutylene oxide,CC1(C)CO1,72.10571999999999,207,324.15,82268.09190727172,374395.0518,500,4400000,241.15,
fluorobenzene,Fc1ccccc1,96.1023032,231.15,357.85,117687.08577631676,326501.09522373753,560.1,4550000,,2.27
"2,5-dichlorobenzyl alcohol",OCc1cc(Cl)ccc1Cl,177.02794000000003,351.15,563.44,110892.09985723156,,775.86881,4051796.5,,
stop,[F-].[F-].[Sn+2],156.6978064,488.15,1123.15,67007.95780891035,927816.9796,1835.05,25018000,,
2-ethyl-2-hexenal,CCCC=C(C=O)CC,126.19616,202.88,448.15,139917.0941,311683.5695740617,636,2640000,313.15,
"7-hydroxy-3,4-dihydro-2(1h)-quinolinone",OC1=Nc2cc(O)ccc2CC1,163.17326,503.15,683.5,144165.7781428158,,921.56213,5782937.4,,
(-)-mtpa,CO[C@](C(=O)O)(c1ccccc1)C(F)(F)F,234.1718696,317.15,614.36,91556.68457,,826.15688,2853568.6,,
"1,1,2-trifluoroethane",FCC(F)F,84.0404296,189.15,276.65,79164.27881,302240.8891079428,429.8,5240000,,
dioxation,CCOP(=S)(OCC)SC1OCCOC1SP(=S)(OCC)OCC,456.538762,253.15,,,,,,,
sodium diethyldithiocarbamate,CCN(CC)C(=S)[S-].[Na+],171.25937,368.15,,,,,,,
trioctylphosphine oxide,CCCCCCCCP(=O)(CCCCCCCC)CCCCCCCC,386.634901,326.65,,,,,,,
trimethylphosphine,CP(C)C,76.077321,188.15,316.15,,348756.0808767539,490.71062,4008933,,
pentaethylene glycol monododecyl ether,CCCCCCCCCCCCOCCOCCOCCOCCOCCO,406.59704,287.9,907.24,154364.13408223534,177572.92273137555,1121.0089,905606.05,,
trabectedin,COc1cc2c(cc1O)CCN[C@]21CS[C@@H]2c3c(OC(C)=O)c(C)c4c(c3[C@H](COC1=O)N1[C@@H]2[C@H]2c3c(cc(C)c(OC)c3O)C[C@@H]([C@@H]1O)N2C)OCO4,761.8372200000001,1584.51,1843.36,161054.08974373815,,2533.7418,1119304.3,,
phenazepam,OC1=Nc2ccc(Br)cc2C(c2ccccc2Cl)=NC1,349.6097,494.15,908.85,111375.62830779582,,1209.4216,3403912.3,,3.3
dibenzothiophene,c1ccc2c(c1)sc1ccccc12,184.25692,371.15,604.75,103447.94648689448,294415.67746359913,897,3860000,,4.38
diphenyl ditelluride,c1ccc([Te][Te]c2ccccc2)cc1,409.4078,326.65,,,,,,,
formyl fluoride,O=CF,48.0164432,130.95,246.65,,354370.39573036146,398.57923,7998906.9,,
hexafluorophosphoric acid,F[P-](F)(F)(F)(F)F.[H+],145.9721202,402.15,,,,,,,
2-amino-5-methylpyrimidine,Cc1cnc(=N)[nH]c1,109.12918,411.39,525.59,163393.51216604028,,783.52031,5713211.6,,
trimethylindium,[CH3].[CH3].[CH3].[In],159.92156,361.15,408.85,,,,,,
n-ethyl-2-methylallylamine,C=C(C)CNCC,99.17412,194.32,377.85,139199.6218,327182.57382067794,556,3180000,276.0047159,
trimethylgallium,[CH3].[CH3].[CH3].[Ga],114.82656,254.15,328.85,,231887.46055907648,510,4040000,,
decitabine,N=c1ncn([C@H]2C[C@H](O)[C@@H](CO)O2)c(O)n1,228.20528,471.65,470.65,182427.85618281923,566974.2059562759,1112.0354,5610963.8,,
nalmefene,C=C1CC[C@@]2(O)[C@H]3Cc4ccc(O)c5c4[C@@]2(CCN3CC2CC2)[C@H]1O5,339.42810000000003,462.15,957.98,127567.51724444734,,1195.5605,2579339.8,,
strontium carbonate,O=C([O-])[O-].[Sr+2],147.6289,1767.15,,270949.65823087486,,,,,
strontium sulfate,O=S(=O)([O-])[O-].[Sr+2],183.6826,1879.15,,195990.25710655228,,,,,
4-morpholineethanesulfonic acid,O=S(=O)(O)CCN1CCOCC1,195.23672,551.65,375.15,,160450.28065526523,527.32123,2229005,,
caps,O=S(=O)(O)CCCNC1CCCCC1,221.31706,586.4,,,,,,,
troclosene,O=c1nc(O)n(Cl)c(=O)n1Cl,197.96434,498.15,635.67,106312.0762052398,379081.8197789179,897.5398,6239252.9,,
6-bromoindole,Brc1ccc2cc[nH]c2c1,196.04394,367.15,544.56,116810.54767619954,,802.95021,5160853.5,,
phenformin,N=C(N)NC(=N)NCCc1ccccc1,205.2596,449.65,388.15,,581827.8257330708,1089.1542,2841412.8,,-0.83
fluoroboric acid,F[B-](F)(F)F.[H+],87.8125528,183.15,403.15,,495627.2876,632.37937,9415240.2,,
67785-98-2,C1COCCN1.O=C(O)CO,163.17172,489.28,675.69,186895.13109256924,526629.2768541825,894.36077,4775984.8,,
triclofos,O=P(O)(O)OCC(Cl)(Cl)Cl,229.383521,393.65,,,,,,,
cinchotoxin,C=C[C@H]1CNCC[C@H]1CCC(=O)c1ccnc2ccccc12,294.39078,332.15,852.64,148068.49589514997,,1106.1811,2108066.2,,
tetranitromethane,O=[N+]([O-])C([N+](=O)[O-])([N+](=O)[O-])[N+](=O)[O-],196.0327,287.05,398.75,185560.8783636608,197781.89370215964,540,2680000,,
21050-13-5,[Cl-].c1ccc(P(=N[P+](c2ccccc2)(c2ccccc2)c2ccccc2)(c2ccccc2)c2ccccc2)cc1,574.0306220000001,545.15,,,,,,,
l-alanosine,N[C@@H](CN(O)N=O)C(=O)O,149.10538,458.65,309.15,,265427.41382649296,847.58676,6103515.6,,
lithium hexafluorophosphate,F[P-](F)(F)(F)(F)F.[Li+],151.9051802,467.44,,,,,,,
phenothrin,CC(C)=CC1C(C(=O)OCc2cccc(Oc3ccccc3)c2)C1(C)C,350.45074,493.21,603.65,118267.69148782508,238732.0509219152,1100.8983,1451247.2,,
n-carbobenzoxy-l-phenylalanine vinyl ester,C=COC(=O)C(Cc1ccccc1)N=C(O)OCc1ccccc1,325.35846,477.29,850.53,129340.42040892376,,1078.464,1878905,,
ethyl 4-(phenylmethoxy)benzoate,CCOC(=O)c1ccc(OCc2ccccc2)cc1,256.29644,317.15,704.66,118792.1299,,933.56531,2227091.6,,
2-ethylhexyl acrylate,C=CC(=O)OCC(CC)CCCC,184.2753,183.15,489.15,129219.7055166916,246127.21851348583,655,2070000,355.15,
"trans-3,5-diethyl-1,2,4-trithiolane",CC[C@H]1SS[C@H](CC)S1,180.35448,414.39,490.98,95772.50312828382,236781.3203479192,735.54914,3607210.8,,
ricinoleic acid,CCCCCC[C@H](O)C/C=C/CCCCCCCC(=O)O,298.46076,264.87,852.85,178536.03267645638,288785.3083270737,1045.0812,1366675.7,,
tri-o-cresyl phosphate,Cc1ccccc1OP(=O)(Oc1ccccc1C)Oc1ccccc1C,368.362801,240.15,683.15,,307783.7919531406,1060,44900000,498.15,
rubixanthin,CC(C)=CCC/C(C)=C/C=C/C(C)=C/C=C/C(C)=C/C=C/C=C(C)/C=C/C=C(C)/C=C/C1=C(C)C[C@@H](O)CC1(C)C,552.8720400000001,433.15,1276.26,153485.78669306551,136606.1147684076,1586.8705,583162.43,,
probucol,CC(C)(Sc1cc(C(C)(C)C)c(O)c(C(C)(C)C)c1)Sc1cc(C(C)(C)C)c(O)c(C(C)(C)C)c1,516.84162,398.15,1264.81,87701.91533723619,,1550.4997,998280.46,,
ccris 3767,O=C/C(=C(/Cl)C(=O)O)C(Cl)Cl,217.43452,390.47,623.94,127799.3945,316803.13615106704,854.41667,4026128,,
bentazepam,O=C1CNC(c2ccccc2)=c2c3c(sc2=N1)CCCC3,296.38674,541.15,470.65,115170.46950211066,343888.2227402252,1211.0199,3028936.3,,
berberine,COc1ccc2cc3[n+](cc2c1OC)CCc1cc2c(cc1-3)OCO2,336.36122,418.15,885.3,146851.05494622714,,1126.7307,2231301.6,,
cyclooctane,C1CCCCCCC1,112.21264,287.95,424.25,21477.08136979934,312713.9198943661,647.2,3560000,303.15,4.45
ambroxol,Nc1c(Br)cc(Br)cc1CNC1CCC(O)CC1,378.10282,619.73,900.74,106214.49477684405,,1143.7517,3427869.4,,
6-methylquinoxaline,Cc1ccc2nccnc2c1,144.17322,491.65,516.9,138812.1871731796,389662.7070399503,826.63733,4333955.5,,
plasmoquine,CCN(CC)CCCC(C)Nc1cc(OC)cc2cccnc12,315.45306,551.95,461.15,146364.08979516636,282053.55405345635,1040.8899,1608997.8,,
protoporphyrin ix,C=Cc1c(C)c2cc3[nH]c(cc4nc(cc5nc(cc1[nH]2)C(C)=C5CCC(=O)O)C(CCC(=O)O)=C4C)c(C)c3C=C,562.65816,1431.66,1632.32,185967.26651933743,,2063.6633,1132145.9,,
voglibose,OCC(CO)NC1CC(O)(CO)C(O)C(O)C1O,267.27624000000003,680.18,1124.5,155902.37276609396,590684.9671197712,1448.9429,5138680.1,,
2-(2-{2-[2-(4-methylphenoxy)ethoxy]ethoxy}ethoxy)ethanol,Cc1ccc(OCCOCCOCCOCCO)cc1,284.34806000000003,447.49,756.32,130466.86515111092,,941.05234,1861114.7,,
thiomorpholine,C1CSCCN1,103.18596,445.65,448.15,98143.19700083228,467342.1131624424,649.43701,5527839.6,,
ethyl chloroformate,CCOC(=O)Cl,108.5236,192.35,364.15,111422.76887239271,379812.2967212159,508,4500000,287.571359,
"1,2,4-benzenetricarboxylic acid",O=C(O)c1ccc(C(=O)O)c(C(=O)O)c1,210.14034,498.15,878.69,203473.54534593408,,860,3510000,,
buformin,CCCCNC(=N)NC(=N)N,157.2168,448.15,398.65,,276732.07634304214,947.37053,3009031,,-1.2
alpha-naphtholphthalein,O=C1OC(c2ccc(O)c3ccccc23)(c2ccc(O)c3ccccc23)c2ccccc21,418.44012,519.65,1191.08,132018.88958448824,,1479.3411,2402922,,
lampit,CC1CS(=O)(=O)CCN1/N=C/c1ccc([N+](=O)[O-])o1,287.29232,454.15,403.75,,117301.49716866108,522.03813,1334714.9,,
68527-48-0,CC(C)c1cc(C(C)(C)OOC(C)(C)C)cc(C(C)(C)OOC(C)(C)C)c1,380.5613,484.03,838.8,52979.63823436592,,1050.505,1034566.8,,
azidotrimethylsilane,C[Si](C)(C)N=[N+]=[N-],115.20916,178.15,368.65,,302936.27109260275,521.48542,3217672.5,,
ac1o5ahl,C=CC(=O)OCCC(=O)O.C=CC(=O)OCCO.C=CC=C.C=Cc1ccccc1,418.4801,574.45,1094.25,133444.81613343145,,1340.2489,1142888,,
cesium bromide,[Br-].[Cs+],212.80945,909.15,1573.15,,923908.3009388676,2562.13,21127000,,
magnesium bromide,[Br-].[Br-].[Mg+2],184.113,984.15,,213455.8667774681,,,,,
"(1r,2s)-(-)-trans-2-(1-methyl-1-phenylethyl)cyclohexanol",CC(C)(c1ccccc1)[C@@H]1CCCC[C@H]1O,218.33458,351.61,573.15,83481.96607,315819.9209995891,894.89278,2393526.4,,
2-vinylaniline,C=Cc1ccccc1N,119.16376,300.36,483.51,117863.01472863898,,713.16737,4051796.5,,
carbazole,c1ccc2c(c1)[nH]c1ccccc12,167.20656,519.35,627.75,144133.1009979513,345831.61158963485,900.05,3240373,,3.72
(r)-mandelonitrile,N#C[C@H](O)c1ccccc1,133.14728,317.15,443.15,94541.92380047118,481499.46954143903,821.29161,4005768.3,,
15-keto-pge2,CCCCCC(=O)/C=C/[C@H]1[C@H](O)CC(=O)[C@@H]1C/C=C\CCCC(=O)O,350.4492,646.99,1030.84,169431.11868995562,,1262.0379,1433716.2,,
perfluoro-2-butyltetrahydrofuran,FC(F)(F)C(F)(F)C(F)(F)C(F)(F)C1(F)OC(F)(F)C(F)(F)C1(F)F,416.0594512,319.39,378.35,38540.165242615694,77453.18097001714,500.2,1607000,,
"2,4,5-trihydroxybenzaldehyde",O=Cc1cc(O)c(O)cc1O,154.12014,502.65,,,,,,,
n-phenethyl-2-norbornanamine,c1ccc(CCNC2CC3CCC2C3)cc1,215.33394,366.01,632.73,134614.1718300422,,859.04863,2351920.7,,
3-hydroxypiperidine,OC1CCCNC1,101.14694,334.65,474.28,140577.65860242536,,678.49274,5281571.1,,
58574-03-1,O=C(O)c1ccc(-c2ccc(O)cc2)cc1,214.2167,567.15,781.51,154259.6819015511,,1040.6775,4000702.5,,
decabromodiphenyl oxide,Brc1c(Br)c(Br)c(Oc2c(Br)c(Br)c(Br)c(Br)c2Br)c(Br)c1Br,959.1678,578.65,803.15,67835.88856923679,139719.55376741232,1594.9107,7121365.9,,
p-(isobornyloxy)aniline,CC1(C)C2CCC1(C)C(Oc1ccc(N)cc1)C2,245.35992,486.19,701.18,85380.69298359733,,945.96022,2291517.2,,
fipexide,O=C(COc1ccc(Cl)cc1)N1CCN(Cc2ccc3c(c2)OCO3)CC1,388.84474,666.56,945.09,142686.77004606003,,1188.5415,2098420.5,,
"1-amino-4-(cyclohexylamino)-9,10-anthraquinone",Nc1ccc(NC2CCCCC2)c2c1C(=O)c1ccccc1C2=O,320.385,723.52,1015.51,107361.45574855251,,1291.5272,2372586.8,,
"barbituric acid, 5-(1-butenyl)-5-ethyl-",CC/C=C/C1(CC)C(O)=NC(=O)N=C1O,210.22976,643.38,752.91,119416.96551430206,386217.9040859539,1016.0507,3376278.5,,
53112-33-7,CN1CCc2ccccc2C1.Cl,183.67786,309.6,522.04,97496.78050473802,,751.5843,3038963.2,,
nicocodine,COc1ccc2c3c1O[C@H]1[C@@H](OC(=O)c4cccnc4)C=C[C@H]4[C@@H](C2)N(C)CC[C@@]341,404.45836,741.48,470.65,141327.28026687345,202471.45370420965,1262.0686,1759492.8,,
nicodicodine,COc1ccc2c3c1O[C@H]1[C@@H](OC(=O)c4cccnc4)CC[C@H]4[C@@H](C2)N(C)CC[C@@]341,406.47424,740.72,1009.01,137620.0371,,1261.6158,1707533.6,,
acetyldihydrocodeine,COc1ccc2c3c1O[C@H]1[C@@H](OC(C)=O)CC[C@H]4[C@@H](C2)N(C)CC[C@@]341,343.4168,393.15,837.11,135112.78423187215,,1063.3719,1783350.1,,
"n-[(1,1-dimethylethoxy)carbonyl]-o-(phenylmethyl)-l-tyrosine",CC(C)(C)OC(O)=N[C@@H](Cc1ccc(OCc2ccccc2)cc1)C(=O)O,371.4269000000001,381.65,1093.84,,,1341.6143,1583488.9,,
fmoc-thr(tbu)-oh,C[C@@H](OC(C)(C)C)[C@H](N=C(O)OCC1c2ccccc2-c2ccccc21)C(=O)O,397.46418000000006,404.65,1059.57,129078.29832615356,,1302.8008,1491886.9,,
triphenylantimony,[Sb].[c]1ccccc1.[c]1ccccc1.[c]1ccccc1,353.0717,328.15,,,,,,,
chebi:75008,CC(C)[C@H](N)C(O)=N[C@@H](C)C(=O)O,188.22424,481.37,703.4,148466.53119704456,440990.5090822728,915.45363,3302946.2,,
"1,3-dicyclopentylcyclopentane",C1CCC(C2CCC(C3CCCC3)C2)C1,206.36694,287.27,583.97,84713.18128766168,233803.70679893263,820.15429,2161320.5,,
1-(1-adamantyl)pyrazole,c1cnn(C23CC4CC(CC(C4)C2)C3)c1,202.29542,430.42,597.24,109102.8160696866,277432.21103373746,845.0138,3156167.2,,
atomic hydrogen,[H],1.00794,14.01,20.28,,1576543.9055841754,36.765882,2284947.3,,
formylurea,N=C(O)N=CO,88.06536,442.15,,,,682.7601,6745290.4,,
methyl propyl sulfide,CCCSC,90.1872,160.15,368.65,113608.1395142548,357728.3871670076,574.1,3970000,,
acetone-d6,[2H]C([2H])([2H])C(=O)C([2H])([2H])[2H],64.116112,177.5,328.65,,391889.8111961872,584.99046,6326189.1,,
methanol,CO,32.04186,175.15,337.6323833,100337.49601302797,1101081.237210215,513.38,8215850,282.15,-0.74
3-pyrrolidino-n-methyl-4-methoxybiphenyl,COc1ccc(-c2ccccc2)cc1CN1CCCC1,267.36544,443.86,725.3,107915.967,,963.47323,2173428.7,,
"1-(1,3-benzodioxol-5-ylmethyl)-4-phenylpiperazine",c1ccc(N2CCN(Cc3ccc4c(c3)OCO4)CC2)cc1,296.3636,529.42,780.63,147480.9996909202,,1026.5403,2537926.1,,
em 136,O=C1c2ccccc2C(=O)N1C1CCCN=C1O,244.24598,650.45,819.84,103248.37280842864,,1097.1931,3547305.6,,
narcobarbital,C=C(Br)CC1(C(C)C)C(=O)N(C)C(=O)N=C1O,303.1524,388.15,793.53,73217.29928577178,287233.9860193965,1051.5125,3096733.6,,2.11
n-methylhydroxylamine,CNO,47.0565,360.65,364.83,160084.1541551114,873163.3848057139,533.59,6841438,,
pentabromodiphenyl ether,Brc1ccc(Oc2cc(Br)c(Br)cc2Br)c(Br)c1,564.6875,268.15,689.15,71873.38129496403,147361.55496434605,1207.2131,4723609.8,,
sulfamide,NS(N)(=O)=O,96.10896,365.15,,,,,,,
ethyl 6-amino-5-methoxy-1h-indole-2-carboxylate,CCOC(=O)c1cc2cc(OC)c(N)cc2[nH]1,234.25116,438.15,733.05,162009.87008986424,,963.79147,2986055.1,,
hebaral,CCCCCCC1(CC)C([O-])=NC(=O)N=C1O.[Na+],262.28063,399.15,,,,,,,
5-acetylthiophene-2-carbonitrile,CC(=O)c1ccc(C#N)s1,151.1857,351.15,591.77,100393.09273297671,,839.01277,3891642.7,,
"n,n-bis(2-hydroxyethyl)-m-fluoroaniline",OCCN(CCO)c1cccc(F)c1,199.2220632,396.1,656.13,148502.62829724577,,832.50041,3360638.5,,
calcium chlorate,[Ca+2].[O-][Cl+2]([O-])[O-].[O-][Cl+2]([O-])[O-],206.9804,613.15,,,,,,,
cobalt nitrate,O=[N+]([O-])[O-].O=[N+]([O-])[O-].[Co+2],182.943,375.65,,,,,,,
boc-glu-oh,CC(C)(C)OC(O)=N[C@@H](CCC(=O)O)C(=O)O,247.24508,606.07,824.14,163695.87617274324,404035.5318253277,1035.0735,2616414.1,,
"n,n-dimethyl-2,2-diphenylcyclopropanemethanamine",CN(C)CC1CC1(c1ccccc1)c1ccccc1,251.36604,505.15,679.55,104974.40306574428,,921.34377,2175456.7,,
fluproquazone,Cc1ccc2c(-c3ccc(F)cc3)nc(=O)n(C(C)C)c2c1,296.3387832,446.15,828.08,116130.59765037196,,1075.038,2167362,,
n-[3-(dibenzylamino)phenyl]acetamide,CC(O)=Nc1cccc(N(Cc2ccccc2)Cc2ccccc2)c1,330.42288,416.15,904.46,133734.68568520437,,1150.0385,1927048.1,,
"naphthalene-2,7-disulfonic acid",O=S(=O)(O)c1ccc2ccc(S(=O)(=O)O)cc2c1,288.29692,472.15,,,,,,,
5-(2-bromoallyl)-5-propylbarbituric acid,C=C(Br)CC1(CCC)C(O)=NC(=O)N=C1O,289.12582,692.54,811.47,95453.25284,319579.6490539848,1083.1063,3642126.1,,
2-aminoethyl dihydrogen phosphate,NCCOP(=O)(O)O,141.062981,515.15,,,,,,,
"methyl 3,5-dichloro-2-hydroxybenzoate",COC(=O)c1cc(Cl)cc(Cl)c1O,221.03744,421.65,632.98,127964.74660582388,,872.13352,3881949.9,,
benzotrichloride,ClC(Cl)(Cl)c1ccccc1,195.4736,268.15,494.15,67037.18558414026,202447.3448,737,3340000,,
rhoeadine,CO[C@H]1O[C@@H]2c3cc4c(cc3CCN(C)[C@@H]2c2ccc3c(c21)OCO3)OCO4,383.39454,530.15,964.56,186405.8888266901,,1213.3419,2117778.6,,
2-ethoxy-n-methylethanamine,CCOCCNC,103.16282,221,388.15,145333.36719566217,352883.6108993253,557.5325,3452080.3,,
2-(hexylamino)ethanol,CCCCCCNCCO,145.24256,293.4,504.15,176690.63392988942,341153.52708905947,688.28581,2826327,,
haloprogin,Clc1cc(Cl)c(OCC#CI)cc1Cl,361.39093,386.65,683.99,91997.32821186188,,967.02805,3134996.7,,
dichlorosilane,Cl[SiH2]Cl,101.00738,151.15,281.45,,209483.1966714392,451.5,4599000,,
carbon,[C],12.0107,3823.15,4273.15,,35846152.06868994,7020.5,796719000,,
hexa[trifluoromethyl]benzene,FC(F)(F)c1c(C(F)(F)F)c(C(F)(F)F)c(C(F)(F)F)c(C(F)(F)F)c1C(F)(F)F,486.0996576,339.16,493.22,61485.33440151924,,622.55494,1266448,,
"3,5-diiodothyronine",NC(Cc1cc(I)c(Oc2ccc(O)cc2)c(I)c1)C(=O)O,525.0769600000001,524.15,1118.02,93550.09597,,1409.9202,3089852,,
"cholesterol, nonanoate",CCCCCCCCC(=O)OC1CCC2(C)C(=CCC3C2CCC2(C)C(C(C)CCCC(C)C)CCC32)C1,526.87628,350.15,1119.54,113516.21295230828,138697.68175822808,1373.8726,626251.88,,
"2,2-dimethylvaleronitrile",CCCC(C)(C)C#N,111.18482,236.06,458.61,71754.39956641562,358249.6032,657.95718,2781783.5,,
barium chlorate,[Ba+2].[O-][Cl+2]([O-])[O-].[O-][Cl+2]([O-])[O-],304.2294,687.15,,,,,,,
3-bromo-5-methylphenol,Cc1cc(O)cc(Br)c1,187.03388,329.65,538.2,99479.30289,,786.15102,5438518.6,,
"1,3,5-trichlorobenzene",Clc1cc(Cl)cc(Cl)c1,181.44702,337.15,482.15,99753.63607514744,234244.4171028357,718,3720000,371.5698762,4.02
3-(2'-methylpiperidino)propyl p-isobutoxybenzoate,CC(C)COc1ccc(C(=O)OCCCN2CCCCC2C)cc1,333.46504000000004,447.03,796.78,120546.36971839685,,1004.1862,1426146.2,,
haloxazolam,OC1=Nc2ccc(Br)cc2C2(c3ccccc3F)OCCN2C1,377.2076632,458.15,477.15,111257.01859813118,245739.48446634063,1176.9023,3096733.6,,
"n-(2,6-diethylphenyl)pyrrolidine",CCc1cccc(CC)c1N1CCCC1,203.32324,350.13,584.68,114418.79442802504,,799.30679,2322543.2,,
fenothiocarb,CN(C)C(=O)SCCCCOc1ccccc1,253.36046,313.65,428.15,131847.72398976542,260406.9746164888,897.179,2324783.4,,3.28
mexazolam,CC1COC2(c3ccccc3Cl)c3cc(Cl)ccc3N=C(O)CN12,363.23784,446.65,928.35,125694.5036,,1204.0696,2441063,,
menatetrenone,CC(C)=CCC/C(C)=C/CC/C(C)=C/CC/C(C)=C/CC1=C(C)C(=O)c2ccccc2C1=O,444.64810000000006,308.15,1117.14,134249.9833014017,,1368.39,872220.1,,
copper aspirinate,CC(=O)Oc1ccccc1C(=O)[O-].CC(=O)Oc1ccccc1C(=O)[O-].CC(=O)Oc1ccccc1C(=O)[O-].CC(=O)Oc1ccccc1C(=O)[O-].[Cu+2].[Cu+2],843.68992,528.15,,,,,,,
thymol blue,Cc1cc(O)c(C(C)C)cc1C1(c2cc(C(C)C)c(O)cc2C)OS(=O)(=O)c2ccccc21,466.5891,496.15,,,,,,,
cholesteryl oleyl carbonate,CCCCCCCCC=CCCCCCCCCOC(=O)OC1CCC2(C)C(=CCC3C2CCC2(C)C(C(C)CCCC(C)C)CCC32)C1,681.1256000000001,293.15,,,,,,,
cholesteryl benzoate,CC(C)CCCC(C)C1CCC2C3CC=C4CC(OC(=O)c5ccccc5)CCC4(C)C3CCC12C,490.7596,422.15,1100.46,99172.79254445556,,1350.9565,829068.54,,
3-chlorocholestene,CC(C)CCC[C@@H](C)[C@H]1CC[C@H]2[C@@H]3CC=C4C[C@@H](Cl)CC[C@]4(C)[C@H]3CC[C@]12C,405.0992,368.15,892.83,89674.33162050185,174780.9227482617,1119.9879,992627.16,,
ebselen,O=c1c2ccccc2[se]n1-c1ccccc1,274.17666,454.65,,,,,,,
49763-60-2,CCCCCc1ccc(C=Nc2ccc(C#N)cc2)cc1,276.3755,319.55,876.4,,,1118.3104,1550003.1,,
triolein,CCCCCCCC/C=C\CCCCCCCC(=O)OCC(COC(=O)CCCCCCC/C=C\CCCCCCCC)OC(=O)CCCCCCC/C=C\CCCCCCCC,885.4320600000001,241.15,1690.46,173447.52571981636,,1640,470000,,
difluoro,CP(=O)(F)F,100.0044874,235.95,371.15,,364357.69701718783,571.87611,6121449.8,,
2-hydroxy-5-sulfobenzoic acid,O=C(O)c1cc(S(=O)(=O)O)ccc1O,218.18394,393.15,,,,,,,
5-nitro-m-xylene,Cc1cc(C)cc([N+](=O)[O-])c1,151.16255999999998,347.15,547.15,139584.82841253813,332834.4796409763,787.7,3313000,,
2-(methoxymethyl)-1h-imidazole-5-carboxaldehyde,COCc1ncc(C=O)[nH]1,140.13992,377.4,,,,,,,
tocopherols,Cc1c(O)cc2c(c1C)OC(C)(CCCC(C)CCCC(C)CCCC(C)C)CC2,416.67952,270.15,999.36,129787.99629989012,,1224.5738,943259.54,,
epoxycholesterol,CC(C)CCC[C@@H](C)[C@H]1CC[C@H]2[C@@H]3C[C@@H]4O[C@@]45C[C@@H](O)CC[C@]5(C)[C@H]3CC[C@]12C,402.65294,413.65,964.16,100513.36021537556,215640.4761933043,1188.1114,1123811.6,,
amodiaquine,CCN(CC)Cc1cc(Nc2ccnc3cc(Cl)ccc23)ccc1O,355.86118,481.15,978.84,153790.3066583436,,1228.9266,2159312.3,,
acibenzolar-s-methyl,CSC(=O)c1cccc2nnsc12,210.27604,406.05,540.15,131669.78035157977,369063.4400743872,1001.7185,5029928.1,,3.1
53213-82-4,CCCCCCN1C(=CC=Cc2[o+]c3ccccc3n2CCCCCC)Oc2ccccc21.[I-],572.52075,723.82,1128.7,143172.10336917918,,1382.2262,1041926.7,,
monofluoroamine,NF,35.0209832,173.61,271.4,115159.53098655438,716297.9924185666,439.93605,6875517.4,,
n-cyclohexyltaurine,O=S(=O)(O)CCNC1CCCCC1,207.29048,593.15,,,,,,,
cystamine,NCCSSCCN,152.28148,408.65,573.74,162659.3069623437,404058.83950835327,813.91258,4730109.4,,
tetrahydrofolic acid,N=c1nc(O)c2c([nH]1)NCC(CNc1ccc(C(=O)NC(CCC(=O)O)C(=O)O)cc1)N2,445.42922,1407.51,1498.96,210738.3076485193,,1847.0335,2881205.9,,
dihydrofolic acid,N=c1nc(O)c2c([nH]1)NCC(CNc1ccc(C(=O)N[C@@H](CCC(=O)O)C(=O)O)cc1)=N2,443.41334,1437.44,1535.15,,,,,,
"2,5-dimethoxybenzenesulfonamide",COc1ccc(OC)c(S(N)(=O)=O)c1,217.24224,321.15,,,,,,,
2-(4-nonylbenzoyl)benzoic acid,CCCCCCCCCc1ccc(C(=O)c2ccccc2C(=O)O)cc1,352.46662000000003,637.38,988.54,154261.41630092516,,1219.169,1432631.1,,
phenylboronic acid,OB(O)c1ccccc1,121.92958,491.15,,,,,,,1.58
allopregnan-20beta-ol-3-one,C[C@@H](O)[C@H]1CC[C@H]2[C@@H]3CC[C@H]4CC(=O)CC[C@]4(C)[C@H]3CC[C@]12C,318.49346,468.15,874.42,71831.93023806516,270105.11175004457,1106.0282,1648432.5,,
4'-chlorodiazepam,CN1C(=O)CN=C(c2ccc(Cl)cc2)c2cc(Cl)ccc21,319.18528,428.15,862.62,112696.29977923796,,1136.5006,2581961.8,,
sterigmatocystin,COc1cc2c(c3oc4cccc(O)c4c(=O)c13)[C@@H]1C=CO[C@@H]1O2,324.28428,519.15,961.19,171414.4145,,1226.3909,3138510.3,,
"trans-4-butylcyclohexanecarboxylic acid, 4-cyanophenyl ester",CCCCC1CCC(C(=O)Oc2ccc(C#N)cc2)CC1,285.38072,442.02,818.28,121973.90209121346,,1047.2147,1628536.1,,
"3,5-diiodo-l-tyrosine",N[C@@H](Cc1cc(I)c(O)c(I)c1)C(=O)O,432.9816,486.15,926.66,89474.93380781077,,1214.9676,4316887.1,,
3-iodo-l-tyrosine,N[C@@H](Cc1ccc(O)c(I)c1)C(=O)O,307.08507000000003,478.15,828.54,113076.15834270288,,1095.1759,4534684.7,,
proge,CCCCCC(=O)O[C@]1(C(C)=O)CC[C@H]2[C@@H]3CCC4=CC(=O)CC[C@]4(C)[C@H]3CC[C@@]21C,428.6041,393.15,1041.1,86991.70166594301,217781.81326644216,1285.7852,1132145.9,,
dioscorine,CC1=CC(=O)O[C@@]2(C1)C[C@H]1CC[C@@H]2CN1C,221.29546,307.15,596.57,106897.80983306211,,813.0459,2545614.9,,
tetraphenylphosphonium chloride,[Cl-].c1ccc([P+](c2ccccc2)(c2ccccc2)c2ccccc2)cc1,374.842361,539.15,,,,,,,
n-boc-d-phenylalaninol,CC(C)(C)OC(O)=N[C@@H](CO)Cc1ccccc1,251.32144,368.15,743.5,114100.89007925468,,944.58403,2280587,,
beryllium chloride,[Be+2].[Cl-].[Cl-],79.918182,688.15,755.15,108360.82332303304,986167.9461025104,1238.03,10209000,,
"4-methyl-1,2,3-thiadiazole-5-carboxylic acid",Cc1nnsc1C(=O)O,144.15176,449.15,620.09,171499.8138073375,,885.86942,6278867.1,,
fluoxetine,CNCCC(Oc1ccc(C(F)(F)F)cc1)c1ccccc1,309.3261296,431.15,713.63,103673.75055404952,,924.1508,1865941.4,,4.05
31215-06-2,CCCCCCCCCc1cc(O)cc2ccccc12,270.40914,487.25,765.58,153175.29577587504,,979.11273,1838835.6,,
indium bromide (inbr),[Br-].[In+],194.722,558.15,929.15,124793.29505654216,472468.4421893777,,,,
piminodine,CCOC(=O)C1(c2ccccc2)CCN(CCCNc2ccccc2)CC1,366.4965,564.07,915.55,118784.2175846154,,1149.8793,1570961.3,,
ag-g-64177,CC(C)c1ccccc1C(C)(C)OOC(C)(C)c1ccccc1C(C)C,354.52556000000004,457.42,849.54,72553.30194,,1076.8886,1214049,,
lithium bis(trimethylsilyl)amide,C[Si](C)(C)[N-][Si](C)(C)C.[Li+],167.32582,343.65,388.15,,,,,,
115-02-6,N#[N+]C=C(O)OCC(N)C(=O)[O-],173.12678,427.15,,,,,,,-2
(r)-2-amino-3-(benzyloxy)propan-1-ol,N[C@H](CO)COCc1ccccc1,181.2316,380.19,580.15,124961.65127935748,321293.11450087733,844.73093,3431886.8,,
hypoiodous acid,OI,143.91181,208.64,384.92,29531.97517285065,285797.9590439193,587.19464,7587806.1,,
di(tetrahydrofurfuryl) phthalate,O=C(OCC1CCCO1)c1ccccc1C(=O)OCC1CCCO1,334.36368,491.16,844,145332.77059278687,,1077.5193,1927048.1,,
(+)-quisqualic acid,NC(Cn1oc(=O)nc1O)C(=O)O,189.12618,473.65,725.77,191284.9929079094,520114.91836929554,954.39857,5544316,,
1-methyl-n-phenyl-4-piperidinamine,CN1CCC(Nc2ccccc2)CC1,190.28472,355.15,578.73,120514.14322705472,,806.14741,2928168.5,,
triethylaluminum,[Al].[CH2]C.[CH2]C.[CH2]C,114.164838,225.01,466.15,,504660.1991355147,678.15,8930000,,
"methyl 1-ethyl-7-methoxy-1,2,3,4-tetrahydrophenanthrene-2-carboxylate",CCC1c2ccc3cc(OC)ccc3c2CCC1C(=O)OC,298.37618,475.31,781.9,125754.0062,,1006.2985,1734665.3,,
cccp,N#CC(C#N)=NNc1cccc(Cl)c1,204.6158,449.15,805.5,,,1064.1697,2657030.5,,3.38
indeloxazine hydrochloride,C1=Cc2cccc(OCC3CNCCO3)c2C1.Cl,267.75122,428.65,722.73,136962.96136391087,,976.85293,2574107.9,,
arthropan,C[N+](C)(C)CCO.O=C(O)c1ccccc1[O-],241.28356,322.65,,,,,,,
agn-pc-03eqhk,CC1(C)C=CC=C(c2ccccc2)C1(O)O,216.27564,460.58,749.62,76744.65788195102,,966.76012,3348979.8,,
cycloheptane,C1CCCCCC1,98.18606,265.15,391.95,19147.320912968706,330695.70480230416,604.2,3820000,279.15,4
benzoyl nitrate,O=C(O[N+](=O)[O-])c1ccccc1,167.1189,318.15,,,,,,,
n-(2-phenylethyl)aminoacetaldehyde diethyl acetal,CCOC(CNCCc1ccccc1)OCC,237.33792,356.08,641.17,126439.97217132432,,836.83854,1985885.9,,
16464-43-0,CC#CC1(O)CCCC(OCCN2CCCCC2)C1,265.39108,533.88,736.79,105832.4944455556,289886.58552883967,954.7715,2287135.7,,
chlordrolone,CC1(O)CCC2C3CCC4=C(Cl)C(=O)CCC4C3CCC21C,322.86948,582.13,880.32,76783.34911060655,281308.1659258505,1119.9915,1928741.1,,
pyrilamine,COc1ccc(CN(CCN(C)C)c2ccccn2)cc1,285.38402,404.65,747.9,139625.89776400235,,971.05475,2023583.2,,3.27
"3h-pyrazol-3-one, 2,4-dihydro-5-methyl-2-phenyl-4-(phenylmethyl)-",CC1=NN(c2ccccc2)C(=O)C1Cc1ccccc1,264.32174,534.12,791.03,122596.80191269927,,1054.8019,2555921,,
strontium dibromide,[Br-].[Br-].[Sr+2],247.428,930.15,,42436.58761336631,,,,,
mercaptoacetone,CC(=O)CS,90.14414,318.15,384.97,101692.68906442504,400508.5290966249,592.24724,5258616.1,,
chlorobutanol,CC(C)(O)C(Cl)(Cl)Cl,177.45678,370.15,442.15,44895.43876542784,203771.0300144593,694.41195,3990599.7,,2.03
thiophosphoryl chloride,S=P(Cl)(Cl)Cl,169.397761,238.15,398.15,,197526.89158476063,638.82,4857000,,
sodium picosulfate,O=S(=O)([O-])Oc1ccc(C(c2ccc(OS(=O)(=O)[O-])cc2)c2ccccn2)cc1.[Na+].[Na+],481.40726,546.15,,,,,,,
hydroxyethyl starch,OCCOC[C@H]1O[C@H](OCCO)[C@H](OCCO)[C@@H](OCCO)[C@@H]1OCCO.OC[C@H]1O[C@H](O)[C@H](O)[C@@H](O)[C@@H]1O,580.57456,1058.29,1793.9,179801.19556048064,468538.4828960849,5760.2503,1659193.4,,
"dimethyl 2,5-dianilinocyclohexa-1,4-diene-1,4-dicarboxylate",COC(=O)C1=C(Nc2ccccc2)CC(C(=O)OC)=C(Nc2ccccc2)C1,378.42108,643.74,1015.56,135843.38377766905,,1262.4771,1762448.7,,
thiamylal,C=CCC1(C(C)CCC)C(O)=NC(=S)N=C1O,254.34852,405.65,,,,,,,3.23
thiobutabarbital,CCC(C)C1(CC)C(O)=NC(=S)N=C1O,228.31124,442.15,,,,,,,
alpha-methylfentanyl,CCC(=O)N(c1ccccc1)C1CCN(C(C)Cc2ccccc2)CC1,350.4971,512.58,872.79,118291.9915742527,,1105.6148,1578460,,
"2-propenoic acid, 2-methyl-, polymer with n-(1,1-dimethyl-3-oxobutyl)-2-propenamide",C=C(C)C(=O)O.C=CC(O)=NC(C)(C)CC(C)=O,255.31014,501.59,791.87,130108.42420908155,330025.8661913019,1004.4694,2032717,,
tartronic acid,O=C(O)C(O)C(=O)O,120.06086,430.15,651,203038.6922099342,779631.5235191896,854.1695,6631370.1,,
1-chloro-2-methylpropane,CC(C)CCl,92.56726,142.15,342.15,73352.06853913575,307930.2582,528,3900000,259.15,
s-metolachlor,CCc1cccc(C)c1N(C(=O)CCl)[C@@H](C)COC,283.79368,233.15,555.15,121042.15992406878,246471.9766991835,909.32612,1823166,,2.9
ac1mi0sb,CN(C)c1cccc(C(=O)c2ccccc2)c1N(C)C,268.35349999999994,474.1,730.63,129422.5713471224,,957.30686,2145333,,
"n,n′-diacetylethylenediamine",CC(O)=NCCN=C(C)O,144.17168,448.15,674.36,,,865.4417,3052409.9,,
68758-70-3,COC(=O)C(N)=C1C=CC(=O)C=C1.Cl,215.6336,408.09,671.28,106096.63800075684,316818.66524417914,922.3117,3250430,,
13621-47-1,CNC(=S)C#N,100.14226,310.65,,,,,,,
trimethylarsine,C[As](C)C,120.02516,186.61,325.15,,203553.4742867174,509.35352,3145063.8,,
"1,2,4,5-tetraisopropylbenzene",CC(C)c1cc(C(C)C)c(C(C)C)cc1C(C)C,246.4308,391.55,532.15,85857.77427172252,204161.59261344327,703,1650000,,
roxarsone,O=[N+]([O-])c1cc([As](=O)(O)O)ccc1O,263.03653999999995,573.15,,,,,,,
phenylarsonic acid,O=[As](O)(O)c1ccccc1,202.03958,431.15,,,,,,,0.06
2-(2-nitrovinyl)furan,O=[N+]([O-])/C=C/c1ccco1,139.10879999999997,347.15,543.08,185157.22944917937,,793.87011,4634004,,1.56
temafloxacin,CC1CN(c2cc3c(cc2F)c(=O)c(C(=O)O)cn3-c2ccc(F)cc2F)CCN1,417.3811296,888.79,1073.74,150078.65846745746,,1323.6746,1935535.4,,-0.2
norazine,CN=c1nc(Cl)[nH]c(=NC(C)C)[nH]1,201.65668,432.15,694.83,165801.59903455715,,945.26021,3960520,,
12007-99-7,B12B3[B-]14B1B4[B-]231.[Ca+2],104.944,2508.15,,,,,,,
"1,7-dioxa-4,10-dithiacyclododecane",C1CSCCOCCSCCO1,208.34144,390.46,582.04,85974.25456980619,251325.59429353548,864.72906,3773038.2,,
destomycin a,CNC1CC(N)C(O)C(OC2OC(CO)C(O)C3OC4(OC(C(N)CO)C(O)C(O)C4O)OC23)C1O,527.52008,1155.27,435.35,201996.1022147252,274567.56223299366,3039.2498,2718333.9,,
indole-7-carboxaldehyde,O=Cc1cccc2cc[nH]c12,145.15798,361.15,,,,,,,
22348-32-9,OC(c1ccccc1)(c1ccccc1)[C@H]1CCCN1,253.33886,513.36,794.7,110788.3725378728,,1044.0678,2853568.6,,
"pyridine, 1,2,3,6-tetrahydro-1-(cyclohexylcarbonyl)-",O=C(C1CCCCC1)N1CC=CCC1,193.28536,330.68,579.13,89903.34291226196,280669.75347169844,809.92077,2906110.8,,
n-ethyl-n-isopropylaniline,CCN(c1ccccc1)C(C)C,163.25938000000002,257.62,497.15,108937.0791436302,274996.4505489775,700,2750000,,
"3-heptene, (3z)-",CC/C=C\CCC,98.18606,136.55,369.15,143482.68990526762,306418.3404166778,545,2840000,,
"benzenamine, 2-(1,1-dimethylethyl)-n,n-dimethyl-",CN(C)c1ccccc1C(C)(C)C,177.28596,298.83,515.03,90785.5309,,725.5198,2410005,,
(s)-(-)-n-methyl-1-(1-naphthyl)ethylamine,CN[C@@H](C)c1cccc2ccccc12,185.2649,345.57,476.15,116983.84313488416,303107.83628491097,827.57449,2817333.1,,
pyrroliphene,CC(=O)OC(Cc1ccccc1)(c1ccccc1)C(C)CN1CCCC1,351.48186000000004,482.69,861.87,99080.50446757051,,1097.6531,1542706.1,,
benzylmorphine,CN1CC[C@]23c4c5ccc(OCc6ccccc6)c4O[C@H]2[C@@H](O)C=C[C@H]3[C@H]1C5,375.4602,405.15,988.43,137809.54679084494,,1226.2284,1893651,,
"3′,4′-dihydroxypropiophenone",CCC(=O)c1ccc(O)c(O)c1,166.1739,419.15,647.31,158099.43679482758,,887.71072,5175715.5,,
thiamine monophosphate,Cc1ncc(C[n+]2csc(CCOP(=O)([O-])O)c2C)c(=N)[nH]1.Cl,380.787481,473.15,,,,,,,
fentanyl,CCC(=O)N(c1ccccc1)C1CCN(CCc2ccccc2)CC1,336.47052,356.15,850.35,125996.17939782658,,1082.639,1694903.5,,4.05
ac1mi7rx,CCC(C)c1ncccc1N=C(O)SCc1ccc(C(C)(C)C)cc1,356.52482,600.26,966.25,119147.3850263777,,1215.8305,1624600.1,,
ac1o5cap,C1COCCN1.C=CC(=O)O.C=Cc1ccccc1,263.33214,520.05,810.87,143677.86628703965,,1065.9739,2320306.2,,
"cis-1,3-dichloropropene",Cl/C=C\CCl,110.96986,223.15,377.15,109236.86846140024,281919.59497486387,594.4,4704000,,2.03
"n,n,3-trimethyl-4-(2-nitro-1-propen-1-yl)benzenamine",CC(=Cc1ccc(N(C)C)cc1C)[N+](=O)[O-],220.26764,348.65,679.12,151511.13436363146,,915.18368,2495007.5,,
uop 26,c1cc(NC2CCCCC2)ccc1NC1CCCCC1,272.42832,328.15,782.54,109738.95812300278,,1029.2449,2077431.7,,
ophiobolin a,CC(C)=CC1CC(C)C2(CCC3(C)CC4C(C(=O)CC4(C)O)C(C=O)=CCC32)O1,400.55094,454.65,1050.01,98431.92478839272,260649.6813322777,1295.9422,1397502,,
thiambutene,CCN(CC)C(C)C=C(c1cccs1)c1cccs1,291.47464,493.77,398.15,112318.51937444712,241591.63610210564,968.15546,2137405.7,,
dimethylthiambutene,CC(C=C(c1cccs1)c1cccs1)N(C)C,263.42148,471.23,430.65,104615.61448975232,250612.6041415596,933.55354,2574107.9,,
ethylmethylthiambutene,CCN(C)C(C)C=C(c1cccs1)c1cccs1,277.44806,482.5,701,108661.77979402704,,950.64381,2340556.1,,
calcium stearate,CCCCCCCCCCCCCCCCCC(=O)[O-].CCCCCCCCCCCCCCCCCC(=O)[O-].[Ca+2],607.0166,453.15,,,,,,,
diazene,N=N,30.02928,435.65,364.36,,1419180.689140929,586.90338,15051959,,
atomic hydrogen,[H],1.00794,14.01,20.28,,1576543.9055841754,36.765882,2284947.3,,
tetraethyl orthosilicate,CCO[Si](OCC)(OCC)OCC,208.3275,188.15,441.15,,190457.5747206217,592.2,2050000,311.15,
dibromomethane,BrCBr,173.83458,220.4,370.15,51290.14031615574,195187.2238738076,583,6499999,,2.3
dapsone,Nc1ccc(S(=O)(=O)c2ccc(N)cc2)cc1,248.30088,448.65,,,,,,,0.97
sbb016900,O=C(O)C1=C[C@@H](O)[C@@H](O)C=C1C(=O)O,200.14552,652.46,881.18,197406.3671272782,693964.6221558881,1094.0609,5029928.1,,
56602-09-6,CCCCC/C=C/C(=O)O[C@@]12C[C@@H](C)[C@@]3(O)[C@@H](C=C(COC(C)=O)C[C@]4(O)C(=O)C(C)=C[C@@H]34)[C@@H]1C2(C)C,514.6502800000001,863.7,1289.11,110910.26706523894,204789.1092038125,1609.4147,1019427.8,,
chlorofluoromethane,FCCl,68.4779832,140.15,264.05,82113.98375412435,335191.3507052665,427,5620000,,0.51
bromofluoromethane,FCBr,112.9289832,161.42,296.15,59426.72828386894,250437.36689278515,461.46108,6009254.3,,
thallium sulfide (tl2s),[S].[Tl].[Tl],440.8316,730.15,1640.15,52174.11818934941,349339.7478765134,,,,
tetramethoxysilane,CO[Si](OC)(OC)OC,152.22118,274.65,393.25,,228287.3871320369,563,2880000,294.15,
fluoroiodomethane,FCI,159.9294532,159.68,326.55,36466.07853218121,186119.9160024804,509.40071,5243395.8,,
octyl phenylcarbamate,CCCCCCCCOC(O)=Nc1ccccc1,249.34862,380.22,677.87,152858.2752934426,,874.08898,1875651.4,,
azaperone,O=C(CCCN1CCN(c2ccccn2)CC1)c1ccc(F)cc1,327.3958832,347.15,509.15,132811.6883,251043.6171452173,1073.9057,2081224.4,,3.3
238088-70-5,c1ccc(CCOC2CCCC2)cc1,190.28142,295.82,561.42,97697.39999,,786.13727,2571497.9,,
bromochloromethane,ClCBr,129.38358,185.15,341.05,60502.267752986896,228709.69398437603,558,6180825,,1.41
lead,[Pb],207.2,600.612,2022.15,23040.540540540544,1014374.4663385828,5400,86130000,,
"grayanotoxane-3,5,6,10,14,16-hexol",CC1(O)CC23CC(O)C4(O)C(CC(O)C4(C)C)C(C)(O)C2CCC1C3O,370.48036,491.15,1222.83,86997.86407,387897.4195939128,1547.2301,2571497.9,,0.27
rhenium(v) chloride,[Cl-].[Cl-].[Cl-].[Cl-].[Cl-].[Re+5],363.472,493.15,,,,,,,
ruthenocene,[Ru+2].c1cc[cH-]c1.c1cc[cH-]c1,231.2564,468.65,549,,,,,,
"ethene, fluoro-",C=CF,46.0436232,112.65,201.15,59421.909264516784,356528.76117497054,328.5,5200000,,
ac1o55ly,C=C(C)C(=O)O.C=CC(=O)OC.C=CC(=O)OCCCC.C=Cc1ccccc1,404.49658,501.43,1005.27,127877.47179469354,,1235.6996,1049365.4,,
"2-pentenedioic acid, 4-(7-methoxy-3,7-dimethyloctylidene)-3-methyl-, (2z,4e)-",COC(C)(C)CCCC(C)CC=C(C(=O)O)C(C)=CC(=O)O,312.40122,574.12,906.41,153991.07596314765,299634.2849231245,1120.5915,1540285.2,,
3-sulfolene,O=S1(=O)CC=CC1,118.15424,337.65,,,,,,,
chloroiodomethane,ClCI,176.38405,189.01,387.15,39396.98629212789,224248.76802933463,571.62744,5304676.8,,
bromoiodomethane,BrCI,220.83505,274,409.15,36393.67935479445,191591.5278021445,615.66099,6229407.9,,
2-(4-methoxyphenyl)pyridine,COc1ccc(-c2ccccn2)cc1,185.22184,326.65,608.62,112594.7135,,863.47561,3306746,,
penitrem a,C=C(C)C1OC2CCC3(C)C4(C)c5[nH]c6cc(Cl)c7c8c6c5C(OC(C)(C)C5CC(C(=C)C7)C85O)C4CCC3(O)C23OC3C1O,634.20136,1287.79,1579.72,128564.84571398584,,2036.6722,1176854.8,,
chlorotrifluoroethylene,FC(F)=C(F)Cl,116.4696096,115.15,244.85,47651.91554312551,224076.48646413189,379,4020000,,
ascofuranone,C/C(=C\Cc1c(O)c(Cl)c(C)c(C=O)c1O)CC/C=C(\C)[C@@H]1CC(=O)C(C)(C)O1,420.92636,357.15,,,,,,,
acetyl-l-phenylalanine ethyl ester,CCOC(=O)[C@H](Cc1ccccc1)N=C(C)O,235.27898,366.15,750.24,,,958.85515,2204148.2,,
cefoxitin,CO[C@@]1(N=C(O)Cc2cccs2)C(=O)N2C(C(=O)O)=C(COC(=N)O)CS[C@@H]21,427.45208,422.65,1194.68,135385.9361264542,,1467.4441,2721170.6,,-0.02
"acetamide, n-1h-tetrazol-5-yl-",CC(O)=Nc1nn[nH]n1,127.1047,536.15,605.18,237182.41732996496,,869.97068,7803818.3,,
1h-tetrazole-1-acetic acid,O=C(O)Cn1cnnn1,128.08946,401.85,601.29,230401.47097192853,579111.5303120406,852.51024,7483148,,
4-nitrophenyl phosphate,O=[N+]([O-])c1ccc(OP(=O)(O)O)cc1,219.088701,428.15,,,,,,,
cobalt naphthenate,O=C([O-])c1ccc2ccccc2c1.O=C([O-])c1ccc2ccccc2c1.[Co+2],401.27736,413.15,,,,,,,
diethylene glycol dinitrate,O=[N+]([O-])OCCOCCO[N+](=O)[O-],196.11552,261.85,,,,,,,0.98
(-)-epigallocatechin gallate,O=C(O[C@@H]1Cc2c(O)cc(O)cc2O[C@@H]1c1cc(O)c(O)c(O)c1)c1cc(O)c(O)c(O)c1,458.37172,452.65,1524.45,196757.3392180477,,1867.5223,9210104.6,,
tyrothricin,CC(C)C[C@@H]1N=C(O)[C@H](CCCN)N=C(O)[C@H](C(C)C)N=C(O)[C@H](Cc2ccc(O)cc2)N[C@@H](CCC(=O)O)C(O)=N[C@@H](CC(=N)O)C(=O)[C@@H](Cc2ccccc2)N=C(O)[C@H](Cc2ccccc2)N=C(O)[C@@H]2CCCN2C(=O)[C@@H](Cc2ccccc2)N=C1O,1228.4363,2790.93,3307.52,155410.5817289834,,13835.856,473825.05,,
drostanolone propionate,CCC(=O)O[C@H]1CC[C@H]2[C@@H]3CC[C@H]4CC(=O)[C@H](C)C[C@]4(C)[C@H]3CC[C@]12C,360.53014,401.15,881.99,91346.03836,213284.7476286699,1118.9764,1291140.7,,
ctk3c9398,CCC(=O)N(Cc1ccccc1)C1=C(CCC#N)CCCC1,296.40666,515.12,862.73,122605.20731889088,,1092.369,1692115.8,,
monosodium phosphate,O=P([O-])(O)O.[Na+],119.977011,333.15,,,,,,,
2′-deoxycytidine-5′-monophosphate,N=c1ccn([C@H]2C[C@H](O)[C@@H](COP(=O)(O)O)O2)c(O)n1,307.197121,456.65,,,,,,,
riboxamide,N=C(O)c1csc([C@@H]2O[C@H](CO)[C@@H](O)[C@H]2O)n1,260.26698,417.15,966.44,178962.3870073722,,1191.0067,5374910.8,,-1.73
dichlorofluoromethyl radical,F[C](Cl)Cl,101.9151032,144.96,298.57,84491.89305241266,250931.6850372562,478.21044,5087494.7,,
4-(diphenylmethyl)pyridine,c1ccc(C(c2ccccc2)c2ccncc2)cc1,245.3184,347.65,744.74,106449.41431217552,,1024.5902,2646107.5,,
63126-52-3,CN(C)C(=O)[C@@H](O)[C@H](O)C(=O)N(C)C,204.22364,436.36,698.74,131453.92962342655,469588.25455585634,875.06557,3611547.7,,
ctk0e8761,CCCOc1ccc(N=Cc2ccc(OC)cc2)cc1,269.33826,392.1,773.4,,,1007.4834,1800034.5,,
dibromodifluoromethane,FC(F)(Br)Br,209.8155064,163.05,295.94,36517.79666557572,105983.2474049709,471,4070000,,
tribromofluoromethane,FC(Br)(Br)Br,270.7211032,199.35,381.15,36447.10324894983,121226.90959234373,655.29851,7790048.8,,
bromodifluoromethyl radical,F[C](F)Br,129.9115064,145.51,289.14,66060.35321902786,201978.2891785589,460.91297,5880913.8,,
cucurbitacin d,CC(C)(O)/C=C/C(=O)[C@](C)(O)[C@H]1[C@H](O)C[C@@]2(C)[C@@H]3CC=C4[C@@H](C[C@H](O)C(=O)C4(C)C)[C@]3(C)C(=O)C[C@]12C,516.66616,422.65,1471.99,75168.46081036158,233368.5397181974,1895.9042,1252148.1,,
butoxycarboxim,CN=C(O)O/N=C(\C)C(C)S(C)(=O)=O,222.26206,360.15,,,,,,,
5-methyltetrahydrofolic acid,CN1c2c(O)nc(=N)[nH]c2NCC1CNc1ccc(C(=O)N[C@@H](CCC(=O)O)C(=O)O)cc1,459.4558,1395.64,1503.69,,,,,,
sepiapterin,C[C@H](O)C(=O)C1=Nc2c(O)nc(=N)[nH]c2NC1,237.21534,920.1,975.51,,,,,,
bromoacetic acid,O=C(O)CBr,138.94802,323.15,481.15,117770.6598481936,420092.4977490345,673.07612,6379569,,0.41
ethyl cyanoacetate,CCOC(=O)CC#N,113.11458,250.65,489.15,128904.69115475653,396046.8534050184,679,3340000,378.5005402,
nsc380962,CN(Cc1nc2c(N)[nH]c(=N)[nH]c-2nc1=O)c1ccc(C(=O)NC(CCC(=O)O)C(=O)O)cc1,470.43868,1445.67,485.65,194008.2818019981,1156331.9053618952,1956.1622,2799473.7,,
methyl reserpinolate,COC(=O)[C@H]1[C@H]2C[C@@H]3c4[nH]c5cc(OC)ccc5c4CCN3C[C@H]2C[C@@H](O)[C@@H]1OC,414.4947,510.65,1053.99,151893.37764753084,,1292.3398,1563516,,
"3-methyl-1-(1-methylethyl)-1,3-cyclopentadiene",CC1=CCC(C(C)C)=C1,122.20746,217.89,421,82425.41003634312,,636.47852,3022279.3,,
furylfuramide,N=C(O)/C(=C\c1ccc([N+](=O)[O-])o1)c1ccco1,248.19162,424.65,838.94,188169.1251300104,,1111.0262,4015928.8,,0.15
surecn598006,C1COCCN1.C=CC(=O)O,159.18302,437.97,603.07,174126.61224796463,397254.26457037695,841.45707,3940655.3,,
perfluoroethane,FC(F)(F)C(F)(F)F,138.0118192,172.8,195.0584007,19491.08428243949,116980.3056536341,293.03,3048000,,2
"4-(1,1-dimethylethyl)phenol, 1,3-cyclopentadiene dimer reaction product",C1=CC2C3C=CC(C3)C2C1.CC(C)(C)c1ccc(O)cc1,282.41984,470.56,780.81,114800.71655022538,,1032.7574,1935535.4,,
hydramethylnon,CC1(C)CN=C(NN=C(/C=C/c2ccc(C(F)(F)F)cc2)/C=C/c2ccc(C(F)(F)F)cc2)NC1,494.47527919999993,463.15,1085.31,,,1337.4979,1185787.2,,
iodine trichloride,ClI(Cl)Cl,233.26347,306.15,406.43,40250.62304011854,144314.98320873582,656.06917,4829235.8,,
toluidine blue o,Cc1cc2nc3ccc(N(C)C)cc3sc-2cc1=N.Cl,305.82564,684.6,852.41,130943.89338971056,,1120.6525,2640671.2,,
hemicholinium-15,C[N+]1(C)CCOC(O)(c2ccccc2)C1.[Br-],288.18082000000004,460.65,,,,,,,
laurocapram,CCCCCCCCCCCCN1CCCCCC1=O,281.4766,266.15,715.92,126728.11878500736,,906.7843,1397502,,
tin(ii) iodide,[I-].[I-].[Sn+2],372.50994,593.15,987.15,48320.85822998441,285521.2660239614,1635.64,13269000,,
stannic iodide,[I-].[I-].[I-].[I-].[Sn+4],626.31888,675.15,637.5,255.4609243138256,88107.78798169571,968,8342000,,
dimethyl trithiocarbonate,CSC(=S)SC,138.27474,492.65,,,,,,,
boc-l-4-thiazolylalanine,CC(C)(C)OC(O)=N[C@@H](Cc1cscn1)C(=O)O,272.32074,640.91,826.29,134525.19260927392,,1063.9209,2844444.4,,
lexamine s 13,CCCCCCCCCCCCCCCCCC(O)=NCCCN(C)C,368.64002,322.65,842.32,176445.84546192244,186378.3964,1031.2497,890004.04,,
antimony triacetate,CC(=O)[O-].CC(=O)[O-].CC(=O)[O-].[Sb+3],298.89206,408.15,,,,,,,
saib,CC(=O)OC[C@H]1O[C@H](O[C@]2(COC(C)=O)O[C@H](COC(=O)C(C)C)[C@@H](OC(=O)C(C)C)[C@@H]2OC(=O)C(C)C)[C@H](OC(=O)C(C)C)[C@@H](OC(=O)C(C)C)[C@@H]1OC(=O)C(C)C,846.9088800000001,877.07,1656.62,138485.97265859344,117444.19469768992,2501.0974,432944.74,,
da 1686,c1ccc2c(C(CCN3CCOCC3)CCN3CCOCC3)cccc2c1,368.51238,553.97,894.72,136228.80186548957,,1129.3832,1661900.1,,
"2,3'-bipiperidine",C1CCC(C2CCCNC2)NC1,168.2792,427.28,542.65,145627.0293654831,272731.5752423393,814.91636,3388080.2,,
tetrabromobisphenol a,CC(C)(c1cc(Br)c(O)c(Br)c1)c1cc(Br)c(O)c(Br)c1,543.87058,454.15,589.15,85358.54246795257,266502.6569,1336.6308,4672091.6,,
2-cyclohexen-1-one,O=C1C=CCCC1,96.12712,220.15,445.45,29044.87308056249,410581.0946605526,685,4530000,329.15,0.61
azoxystrobin,CO/C=C(/C(=O)OC)c1ccccc1Oc1cc(Oc2ccccc2C#N)ncn1,403.38748,389.15,1136.94,129649.53696629354,,1408.0868,1744824.3,,2.5
ac1o5b6r,C=C(C)C(=O)O.C=CC(=O)OCCCCCC(C)C.C=Cc1ccccc1,374.51366,478.6,948.53,129442.5415617684,,1169.4062,1083488.9,,
"1-(2-nitrophenyl)ethane-1,2-diol",O=[N+]([O-])c1ccccc1C(O)CO,183.16136,469.11,750.06,142726.61002298738,,962.5915,4652989.4,,
ac1l3jl2,CCCCCCCCCC(O)=NC(C)C(O)=NC(Cc1cnc[nH]1)C(=O)OC,394.50836,738.42,1048.12,172168.72159565898,,1283.1992,1403792.3,,
"methyl, dibromofluoro-",F[C](Br)Br,190.8171032,204.72,356.03,56530.57205,180513.56176895543,565.81796,7061648.2,,
"10-chloro-2,3,7,11b-tetrahydro-2-methyl-11b-phenyloxazolo(3,2-d)(1,4)benzodiazepin-6(5h)-one",CC1CN2CC(O)=Nc3ccc(Cl)cc3C2(c2ccccc2)O1,328.79278,459.15,885.94,127280.77544768472,,1160.1694,2571497.9,,
"morpholine, 4-(1-hydroxy-2-naphthoyl)-",O=C(c1ccc2ccccc2c1O)N1CCOCC1,257.2845,429.65,787.27,141955.6949602483,,1041.9144,3530463.8,,
vinyl bromide,C=CBr,106.94922,134.75,289.15,47873.18692,208118.81895245417,474,4600155,,1.57
phenglutarimide,CCN(CC)CCC1(c2ccccc2)CCC(O)=NC1=O,288.38466,399.15,831.66,107477.9775040739,,1077.7684,2111943.1,,
2-aminoethyl diphenylborinate,NCCOB(c1ccccc1)c1ccccc1,225.09394,464.15,,,,,,,
salicylidene o-toluic hydrazone,Cc1ccccc1C(O)=NN/C=C1\C=CC=CC1=O,254.28386,544.72,825.67,130153.75808751684,,1075.5117,2832346.9,,
iodoquinol,Oc1c(I)cc(I)c2cccnc12,396.95104,483.15,644.1,73260.92406761297,209089.98809487448,1106.472,4890214.7,,
17557-67-4,CS(=O)(=O)c1ccc2[nH]c(=N)sc2c1,228.29132,500.15,,,,,,,
627-34-9,S=C=C=C=S,100.1621,272.15,,,,,,,
pepstatin a,CC(C)CC(O)=NC(C(O)=NC(C(O)=NC(CC(C)C)C(O)CC(O)=NC(C)C(O)=NC(CC(C)C)C(O)CC(=O)O)C(C)C)C(C)C,685.89212,1088.13,1822.31,136098.66227942667,215519.28437968285,3391.7163,717602.63,,
tetranitrin,O=[N+]([O-])OCC(O[N+](=O)[O-])C(CO[N+](=O)[O-])O[N+](=O)[O-],302.11004,334.15,,,,,,,
vesnarinone,COc1ccc(C(=O)N2CCN(c3ccc4c(c3)CCC(=O)N4)CC2)cc1OC,395.4516,511.95,356.15,122156.5420395315,247953.4107,1302.6923,1945794.4,,
nifuroxazide,O=C(N/N=C/c1ccc([N+](=O)[O-])o1)c1ccc(O)cc1,275.21696000000003,571.15,969.2,,,1243.0853,3624605.4,,
iodoacetic acid,O=C(O)CI,185.94849,354.15,484.01,83275.75018221444,267138.6359156681,717.95705,5544316,,
hederagenin,CC1(C)CC[C@]2(C(=O)O)CC[C@]3(C)C(=CC[C@@H]4[C@@]5(C)CC[C@H](O)[C@@](C)(CO)[C@@H]5CC[C@]43C)[C@@H]2C1,472.69972,606.15,1261.69,76475.6112,253157.7870061673,1548.4674,1210671.9,,
acetyl iodide,CC(=O)I,169.94909,220.29,382.15,40841.642635450415,434015.0774676124,615.60857,5335720.9,,
columbin,C[C@@]12C[C@@H](c3ccoc3)OC(=O)[C@@H]1CC[C@]1(C)[C@H]2[C@@H]2C=C[C@@]1(O)C(=O)O2,358.38508,647.89,928.85,115409.38032353357,,1160.2648,2098420.5,,
sorbitan triisostearate,CC(C)CCCCCCCCCCCCCCC(=O)O[C@H]1[C@@H]([C@@H](CO)OC(=O)CCCCCCCCCCCCCCC(C)C)OC[C@@H]1OC(=O)CCCCCCCCCCCCCCC(C)C,963.54236,922.76,1870.37,164305.17906861924,374970.5644824262,7588.3479,220522.94,,
cyanoguanidine,N#CNC(=N)N,84.07996,483.15,569.06,,763539.0525,834,5340000,,-1.15
thonzylamine,COc1ccc(CN(CCN(C)C)c2ncccn2)cc1,286.37208,565.69,778.72,148041.66663174707,,1010.9008,2212450.1,,
thenalidine,CN1CCC(N(Cc2cccs2)c2ccccc2)CC1,286.43498,368.65,432.15,113044.85227328032,258150.52102498373,974.74386,2313614.6,,
"1h-indole, 1-[(2e)-3,7-dimethyl-2,6-octadienyl]-",CC(C)=CCCC(C)=CCn1ccc2ccccc21,253.38192,352.41,669.92,146888.9335119096,,882.17235,1820056.1,,
"phthalazine,decahydro-2,3-diphenyl,trans-",c1ccc(N2CC3CCCCC3CN2c2ccccc2)cc1,292.41796,461.78,757.46,115416.98738340149,,1006.6682,2123638.2,,
prothipendyl,CN(C)CCCN1c2ccccc2Sc2cccnc21,285.40716,597.11,491.15,142256.41711301147,282993.0915613934,998.02468,2455600.3,,
"ketone, bis(4-ethyl-3,5-dimethylpyrrol-2-yl)",CCc1c(C)[nH]c(C(=O)c2[nH]c(C)c(CC)c2C)c1C,272.38526,674.82,815.91,176474.30701646634,,1040.9786,1911911,,
"n-(2-aminoethyl)butane-1,4-diamine",NCCCCNCCN,131.21928,376.56,532.11,204154.4504740462,433766.6651837228,726.80187,3598560.4,,
2-chloro-5-methoxybenzoic acid,COc1ccc(Cl)c(C(=O)O)c1,186.59238,445.9,624.64,135412.81803683518,,855.58216,3673094.6,,
heroin hydrochloride,CC(=O)Oc1ccc2c3c1O[C@H]1[C@@H](OC(C)=O)C=C[C@H]4[C@@H](C2)N(C)CC[C@@]341.Cl,405.87196,516.65,933.08,137747.8749702246,,1167.9504,1575954.5,,
tipepidine,CN1CCCC(=C(c2cccs2)c2cccs2)C1,275.43218,338.15,723.87,96778.81502,,999.19796,2814344.7,,
substanz nr. 2135,CC(OCCN1CCCC1)(c1ccccc1)c1ccc(Cl)cc1,329.86366000000004,486.22,800.28,94599.69006588963,,1043.2848,1826283.9,,
60946-69-2,CN(C)c1ccc(C=CC23N=C(O)CCN2c2ccccc2C3(C)C)cc1,361.47998,510.65,948.53,115215.23266655044,,1205.9143,1832543.6,,
zipeprol,COC(CN1CCN(CC(O)C(OC)c2ccccc2)CC1)c1ccccc1,384.51178,356.15,955.46,104831.6387081821,,1177.9062,1602563.1,,
ganglefene,CCN(CC)CC(C)C(C)OC(=O)c1ccc(OCC(C)C)cc1,335.48092,406.13,780.62,116897.85517459532,,975.85766,1264647.1,,
clobutinol,CC(CN(C)C)C(C)(O)Cc1ccc(Cl)cc1,255.78358,397.11,452.65,101793.08617073856,306478.45749122795,889.26013,2131489,,
dimemorfan,Cc1ccc2c(c1)[C@]13CCCC[C@@H]1[C@H](C2)N(C)CC3,255.3978,365.15,406.15,96582.66437690536,,922.0232,2090751.6,,
pridinol,OC(CCN1CCCCC1)(c1ccccc1)c1ccccc1,295.4186,393.15,831.9,95447.6123,,1063.7274,2155304.3,,
3-(3-pentyloxiranyl)-2e-propenol,CCCCCC1OC1CC=CO,170.24872,298.47,553.76,194603.51889870304,342535.6450545294,729.30118,2640671.2,,
eprazinone,CCOC(CN1CCN(CC(C)C(=O)c2ccccc2)CC1)c1ccccc1,380.52308,538.84,918.05,112332.2138567784,,1146.0856,1463486.9,,
carbocistein,N[C@@H](CSCC(=O)O)C(=O)O,179.19426,479.15,745.89,194180.3269814558,544190.4729,978.73363,4835954.7,,
5005-46-9,CC(C)N(CCC(C#N)(c1ccccc1)c1ccccn1)C(C)C,321.45918,520.69,897.55,104003.8738,,1139.8498,1522308.9,,
29841-69-8,N[C@@H](c1ccccc1)[C@@H](N)c1ccccc1,212.29024,356.15,717.46,110443.13671697766,,979.57991,3191930.8,,
"3-(3,4-dichlorophenyl)lactic acid",O=C(O)C(O)Cc1ccc(Cl)c(Cl)c1,235.06402,508.91,754.27,133712.50946869707,,973.78437,3602881.7,,
delorazepam,OC1=Nc2ccc(Cl)cc2C(c2ccccc2Cl)=NC1,305.15869999999995,473.15,880.12,124033.82240126203,,1173.4375,3018959.1,,3.15
4-thiouracil,Oc1nccc(S)n1,128.15236,562.65,,,,,,,
metopimazine,CS(=O)(=O)c1ccc2c(c1)N(CCCN1CCC(C(=N)O)CC1)c1ccccc1S2,445.59808,443.4,432.75,,67813.71285,531.71226,699979.57,,
bromopride,CCN(CC)CCN=C(O)c1cc(Br)c(N)cc1OC,344.24738,422.15,839.13,134435.30056786488,,1057.3163,2282766.8,,2.83
ricinoleic acid,CCCCCC[C@H](O)C/C=C/CCCCCCCC(=O)O,298.46076,264.87,852.85,178536.03267645638,288785.3083270737,1045.0812,1366675.7,,
"1,4,7,10-tetraoxa-13-azacyclopentadecane",C1COCCOCCOCCOCCN1,219.27804,302.15,647.4,159733.27744082353,284500.47858688026,914.78386,3356745.5,,
pentadecylbenzene,CCCCCCCCCCCCCCCc1ccccc1,288.51054,295.15,646.15,153155.58315477835,141578.64487848038,800,1350004,,
streptolydigin,CN=C(O)[C@@H](C)[C@H]1C(=O)/C(=C(O)\C=C\C(C)=C\[C@@H](C)[C@@H]2O[C@]3(C)O[C@@H](C=C[C@]34CO4)[C@@H]2C)C(=O)N1[C@@H]1CC[C@H](O)[C@H](C)O1,600.69976,992.28,1530.16,149014.54263940442,195711.21223063755,1964.0284,1078513.1,,
brn 0332563,CN(C)c1ccc(/[N+]([O-])=C/c2c3ccccc3nc3c2ccc2ccccc23)cc1,391.46444,736.19,994.16,146286.5950225262,,1247.6273,1991206.4,,
ac1l3qi6,C1=CC2CC1C1CCCC2C1N1CCCC1,217.34982,349,589.5,120358.9679,239689.3903000921,816.68672,2351920.7,,
distigmine bromide,CN(CCCCCCN(C)C(=O)Oc1ccc[n+](C)c1)C(=O)Oc1ccc[n+](C)c1.[Br-].[Br-],576.3218800000001,698.22,1048.54,124624.80168200449,,1284.9493,1369712.2,,
ambenonium chloride,CC[N+](CC)(CCN=C([O-])C([O-])=NCC[N+](CC)(CC)Cc1ccccc1Cl)Cc1ccccc1Cl.Cl.Cl,608.4706799999999,470.65,,,,,,,
alphacetylmethadol,CC[C@@H](OC(C)=O)C(C[C@@H](C)N(C)C)(c1ccccc1)c1ccccc1,353.4977400000001,449.03,845.75,102795.5652559476,,1068.5496,1345700.1,,
2-phosphonobutanoic acid,CCC(C(=O)O)P(=O)(O)O,168.085021,398.15,,,,,,,
ac1l99yj,CCC1=C(C)C(CC2=NC(=Cc3[nH]c(CC4N=C(O)C(C)=C4CC)c(C)c3CCC(=O)O)C(CCC(=O)O)=C2C)N=C1O,590.7097799999999,1510.66,1707.49,188610.3866436747,,2228.1796,979008.49,,
cis-propenylbenzene,C/C=C\c1ccccc1,118.1757,211.45,442.15,112620.4457,334852.50541209494,671,3360000,320.65,
josamycin,CO[C@@H]1[C@@H](O[C@@H]2O[C@H](C)[C@@H](O[C@H]3C[C@@](C)(O)[C@@H](OC(=O)CC(C)C)[C@H](C)O3)[C@H](N(C)C)[C@H]2O)[C@@H](CC=O)C[C@@H](C)[C@@H](O)C=CC=CC[C@@H](C)OC(=O)C[C@H]1OC(C)=O,827.99496,404.65,1824.24,144916.34103666525,158139.6599267908,3101.7579,506123.46,,
midecamycin,CCC(=O)OC1CC(=O)OC(C)CC=CC=CC(O)C(C)CC(CC=O)C(OC2OC(C)C(OC3CC(C)(O)C(OC(=O)CC)C(C)O3)C(N(C)C)C2O)C1OC,813.96838,428.65,1801.8,148559.82489147797,154774.83894231552,3007.558,526774.67,,
oleandomycin,COC1CC(OC2C(C)C(=O)OC(C)C(C)C(O)C(C)C(=O)C3(CO3)CC(C)C(OC3OC(C)CC(N(C)C)C3O)C2C)OC(C)C1O,687.85834,383.15,1585.13,152512.50715372586,121469.10888335363,2218.2117,661186.71,,1.69
spiramycin,COC1C(O)CC(=O)OC(C)CC=CC=CC(OC2CCC(N(C)C)C(C)O2)C(C)CC(CC=O)C1OC1OC(C)C(OC2CC(C)(O)C(O)C(C)O2)C(N(C)C)C1O,843.0526600000001,400.15,1895.32,151376.0718,178784.98035970767,3474.6585,527016.56,,
rolitetracycline,CN(C)[C@@H]1C(=O)C(C(O)=NCN2CCCC2)=C(O)[C@@]2(O)C(=O)C3=C(O)c4c(O)cccc4[C@@](C)(O)[C@H]3C[C@@H]12,527.56622,435.65,1621.01,126497.86409751556,,2190.1615,2171403.7,,
penimepicycline,CC1(C)S[C@@H]2[C@H](N=C(O)COc3ccccc3)C(=O)N2[C@H]1C(=O)O.CN(C)[C@@H]1C(=O)C(C(O)=NCN2CCN(CCO)CC2)=C(O)[C@@]2(O)C(=O)C3=C(O)c4c(O)cccc4[C@@](C)(O)[C@H]3C[C@@H]12,937.02294,2055.49,2569.99,136040.42607537442,,10709.809,1022690.5,,
methacycline,C=C1c2cccc(O)c2C(=O)C2=C(O)[C@]3(O)C(=O)C(C(=N)O)=C(O)[C@@H](N(C)C)[C@@H]3[C@@H](O)[C@H]12,442.41868000000005,478.15,1549.89,,,,,,
clomocycline,CN(C)[C@@H]1C(=O)C(C(O)=NCO)=C(O)[C@@]2(O)C(=O)C3=C(O)c4c(O)ccc(Cl)c4[C@@](C)(O)[C@H]3C[C@@H]12,508.9056,1251.85,1635.96,130254.01960599372,,2271.3094,2746902.6,,
cycloguanil,CC1(C)NC(=N)NC(=N)N1c1ccc(Cl)cc1,251.71536000000003,419.15,390.15,139399.5185673214,437339.45396454405,1085.3243,3838777.5,,
ammonium formate,N.O=CO,63.0559,389.15,,,,,,,
lithium nitrite,O=N[O-].[Li+],52.9465,495.15,,173760.3052137535,,,,,
nsc210786,NC(Cc1cc(Br)c(O)c(Br)c1)C(=O)O,338.98066,518.15,872.7,119472.8926423118,,1135.4675,5569169.1,,
thiocolchicoside,COc1c(O[C@@H]2O[C@H](CO)[C@@H](O)[C@H](O)[C@H]2O)cc2c(c1OC)-c1ccc(SC)c(=O)cc1C(N=C(C)O)CC2,563.61662,493.15,1616.05,145171.3755353772,,2219.1158,1509325.5,,
harmaline,COc1ccc2c(c1)=NC1=C(C)NCCC=21,214.26306,503.15,698.7,148929.0781154717,,950.30338,3163271.6,,
pipecuronium bromide,CC(=O)O[C@H]1C[C@@H]2CC[C@@H]3[C@H](CC[C@@]4(C)[C@H]3C[C@H](N3CC[N+](C)(C)CC3)[C@@H]4OC(C)=O)[C@@]2(C)C[C@@H]1N1CC[N+](C)(C)CC1.[Br-].[Br-],762.6991800000001,536.15,,,,,,,
mylaxen,C[N+](C)(CCCCCC[N+](C)(C)C1c2ccccc2-c2ccccc21)C1c2ccccc2-c2ccccc21.[Br-].[Br-],662.54008,461.15,,,,,,,
"3,4-dimethoxy-|a-methyl-|a-nitrostyrene",COc1ccc(/C=C(/C)[N+](=O)[O-])cc1OC,223.22522,346.15,688.64,135011.62637447508,,926.24673,2662517.4,,
sulfanilic acid,Nc1ccc(S(=O)(=O)O)cc1,173.18968,599.65,,,,,,,-2.16
xibornol,Cc1cc(O)c([C@@H]2C[C@H]3CC[C@]2(C)C3(C)C)cc1C,258.39844,368.15,460.15,97283.86905122185,,978.88041,2090751.6,,
fosfomycin,C[C@@H]1O[C@@H]1P(=O)(O)O,138.059041,367.15,,,,,,,
3-methoxy-o-methyl-l-tyrosine,COc1ccc(C[C@H](N)C(=O)O)cc1OC,225.2411,529.15,750.36,140746.95959130017,,973.48715,2912387.5,,
"(1r,4r,5s,8s)-1,7-dimethyl-4-(1-methylethyl)bicyclo[3.2.1]oct-6-ene-6,8-dicarboxaldehyde",CC1=C(C=O)[C@H]2[C@@H](C(C)C)CC[C@]1(C)[C@H]2C=O,234.33398,331.15,661.72,102499.0059,,874.10472,2053030.2,,
deuterium hydride,[2HH],3.022042,16.6,22.13,,366493.8204866934,36,1479345,,
etifoxine,CCN=C1Nc2ccc(Cl)cc2C(C)(c2ccccc2)O1,300.78268,364.15,835.52,133229.08087659837,,1097.6287,2429046.9,,
63799-11-1,CC[C@H](C)Cc1ccc(-c2ccc(C#N)cc2)cc1,249.35016,279.65,776.4,110940.37397048392,,1014.9564,1840413.7,,
16466-61-8,CC(C)(C)OC(O)=NN=C(O)OC(C)(C)C,232.2768,394.15,638.72,110919.3858362092,277827.7454403764,835.77179,2258959.9,,
captodiamine,CCCCSc1ccc(C(SCCN(C)C)c2ccccc2)cc1,359.59166,478.06,887.98,126802.16220810016,,1127.9422,1541495,,
clofibride,CN(C)C(=O)CCCOC(=O)C(C)(C)Oc1ccc(Cl)cc1,327.80318,307.15,468.15,115337.50221703158,255277.23636714136,988.47683,1726027.9,,
ciprofibrate,CC(C)(Oc1ccc(C2CC2(Cl)Cl)cc1)C(=O)O,289.15446,388.15,770.57,97861.19156,,1016.8436,2522652.8,,
simfibrate,CC(C)(Oc1ccc(Cl)cc1)C(=O)OCCCOC(=O)C(C)(C)Oc1ccc(Cl)cc1,469.35494,325.15,498.15,100797.9163913775,211549.3832642695,1257.8016,1227699.5,,
mcpb methyl ester,COC(=O)CCCOc1ccc(Cl)cc1C,242.6987,370.94,628.87,123004.3671432933,,836.33652,2229195.1,,
"4,6-dihydroxynicotinamide",N=C(O)c1cnc(O)cc1O,154.12344000000002,601.2,687.79,167359.35818717774,,954.16367,7305135.5,,
nicofuranose,O=C(OC[C@H]1O[C@](O)(COC(=O)c2cccnc2)[C@@H](OC(=O)c2cccnc2)[C@@H]1OC(=O)c1cccnc1)c1cccnc1,600.53236,411.15,1561.04,150807.8598795242,,1932.4126,1548783.3,,
niceritrol,O=C(OCC(COC(=O)c1cccnc1)(COC(=O)c1cccnc1)COC(=O)c1cccnc1)c1cccnc1,556.5228599999999,435.15,1414.29,139516.28150548929,,1731.9397,1440252.9,,
benfluorex,CC(Cc1cccc(C(F)(F)F)c1)NCCOC(=O)c1ccccc1,351.36280960000005,453.43,795.19,115066.2474666186,,1005.443,1619374.2,,
1308-87-8,[Dy].[Dy].[O].[O].[O],372.9982,2681.15,4173.15,321717.3702178724,,,,,
brallobarbital,C=CCC1(CC(=C)Br)C(O)=NC(=O)N=C1O,287.10994,441.65,808.15,91665.23458,320869.08845825883,1085.4166,3834025.1,,1.37
4-cyanophenyl 4-hexylbenzoate,CCCCCCc1ccc(C(=O)Oc2ccc(C#N)cc2)cc1,307.38624000000004,319.15,880.82,132520.57086224807,,1110.3594,1567232.1,,
134338-99-1,CCCCCN(CCCCC)c1ccc(C(=O)c2ccccc2C(=O)O)c(O)c1,397.50724,792.84,1104.48,165446.04319659687,,1352.628,1489584.6,,
decyl 4-nitrophenyl ether,CCCCCCCCCCOc1ccc([N+](=O)[O-])cc1,279.3746,474.86,771.6,155336.24030244697,,982.06761,1675533.3,,
"n-phenyl-4-(2,4,4-trimethylpentan-2-yl)aniline",CC(C)(C)CC(C)(C)c1ccc(Nc2ccccc2)cc1,281.43508,438.02,759.25,90678.10594187476,,996.01986,1679656,,
triclocarban,OC(=Nc1ccc(Cl)c(Cl)c1)Nc1ccc(Cl)cc1,315.58236,528.75,831.84,129059.81183485668,,1085.7599,2856619.7,,
4-cyano-4'-nonoxybiphenyl,CCCCCCCCCOc1ccc(-c2ccc(C#N)cc2)cc1,321.45588000000004,502.8,890.78,132938.92773092218,,1112.8876,1331983.6,,
sulfonmethane,CCS(=O)(=O)C(C)(C)S(=O)(=O)CC,228.32954,398.95,573.15,,252904.1045513128,757.13255,2401664.8,,
chloramine-t,Cc1ccc(S(=O)(=O)[N-]Cl)cc1.[Na+],227.64375,453.15,,,,,,,
102-98-7,[Hg+].[O-]B(O)O.[c]1ccccc1,338.51898,385.65,,,,,,,
didecyl dimethyl ammonium chloride,CCCCCCCCCC[N+](C)(C)CCCCCCCCCC.[Cl-],362.07622,361.15,,,,,,,
benzoxonium chloride,CCCCCCCCCCCC[N+](CCO)(CCO)Cc1ccccc1.[Cl-],400.0380800000001,381.15,,,,,,,
chlorquinaldol,Cc1ccc2c(Cl)cc(Cl)c(O)c2n1,228.07468,387.65,698.18,135324.09647576837,,964.22248,4051796.5,,
azidomorphine,CN1CC[C@]23c4c5ccc(O)c4O[C@H]2[C@H](N=[N+]=[N-])CC[C@H]3[C@H]1C5,312.3663,465.65,,,,,,,
trimethylsilanol,C[Si](C)(C)O,90.1964,268.65,372.65,,404071.6400167935,526.5,3809000,,
thiocarlide,CC(C)CCOc1ccc(NC(=S)Nc2ccc(OCCC(C)C)cc2)cc1,400.57738,419.15,,,,,,,
"2-amino-4-(1,1-dimethylethyl)-3-thiophenecarbonitrile",CC(C)(C)c1csc(N)c1C#N,180.26998,364.65,657.94,89604.49211,,910.26225,3096733.6,,
st51006545,CN=C(O)Nc1ccc(NC(O)=NC)cc1,222.24376,551.9,768.48,175042.03492597496,,988.72294,3526272.1,,
farnesoic acid,CC(C)=CCCC(C)=CCCC(C)=CC(=O)O,236.34986,362.29,700.43,175269.83091929904,,900.57287,1739008.3,,
formaldehyde,C=O,30.02598,181.15,254.05,,768160.7087865577,408,6586125,333.15,0.35
st50408987,c1ccc2c(c1)OCCOCCOCCOc1ccccc1OCCO2,360.40096,535.92,940.6,157319.22578674596,,1224.7245,2220798.9,,
trans-n-acetoxy-4-acetylaminostilbene,CC(=O)ON(C(C)=O)c1ccc(/C=C/c2ccccc2)cc1,295.33248000000003,477.63,798.47,132934.92134695104,,1032.6706,2102270.9,,
hexanitroethane,O=[N+]([O-])C([N+](=O)[O-])([N+](=O)[O-])C([N+](=O)[O-])([N+](=O)[O-])[N+](=O)[O-],300.0544,415.15,1149.94,180880.5336632291,557057.4103277683,1485.7132,5917159.8,,
peruvoside,CO[C@H]1[C@H](O)[C@H](O[C@H]2CC[C@@]3(C=O)[C@H](CC[C@@H]4[C@@H]3CC[C@]3(C)[C@@H](C5=CC(=O)OC5)CC[C@]43O)C2)O[C@@H](C)[C@@H]1O,548.6649600000001,435.65,1387.98,116973.02484926318,213440.4209730225,1760.5463,1204795.9,,1.05
digilanide b,CC(=O)O[C@H]1C[C@H](O[C@H]2[C@@H](O)C[C@H](O[C@H]3[C@@H](O)C[C@H](O[C@H]4CC[C@@]5(C)[C@H](CC[C@@H]6[C@@H]5CC[C@]5(C)[C@@H](C7=CC(=O)OC7)[C@@H](O)C[C@]65O)C4)O[C@@H]3C)O[C@@H]2C)O[C@H](C)[C@H]1O[C@@H]1O[C@H](CO)[C@@H](O)[C@H](O)[C@H]1O,985.11574,515.65,2430.8,150679.75667508875,,26791.036,597796.52,,
lanatilin,CC(=O)O[C@H]1C[C@H](O[C@H]2[C@@H](O)C[C@H](O[C@H]3[C@@H](O)C[C@H](O[C@H]4CC[C@@]5(C)[C@H](CC[C@@H]6[C@@H]5C[C@@H](O)[C@]5(C)[C@@H](C7=CC(=O)OC7)CC[C@]65O)C4)O[C@@H]3C)O[C@@H]2C)O[C@H](C)[C@H]1O,822.97514,1233.63,1966.74,140158.5471949979,191204.25933619373,3622.2334,679229.28,,1.97
strontium peroxide,[O-][O-].[Sr+2],119.6188,488.15,,,,,,,
isofuranodiene,C/C1=C/Cc2c(C)coc2C/C(C)=C\CC1,216.3187,370.74,644,115366.81757055676,,881.95769,2274066.4,,
"16-azatricyclo[9.2.2.14,8]hexadeca-2,4,6,8(16),9,11,13,14-octaene,12,13,14,15-tetramethyl-",Cc1c(C)c2c(C)c(C)c1/C=C\c1cccc(n1)/C=C\2,261.36086,523.57,785.26,127257.00397527004,,1038.17,2049314.3,,
norfenfluramine,CC(N)Cc1cccc(C(F)(F)F)c1,203.2041896,313.85,526.73,92557.14676,,729.22833,2732562.2,,
ac1mj4j0,CCN(CC)c1ccc(C[C@H]2CC3=C(C=CCC3=O)O2)c(C)c1,311.41800000000006,550,840.29,134526.58484737552,,1073.0843,1731779,,
7-hydroxyamoxapine,Oc1ccc2c(c1)Oc1ccc(Cl)cc1C(N1CCNCC1)=N2,329.78084,799.6,952.05,161228.28724676667,,1232.4336,3423859,,
carbromal,CCC(Br)(CC)C(O)=NC(=N)O,237.09432,391.15,653.13,106501.9187300649,316422.9197074608,875.8882,3877117.1,,1.54
bromisoval,CC(C)C(Br)C(O)=NC(=N)O,223.06774,427.15,632.6,103237.69810910354,331445.9145245967,855.67465,4368397.4,,1.14
diphacinone,O=C1c2ccccc2C(=O)C1C(=O)C(c1ccccc1)c1ccccc1,340.37134000000003,419.65,1006.67,94869.91472313738,,1287.6314,2110003.3,,
clorindione,O=C1c2ccccc2C(=O)C1c1ccc(Cl)cc1,256.68376,418.65,785.93,90625.13343267216,,1064.5214,2881205.9,,3.61
bifonazole,c1ccc(-c2ccc(C(c3ccccc3)n3ccnc3)cc2)cc1,310.39172,415.15,867.68,117638.4473142518,,1145.8735,2300318,,4.77
chlormidazole,Cc1nc2ccccc2n1Cc1ccc(Cl)cc1,256.73012,500.65,514.15,133459.2139013529,290165.5329446225,973.81793,2755561.1,,
azanidazole,Cn1c([N+](=O)[O-])cnc1/C=C/c1cc[nH]c(=N)n1,246.2254,506.65,886.09,191422.16846840337,,1175.0203,4385772.6,,0.85
diphenyl phenylphosphonate,O=P(Oc1ccccc1)(Oc1ccccc1)c1ccccc1,310.283661,347.6,,,,,,,
triphenyl phosphate,O=P(Oc1ccccc1)(Oc1ccccc1)Oc1ccccc1,326.28306100000003,323.65,686.65,,277508.3323,1060,16200000,493.15,4.59
agn-pc-02qxym,C=CC(C)(C[N+](=O)[O-])OC(C)=O,173.16654,355.25,459.15,120820.10762587276,191237.6456,783.38032,3045675.4,,
penicillin v,CC1(C)S[C@@H]2[C@H](N=C(O)COc3ccccc3)C(=O)N2[C@H]1C(=O)O,350.38952,397.15,996.8,135757.48498413994,,1245.6223,2477651,,2.09
sulfaphenazole,Nc1ccc(S(=O)(=O)Nc2ccnn2-c2ccccc2)cc1,314.36226000000005,454.15,,,,,,,1.52
sulfamerazine,Cc1ccnc(NS(=O)(=O)c2ccc(N)cc2)n1,264.30358,508.8,,146422.53426911583,,,,,0.14
sulfalene,COc1ncc[nH]c1=NS(=O)(=O)c1ccc(N)cc1,280.30298000000005,445.9,,,,,,,0.7
sulfacytine,CCn1ccc(NS(=O)(=O)c2ccc(N)cc2)nc1=O,294.32956,440.15,,,,,,,
sulfathiourea,N=C(S)NS(=O)(=O)c1ccc(N)cc1,231.29526,453.65,,,,,,,
sulfapyridine,Nc1ccc(S(=O)(=O)Nc2ccccn2)cc1,249.28894,465.15,,137992.48374195822,,,,,0.35
sulfisomidine,Cc1cc(NS(=O)(=O)c2ccc(N)cc2)nc(C)n1,278.33016,516.15,567.15,,197627.3849151717,736.52384,1931934.1,,-0.33
cycloundecane,C1CCCCCCCCCC1,154.29238,266.15,453,29230.21862777669,277711.6182410054,728.78,2738000,,
trimethyltin chloride,[CH3].[CH3].[CH3].[Cl-].[Sn+],199.25756,311.65,421.15,,185001.13056230955,633.20543,3749339.6,,
triphenyltin chloride,[Cl-].[Sn+].[c]1ccccc1.[c]1ccccc1.[c]1ccccc1,385.4657,376.65,,,,,,,4.19
tricyclohexylphosphine,C1CCC(P(C2CCCCC2)C2CCCCC2)CC1,280.428381,350.15,383.15,,90292.42092935504,507.00612,967706.43,,
dichloroketene,O=C=C(Cl)Cl,110.9268,180.6,314.25,140245.63946674744,266157.4692,499.28199,6420529.3,,
niobium oxide,[Nb].[Nb].[O].[O].[O].[O].[O],265.80976,1785.15,,392385.8928280136,,,,,
4-aminobenzotrifluoride,Nc1ccc(C(F)(F)F)cc1,161.1244496,295.65,390.65,90371.13880698092,273689.7209004634,665.01812,3749968.6,,1.95
cyanuric fluoride,Fc1nc(F)nc(F)n1,135.04740959999998,235.15,345.95,158781.27587572773,414528.1329,690.37161,5594189.7,,
trichloro(phenyl)silane,Cl[Si](Cl)(Cl)c1ccccc1,211.5484,146.15,474.15,,194869.7241435928,688,2960000,364.15,
dichloro(chloromethyl)methylsilane,C[Si](Cl)(Cl)CCl,163.50560000000002,394.15,394.65,,,,,,
dichlorodimethylsilane,C[Si](C)(Cl)Cl,129.06054,227.15,343.65,,221668.1903301485,520.4,3490000,262.1941412,
methyltrichlorosilane,C[Si](Cl)(Cl)Cl,149.47902000000002,189.15,339.15,,186402.41684933705,517.5,3530000,260.2173745,
phenylmercuric acetate,CC(=O)[O-].[Hg+].[c]1ccccc1,336.73792000000003,426.15,,,,,,,0.71
"1,1′-(9,9-dimethyl-9h-xanthene-4,5-diyl)bis[1,1-diphenylphosphine]",CC1(C)c2cccc(P(c3ccccc3)c3ccccc3)c2Oc2c(P(c3ccccc3)c3ccccc3)cccc21,578.6183020000001,502.65,,,,,,,
hydroxylamine hydrochloride,Cl.NO,69.49086,424.15,402.44,108733.72411853875,648326.3512579121,594.24482,7157560.8,,
acephate,COP(=O)(N=C(C)O)SC,183.165861,361.65,,,,,,,-0.85
tetrahydro-2-methyl-2-(1-methylethyl)furan,CC(C)C1(C)CCCO1,128.21204,226.29,415.65,66834.59681,,631.4249,3220981.2,,
hexafluoroacetylacetone,O=C(CC(=O)C(F)(F)F)C(F)(F)F,208.0585992,254.35,342.15,74767.39754960343,151453.34063538714,485.1,2770000,,
cefmetazole,CO[C@@]1(N=C(O)CSCC#N)C(=O)N2C(C(=O)O)=C(CSc3nnnn3C)CS[C@@H]21,471.53438000000006,1224.01,1402.13,153454.3462133132,,1716.6081,2793558.3,,-0.6
cefamandole,Cn1nnnc1SCC1=C(C(=O)O)N2C(=O)[C@@H](N=C(O)[C@H](O)c3ccccc3)[C@H]2SC1,462.50272,1184.54,1395.67,160450.9482668556,,1709.6773,3195540.6,,0.5
1-iodobutane,CCCCI,184.01873,170.15,403.15,57178.96216325371,175595.43419171148,621,4320000,304.15,3
"4,6-dimethoxy-5-nitro-2-phenylpyrimidine",COc1nc(-c2ccccc2)nc(OC)c1[N+](=O)[O-],261.23344,646.55,846.54,144560.35950068262,,1120.4288,3181138.1,,
3-eicosyne,CCC#CCCCCCCCCCCCCCCCC,278.51572,421.26,603.15,181957.41339124413,182402.17294471865,758.74,1128000,,
dtnb,O=C(O)c1cc(SSc2ccc([N+](=O)[O-])c(C(=O)O)c2)ccc1[N+](=O)[O-],396.35192,510.65,1325.46,176131.3531671551,,1634.9441,3364538.3,,
emetine,CC[C@H]1CN2CCc3cc(OC)c(OC)cc3[C@@H]2C[C@@H]1C[C@H]1NCCc2cc(OC)c(OC)cc21,480.6388999999999,347.15,1121.12,135763.04373199923,,1373.3139,1062403,,
thiocyanogen,N#CSSC#N,116.1648,311.08,587.08,105092.07608501028,520053.1159225489,853.85258,4917687.7,,
l-glutamic acid,N[C@@H](CCC(=O)O)C(=O)O,147.12926,485.65,591,208428.96919348327,501556.90395799937,782,4130000,,-3.69
sodium phenolate,[Na+].[O-]c1ccccc1,116.09307,657.15,,,,,,,
tetrabutylammonium bromide,CCCC[N+](CCCC)(CCCC)CCCC.[Br-],322.36774,372.15,,,,,,,
sodium perrhenate,[Na+].[O-].[O].[O].[O].[Re],273.19437,573.15,,,,,,,
dimethylzinc,[CH3-].[CH3-].[Zn+2],95.44904,230.14,316.15,71556.50805916959,,,,,
diethazine,CCN(CC)CCN1c2ccccc2Sc2ccccc21,298.44568,548.11,440.15,136182.23590973072,249463.0583,976.60057,2045608.5,,5.94
afloqualone,Cc1ccccc1-n1c(CF)nc2ccc(N)cc2c1=O,283.3002632,468.65,855.29,133970.93095252724,,1111.2369,2749784.2,,
(z)-9-dodecenyl acetate,CC/C=C\CCCCCCCCOC(C)=O,226.35504,284.79,582.3,161635.45552155588,245905.7600589587,753.7082,1593619.1,,
potassium hydrogen sulfite,O=S([O-])O.[K+],120.16944,463.15,,,,,,,
"n-(5h-pyrido(4,3-b)indol-3-yl)acetamide",CC(O)=Nc1cc2[nH]c3ccccc3c2cn1,225.24594,635.05,774.5,173281.70265799243,,1032.8311,3745380.1,,
st50825772,CC(C)(C)OC(O)=NC1C=CC(C(=O)O)C1,227.25698000000003,479.16,711.72,143762.3610064694,335266.4341932064,929.4657,2589851.7,,
n-ethyl-n-isopropylaniline,CCN(c1ccccc1)C(C)C,163.25938000000002,257.62,497.15,108937.0791436302,274996.4505489775,700,2750000,,
ac1nrm5b,COC(=O)C12CCCCC1CN(Cc1ccccc1)C2,273.37001999999995,311.65,512.15,98726.99281,156291.81546805703,771.03,3265000,,
spilanthol,C/C=C/C=C\CC/C=C/C(O)=NCC(C)C,221.33852,296.15,700.7,,,892.63456,1727463,,
hl 2197,CN(C)CCn1nc(Cc2ccc(Cl)cc2)c2ccccc2c1=O,341.8346,651.85,897.02,131800.58425917095,,1143.199,2009096.8,,
tmndga,COc1ccc(CC(C)C(C)Cc2ccc(OC)c(OC)c2)cc1OC,358.4712,374.65,865.04,103126.8341780316,,1079.7395,1293928.9,,
urea nitrate,N=C(N)O.O=[N+]([O-])O,123.0681,433.15,,,,,,,
21524-23-2,O=C1C=CC(c2ccccc2)=CC1=NNc1ccccc1,274.31656,402.15,889.47,,,1168.1417,2336033.2,,
phenomorphan,Oc1ccc2c(c1)[C@@]13CCCC[C@H]1[C@@H](C2)N(CCc1ccccc1)CC3,347.49316,517.15,924.85,116318.83631896524,,1180.3535,1944079,,
anethole trithione,COc1ccc(-c2cc(=S)ss2)cc1,240.36492,384.15,,,,,,,3.82
"acetamide, n-[2-(2-cyanoethyl)-1-cyclohexen-1-yl]-n-(phenylmethyl)-",CC(=O)N(Cc1ccccc1)C1=C(CCC#N)CCCC1,282.38008,503.85,839.85,119523.3034851467,,1072.3214,1834113.6,,
heptylamine,CCCCCCCN,115.21658,255.15,426.15,165627.20400136858,343085.6219,607,2850000,,2.57
brn 2001060,C=COC(=O)[C@H](CC(C)C)N=C(O)OCc1ccccc1,291.34224,402.06,754.77,126133.44360913816,,961.55904,1823166,,
"3,6-nonadien-1-ol, (6z)-",CC/C=C/C/C=C\CCO,140.22274000000002,241.85,506.02,168004.13399424372,370192.0413,678.79885,2811361,,
metergoline,CN1C[C@H](CN=C(O)OCc2ccccc2)C[C@@H]2c3cccc4c3c(cn4C)C[C@H]21,403.51666,420.65,988.28,150323.4091995111,,1222.9372,1495350.4,,
tebuconazole,CC(C)(C)C(O)(CCc1ccc(Cl)cc1)Cn1cncn1,307.81838,375.55,854.33,113735.8984216602,,1086.105,2300318,,3.7
flutazolam,O=C1CN2CCOC2(c2ccccc2F)c2cc(Cl)ccc2N1CCO,376.8092232,417.65,969.54,121223.14738499746,,1206.146,2367970.8,,
flutoprazepam,O=C1CN=C(c2ccccc2F)c2cc(Cl)ccc2N1CC1CC1,342.7945432,391.15,899.84,118902.12609428726,,1160.0684,2195893,,
metaclazepam,COCC1CN=C(c2ccccc2Cl)c2cc(Br)ccc2N1C,393.7053199999999,626.68,887.04,114268.2044530158,,1144.2868,2185639,,
"benzoxazole, 2,2'-(1,4-phenylenedi-2,1-ethenediyl)bis-",C(=Cc1nc2ccccc2o1)c1ccc(C=Cc2nc3ccccc3o2)cc1,364.39604,609.15,1044.42,168234.53954109928,,1332.3995,2229195.1,,
bixin,COC(=O)C=CC(C)=CC=CC(C)=CC=CC=C(C)C=CC=C(C)C=CC(=O)O,394.5033,471.15,1012.29,181483.9064717583,229079.34793296384,1244.3463,1084916.9,,
"n-(1-ethoxy-1-oxo-4-phenylbutan-2-yl)alanyl-n-(2,3-dihydro-1h-inden-2-yl)glycine",CCOC(=O)C(CCc1ccccc1)NC(C)C(=O)N(CC(=O)O)C1Cc2ccccc2C1,452.54268,441.15,1178.89,146083.45891264887,,1443.6688,1319433.7,,
mls003106758,O=[N+]([O-])c1ccccc1N=C(O)OC/C=C/c1ccccc1,298.29336,568.96,888.41,153942.4142729828,,1143.5523,2438652.6,,
domiphen bromide,CCCCCCCCCCCC[N+](C)(C)CCOc1ccccc1.[Br-],414.4631,385.65,,,,,,,
potassium gluconate,O=C([O-])[C@H](O)[C@@H](O)[C@H](O)[C@H](O)CO.[K+],234.24564,379.15,,,,,,,
"2,4-dinitrofluorobenzene",O=[N+]([O-])c1ccc(F)c([N+](=O)[O-])c1,186.0974232,300.15,569.15,163145.73021986903,387953.3020722821,943.95465,4362628.7,,
phenylacetonitrile,N#CCc1ccccc1,117.14788,249.15,505.15,102630.96523812469,392303.7532375092,745,4002338,374.15,1.56
carbarsone,N=C(O)Nc1ccc([As](=O)(O)O)cc1,260.07896,447.15,,,,,,,
ammonium bisulfate,N.O=S(=O)(O)O,115.109,420.15,631.95,,690594.999,904.9694,8650424.6,,
propiconazole,CCCC1COC(Cn2cncn2)(c2ccc(Cl)cc2Cl)O1,342.2203800000001,649.54,852.89,150879.38362992872,,1114.4189,2507516.9,,3.72
α-pyrrolidinopentiophenone,CCCC(C(=O)c1ccccc1)N1CCCC1,231.33334,446.15,383.15,106806.91334850392,,871.39749,2333776.8,,
mosapride,CCOc1cc(N)c(Cl)cc1C(O)=NCC1CN(Cc2ccc(F)cc2)CCO1,421.8929032,425.15,1043.72,146878.50762596092,,1287.2965,1694903.5,,
cyclobenzaprine hydrochloride,CN(C)CCC=C1c2ccccc2C=Cc2ccccc21.Cl,311.84838,490.15,788.3,125076.80815914452,,1027.4879,1746282.9,,
pimethixene,CN1CCC(=C2c3ccccc3Sc3ccccc32)CC1,293.42586,564.33,794.12,107079.85996871578,,1058.6305,2354203.6,,
deptropine,CN1C2CCC1CC(OC1c3ccccc3CCc3ccccc31)C2,333.46658,527.61,843.84,120596.79263811084,,1088.0443,1692115.8,,
pyributicarb,COc1cccc(N(C)C(=S)Oc2cccc(C(C)(C)C)c2)n1,330.44448,359.15,,,,,,,5.18
bromodiphenhydramine,CN(C)CCOC(c1ccccc1)c1ccc(Br)cc1,334.2508,446.21,747.48,100074.5547953812,,982.33551,2173428.7,,
terbumeton,CCN=c1nc(NC(C)(C)C)[nH]c(OC)n1,225.29076,396.65,745.67,152269.89335914174,,983.54483,2934516.8,,3.1
dithiopyr,CSC(=O)c1c(C(F)F)nc(C(F)(F)F)c(C(=O)SC)c1CC(C)C,401.4150560000001,338.15,880.64,111174.20568300756,,1101.7965,1713192.4,,4.75
cyhalothrin,CC1(C)C(C=C(Cl)C(F)(F)F)C1C(=O)OC(C#N)c1cccc(Oc2ccccc2)c1,449.8500696,322.35,1000.15,101040.3311494786,,1240.5773,1280077.8,,6.8
1-undecanol,CCCCCCCCCCCO,172.30766000000003,288.15,519.15,164438.42368934728,288161.3646,703.6,2147000,386.15,
dansyl chloride,CN(C)c1cccc2c(S(=O)(=O)Cl)cccc12,269.74718,344.15,,,,,,,
brn 5988444,O=C1N=C(O)CCC1C1(c2ccccc2)C(=O)c2ccccc2C1=O,333.3374,807.65,1061.9,79652.02824525541,,1368.9952,2640671.2,,
tribenoside,CCOC1O[C@H](C(COCc2ccccc2)OCc2ccccc2)[C@H](OCc2ccccc2)[C@H]1O,478.57666,655.34,548.15,132545.11826799077,182640.2510941049,1411.4697,1184971,,
suxibuzone,CCCCC1(COC(=O)CCC(=O)O)C(=O)N(c2ccccc2)N(c2ccccc2)C1=O,438.47304,399.65,1173.31,130929.37253337172,,1437.3436,1568473.7,,
niflumic acid,O=C(O)c1cccnc1Nc1cccc(C(F)(F)F)c1,282.2179696,476.65,804.32,137964.28361803366,,1041.3667,2931340.1,,4.43
fentiazac,O=C(O)Cc1sc(-c2ccccc2)nc1-c1ccc(Cl)cc1,329.80068,434.4,964.58,135703.1768400235,,1244.3139,2724011.8,,5.19
113124-69-9,COC1=CC(=O)c2c(ncc3c4c([nH]c23)CCCC4)C1=O,282.29396,767.88,923.64,117873.5811421541,,1199.8379,3009031,,
etofenamate,O=C(OCCOCCO)c1ccccc1Nc1cccc(C(F)(F)F)c1,369.3350296,552.73,405.65,125225.05663784458,267924.61820647004,1100.1603,1830975.7,,
acetyl-l-isoleucine methyl amide,CC[C@H](C)[C@H](N=C(C)O)C(O)=NC,186.25142,366.37,612.72,136460.7045680511,350967.90296508686,806.74777,2729707.6,,0.14
"semicarbazide, 4-(p-butoxyphenyl)-1-(2-pyrrolylmethylene)-",CCCCOc1ccc(NC(O)=NN/C=C2/C=CC=N2)cc1,300.3556,637.72,561.65,165473.85831993812,376500.1342533596,1135.1271,2407640.5,,
salfluverine,OC(=Nc1cccc(C(F)(F)F)c1)c1ccccc1O,281.2299096,531.4,757.5,120954.41785826326,,990.54437,3065946,,
"coumarin, 3-chloro-7-diethylamino-",CCN(CC)c1ccc2cc(Cl)c(=O)oc2c1,251.70876,431.43,653.05,136161.33185034958,,866.33782,2402922,,
benoxaprofen,CC(C(=O)O)c1ccc2oc(-c3ccc(Cl)cc3)nc2c1,301.72438,462.65,912.68,152264.79212584678,,1175.4593,2767169.5,,3.23
quizalofop-ethyl,CCOC(=O)C(C)Oc1ccc(Oc2cnc3cc(Cl)ccc3n2)cc1,372.80228,357.4,969.05,124985.82358455531,,1223.9874,2000121.6,,4.28
n-(2-anilinophenyl)benzamide,OC(=Nc1ccccc1Nc1ccccc1)c1ccccc1,288.34314,550.92,873.55,133511.0660166911,,1132.68,2563691.7,,
acemetacin,COc1ccc2c(c1)c(CC(=O)OCC(=O)O)c(C)n2C(=O)c1ccc(Cl)cc1,415.82372,423.15,1094.53,147144.08307443355,,1344.06,1777340.5,,
mdl 74156,O=C(OC1CC2CC3CC(C1)N2CC3O)c1c[nH]c2ccccc12,326.38958,660.76,908.07,159410.7262860536,,1137.2967,2327026.9,,
5-(4-chlorophenyl)-5-oxovaleric acid,O=C(O)CCCC(=O)c1ccc(Cl)cc1,226.65624000000005,493.12,719.75,149287.74958942228,,946.12819,2944078.1,,
"(1s)-2-benzoyl-6,7-dimethoxy-1,2,3,4-tetrahydroisoquinoline-1-carbonitrile",COc1cc2c(cc1OC)[C@@H](C#N)N(C(=O)c1ccccc1)CC2,322.35782,604.08,922.59,119488.33752505212,,1163.7839,1901918.4,,
bucillamine,CC(C)(S)C(O)=N[C@@H](CS)C(=O)O,223.31302,412.65,731.36,124820.30828296531,386933.3201698661,975.84147,4056959.7,,
oxycinchophen,O=C(O)c1c(O)c(-c2ccccc2)nc2ccccc12,265.26344,479.65,927.81,160530.98007022755,,1201.5796,3727110,,
4-isopropylbenzylidene t-butylamine n-oxide,CC(C)c1ccc(/C=[N+](\[O-])C(C)(C)C)cc1,219.32264,322.28,551.23,105593.29397092796,,748.45481,2306952,,
pronethalol,CC(C)NCC(O)c1ccc2ccccc2c1,229.31746,419.15,494.15,119563.50816025956,347936.7597977988,945.4352,2561097.5,,3
"1,2,3,4-tetrachloro-5,6-dimethylbenzene",Cc1c(C)c(Cl)c(Cl)c(Cl)c1Cl,243.94524,501.15,583.94,103957.7570769571,,822.21446,2835364,,
"3,5-bis(1,1-dimethylethyl)benzenamine",CC(C)(C)c1cc(N)cc(C(C)(C)C)c1,205.33912,329.15,622.63,76205.64459417183,,851.59613,2131489,,
st50307244,C=C(CCC#N)[C@H]1CC(C)(C)[C@@H]1CCC(C)=O,233.34922,387.85,697.22,115706.40776086588,273638.4706088719,904.99971,1681033.6,,
methylurea,CNC(=N)O,74.08184,376.15,421.93,188980.18731716168,500796.1023969775,836.5,6353000,,-1.4
bromadiolone,O=c1oc2ccccc2c(O)c1C(CC(O)c1ccc(-c2ccc(Br)cc2)cc1)c1ccccc1,527.40522,478.15,1315.24,115525.97071375212,,1610.2429,1843575.9,,
potassium pyrosulfate,O=S(=O)([O-])OS(=O)(=O)[O-].[K+].[K+],254.3224,598.15,,,,,,,
indoxacarb,COC(=O)N(C(=O)N1CO[C@@]2(C(=O)OC)Cc3cc(Cl)ccc3C2=N1)c1ccc(OC(F)(F)F)cc1,527.8344896000001,361.25,1124.06,125213.49268041462,,1378.0356,1648432.5,,
"2,7-dimethyl-1,2,3,4-tetrahydroquinoline",Cc1ccc2c(c1)NC(C)CC2,161.2435,384.64,547.48,143472.45005225015,,781.98505,3110566,,
ac1l3p60,Cc1cc2c(C)cc1CCc1cccc(n1)CC2,237.33946,474.47,731.22,111292.07085918204,,989.51879,2358779.3,,
"4,4-dimethyl-6-oxoheptanoic acid",CC(=O)CC(C)(C)CCC(=O)O,172.22154,404.14,601.67,135836.66712073298,359825.4807657661,802.9095,2738284.9,,
1-docosanol,CCCCCCCCCCCCCCCCCCCCCCO,326.60004,344.4,680.15,173986.50655401024,189179.5133,827,1035000,,
apamine,CC(C)CC1N=C(O)C(C)N=C(O)C(C(C)O)N=C(O)C(CCC(=O)O)N=C(O)C2CCCN2C(=O)C(C)N=C(O)C(CCCCN)N=C(O)C2CSSCC(C(O)=NC(CCC(=N)O)C(O)=NC(CCC(=N)O)C(O)=NC(Cc3cnc[nH]3)C(=N)O)N=C(O)C(CCCNC(=N)N)N=C(O)C(CCCNC(=N)N)N=C(O)C(C)N=C(O)C(CSSCC(N)C(O)=NC(CC(=N)O)C(O)=N2)N=C1O,2027.33874,5283.51,5681.42,,,,,,
n-ethyl-n-(2-phenoxyethyl)aniline,CCN(CCOc1ccccc1)c1ccccc1,241.32816,377.62,653.9,122186.32090013864,,877.36071,2244003.5,,
methanesulfonyl chloride,CS(=O)(=O)Cl,114.55132,240.15,432.15,,341411.4047077956,676,5230000,,
phthaloyl-l-valine,CC(C)[C@@H](C(=O)O)N1C(=O)c2ccccc2C1=O,247.24662,600.42,828.55,110739.63316465156,,1070.7091,2956899.3,,
57621-04-2,C=C1c2cc(OC)c(OC)cc2CCN1C(C)=O,247.28968,474.24,683.26,112382.36872642644,,895.78499,2340556.1,,
n-methyl-4-nitrobenzenemethanesulfonamide,CNS(=O)(=O)Cc1ccc([N+](=O)[O-])cc1,230.241,425.15,,,,,,,
ac1lawaq,C#CCOC1OC(=O)c2ccccc21,188.17942,389.18,551.9,152859.43595744952,,772.80674,3295366.3,,
ferric sulfate,O=S(=O)([O-])[O-].O=S(=O)([O-])[O-].O=S(=O)([O-])[O-].[Fe+3].[Fe+3],399.8778,753.15,,,,,,,
ctk9a0483,COc1ccc(N=C(O)c2cc3cc(OC)ccc3cc2O)c(OC)c1,353.36856000000006,731.78,1001.38,133418.77387167662,,1247.3416,2231301.6,,
allylprodine,C=CCC1CN(C)CCC1(OC(=O)CC)c1ccccc1,287.3966,422.64,716.31,108682.5661820634,,935.23935,1768382.9,,2.97
"ropivacaine, (r)-",CCCN1CCCC[C@@H]1C(O)=Nc1c(C)cccc1C,274.40113999999994,478.77,756.96,133756.7329348559,,973.60283,1898605,,
"4,4-bis(diethylamino)benzophenone",CCN(CC)c1ccc(C(=O)c2ccc(N(CC)CC)cc2)cc1,324.45982,368.45,822.15,138972.52362403457,,1037.4114,1546348.2,,
benactyzine hydrochloride,CCN(CC)CCOC(=O)C(O)(c1ccccc1)c1ccccc1.Cl,363.87834,450.65,908.3,116019.54653305278,,1129.2951,1632486.5,,
dioxaphetyl butyrate,CCOC(=O)C(CCN1CCOCC1)(c1ccccc1)c1ccccc1,353.45468000000005,342.15,870.65,117800.10947938218,,1109.7443,1676905.9,,
"naphtho[2,3-a]coronene",c1ccc2cc3c(cc2c1)c1ccc2ccc4ccc5ccc6ccc3c3c6c5c4c2c13,400.46944,844.9,1122.04,137438.7019394039,,1399.4013,1792421.8,,
1-chloropropane,CCCCl,78.54068000000001,150.35,319.35,70536.69512410638,346551.7255,503.4,4570000,241.15,2.04
ac1l49vf,COc1ccc2c3c1O[C@H]1[C@]4(OC)C=CC5(C[C@@H]4[C@](C)(O)CCc4ccccc4)[C@@H](C2)N(C)CC[C@]315,487.62978,375.65,1170.73,105172.00159514455,,1433.585,1300469.8,,
1-phenethyl-4-piperidyl benzoate hydrochloride,Cl.O=C(OC1CCN(CCc2ccccc2)CC1)c1ccccc1,345.8630600000001,467.25,834.63,114143.44162686814,,1078.0474,1727463,,
"2-amino-n-(2,6-diethylphenyl)acetamide",CCc1cccc(CC)c1N=C(O)CN,206.28412,343.65,752.07,,,965.45978,2450740.1,,
3-chloroaniline,Nc1cccc(Cl)c1,127.57154,263.15,503.15,79563.20038,366423.85200983327,753,5005455,,1.88
cobalt(iii) oxide,[Co].[Co].[O].[O].[O],165.8646,1168.15,,,,,,,
2-(2-pyridylamino)ethyldimethylamine,CN(C)CCNc1ccccn1,165.2355,374.28,548.51,159560.1429474901,,764.05217,3306746,,
57958-47-1,CCOC(=O)CCN(CCC(=O)OCC)CCc1ccccc1,321.41128,436.17,767,149888.95224834673,,960.356,1471356.6,,
methylene salicylate,O=C(OCOC(=O)c1ccccc1O)c1ccccc1O,288.25218,619.75,873.84,149147.18077760938,,1122.9644,3509579.7,,
furethidine,CCOC(=O)C1(c2ccccc2)CCN(CCOCC2CCCO2)CC1,361.47514,301.15,483.15,117064.7585889309,215249.1685634557,1083.6832,1573454.9,,
"2-propenamide, polymer with ethenylbenzene and n-methyl-n-2-propenyl-2-propen-1-amine acetate",C=CC(=N)O.C=CCN(C)CC=C.C=Cc1ccccc1.CC(=O)O,346.4638,562.58,959.15,133765.77870473047,,1190.6786,1375815.6,,
"p-anisic acid, nonyl ester",CCCCCCCCCOC(=O)c1ccc(OC)cc1,278.38654,384.85,700.86,140075.01943161478,,892.19245,1542706.1,,
shogaol,CCCCC/C=C/C(=O)CCc1ccc(O)c(OC)c1,276.37066,499.09,700.65,152729.67108737232,235377.03481375816,991.09134,1911911,,
nuciferine,COc1cc2c3c(c1OC)-c1ccccc1C[C@H]3N(C)CC2,295.37554000000006,436.15,779.47,121536.80700846114,,1006.8001,1978825,,
5-chloro-2-dimethylaminobenzoxazole,CN(C)c1nc2cc(Cl)ccc2o1,196.63356,438.61,588.23,155421.07868056704,,828.48361,3699954.4,,
9-fluorenylmethyl chloroformate,O=C(Cl)OCC1c2ccccc2-c2ccccc21,258.69964000000004,335.15,699.97,126830.48186692488,,940.93846,2555921,,
brn 0415955,CCC(=O)N(Cc1ccccc1)C1CC(C)(C)N(CC)C(C)(C)C1,330.50746,517.94,791.93,106832.68692331485,,1006.6429,1434802.6,,
piperidolate,CCN1CCCC(OC(=O)C(c2ccccc2)c2ccccc2)C1,323.42870000000005,449.97,464.15,111400.13239394028,269479.71267153905,1057.1631,1763929.4,,
12243-46-8,CN1C(=CC2=C([O-])C(=CC3=[N+](C)c4ccccc4C3(C)C)C2=O)C(C)(C)c2ccccc21,424.53412,574.65,,,,,,,
(2e)-2-decene,C/C=C/CCCCCCC,140.2658,197.38,446.55,155832.7118941324,272531.6926710009,619,2180000,,
"1,3-diphenyl-2,3-di(piperidin-1-yl)propan-1-one",O=C(c1ccccc1)C(C(c1ccccc1)N1CCCCC1)N1CCCCC1,376.53438,539.5,942.73,92716.63321,,1195.1188,1659193.4,,
"acetanilide, 2,4-di-tert-butyl-",CC(O)=Nc1ccc(C(C)(C)C)cc1C(C)(C)C,247.3758,428.97,699.9,90263.47767243198,,919.23608,1827845.8,,
"phenol, 4-methoxy-3-nitro-, 1-acetate",COc1ccc(OC(C)=O)cc1[N+](=O)[O-],211.17146,368.15,674.64,138498.82933991172,,912.40189,3152623.9,,
tetraethylammonium bromide,CC[N+](CC)(CC)CC.[Br-],210.1551,447.15,,,,,,,-2.82
96-82-2,O=C(O)C(O)C(O)C(OC1OC(CO)C(O)C(O)C1O)C(O)CO,358.29588,353.15,1405.59,169907.06116966793,378051.2405899776,2091.3341,4652989.4,,
"n-(2-methylphenyl)-4,5-dihydro-1h-imidazol-2-amine",Cc1ccccc1NC1=NCCN1,175.23032,499.05,636.57,164537.73525038362,,892.41034,3960520,,1.28
"2,5-dianilinoterephthalic acid",O=C(O)c1cc(Nc2ccccc2)c(C(=O)O)cc1Nc1ccccc1,348.35204,583.15,1143.54,169357.41211677704,,1411.3787,2535371,,
"1,3-dimethyl-2-imidazolidinone",CN1CCN(C)C1=O,114.1457,281.25,494.15,99189.01894683724,389226.7510456632,749.9,4275000,,
aloin,O=C1c2c(O)cccc2[C@@H]([C@@H]2O[C@H](CO)[C@@H](O)[C@H](O)[C@H]2O)c2cc(CO)cc(O)c21,418.39398,421.15,1468.63,174261.58951904613,,1918.2869,3650934.2,,
azelaic dihydrazide,NN=C(O)CCCCCCCC(O)=NN,216.2807,450.15,758.66,198149.9042679259,435478.899,961.48449,3032273.1,,
72152-83-1,CCCCC1CC(=O)CC2CCCC12,194.31318,325.57,586.48,102808.26035578236,266272.2997715452,804.7473,2206219.3,,
"4-hydroxy-3,5-dinitrobenzaldehyde",O=Cc1cc([N+](=O)[O-])c(O)c([N+](=O)[O-])c1,212.11646,375.15,,,,,,,
104977-53-9,C=C(C)C(=O)OCC(CC)CCCC.C=CC=C.C=Cc1ccc(C)cc1,370.56802,351.3,850.44,112923.93768895656,,1056.8618,922742.12,,
ctk0h6811,C1C2CC3CC(CC1O3)O2,140.17968,440,456.36,184120.8369144516,297139.6181171116,674.23555,3801003.8,,
"4,n,n-trimethyl-3-nitro-benzenesulfonamide",Cc1ccc(S(=O)(=O)N(C)C)cc1[N+](=O)[O-],244.26758,359.65,,,,,,,
triethyl phosphite,CCOP(OCC)OCC,166.155261,161.15,431.05,,244155.29186864456,664.4,5377000,,
2-aminoethanol formate,NCCO.O=CO,107.10846,190.85,579.16,198602.4259895064,796631.4085024422,776.96795,5536068.6,,
brn 2266470,COc1cc(/C=C/C(O)C(C)(C)C)ccc1O,236.3068,463.59,747.29,109992.60283665132,,959.46737,2648831.9,,
ac1l3ixq,C=CCn1c(=O)n(CC=C)c(=O)n(Cc2ccccc2)c1=O,299.32448,617.23,837.91,111364.09557948618,,1071.3101,2318072.5,,
"(5,6-dimethyl-1h-benzimidazol-1-yl)(4-nitrophenyl)methanone",Cc1cc2ncn(C(=O)c3ccc([N+](=O)[O-])cc3)c2cc1C,295.29272,565.65,917.11,153159.8882627381,,1183.0773,2758456.3,,
triflubazam,CN1C(=O)CC(=O)N(c2ccccc2)c2cc(C(F)(F)F)ccc21,334.2925296,586.98,818.39,92858.79058423328,,1056.2852,2256814.2,,
"2,3,4-trichlorophenol",Oc1ccc(Cl)c(Cl)c1Cl,197.44642,356.65,566.43,116147.96561011336,,818.64138,4723609.8,,3.8
p-quinquephenyl,c1ccc(-c2ccc(-c3ccc(-c4ccc(-c5ccccc5)cc4)cc3)cc2)cc1,382.4956800000001,645,1034.34,111096.6795755706,,1323.4047,1615471.3,,
ctk2h5129,CCCOc1ccc(C=Nc2ccc(OCC)cc2)cc1,283.36484,399.4,796.28,,,1026.5594,1661900.1,,
diacetotoluide,CC(=O)N(C(C)=O)c1ccc(N=Nc2ccccc2C)cc1C,309.36236,348.15,949.12,,,1196.4119,1643091.3,,
rubidium carbonate,O=C([O-])[O-].[Rb+].[Rb+],230.9445,1146.15,,129901.3399323214,,,,,
aluminum sodium disulfate,O=S(=O)([O-])[O-].O=S(=O)([O-])[O-].[Al+3].[Na+],242.096508,333.15,,,,,,,
catecholborane,[B]1Oc2ccccc2O1,118.90576,285.15,,,,,,,
"1,2-dithiete",c1css1,90.16728,298.62,355.86,49197.44723363065,351001.9799289207,590.06612,6967650.6,,
4-(2-aminoethyl)morpholine,NCCN1CCOCC1,130.18816,297.95,478.15,156365.98596984547,380971.3009681432,677.67568,4244076.9,354.319545,
3813-13-6,Nc1ccc(Cc2cccc(Cl)c2N)cc1Cl,267.15378,565.55,790.24,130037.46381578431,,1054.0395,3005732.5,,
(s)-tert-butyl (1-((methoxymethyl)amino)-4-methyl-1-oxopentan-2-yl)carbamate,COCN=C(O)[C@H](CC(C)C)N=C(O)OC(C)(C)C,274.35653999999994,428.5,508.15,117802.91441202752,144733.59655854033,919.3546,1804625.5,,
calcium iodate,[Ca+2].[O-][I+2]([O-])[O-].[O-][I+2]([O-])[O-],389.88334,813.15,,,,,,,
st50826286,Oc1cc2c(cc1O)Cc1cc(O)c(O)cc1Cc1cc(O)c(O)cc1C2,366.36402,1135.75,1270.19,171588.90220715452,,1569.8511,6620583,,
ethyl 2-phenyl-4-(2-propen-1-ylamino)-5-pyrimidinecarboxylate,C=CCN=c1[nH]c(-c2ccccc2)ncc1C(=O)OCC,283.32508,324.65,861.17,,,1111.442,2069877.4,,
proglumide,CCCN(CCC)C(=O)C(CCC(=O)O)N=C(O)c1ccccc1,334.41004,415.9,953.54,162539.97637152282,,1173.988,1763929.4,,
sbb059336,CC1(C)CC2(CC(C)(C)c3cc(O)c(O)c(O)c32)c2c1cc(O)c(O)c2O,372.41166,535.65,1232.38,141496.6437946653,,1523.9247,5320164.9,,
1-(6-methylheptyl)-4-(4-nitrophenoxy)benzene,CC(C)CCCCCc1ccc(Oc2ccc([N+](=O)[O-])cc2)cc1,327.41740000000004,543.88,894.34,134036.85937277615,,1130.3958,1596166.9,,
dihydrobiopterin,C[C@H](O)[C@H](O)C1=Nc2c(O)nc(=N)[nH]c2NC1,239.23122,915.99,1013.38,,,,,,
cyanocobalamin,CC1=C2N=C(C=C3N=C(C(C)=C4NC(C)(C5N=C1C(C)(CCC(O)=NCC(C)OP(=O)(O)OC1C(CO)OC([n+]6c[nH]c7cc(C)c(C)cc76)C1O)C5CC(=N)O)C(C)(CC(=N)O)C4CCC(=N)[O-])C(C)(CC(=N)O)C3CCC(=N)[O-])C(C)(C)C2CCC(=N)[O-].[C-]#N.[Co+3],1355.365181,573.15,,,,,,,
barium(2+) dibromide,[Ba+2].[Br-].[Br-],297.135,1130.15,2108.15,108368.25012199844,,,,,
gamabufagin,C[C@]12CC[C@H](O)C[C@H]1CC[C@@H]1[C@@H]2[C@H](O)C[C@]2(C)[C@@H](c3ccc(=O)oc3)CC[C@]12O,402.52376,527.15,1128.14,99544.43434593773,,1381.8918,1763929.4,,
"benzoic acid, 4-methyl-, oxydi-3,1-propanediyl ester",Cc1ccc(C(=O)OCCCOCCCOC(=O)c2ccc(C)cc2)cc1,370.43884,522.47,905.14,134883.26440067677,,1123.3366,1366675.7,,
molsidomine,CCOC(=O)N=c1c[n+](N2CCOCC2)[n-]o1,242.23186,413.65,,,,,,,
cis-2-methylcyclohexanol,C[C@@H]1CCCC[C@@H]1O,114.18546,280.15,438.15,95283.58514297706,405503.4865473523,614,3790000,327.2949511,1.84
3-propyl-2-hexanone,CCCC(CCC)C(C)=O,142.23862,226.12,448.15,120515.79240574747,,636.91553,2472725.2,,
(+-)-pgf2-alpha,CCCCCC(O)/C=C/C1C(O)CC(O)C1C/C=C/CCCC(=O)O,354.48096000000004,303.15,1088.4,180523.09494986697,307557.6376235161,1352.9148,1502313.6,,
"1,1-dimethylethyl n-[(1r)-2-hydroxy-1-methylethyl]carbamate",C[C@H](CO)N=C(O)OC(C)(C)C,175.22548,333.15,662.31,,,845.08645,2793558.3,,
carfecillin,CC1(C)S[C@@H]2[C@H](N=C(O)C(C(=O)Oc3ccccc3)c3ccccc3)C(=O)N2[C@H]1C(=O)O,454.49558,927.77,1219,130687.73958153784,,1496.0413,1857907.3,,
calcium diiodide,[Ca+2].[I-].[I-],293.88694,1056.15,1373.15,142231.567,,,,,
1200-27-7,CC(C)(N)Cc1ccc(F)cc1,167.2232632,327.67,528.63,96703.0525,,748.0804,2982794.3,,
aplysiatoxin,COC(CCC(C)C1OC23CC(OC(=O)CC(C(C)O)OC(=O)CC(O)(O2)C(C)CC3(C)C)C1C)c1cc(O)ccc1Br,671.61358,984.25,1504.94,114966.40672453347,,1939.7544,1048685.9,,
magnesium iodide,[I-].[I-].[Mg+2],278.11394,907.15,,93486.86369334812,,,,,
strontium diiodide,[I-].[I-].[Sr+2],341.42894,811.15,,57698.68248426744,,,,,
a-phthalimidopropiophenone,CC(C(=O)c1ccccc1)N1C(=O)c2ccccc2C1=O,279.29002,360.65,855.55,95814.37961872036,,1115.7272,2695798.5,,
beryllium bromide,[Be+2].[Br-].[Br-],168.820182,781.15,793.15,106622.3231532827,436778.4159654123,1216.86,10034000,,
beryllium iodide,[Be+2].[I-].[I-],262.821122,753.15,863.15,79597.86428428686,271828.6770704524,1238.03,10209000,,
21306-21-8,O=C1C(Cl)=C(Cl)C(Cl)=C(Cl)C1(Cl)Cl,300.7816,488,667.31,74515.86134258214,214679.57567684955,942.38961,3384139.4,,
140681-55-6,F[B-](F)(F)F.F[B-](F)(F)F.F[N+]12CC[N+](CCl)(CC1)CC2,354.26008879999995,443.15,,,,,,,
sodium tetrafluoroborate,F[B-](F)(F)F.[Na+],109.7943828,657.15,,,,,,,
5-(.beta.-bromoallyl)-5-(1-methylbutyl)barbituric acid,C=C(Br)CC1(C(C)CCC)C(O)=NC(=O)N=C1O,317.17898,700.08,856.79,92234.98984705732,301543.8476,1121.2533,2950478.3,,2.09
petrichloral,OC(OCC(COC(O)C(Cl)(Cl)Cl)(COC(O)C(Cl)(Cl)Cl)COC(O)C(Cl)(Cl)Cl)C(Cl)(Cl)Cl,725.6973399999999,326.15,1386.69,68529.94665792768,181555.44499517465,1769.2901,1621984,,
n-methyljervine,CC1=C2C(=O)C3C(CC=C4CC(O)CCC43C)C2CC[C@]12O[C@@H]1CC(C)CN(C)[C@H]1C2C,439.63004,749.84,1100.75,118392.7285769644,237309.7677019822,1351.0814,1209829.9,,
"benzoic acid, 4-(tridecyloxy)-",CCCCCCCCCCCCCOc1ccc(C(=O)O)cc1,320.46628,373,856.79,163945.4859338087,,1058.1577,1322314,,
"1,3-dimethylbenzotriazolium iodide",Cn1n[n+](C)c2ccccc21.[I-],275.08957,426.63,589.17,94176.59855297314,,843.34872,3867478.5,,
boron triiodide,IB(I)I,391.52441,322.85,482.65,,111948.54836666417,773,6059000,,
coumestrol,O=c1oc2cc(O)ccc2c2oc3cc(O)ccc3c12,268.22102,658.15,871.66,174095.22937464036,,1129.9169,4596380.4,,
ethenone,C=C=O,42.03668,122.15,223.45,166307.1393839856,461084.4823,370,5810000,,
1-iodopropane,CCCI,169.99215,172.15,375.15,46660.97816869779,190969.9561400036,586.3,4152000,,2.5
azepan-2-one,OC1=NCCCCC1,113.15764,342.45,543.95,80065.29651908613,466193.1997223511,806,4770000,412.65,
lead(ii) bromide,[Br-].[Br-].[Pb+2],367.008,644.15,1165.15,44794.66387653675,381653.0225,1933.47,15943000,,
102096-60-6,C=CC(=O)O[C@H]1C(=O)OCC1(C)C,184.18918,311.69,520.95,105500.22536611542,267831.3909345872,721.28764,2805407.9,,
isopropamide iodide,CC(C)[N+](C)(CCC(C(=N)[O-])(c1ccccc1)c1ccccc1)C(C)C.I,480.42539,463.15,,,,,,,
cyclohexyl isocyanate,O=C=NC1CCCCC1,125.16834,193.15,445.15,,332634.8956,633,3470000,,
stebac,CCCCCCCCCCCCCCCCCC[N+](C)(C)Cc1ccccc1.[Cl-],424.14560000000006,330.15,,,,,,,
pamoic acid,O=C(O)c1cc2ccccc2c(Cc2c(O)c(C(=O)O)cc3ccccc23)c1O,388.36954,588.15,1289.34,174426.65560229053,,1580.5452,2896733.8,,
"benzenamine, 2,5-dipropoxy-4-(1-pyrrolidinyl)-",CCCOc1cc(N2CCCC2)c(OCCC)cc1N,278.38984,512.91,752.79,127978.80842203148,,964.38324,1959600.5,,
chloropentafluoroethane,FC(F)(F)C(F)(F)Cl,154.46641599999998,173.75,233.9318403,12041.45243,125363.34167747595,353.1,3129000,,
diphosphine,PP,65.979282,174.15,,,,,,,
alogliptin,Cn1c(=O)cc(N2CCC[C@@H](N)C2)n(Cc2ccccc2C#N)c1=O,339.39164,454.15,1025.77,119466.70224405055,,1283.2034,2173428.7,,
"6-octen-2-ol, 8-(1h-indol-1-yl)-2,5-dimethyl-",CC(C=CCn1ccc2ccccc21)CCC(C)(C)O,271.3972,433.65,754.51,120811.85804422449,,955.90285,1911911,,
ecadotril,CC(=O)SC[C@@H](Cc1ccccc1)C(O)=NCC(=O)OCc1ccccc1,385.47662,344.15,1017.91,133603.43358826794,,1261.7476,1731779,,
acetarsol,CC(O)=Nc1cc([As](=O)(O)O)ccc1O,275.0903,493.65,345.32,,101171.73057807556,451.22885,1324933.9,,
broxyquinoline,Oc1c(Br)cc(Br)c2cccnc12,302.9501,471.65,636.89,101795.64225263502,262467.7970458826,1017.9005,6420529.3,,
succinylsulfathiazole,O=C(O)CCC(=O)Nc1ccc(S(=O)(=O)Nc2nccs2)cc1,355.38942,466.65,,,,,,,
sulfaguanidine,N=C(N)NS(=O)(=O)c1ccc(N)cc1,214.2449,464.65,,,,,,,-1.22
phthalylsulfathiazole,O=C(O)c1ccccc1C(=O)Nc1ccc(S(=O)(=O)Nc2nccs2)cc1,403.43222,546.15,,,,,,,
phlorizin,O=C(CCc1ccc(O)cc1)c1c(O)cc(O)cc1O[C@@H]1O[C@H](CO)[C@@H](O)[C@H](O)[C@H]1O,436.40926,383.15,1453.11,179705.16940910005,,1873.7331,3620245,,
"furil, monooxime",O=C(/C(=N/O)c1ccco1)c1ccco1,205.16688,370.65,751.41,,,987.13275,3901371.8,,
imidazolidinyl urea,O=C1N=C(O)C(NC(O)=NCN=C(O)NC2C(O)=NC(=O)N2CO)N1CO,388.29354,1222.59,1359.34,183747.58436619883,546256.1941382454,1691.2165,4987391.9,,
"4,4-dimethyl-3-methylene-1-pentene",C=CC(=C)C(C)(C)C,110.19676,377.65,376.52738,47115.72282161472,,558.21146,2835364,,
tertatolol,CC(C)(C)NCC(O)COc1cccc2c1SCCC2,295.4402,344.15,826.93,96527.1483,,1044.94,2151307.5,,
amoscanate,O=[N+]([O-])c1ccc(Nc2ccc(N=C=S)cc2)cc1,271.29446,470.15,,,,,,,
potassium phosphate,O=P([O-])([O-])[O-].[K+].[K+].[K+],212.266261,1613.15,,,,,,,
blasticidin s,CN(CCC(N)CC(O)=NC1C=CC(n2ccc(=N)nc2O)OC1C(=O)O)C(=N)N,422.43894,508.65,1345.57,,,,,,
"2-butanone, 3,3-bis(2-methoxyethoxy)-",COCCOC(C)(OCCOC)C(C)=O,220.26280000000003,343.73,568.72,93492.86397884708,251064.9078047218,748.43762,2135430.7,,
pyrantel,CN1CCCN=C1/C=C/c1cccs1,206.30726,451.15,616.75,120596.82242883743,,872.94575,3360638.5,,
xipamide,Cc1cccc(C)c1N=C(O)c1cc(S(N)(=O)=O)c(Cl)cc1O,354.8086,529.15,,,,,,,2.19
ethyl erucate,CCCCCCCCC=CCCCCCCCCCCCC(=O)OCC,366.62084,307.15,502.65,170440.3928592821,120104.87124531007,993.56582,832901.27,,
"(1s,5r)-6,8-dioxabicyclo[3.2.1]octan-4-one",O=C1CC[C@H]2CO[C@@H]1O2,128.12592,307.58,500.15,146996.01766761948,,714.85703,4646648,,
coniferin,COc1cc(/C=C/CO)ccc1O[C@@H]1O[C@H](CO)[C@@H](O)[C@H](O)[C@H]1O,342.34108,459.15,1140.04,168180.2254056101,,1428.8499,2738284.9,,
chlorodimethylsilane,C[SiH](C)Cl,94.61548,162.15,307.85,,271254.6291783148,472,3620000,230.9461337,
clotrimazole,Clc1ccccc1C(c1ccccc1)(c1ccccc1)n1ccnc1,344.83678000000003,420.65,902.32,106775.1531608664,,1191.0064,2244003.5,,
8-hydroxyguanosine,N=c1nc(O)c2nc(O)n([C@@H]3O[C@H](CO)[C@@H](O)[C@H]3O)c2[nH]1,299.24012,1019.84,1149.19,206549.8436506441,,1407.0228,6389772.3,,
"1,3,6,9-tetraoxacycloundecane",C1COCCOCOCCO1,162.18366,268.95,513.13,160719.02681194886,296862.0919170424,757.4396,4093379.8,,
diviminol,CCC(C)N(CC(O)c1cccn1Cc1ccccc1Cl)C(C)CC,362.93664,508.75,435.65,122817.58050110344,308147.4631983564,1091.2445,1481568.4,,
"4,4′-oxybis[benzoic acid]",O=C(O)c1ccc(Oc2ccc(C(=O)O)cc2)cc1,258.2262,604.15,530.65,157977.77297578636,,1145.6356,3195540.6,,
2-phenyl-furan,c1ccc(-c2ccco2)cc1,144.16992000000002,284.63,505.28,128979.74834140156,,750.18113,3975517.2,,
brilliant green,CCN(CC)c1ccc(C(=C2C=CC(=[N+](CC)CC)C=C2)c2ccccc2)cc1.O=S(=O)([O-])O,482.63486,483.15,,,,,,,
hystrine,C1=NCCC/C1=C1/CCCCN1,164.24743999999998,428.83,587.37,119198.2048548215,339896.0247592763,849.60032,3745380.1,,
ac1o5nw3,CCCCCCCCCC/C=C/CCCCCC(O)=NCCO,325.52916000000005,473.49,857.58,179842.5677134423,248462.7903245017,1049.921,1174436.2,,
carbon diselenide,[Se]=C=[Se],169.9307,229.45,398.65,37427.02172120753,275469.4074384625,665.03,7718000,,
diphenylphosphine,c1ccc(Pc2ccccc2)cc1,186.189501,258.65,553.15,,252814.7714,804.48149,2858313.1,,
"6,10,14-hexadecatrienoic acid",CC=CCCC=CCCC=CCCCCC(=O)O,250.37644,415.44,723.67,191491.65951876304,280243.2331664603,914.901,1588541.9,,
chlorodiphenylphosphine,ClP(c1ccccc1)c1ccccc1,220.634561,288.15,593.15,,231022.3390976992,853.56764,2754795.9,,
phenylphosphine,Pc1ccccc1,110.093541,422.65,433.65,,339856.29872295004,672.88894,4327002.3,,
bis(2-diphenylphosphinoethyl)phenylphosphine,c1ccc(P(CCP(c2ccccc2)c2ccccc2)CCP(c2ccccc2)c2ccccc2)cc1,534.547103,404.65,,,,,,,
bis(diphenylphosphino)methane,c1ccc(P(CP(c2ccccc2)c2ccccc2)c2ccccc2)cc1,384.389702,393.15,,,,,,,
fenticlor,Oc1ccc(Cl)cc1Sc1cc(Cl)ccc1O,287.16172,447.15,842.36,133130.55793091084,,1129.5767,4462275.7,,
"3,3′-difluorobenzophenone",O=C(c1cccc(F)c1)c1cccc(F)c1,218.1988264,334.65,612.77,112232.50099020696,,842.75195,2887402,,
diresorcyl sulfide,Oc1cc(O)cc(Sc2cc(O)cc(O)c2)c1,250.2704,759.12,918.78,168537.7096132823,,1209.8793,8340109.7,,
carbohydrazide,NN=C(O)NN,90.08454,429.15,521.75,227974.7446121166,726247.5372285631,741.85491,8101620.2,,
isonaphthazarine,O=C1C(=O)C(O)=c2ccccc2=C1O,190.15224,555.15,804.86,94198.20665799153,,1029.6936,5001510.5,,
antibiotic g-52,CNCC1=CCC(N)C(OC2C(N)CC(N)C(OC3OCC(C)(O)C(NC)C3O)C2O)O1,461.55296,975.72,410.15,178854.8815719869,179912.24514332562,1742.6516,1890359.2,,
pentisomicin,CN[C@@H]1[C@@H](O)[C@@H](O[C@@H]2[C@H](O)[C@H](O[C@H]3OC(CN)=CC[C@H]3N)[C@@H](N)C[C@H]2N)OC[C@]1(C)O,447.52638,995.05,1375.56,178892.24764806044,344274.3799881394,1728.881,2143347.1,,
isepamicin,CNC1C(O)C(OC2C(N=C(O)C(O)CN)CC(N)C(OC3OC(CN)C(O)C(O)C3O)C2O)OCC1(C)O,569.60312,1250.47,1825.84,183529.5424645848,257247.0550730158,3370.5368,2117778.6,,
ribostamycin,NC[C@H]1O[C@H](O[C@H]2[C@H](O[C@@H]3O[C@H](CO)[C@@H](O)[C@H]3O)[C@@H](O)[C@H](N)C[C@@H]2N)[C@H](N)[C@@H](O)[C@@H]1O,454.47266,466.65,1533.51,204241.1088050929,303117.50581416703,2168.489,2784720.2,,
dibekacin,NC[C@@H]1CC[C@@H](N)[C@@H](O[C@H]2[C@H](O)[C@@H](O[C@H]3O[C@H](CO)[C@@H](O)[C@H](N)[C@H]3O)[C@H](N)C[C@@H]2N)O1,451.51508,1029.54,1453.5,197694.3937287765,338608.0937784018,1886.2385,2356489.8,,
60646-30-2,O[C@@H](c1c2ccccc2cc2ccccc12)C(F)(F)F,276.2531496,408.65,726.6,97331.01699992348,,938.66102,2553338.6,,
07-08-5853,CC(=O)OCC(OC(C)=O)C(OC1OC(COC(C)=O)C(OC(C)=O)C(OC(C)=O)C1OC(C)=O)C(OC(C)=O)C(C=O)OC(C)=O,678.58992,765.18,1403.14,142517.59000487364,115696.75455205528,1852.892,725354.15,,
10101-88-9,[Na+].[Na+].[Na+].[O-]P([O-])([O-])=S,180.006271,333.15,,,,,,,
trimagnesium diphosphate,O=P([O-])([O-])[O-].O=P([O-])([O-])[O-].[Mg+2].[Mg+2].[Mg+2],262.857722,1457.15,,460325.0727403017,,,,,
genkwanin,COc1cc(O)c2c(=O)cc(-c3ccc(O)cc3)oc2c1,284.26348,559.15,927.25,142614.1691,,1198.6419,3877117.1,,
ethyl 4-chloro-2-(methylthio)-5-pyrimidinecarboxylate,CCOC(=O)c1cnc(SC)nc1Cl,232.68726,333.15,691.11,140579.24787115547,,948.39415,3468363.7,,
2-piperidinobenzonitrile,N#Cc1ccccc1N1CCCCC1,186.25296,316.15,640.29,95993.10529078305,,884.34781,2865802.5,,
capsanthin,CC1=C(/C=C/C(C)=C/C=C/C(C)=C/C=C/C=C(C)/C=C/C=C(C)/C=C/C(=O)[C@]2(C)C[C@@H](O)CC2(C)C)C(C)(C)C[C@H](O)C1,584.87084,449.15,1420.65,130356.9861680914,143542.3157276028,1809.2175,658812.91,,
violaxanthin,CC(/C=C/C=C(C)/C=C/[C@@]12O[C@]1(C)C[C@@H](O)CC2(C)C)=C\C=C\C=C(C)\C=C\C=C(C)\C=C\[C@@]12O[C@]1(C)C[C@@H](O)CC2(C)C,600.8702400000001,481.15,1408.28,124659.19430458064,155466.20824472996,1768.5931,732042.13,,
3604-90-8,CC(=O)C=CC(C)=CC=CC(C)=CC=CC=C(C)C=CC=C(C)C=CC1=C(C)CCCC1(C)C,456.70186,467.12,1074.38,143165.60917881964,176564.09984253484,1318.1218,780686.38,,
41699-00-7,Cc1cc(C2CC3CC2C2CCC(c4cc(C)cc(C(C)(C)C)c4O)C32)c(O)c(C(C)(C)C)c1,460.69056,819.18,1170.3,124634.63544814115,,1436.8115,1084916.9,,
tetraphenylcyclopentadienone,O=C1C(c2ccccc2)=C(c2ccccc2)C(c2ccccc2)=C1c1ccccc1,384.4685,491.15,1075.85,104799.2228231962,,1368.8778,1710359.5,,
iodic anhydride,[O-][I+2]([O-])O[I+2]([O-])[O-],333.80594,236.43,366.3,60669.98089,128582.92939569884,554.27756,9940268.9,,
63907-07-3,CCC(CC)COCCOCCCN1C(=O)C2C3C=CC(C3)C2C1=O,349.46444,563.87,864.39,129191.97157799517,238987.4333873017,1072.5126,1368698.9,,
plutonium hexafluoride,[F-].[F-].[F-].[F-].[F-].[F-].[Pu+6],358.0504192,324.75,338.15,51947.99112806066,,,,,
14205-65-3,CCOC(=O)c1c[nH]c2cc3c(cc2c1=O)OCO3,261.23014,551.65,798.38,170684.74564229074,,1047.8669,3224640.4,,
3-nitrobenzanthrone,O=C1c2ccccc2-c2ccc([N+](=O)[O-])c3cccc1c23,275.25825999999995,525.15,903.35,128846.26968142577,,1187.2531,2944078.1,,
permonid,CN1CC[C@]23c4c5ccc(O)c4O[C@H]2CCC[C@H]3[C@H]1C5,271.35414,462.15,768.14,140679.62994778706,,1013.8972,2856619.7,,
beryllium,[Be],9.012182,1560.15,2741.15,876036.4582073465,34278017.17497975,5205,39200000,,
ac1o59ca,C=C(C)C(=O)OC.C=CC#N.C=Cc1ccccc1.C=Cc1ccccc1C=C,387.51396,434.48,1000.6,100285.41939495548,,1247.0366,1016828.9,,
3-(trifluoromethyl)-5-nitrophenol,O=[N+]([O-])c1cc(O)cc(C(F)(F)F)c1,207.1067696,365.15,618.46,127991.9533832563,,856.15054,4277450.9,,
heptafluororhenium,[F-].[F-].[F-].[F-].[F-].[F-].[F-].[Re+7],319.1958224,321.45,346.85,,,526.62,,,
molybdenum(iv) chloride,[Cl-].[Cl-].[Cl-].[Cl-].[Mo+4],237.772,590.15,,70235.35151321434,,,,,
rutacridone,C=C(C)C1Cc2c(cc(O)c3c(=O)c4ccccc4n(C)c23)O1,307.34318,434.65,901.6,145095.13437064065,,1154.2356,2558507.3,,
4-chlorobenzotrifluoride,FC(F)(F)c1ccc(Cl)cc1,180.5548696,237.15,411.65,75107.36226634565,196110.37303223697,601,3010000,314.691267,
iopamidol,C[C@H](O)C(O)=Nc1c(I)c(C(O)=NC(CO)CO)c(I)c(C(O)=NC(CO)CO)c1I,777.0852899999999,1111.42,535.15,96598.14819040008,878006.9103452517,2401.7477,2635251.7,,-2.42
selenium hexafluoride,F[Se](F)(F)(F)(F)F,192.9504192,222.35,227.35,,84695.36544027115,345.5,4475000,,
melamine cyanurate,N=c1[nH]c(=N)[nH]c(=N)[nH]1.Oc1nc(O)nc(O)n1,255.19416,1171.87,1126.94,196963.7549699413,,1464.0961,10223684,,
"2-[2-(3,4-dimethoxyphenyl)ethyl]-4-methoxyquinoline",COc1ccc(CCc2cc(OC)c3ccccc3n2)cc1OC,323.38564,388.65,870.42,123082.1504628344,,1108.5422,1824724,,
"3,3'-dipicolylamine",c1cncc(CNCc2cccnc2)c1,199.25172,473.58,685.09,152033.81933164745,,945.74713,3488880.4,,
efloxate,CCOC(=O)COc1ccc2c(=O)cc(-c3ccccc3)oc2c1,324.32734,396.85,892.87,126763.90464029336,,1139.4325,2090751.6,,
imolamine,CCN(CC)CCn1c(-c2ccccc2)noc1=N,260.33480000000003,567.13,438.15,,143020.78528418377,566.42435,1385227.7,,
(+-)-pmhi maleate,CC1CCCCN1Cc1cc2c(cc1O)CCC2.O=C(O)/C=C\C(=O)O,361.43208,827.27,1110.17,159769.9905332144,,1367.0819,2056756.2,,
prenylamine,CC(Cc1ccccc1)NCCC(c1ccccc1)c1ccccc1,329.47788,309.65,878.05,115613.2241715286,,1121.2002,1600000,,
oxymethebanol,COc1ccc2c(c1OC)[C@]13CCN(C)[C@H](C2)[C@]1(O)CC[C@@H](O)C3,333.42198,439.15,937.88,96553.32260938526,,1156.2118,2191782.7,,
levallorphan,C=CCN1CC[C@]23CCCC[C@H]2[C@H]1Cc1ccc(O)cc13,283.4079,454.15,780.45,113437.2048203314,,1023.1431,2318072.5,,3.48
rubidium iodide,[I-].[Rb+],212.37227,929.15,1573.15,104062.55016250472,930573.9695652304,2568.65,21181000,,
cobalt sulfate,O=S(=O)([O-])[O-].[Co+2],154.9958,1008.15,,,,,,,
thiostrepton,C=C(N=C(O)C(=C)N=C(O)c1csc(C2=NC3c4csc(n4)[C@H]4N=C(O)c5csc(n5)[C@@H](C(C)(O)C(C)O)N=C(O)C5CSC(=N5)/C(=C/C)N=C(O)[C@H]([C@@H](C)O)N=C(O)c5csc(n5)C3(CC2)N=C(O)C(C)N=C(O)C(=C)N=C(O)C(C)N=C(O)C(C(C)CC)N[C@@H]2C=Cc3c(C(C)O)cc(nc3[C@H]2O)C(=O)OC4C)n1)C(=N)O,1664.8868,502.15,4563.3,148665.9633555867,,-5170.4873,561532.76,,
cobalt(ii) bromide,[Br-].[Br-].[Co+2],218.7412,951.15,,196579.33667731547,,,,,
st045164,O=C(c1ccccc1)c1ccccc1N=C(O)[C@@H]1CCCN1Cc1ccccc1,384.47026,662.7,1037.98,128990.47120055529,,1296.3775,1813860.2,,
guanidine hydrochloride,Cl.N=C(N)N,95.53144,457.15,490.01,,570313.0050293108,723.75476,7006956.1,,
o-benzyl-l-tyrosine,N[C@@H](Cc1ccc(OCc2ccccc2)cc1)C(=O)O,271.31108,496.15,864.04,139669.9316518883,,1107.499,2576721.9,,
eupatorin,COc1ccc(-c2cc(=O)c3c(O)c(OC)c(OC)cc3o2)cc1O,344.31544,464.65,1027.81,137426.3088521386,,1286.5685,2884301.4,,
apomorphine hcl,CN1CCc2cccc3c2[C@H]1Cc1ccc(O)c(O)c1-3.Cl,303.78332000000006,688.37,878.28,142213.2064393792,,1136.4434,3062553.6,,
"trans-1,2-dibenzoylethylene",O=C(/C=C/C(=O)c1ccccc1)c1ccccc1,236.26528,384.15,730.94,121380.50923097967,,982.64139,2729707.6,,
1-octacosanol,CCCCCCCCCCCCCCCCCCCCCCCCCCCCO,410.75952,356.45,932.42,176171.20596498894,,861.6,840000,,
"hexachloro-1,3-butadiene",ClC(Cl)=C(Cl)C(Cl)=C(Cl)Cl,260.7608,252.15,489.15,101479.97705176544,138717.09549415205,738,2840000,,4.78
2-methylnaphthalene,Cc1ccc2ccccc2c1,142.1971,306.85,514.25,85304.13067,325308.1278492503,761,3370000,370.15,4
dibenzylamine acetate,CC(=O)O.c1ccc(CNCc2ccccc2)cc1,257.32756,358.55,816.12,144391.84050087756,,1056.991,2315841.9,,
triethyl citrate,CCOC(=O)CC(O)(CC(=O)OCC)C(=O)OCC,276.283,218.15,567.15,132534.39408143098,91834.84665492398,919.61242,1985885.9,,
n-methyl-d-glucamine,CNC[C@H](O)[C@@H](O)[C@H](O)[C@H](O)CO,195.21358,402.4,869.07,129770.68501074568,744071.0591623324,1065.5836,5213152.8,,
tetramethyltin,[CH3].[CH3].[CH3].[CH3].[Sn],178.83908,218.06,349.95,52002.05682113776,162665.19284298367,521.8,2981000,,3.48
d-(-)-citramalic acid,C[C@@](O)(CC(=O)O)C(=O)O,148.11401999999998,530.55,693.97,173285.41889552388,644834.7045,898.34769,5037070.3,,
benzotrifluoride,FC(F)(F)c1ccccc1,146.1098096,244.15,375.15,66751.16494026284,213822.0968342412,565,3390334,274.5546754,3.01
tetrabromosilane,Br[Si](Br)(Br)Br,347.7015,278.54,427.15,,108707.21106724288,663,4662000,,
naftopidil,COc1ccccc1N1CCN(CC(O)COc2cccc3ccccc23)CC1,392.49072,398.65,1008.16,117674.11978555824,,1241.9354,1743367.6,,
triaminononane,NCCCCC(CN)CCCN,173.29901999999998,425.97,622.67,179654.79550894172,383206.3375126984,821.20193,2761356.1,,
dodecyl glucoside,CCCCCCCCCCCCO[C@@H]1O[C@H](CO)[C@@H](O)[C@H](O)[C@H]1O,348.47484,380.15,1030.4,183697.6236218373,291160.14441816206,1293.6135,1561046,,
acrylylprocaine,C=CC(=O)Nc1ccc(C(=O)OCCN(CC)CC)cc1,290.35748,484.65,768.72,150352.59294852676,,971.81606,1862721.5,,
perfluorobutane,FC(F)(F)C(F)(F)C(F)(F)C(F)(F)F,238.026832,144.05,271.1229175,32181.245852148302,97597.15379649648,386.326,2322400,,
"1,1,1-trichlorotrifluoroethane",FC(F)(F)C(Cl)(Cl)Cl,187.3756096,287.35,319.15,42369.44187638816,140867.89953256457,482.9,3320000,,
valeronitrile,CCCCC#N,83.13166,177.15,413.15,108262.0027075124,454329.7748573556,610.3,3580000,307.15,0.94
mls003171503,OCC1OC(n2cnc3cc(Cl)c(Cl)cc32)C(O)C1O,319.14068,488.65,967.84,169329.71378014237,,1189.2322,3731664.9,,
1-aminopyrrole,Nn1cccc1,82.10384,350.65,447.4,143014.0173711729,718659.5851654337,600.1994,6037302.1,,
"3,4-diethoxyphenylacetonitrile",CCOc1ccc(CC#N)cc1OCC,205.253,310.15,450.65,116836.29471920022,260945.43644818617,870.17652,2208293.3,,
sodium tetraphenylborate,[Na+].c1ccc([B-](c2ccccc2)(c2ccccc2)c2ccccc2)cc1,342.21637,573.15,,,,,,,
carbutamide,CCCCN=C(O)NS(=O)(=O)c1ccc(N)cc1,271.33598,417.4,,,,,,,1.01
"n-(2,6-dimethylphenyl)-4-methyl-2-oxo-1-pyrrolidineacetamide",Cc1cccc(C)c1N=C(O)CN1CC(C)CC1=O,260.3315,527.97,774.75,127272.34314710285,,1001.9932,2282766.8,,
imidazole-4-carboxaldehyde,O=Cc1cnc[nH]1,96.08736,446.65,,,,,,,
"1,4-reichstein s",C[C@]12C=CC(=O)C=C1CC[C@@H]1[C@@H]2CC[C@@]2(C)[C@H]1CC[C@]2(O)C(=O)CO,344.44462,697.64,1029.12,77730.92812423664,355952.631,1268.1373,2102270.9,,
"benzoic acid, 4-(trans-4-butylcyclohexyl)-, trans-4-propylcyclohexyl ester",CCCCC1CCC(c2ccc(C(=O)OC3CCC(CCC)CC3)cc2)CC1,384.5946,470.33,914.12,122021.99406855948,,1139.738,1075685.1,,
"3,5-dichlorophenol",Oc1cc(Cl)cc(Cl)c1,163.00136,341.15,506.15,117330.3093912836,315270.6520614576,770.7239,5080245,,3.62
arsenic trifluoride,F[As](F)F,131.9168096,267.25,330.28,78837.56461,251723.9633798269,530.21,8781000,,
arsenic pentafluoride,F[As](F)(F)(F)F,169.913616,193.35,220.35,,100239.58825726164,357.73,4113000,,
o-anisidine,COc1ccccc1N,123.15246,279.15,494.15,113054.98891374156,411517.4079745001,728,5846453,390.92778,1.18
pirimicarb,Cc1nc(N(C)C)nc(OC(=O)N(C)C)c1C,238.28622,363.65,683.4,158662.13329499288,,901.18007,2537926.1,,1.7
2672-81-3,COc1cc2c(cc1N=C(O)c1cc3ccccc3cc1O)oc1ccccc12,383.39608,827.13,1109.54,151344.79204899538,,1378.4012,2386515.8,,
bismuth(iii) fluoride,[Bi+3].[F-].[F-].[F-],265.9756096,922.15,1173.15,81210.45396788143,602451.4451005749,1971.01,38521000,,
nickel(ii) bromide,[Br-].[Br-].[Ni+2],218.5014,1236.15,,256291.2640376675,,,,,
15385-57-6,[Hg+].[Hg+].[I-].[I-],654.98894,563.15,,47939.74078401996,,,,,
stannous sulfide,[S].[Sn],150.766,1154.15,1483.15,209596.32808458144,1274707.2793714055,2486.26,29996000,,
1-phenyl-1h-benzoimidazole,c1ccc(-n2cnc3ccccc32)cc1,194.2319,432.1,627.82,132130.71591226777,,888.69775,3690968.5,,
"phenol, (1-heptyl-1,8-octanediyl)bis-",CCCCCCCC(CCCCCCCc1ccccc1O)c1ccccc1O,396.6053,655.33,1031.52,155850.16135689564,,1264.8214,1238089,,
7292-14-0,Cc1cc(C)c(O)c(C(CC(C)CC(C)(C)C)c2cc(C)cc(C)c2O)c1,368.55214,442.65,1002.01,119760.53103368224,,1241.0969,1389180.4,,
pregnenolone acetate,CC(=O)OC1CCC2(C)C(=CCC3C2CCC2(C)C(C(C)=O)CCC32)C1,358.51426000000004,422.15,876.85,97022.64004784636,219631.6579237436,1111.9796,1370726.6,,
ac1lasmb,Cc1cc(O)c(C(C)(C)C)cc1C(c1cc(C(C)(C)C)c(O)cc1C)C(C)C,382.57872,683.98,1021.66,102760.55082206352,,1266.333,1312749.4,,
4-methoxy-4'-octyloxy-trans-stilbene,CCCCCCCCOc1ccc(C=Cc2ccc(OC)cc2)cc1,338.48310000000004,424,838.16,133560.58249289254,,1051.2978,1297660.5,,
"benzoic acid, 2-hydroxy-, polymer with 1-piperazineethanamine",NCCN1CCNCC1.O=C(O)c1ccccc1O,267.32414,738.17,904.72,174698.0276453896,,1156.62,3493005.6,,
phendimetrazine hydrochloride,C[C@H]1[C@H](c2ccccc2)OCCN1C.Cl,227.73042,330.67,588.97,129091.2298848788,,822.51086,2460474.9,,
cesium nitrate,O=[N+]([O-])[O-].[Cs+],194.91035,682.15,,70801.78143438765,,,,,
"spirostan-2,3-diol",CC1CCC2(OC1)OC1CC3C4CCC5CC(O)C(O)CC5(C)C4CCC3(C)C1C2C,432.63586,544.65,1093.98,121425.44078523682,248857.2732774215,1340.2601,1289287,,
hecogenin,CC1CCC2(OC1)OC1CC3C4CCC5CC(O)CCC5(C)C4CC(=O)C3(C)C1C2C,430.61998,539.65,1074.29,108875.5798093716,236845.03898280967,1326.0422,1267349.9,,
ammonium dinitramide,N.O=[N+]([O-])[N-][N+](=O)O,124.05616,364.15,,,,,,,
n-methyldiethanolamine,CN(CCO)CCO,119.16222,252.15,518.15,167024.4142816406,635341.8394850113,742,4160000,401.15,
allantoin paba,N=C(O)NC1N=C(O)N=C1O.Nc1ccc(C(=O)O)cc1,295.25142,1007.04,1126.97,182569.82472768464,,1409.2913,4646648,,
brn 1592086,COc1ccc(C(O)C(C)N2CCC(CC3CCCCC3)CC2)cc1,345.51880000000006,480.44,895.61,96692.27839,,1115.823,1550003.1,,
"1,3,5-trimethoxy-2-nitrobenzene",COc1cc(OC)c([N+](=O)[O-])c(OC)c1,213.18734,425.15,666.24,126015.92571116087,,897.23251,2969804.5,,
tcmdc-125482,O=C1CC(C(=O)O)CC(O)=N1,157.12408,566.83,686.13,139278.46069170302,511809.2124945021,945.12913,5065792,,
bdh 6140,COc1ccc2c(c1)CC[C@@H]1[C@@H]2CC[C@@]2(C)[C@H]1CCC2(C#CBr)OC,403.3525800000001,685.62,466.15,90573.36387931372,175473.20148586345,1142.4986,1780341.5,,
ac1mj50g,CCCCCCCCCC(=O)OCC(COC(=O)CCCCC)OC(=O)CCCC,428.60256,472.23,922.94,157488.56003099936,165944.73669941517,1132.3597,816793.2,,
bisabolol oxide a,CC1=CC[C@@H]([C@]2(C)CC[C@H](O)C(C)(C)O2)CC1,238.36574,413.56,696.31,86933.63400294019,289570.1171034217,915.37276,2224991.1,,
benzenediazonium chloride,N#[N+]c1ccccc1.[Cl-],140.5703,467.15,319.15,,186322.7861478751,470.83632,2825166.3,,
diboron tetrafluoride,FB(F)B(F)F,97.6156128,217.15,239.15,,217379.7677785868,364.54,4225000,,
2-cyano-10-(3-dimethylamino-2-methylpropyl)phenothiazine,CC(CN(C)C)CN1c2ccccc2Sc2ccc(C#N)cc21,323.45514000000003,365.15,879.84,126221.52178506112,,1117.5537,1827845.8,,
spinulosin,COC1=C(O)C(=O)C(C)=C(O)C1=O,184.14612,475.65,767.52,89667.92240857423,,976.39394,4450376.3,,
β-naphthyl salicylate,O=C(Oc1ccc2ccccc2c1)c1ccccc1O,264.27538,368.65,804.72,131113.2349899563,,1065.9185,3072747.9,,
"3,4'-bipyridine",c1cncc(-c2ccncc2)c1,156.18392,398.38,570.15,128143.79354801698,378829.3477299239,867.76118,4362628.7,,
silicon monoxide,[O+]#[Si-],44.0849,2153.15,,,,,,,
"5,5'-hydrazotetrazole",N(N=c1nn[nH][nH]1)=c1nn[nH][nH]1,168.12016,915.28,811.5,303235.4953742609,,1133.7823,16104512,,
"benzenamine, 2,6-dicyclohexyl-",Nc1c(C2CCCCC2)cccc1C1CCCCC1,257.41368,442.1,759.71,95200.84558054568,,1018.5274,2108066.2,,
benzbromarone,CCc1oc2ccccc2c1C(=O)c1cc(Br)c(O)c(Br)c1,424.08338,424.15,971.15,118231.46665167592,,1242.4359,3368444.9,,
glycerol laurate,CCCCCCCCCCCC(=O)OC(CO)CO,274.3963,331.65,784.94,158996.3129969318,314570.8561,961.97042,1651112.9,,
n-benzoyl-l-alanine,C[C@H](N=C(O)c1ccccc1)C(=O)O,193.19924,392.15,422.65,,,993.08158,3235655.4,,
ag-g-78661,CC(=O)/C=C/Cl,104.5349,209.61,535.15,115884.74279881649,713086.9234969412,584.40666,4305564.2,,
pirimiphos-methyl,CCN(CC)c1nc(C)cc(OP(=S)(OC)OC)n1,305.33356100000003,288.15,,,,,,,4.2
procymidone,CC12CC1(C)C(=O)N(c1cc(Cl)cc(Cl)c1)C2=O,284.13794,439.15,766.31,66509.94935769578,,1032.9096,2934516.8,,3.08
"urea,n-(2-chlorophenyl)-n'-ethyl-",CCN=C(O)Nc1ccccc1Cl,198.64944,415.3,628.82,144536.02285513617,,851.97894,3403912.3,,
st51001115,CC1=NC2(CCCCC2)[N+]([O-])=C1,166.22026,380.77,495.38,99723.10234624828,299278.76862976875,714.9349,4339667.5,,
ocdd,Clc1c(Cl)c(Cl)c2c(c1Cl)Oc1c(Cl)c(Cl)c(Cl)c(Cl)c1O2,459.7512,603.15,783.15,129909.39447248858,146175.6946479897,1211.8894,2417119.4,,8.2
cobalt iodide (coi2),[Co+2].[I-].[I-],312.74214,793.15,,111913.28421555216,,,,,
methyl acetylcyanoacetate,COC(=O)C(C#N)C(C)=O,141.12468,299.63,550.61,108039.21752028064,395739.3178,758.95811,3291586.1,,
ethyl 5-nitro-2-furoate,CCOC(=O)c1ccc([N+](=O)[O-])o1,185.13418,373.15,625,173522.79303584027,,862.0002,3777677.6,,
6-deoxy-l-ascorbic acid,C[C@H](O)[C@H]1OC(=O)C(O)=C1O,160.12472,441.15,687.06,143544.3571735832,663629.0964071953,862.07761,5335720.9,,
phenazine ethosulfate,CCOS(=O)(=O)[O-].CC[n+]1c2ccccc2nc2ccccc21,334.39012,463.15,,,,,,,
phoxim,CCOP(=S)(OCC)O/N=C(\C#N)c1ccccc1,298.297861,279.25,375.15,,89260.84018,484.48863,963411.69,,4.39
tetragastrin,CSCC[C@H](N=C(O)[C@@H](N)Cc1c[nH]c2ccccc12)C(O)=N[C@@H](CC(=O)O)C(O)=N[C@@H](Cc1ccccc1)C(=N)O,596.6977400000001,1281.66,1709.14,164763.4865,,2229.4189,1475882.1,,
2-chloro-l-phenylalanine,N[C@@H](Cc1ccccc1Cl)C(=O)O,199.6342,507.15,692.21,143923.23559790858,,931.7967,3677550.9,,
"2-isobutyl-3,5-di-isopropylpyridine",CC(C)Cc1ncc(C(C)C)cc1C(C)C,219.3657,336.81,631.82,102285.8177007618,,844.49596,1838835.6,,
oxoniobium,[Nb].[O],108.90578,2210.15,,784164.0728343345,,,,,
5613-46-7,Cc1cc(C(C)(C)c2cc(C)c(O)c(C)c2)cc(C)c1O,284.39266000000003,437.65,865.61,125333.75509761748,,1112.0514,2218707.3,,
gallopamil,COc1ccc(CCN(C)CCCC(C#N)(c2cc(OC)c(OC)c(OC)c2)C(C)C)cc1OC,484.6276,716.79,1141.45,111308.14670893693,,1400.1295,863020.07,,
ag-g-68577,CCc1cccc(-c2nc(-c3cccc(OC)c3)n[nH]2)c1,279.33638,449.15,858.48,152769.21681307678,,1128.7733,2621775.6,,
72152-79-5,CCC=CC(CC(OCC)OCC)OCC,230.34374,267.88,567.58,113508.61976974066,222172.6609621182,739.75359,1667333.3,,
sebuthylazine,CCN=c1nc(Cl)[nH]c(=NC(C)CC)[nH]1,229.70984,577.51,740.59,168103.37772208624,,980.58578,3152623.9,,
bromoxynil,N#Cc1cc(Br)c(O)c(Br)c1,276.91282,463.15,711.42,90310.01164915368,,986.01467,5678820.7,,
5-chloro-2-methoxybenzenebutanoic acid,COc1ccc(Cl)cc1CCCC(=O)O,228.67212,353.65,693.28,144473.23092994458,,911.90167,2662517.4,,
metsulfuron-methyl,COC(=O)c1ccccc1S(=O)(=O)N=C(O)N=c1nc(C)nc(OC)[nH]1,381.3638,435.15,454.15,,100655.6944892528,565.13607,1063060.2,,2.2
"methyl 2-(2,4-dichlorophenoxy)propanoate",COC(=O)C(C)Oc1ccc(Cl)cc1Cl,249.0906,363.32,620.1,101758.1554663243,,842.6806,2616414.1,,
n-(1-benzylpiperidin-4-yl)-n-phenylacetamide,CC(=O)N(c1ccccc1)C1CCN(Cc2ccccc2)CC1,308.41736,381.25,804.59,120661.1716020136,,1044.0756,1998333.8,,
thallium(1+) fluoride,[F-].[Tl+],223.3817032,599.15,1099.15,62091.02984,,,,,
sodium chromate,[Cr].[Na+].[Na+].[O-].[O-].[O].[O],161.97324,1067.15,,152494.32560588402,,,,,
stannic bromide,[Br-].[Br-].[Br-].[Br-].[Sn+4],438.317,302.25,478.15,27833.736770419586,84616.54790375936,744,4343000,,
manganese difluoride,[F-].[F-].[Mn+2],92.9348554,1173.15,,322806.76470498927,,,,,
dioxoniobium,[Nb].[O].[O],124.90518,2174.15,,736558.7239856665,,,,,
"benzo(a)pyrene 7,8-dihydrodiol-9,10-epoxide",OC1C2=C(O2)c2c(cc3ccc4cccc5ccc2c3c45)C1O,300.30748,709.45,982.68,163315.94537705154,,1215.5352,3079572.5,,
manganese dibromide,[Br-].[Br-].[Mn+2],214.746049,971.15,,155998.21349914567,,,,,
64504-69-4,CCN1Cc2sccc2-c2ccsc2C1,235.36832,533.47,645.86,107894.72431973854,,903.08243,3318184.7,,
bismuth iodide,[Bi+3].[I-].[I-].[I-],589.69381,681.75,815.15,66305.59679776867,132853.6630663513,1404,11255000,,
thermospine,O=c1cccc2n1C[C@H]1C[C@H]2CN2CCCC[C@@H]12,244.3321,478.4,683.24,112068.77851907302,,921.68906,2651560.5,,
2-{[2-(dibenzylamino)ethyl]amino}ethanol,OCCNCCN(Cc1ccccc1)Cc1ccccc1,284.39596,491.41,819.59,150023.22817806553,,1027.3612,2102270.9,,
γ-oxo-8-fluoranthenebutanoic acid,O=C(O)CCC(=O)c1ccc2c(c1)-c1cccc3cccc-2c13,302.32336,481.15,947.44,152839.66148034343,,1194.4791,2377216.2,,
diazoacetophenone,N#[N+]/C=C(/[O-])c1ccccc1,146.14604,322.15,,,,,,,
"[(3-methylphenyl)imino]diethane-2,1-diyl dibenzoate",Cc1cccc(N(CCOC(=O)c2ccccc2)CCOC(=O)c2ccccc2)c1,403.4703,580.42,985.5,133836.36912060194,,1223.9089,1443538,,
pilosine,Cn1cncc1C[C@H]1COC(=O)[C@H]1[C@@H](O)c1ccccc1,286.32572,452.15,829.51,141639.38887501968,,1050.6134,2558507.3,,
piretanide,NS(=O)(=O)c1cc(C(=O)O)cc(N2CCCC2)c1Oc1ccccc1,362.40022,499.15,526.15,,124913.63400719852,662.10694,1188634.9,,3.92
lutetium trichloride,[Cl-].[Cl-].[Cl-].[Lu+3],281.3258,1198.15,1695.15,,,,,,
thulium trichloride,[Cl-].[Cl-].[Cl-].[Tm+3],275.29321000000004,1118.15,1761.15,126773.92224820943,,,,,
carpipramine,N=C(O)C1(N2CCCCC2)CCN(CCCN2c3ccccc3CCc3ccccc32)CC1,446.62752,789.44,1109.89,114421.96844475684,,1368.4427,1497666,,
timiperone,O=C(CCCN1CCC(n2c(S)nc3ccccc32)CC1)c1ccc(F)cc1,397.5088632,475.15,,,,,,,
repirinast,Cc1ccc2c(nc(O)c3c(=O)cc(C(=O)OCCC(C)C)oc32)c1C,355.38444000000004,511.65,498.15,138075.82571707416,390594.0695850752,1261.4669,1810774.1,,
mefruside,CN(CC1(C)CCCO1)S(=O)(=O)c1ccc(Cl)c(S(N)(=O)=O)c1,382.88336,422.15,,,,,,,1.54
ufenamate,CCCCOC(=O)c1ccccc1Nc1cccc(C(F)(F)F)c1,337.3362296,469.68,777.73,121463.38402070053,,987.64061,1718879.3,,
corybulbine,COc1cc2c(cc1O)CCN1Cc3c(ccc(OC)c3OC)[C@@H](C)[C@@H]21,355.4275,510.65,927.87,132294.2090862412,,1161.1961,1864330.4,,
trans-n-acetoxy-4-acetylaminostilbene,CC(=O)ON(C(C)=O)c1ccc(/C=C/c2ccccc2)cc1,295.33248000000003,477.63,798.47,132934.92134695104,,1032.6706,2102270.9,,
"benzo(g)pteridine-2,4(3h,10h)-dione, 3,7,8,10-tetramethyl-",Cc1cc2nc3c(=O)n(C)c(=O)nc-3n(C)c2cc1C,270.28656,726.9,860.56,133273.36734760323,,1117.5805,2953686.2,,
meticrane,Cc1cc2c(cc1S(N)(=O)=O)S(=O)(=O)CCC2,275.34452,509.65,,,,,,,
n-benzyl-2-nitroaniline,O=[N+]([O-])c1ccccc1NCc1ccccc1,228.24658,497.9,757.39,147117.20981755786,,1020.8863,3107099.2,,
ac1l1hbs,COC1(OC2CCC3C4CCC5CC6SC6CC5(C)C4CCC23C)CCCC1,404.6489,372.65,908.1,74728.98109941729,192914.3594601281,1161.3284,1322314,,
periciazine,N#Cc1ccc2c(c1)N(CCCN1CCC(O)CC1)c1ccccc1S2,365.49182,389.15,1033.5,130106.87899937131,,1276.6665,1945794.4,,3.52
croconazole,C=C(c1ccccc1OCc1cccc(Cl)c1)n1ccnc1,310.7775,346.15,811.31,122409.11906428232,,1068.9675,2351920.7,,
chlormadinone,CC(=O)[C@@]1(O)CC[C@H]2[C@@H]3C=C(Cl)C4=CC(=O)CC[C@]4(C)[C@H]3CC[C@@]21C,362.89028,486.15,979.35,73008.29330562396,288309.8515150536,1226.3624,1849924.8,,
oxypertine,COc1cc2[nH]c(C)c(CCN3CCN(c4ccccc4)CC3)c2cc1OC,379.49526,413.15,948.62,138924.0013169071,,1183.8424,1645758.7,,
"9-[(1r,2r)-2-hydroxycyclohexyl]-3,9-dihydro-6h-purin-6-one",Oc1ncnc2c1ncn2[C@@H]1CCCC[C@H]1O,234.25446,691.13,833.35,155612.83230210427,,1086.8395,4468243.3,,
3-ft,O=c1c(F)cnc(O)n1C1CCCO1,200.1670632,403.15,644.86,133878.16942303022,,894.91524,4255158,,
114-25-0,C=CC1=C(C)C(C=c2[nH]c(=Cc3[nH]c(C=C4NC(=O)C(C)=C4C=C)c(C)c3CCC(=O)O)c(CCC(=O)O)c2C)=NC1=O,582.64626,573.15,1723.47,184259.31370433923,,2217.8633,1120053.6,,
nimustine,Cc1ncc(CN=C(O)N(CCCl)N=O)c(=N)[nH]1,272.69152,398.15,371.15,,504892.8452642413,1072.4017,3448027.4,,0.39
"2-propenoic acid, polymer with ethenylbenzene and n-(ethoxymethyl)-2-propenamide",C=CC(=O)O.C=CC(O)=NCOCC.C=Cc1ccccc1,305.36882,522.43,880.05,135206.9933007568,,1103.6469,1706123.3,,
malotilate,CC(C)OC(=O)C(C(=O)OC(C)C)=C1SC=CS1,288.38304,333.65,711.01,100356.10970742248,242611.99990255915,943.16491,2327026.9,,3.75
"alpha-(3-(1,1-dimethylethyl)-2-hydroxyphenyl)-1-methyl-5-nitro-1h-imidazole-2-methanol",Cn1c([N+](=O)[O-])cnc1C(O)c1cccc(C(C)(C)C)c1O,305.32906,750.55,985.53,141951.76836426905,,1232.6613,2976288.8,,
n(4)-aminocytidine,NNc1ccn(C2O[C@H](CO)[C@@H](O)[C@H]2O)c(=O)n1,258.23126,735.73,990.19,191072.91657872868,,1215.2032,5406574.4,,
"3-diethylamino-5h-pyrido(4,3-b)indole",CCN(CC)c1cc2[nH]c3ccccc3c2cn1,239.31558,587.47,728.66,169374.6809129602,,970.83279,2758456.3,,
triphenylphosphine sulfide,S=P(c1ccccc1)(c1ccccc1)c1ccccc1,294.350461,434.15,,,,,,,
acetylcarbromal,CCC(Br)(CC)C(O)=NC(=O)N=C(C)O,279.131,382.15,730.4,114397.89919428511,309359.3925428899,944.94152,3159716.4,,
selenium tetrachloride,,220.772,578.15,464.55,,191717.73247508123,743.95,6105000,,
"(6r,7r)-3-methyl-8-oxo-7-[(2-phenylacetyl)amino]-5-thia-1-azabicyclo[4.2.0]oct-2-ene-2-carboxylic acid",CC1=C(C(=O)O)N2C(=O)[C@@H](N=C(O)Cc3ccccc3)[C@H]2SC1,332.37424,473.15,1061.57,,,1313.7506,2441063,,
37686-84-3,CCN(CC)C(O)=NC1CC2c3cccc4[nH]cc(c34)CC2N(C)C1,340.46252,476.65,895.67,171493.17933733205,,1120.2681,1843575.9,,
tert-amylamine,CCC(C)(C)N,87.16342,168.15,350.15,74446.36752435827,346053.6468267164,526,3660000,,
2-cyanoethoxyethyl acrylate,C=CC(=O)OC(C)OCCC#N,169.17784,244.5,561.6,110747.36502132904,324083.8041830426,757.99089,2568891.9,,
bayer e39 soluble,COCCOC1=C(N2CC2)C(=O)C(OCCOC)=C(N2CC2)C1=O,338.35568,353.15,872.62,109322.82856903716,288709.0871585998,1088.7274,2010899.1,,
"4,5-dichloro-2-nitroaniline",Nc1cc(Cl)c(Cl)cc1[N+](=O)[O-],207.01416,454.15,677.73,140676.36725912857,,948.57695,4368397.4,,
pyrimidine-4-carboxylic acid,O=C(O)c1ccncn1,124.09746,511.15,593.59,186675.8594414422,,852.79793,6141842.2,,
triphenylethylene,C(=C(c1ccccc1)c1ccccc1)c1ccccc1,256.34104,345.65,669,111456.98714493784,235803.3051652785,908,2100000,,
tetrandrine,COc1ccc2cc1Oc1ccc(cc1)C[C@H]1c3cc(c(OC)cc3CCN1C)Oc1c(OC)c(OC)cc3c1[C@H](C2)N(C)CC3,622.7498800000001,490.65,1423.18,135585.73467729933,,1759.5501,899640.11,,
"1,2-bis(2-chlorophenyl)hydrazine",Clc1ccccc1NNc1ccccc1Cl,253.1272,360.15,712.68,129310.48105458442,,964.94034,3134996.7,,
fmoc-l-methionine,CSCC[C@H](N=C(O)OCC1c2ccccc2-c2ccccc21)C(=O)O,371.45004,407.15,1040.96,154564.52770875997,,1287.6836,1900260.6,,
dibenzyl suberate,O=C(CCCCCCC(=O)OCc1ccccc1)OCc1ccccc1,354.43944,475.2,872.76,139815.14021125867,,1089.1719,1415435.4,,
3-(3-phenylpropyl)-4-hydroxy-2(5h)furanone,O=C1OCC(O)=C1CCCc1ccccc1,218.24846,413.82,694.65,134855.4761852615,,898.83682,2862736.6,,
aclarubicin,CCC1(O)CC(OC2CC(N(C)C)C(OC3CC(O)C(OC4CCC(=O)C(C)O4)C(C)O3)C(C)O2)c2c(cc3c(c2O)C(=O)c2c(O)cccc2C3=O)C1C(=O)OC,811.86792,425.15,2036.68,145676.4050980115,,3136.0391,825736.56,,
4-[(trifluoromethyl)thio]benzoic acid,O=C(O)c1ccc(SC(F)(F)F)cc1,222.1843096,433.65,623.17,118041.63870624643,,850.57189,3543083.9,,
mannosulfan,CS(=O)(=O)OCC(OS(C)(=O)=O)C(O)C(O)C(COS(C)(=O)=O)OS(C)(=O)=O,494.53328,363.15,,,,,,,
trofosfamide,O=P1(N(CCCl)CCCl)OCCCN1CCCl,323.58418100000006,323.65,377.15,,88423.45583995181,491.1533,1147787.3,,
9-(cyclohex-2-en-1-yl)-9h-purin-6-amine,Nc1ncnc2c1ncn2C1C=CCCC1,215.25442,630.14,759,160665.69039557932,,1042.4939,4444444.4,,
"2,4-bis(p-aminobenzyl)aniline",Nc1ccc(Cc2ccc(N)c(Cc3ccc(N)cc3)c2)cc1,303.40084,407.15,974.75,144080.02298213806,,1243.5193,2417119.4,,
2-(1-piperazinyl)benzenamine,Nc1ccccc1N1CCNCC1,177.2462,387.15,613.53,146575.77990388512,,864.19658,4062132.8,,
urapidil,COc1ccccc1N1CCN(CCCNc2cc(=O)n(C)c(=O)n2C)CC1,387.47596,429.15,982.35,127388.54818244724,,1214.4224,1784857.2,,1.6
nsc403652,CN(C)c1nc(O)c2ncn(Cc3ccccc3)c2n1,269.3018,732.39,839.03,163021.56168284058,,1102.9245,3325843.5,,
cyclothiazide,NS(=O)(=O)c1cc2c(cc1Cl)NC(C1CC3C=CC1C3)NS2(=O)=O,389.87754,503.9,,,,,,,1.95
cyclopenthiazide,NS(=O)(=O)c1cc2c(cc1Cl)NC(CC1CCCC1)NS2(=O)=O,379.88272,511.15,,,,,,,1.27
hydroflumethiazide,NS(=O)(=O)c1cc2c(cc1C(F)(F)F)NCNS2(=O)=O,331.2920296,545.4,,,,,,,0.36
trityl chloride,ClC(c1ccccc1)(c1ccccc1)c1ccccc1,278.7754,385.9,583.15,85631.65903447723,262246.3851492561,1029.4212,2340556.1,,5.25
1-(4-chlorophenyl)cyclopentanamine,NC1(c2ccc(Cl)cc2)CCCC1,195.68856,500.15,608.42,76289.58994843642,,869.45234,3407887.7,,
copper sulfide (cu2s),[Cu].[Cu].[S],159.15699999999998,1402.15,,60443.46148771339,,,,,
3-((1-(2-hydroxyethyl)-5-nitro-1h-imidazol-2-yl)methylene)-1-methyl-2-pyrrolidinone,CN1CC/C(=C/c2ncc([N+](=O)[O-])n2CCO)C1=O,266.25326,697.1,437.15,158878.80584072473,485043.7851271994,1121.455,3497138.1,,
horse chest nut extract,CC=C(C)C(=O)OC1C(OC(C)=O)C2(CO)C(O)CC3(C)C(=CCC4C5(C)CCC(OC6OC(C(=O)O)C(OC7OC(CO)C(O)C(O)C7O)C(O)C6OC6OC(CO)C(O)C(O)C6O)C(C)(CO)C5CCC43C)C2CC1(C)C,1131.25694,478.15,3012.68,148932.56699048405,,-3724.79,554938.19,,
"4-octanoate-3,5-dichlorobenzonitrile",CCCCCCCC(=O)Oc1c(Cl)cc(C#N)cc1Cl,314.2069800000001,489.95,819.58,132871.01387754016,,1037.0033,1644424.2,,
sofalcone,CC(C)=CCOc1ccc(/C=C/C(=O)c2ccc(OCC=C(C)C)cc2OCC(=O)O)cc1,450.5235,416.65,1164.54,146258.74121993635,,1425.7306,1168022.9,,
falecalcitriol,C=C1/C(=C\C=C2/CCC[C@]3(C)[C@@H]([C@H](C)CCCC(O)(C(F)(F)F)C(F)(F)F)CC[C@@H]23)C[C@@H](O)C[C@@H]1O,524.5792392,654.83,1128.57,91122.55390224372,174273.04372210137,1411.2459,1012304.7,,
1-hexylpiperidine,CCCCCCN1CCCCC1,169.30702,261.34,492.35,118902.33494157538,269243.95085059805,669.38641,2349641.2,,
piroheptine,CCN1CCC(=C2c3ccccc3CCc3ccccc32)C1C,303.4406000000001,510.45,810.26,120629.86956920066,,1051.4333,1771361.2,,
tranilast,COc1ccc(/C=C/C(O)=Nc2ccccc2C(=O)O)cc1OC,327.33128,485.15,978.29,148809.4874403693,,1218.9772,2171403.7,,
methanesulfonic acid,CS(=O)(=O)O,96.10566,293.15,561,,676236.9349027462,835.76359,8568361.1,,
methanesulfonic anhydride,CS(=O)(=O)OS(C)(=O)=O,174.19603999999998,340.15,,,,,,,
tiapride,CCN(CC)CCN=C(O)c1cc(S(C)(=O)=O)ccc1OC,328.42706,397.15,,,,,,,0.9
sultopride,CCN1CCCC1CN=C(O)c1cc(S(=O)(=O)CC)ccc1OC,354.46433999999994,454.65,,,,,,,1.06
perazine,CN1CCN(CCCN2c3ccccc3Sc3ccccc32)CC1,339.49760000000003,325.65,438.15,129037.73104728867,249124.6815870321,1059.0377,2034551.2,,4
becanamycin,NCC1OC(OC2C(N)CC(N)C(OC3OC(CO)C(O)C(N)C3O)C2O)C(N)C(O)C1O,483.51388,453.15,1628.52,205950.6544052055,273054.5079820718,2388.9925,2651560.5,,
supratonin,COS(=O)(=O)O.COc1cc(=N)cnn1-c1ccccc1,313.3296,1949.15,,,,,,,
122-06-5,N=C(N)c1ccccc1C=Cc1ccccc1,222.28506,471.13,762.17,,,,,,
4-(docosanoylamino)-1-pentofuranosylpyrimidin-2(1h)-one,CCCCCCCCCCCCCCCCCCCCCC(=O)N=c1ccn(C2OC(CO)C(O)C2O)c(O)n1,565.7849000000001,414.65,1474.89,181558.3978999793,,2149.3704,832420.72,,
5-hydroxycytidine,N=c1nc(O)n([C@@H]2O[C@H](CO)[C@@H](O)[C@H]2O)cc1O,259.21602,794.79,1020.64,192985.7575932228,,1252.4914,6674783.2,,
ag-g-74588,COCCCN(CN1C(=O)CCC1=O)CN1C(=O)CCC1=O,311.33364,677.38,882.3,97114.46537,325300.2118015669,1111.9675,2336033.2,,
43182-10-1,N=c1[nH]c2ccccc2n1Cc1ccccc1,223.27312,465.65,728.21,148078.7297637978,,988.37657,3460207.6,,
icig 778,C#CC1(O)CCN(Cc2ccccc2)CC1C(C)c1c[nH]c2ccccc12,358.47603999999995,721.91,976.31,134918.36162885532,,1224.1505,2014510.9,,
"1,3,5-trimethyl-1h-pyrazol-4-amine",Cc1nn(C)c(C)c1N,125.17164,375.15,504.49,166914.8059416654,,724.86227,4311220.1,,
glyclopyramide,O=S(=O)(NC(O)=NN1CCCC1)c1ccc(Cl)cc1,303.76516000000004,474.15,434.65,,124662.6491452943,560.46256,1437567.9,,
germine,CC1CCC2N(C1)CC1C(C(O)C(O)C3(O)C1CC14OC5(O)C(O)CCC1(C)C5CC(O)C34)C2(C)O,509.63222,493.15,1525.44,121648.50958599124,230265.11690709367,2176.2959,1994765.3,,
ctk1e3557,CCCCCCCCCCCCCCCCCCOC(=O)c1c([N+](=O)[O-])cc([N+](=O)[O-])cc1[N+](=O)[O-],509.59246,392.3,1326.96,180206.74795698508,,1647.1008,923302.98,,
"3-(1,1-dimethylethyl)-1-methyl-1h-pyrazol-5-amine",Cn1nc(C(C)(C)C)cc1N,153.22480000000002,429.65,542.04,124314.0797,,767.77961,3538869.7,,
2-heptadecyl-1h-benzimidazole,CCCCCCCCCCCCCCCCCc1nc2ccccc2[nH]1,356.5878,363.65,583.15,180020.18016320246,314796.47753662354,1106.0338,1114080,,
dacemazine,CN(C)CC(=O)N1c2ccccc2Sc2ccccc21,284.37604,417.15,758.45,130327.4354618624,,998.3112,2613739.5,,
arsenic triiodide,I[As](I)I,455.63501,414.15,697.15,47845.31373039135,148892.25160162098,1101.22,9906000,,
disulfur dinitride,N1=S=NS1,92.1434,419.16,417.5,103447.45255764385,449886.6138782803,691.63813,9920477.5,,
butyltin trichloride,[CH2]CCC.[Cl-].[Cl-].[Cl-].[Sn+3],282.17426,210.15,375.15,,103563.7600220535,540.56225,2172048.5,,0.41
2-methylquinolin-3-amine,Cc1nc2ccccc2cc1N,158.19979999999998,432.65,551.15,140790.31705476242,377403.33856315375,868.10558,4036366,,
pimobendan,COc1ccc(-c2nc3cc(C4=NN=C(O)CC4C)ccc3[nH]2)cc1,334.37182,894,1036.6,157309.90727627705,,1325.4716,2643387.2,,
"4,4'-dithiodipyridine",c1cc(SSc2ccncc2)ccn1,220.31392,349.15,726.72,128335.05935530538,,1044.0629,4565376.2,,
metazachlor,Cc1cccc(C)c1N(Cn1cccn1)C(=O)CCl,277.74934,358.15,740.44,142801.41943811643,,971.40354,2555921,,2.13
magnesium hydride,[H].[H].[Mg],26.32088,600.15,,531897.1098230758,,,,,
fortimicin,COC1C(O)C(N)C(OC2OC(C(C)N)CCC2N)C(O)C1N(C)C(=O)CN,405.4897,859.54,1207.11,176006.9367976548,348913.01096181275,1486.4051,2005499.5,,
micronomicin,CNC[C@@H]1CC[C@@H](N)[C@@H](OC2[C@@H](N)C[C@@H](N)[C@H](O[C@H]3OC[C@](C)(O)[C@H](NC)[C@H]3O)[C@H]2O)O1,463.56884,533.15,1367.27,178590.51958712324,300550.3818285714,1731.2782,1804625.5,,
4-nitrocatechol,O=[N+]([O-])c1ccc(O)c(O)c1,155.10819999999998,448.65,676.64,182221.1849534712,,949.95902,7522139.5,,1.66
sulisobenzone,COc1cc(O)c(C(=O)c2ccccc2)cc1S(=O)(=O)O,308.30648,418.15,764.15,,229893.93796427464,1045.7208,2462643.5,,
2-bromo-3-methylanthraquinone,Cc1cc2c(cc1Br)C(=O)c1ccccc1C2=O,301.13476,583.67,825.02,81694.32183783765,,1103.7362,3159716.4,,
congocidin,Cn1cc(NC(=O)c2cc(N=C(O)CNC(=N)N)cn2C)c(C(O)=NCCC(=N)N)c1,430.46424,445.15,1374.85,,,,,,
"n,n,n',n'-tetrakis(2-hydroxypropyl)hexanediamide",CC(O)CN(CC(C)O)C(=O)CCCCC(=O)N(CC(C)O)CC(C)O,376.48824,640.7,1111.02,143101.4153323886,279866.4886824137,1427.979,1701902.9,,
1-dotriacontanol,CCCCCCCCCCCCCCCCCCCCCCCCCCCCCCCCO,466.86584,362.15,1023.94,177190.0896,114202.81936013632,1312.5826,567433.71,,
1-nonacosanol,CCCCCCCCCCCCCCCCCCCCCCCCCCCCCO,424.7861,357.15,955.3,176451.1597719417,,871.6,790000,,
isohexacosanol,CC(C)CCCCCCCCCCCCCCCCCCCCCCCO,382.70636,428.6,886.22,166344.24366503867,169197.00854820292,1091.7005,765638.39,,
2-decyl-1-tetradecanol,CCCCCCCCCCCCC(CO)CCCCCCCCCC,354.6532,406.06,523.15,164896.29869404816,95987.33213501394,831.6,990000,,
c16-28-branched alkyl stearates,CCCCCCCCCCCCCCCCCC(=O)OCC[C@@H](CCC)[C@H](CCC)CCCCCC,508.90252,485.27,1034.86,159439.1790396322,100732.72565625457,1310.6989,502499.41,,
sodium bis(2-ethylhexyl) sulfosuccinate,CCCCC(CC)COC(=O)CC(C(=O)OCC(CC)CCCC)S(=O)(=O)[O-].[Na+],444.5583500000001,449.15,633.15,,,,,,
22610-61-3,CCCCCCCCCCCCCCCCCC(=O)OC[C@@H](O)CO,358.55578,351.9,922.22,165017.5601687414,225579.2417309361,1139.0129,1084202.5,,
clinofibrate,CCC(C)(Oc1ccc(C2(c3ccc(OC(C)(CC)C(=O)O)cc3)CCCCC2)cc1)C(=O)O,468.58184,417.65,1252.75,104466.2763712738,,1533.7873,1238089,,
66938-41-8,COc1ccc(C(=O)c2cccc(Cl)c2)cc1[N+](=O)[O-],291.6865,583.63,583.15,127794.7385292086,228412.4930804204,1117.9872,2701406,,
ethyl 2-oxo-2-(4-pyridinylamino)acetate,CCOC(=O)C(=O)N=c1cc[nH]cc1,194.1873,511.15,667.86,,,902.96083,3062553.6,,
tetraethylgermane,CC[Ge](CC)(CC)CC,188.8844,180.15,437.65,,201697.8071,601.81401,2179592,,
dithioxogermane,S=[Ge]=S,136.76999999999998,1113.15,1803.15,119178.18234993056,1833836.2173942567,2894.538,30221616,,
142653-61-0,CC/C=C\CCOCCC#N,153.22150000000002,273.33,534.18,143334.97583563664,323844.6397696333,724.35964,2329273.6,,
perfluorooctane,FC(F)(F)C(F)(F)C(F)(F)C(F)(F)C(F)(F)C(F)(F)C(F)(F)C(F)(F)F,438.0568576,249.05,378.15,28772.520692985043,73617.27535006676,498.2,1500000,,
tau-fluvalinate,CC(C)[C@@H](Nc1ccc(C(F)(F)F)cc1Cl)C(=O)OC(C#N)c1cccc(Oc2ccccc2)c1,502.9126896,670.92,1153.04,102737.5150169605,,1412.85,1173631.6,,
coumaphos,CCOP(=S)(OCC)Oc1ccc2c(C)c(Cl)c(=O)oc2c1,362.765601,366.15,,,,,,,4.13
methisazone,CN1C(=O)/C(=N\NC(=N)S)c2ccccc21,234.2776,518.15,,,,,,,
"cyclopropene,bis-3,3'-triphenyl-",c1ccc(C2=C(c3ccccc3)C2(c2ccccc2)C2(c3ccccc3)C(c3ccccc3)=C2c2ccccc2)cc1,534.6876,856.9,1352.84,99766.66749,,1671.0718,1187422.3,,
4-(4-ethylcyclohexyl)benzonitrile,CCC1CCC(c2ccc(C#N)cc2)CC1,213.31806,365.88,691.42,106273.23349931084,,932.24066,2075539.3,,
benzthiazide,NS(=O)(=O)c1cc2c(cc1Cl)N=C(CSCc1ccccc1)NS2(=O)=O,431.93736,504.65,,,,,,,1.73
cerium bromide,[Br-].[Br-].[Br-].[Ce+3],379.828,1005.15,1730.15,136640.79530734965,,,,,
lanthanum bromide,[Br-].[Br-].[Br-].[La+3],378.6175,1061.15,,142624.1523437242,,,,,
"(1r,5r)-8,8-dimethyl-3-[(2-propylpentanoyl)oxy]-8-azoniabicyclo[3.2.1]octane bromide",CCCC(CCC)C(=O)OC1C[C@H]2CC[C@H](C1)[N+]2(C)C.[Br-],362.34548,602.15,,,,,,,
2-(4-bromophenyl)oxirane,Brc1ccc(C2CO2)cc1,199.04458,299.15,514.15,108151.65125320163,,761.04908,4565376.2,,
"3,5-bis(3,4-dimethoxyphenyl)-1h-1,2,4-triazole",COc1ccc(-c2n[nH]c(-c3ccc(OC)c(OC)c3)n2)cc1OC,341.36116,774.27,958.58,140760.00913519278,,1214.1883,2204148.2,,
strontium sulfide,[S].[Sr],119.685,2499.15,,526381.7520992606,,,,,
sodium metaborate,O=B[O-].[Na+],65.79957,1239.15,1707.15,550155.5709254635,,,,,
"1,6-dibromo-1,6-dideoxyhexitol",OC(CBr)C(O)C(O)C(O)CBr,307.96508,460.26,836.16,78340.05076159934,477249.69046228414,1027.654,6338999.6,,
potassium hexachloroplatinate(iv),[Cl-].[Cl-].[Cl-].[Cl-].[Cl-].[Cl-].[K+].[K+].[Pt+4],485.9926,523.15,,,,,,,
2-(2-quinolyl)malondialdehyde,O=CC(C=O)c1ccc2ccccc2n1,199.20536,437.18,675.38,118972.70234094105,,921.54221,3664206.3,,
glycyltryptophan,NCC(O)=N[C@@H](Cc1c[nH]c2ccccc12)C(=O)O,261.2765,747.15,914.44,187846.97437389125,,1155.9884,3415859.4,,
aceglutamide,CC(O)=NC(CCC(=N)O)C(=O)O,188.18118,470.15,735.27,180676.9412329118,500444.2386323079,949.15414,3920939.7,,
87-91-2,CCOC(=O)[C@H](O)[C@@H](O)C(=O)OCC,206.19316,290.15,553.15,127763.6949741689,207562.3658423516,855.98005,3170400.1,,-0.29
"iridium fluoride (irf6), (oc-6-11)-",[F-].[F-].[F-].[F-].[F-].[F-].[Ir+6],306.2074192,317.15,326.75,27432.38560955155,100911.98992085036,,,,
proxigermanium,O=C(O)CC[Ge](=O)O[Ge](=O)CCC(=O)O,339.4194,543.15,,,,,,,
gallium selenide,[Ga].[Se],148.683,1233.15,,,,,,,
dichlorogermane,Cl[GeH2]Cl,145.56188,205.15,342.65,,216197.1053,535.61,5430000,,
metubine iodide,COc1ccc2cc1Oc1cc3c(cc1OC)CC[N+](C)(C)[C@H]3Cc1ccc(cc1)Oc1c(OC)c(OC)cc3c1[C@@H](C2)[N+](C)(C)CC3.[I-].[I-],906.62786,535.15,,,,,,,
tetradifon,O=S(=O)(c1ccc(Cl)cc1)c1cc(Cl)c(Cl)cc1Cl,356.05184,420.15,,,,,,,4.61
silver trifluoromethanesulfonate,O=S(=O)([O-])C(F)(F)F.[Ag+],256.9373096,559.15,,,,,,,
dinoseb,CCC(C)c1cc([N+](=O)[O-])cc([N+](=O)[O-])c1O,240.21268,320.65,605.15,166106.9682083394,452794.7127817493,1113.9685,3476548.6,,3.56
"1,3-propanesultone",O=S1(=O)CCCO1,122.14294,305.15,385.15,,293396.5942082415,584.64797,4735828,385.92778,
trifluralin,CCCN(CCC)c1c([N+](=O)[O-])cc(C(F)(F)F)cc1[N+](=O)[O-],335.27904959999995,322.15,849.36,148738.7896,,1073.8484,1933833.5,,5.34
st082752,OC(CCl)=NCc1ccccc1Cl,218.07986,392.56,616.08,127522.09213633942,,844.06174,3213681.5,,
delphinine,COCC12CCC(OC)C34C5CC6(O)C(OC)CC(OC(C)=O)(C5C6OC(=O)c5ccccc5)C(C(OC)C13)C4N(C)C2,599.7117000000001,472.15,1300.77,111688.6664042072,,1615.2755,921621.95,,
dimethenamid,COCC(C)N(C(=O)CCl)c1c(C)csc1C,275.79482,482.22,400.15,112823.00370978688,236896.0949,895.02954,2222893.5,,2.15
pentamethazene,CC[N+](C)(C)CCN(C)CC[N+](C)(C)CC.[Br-].[Br-],391.22922,486.65,,,,,,,
"2-{2-[2,4-bis(2-methylpropyl)phenoxy]ethoxy}-n,n-dimethylethanamine",CC(C)Cc1ccc(OCCOCCN(C)C)c(CC(C)C)c1,321.4974,413.55,750.24,121836.13304493284,,939.05533,1225122.5,,
trimebutine,CCC(COC(=O)c1cc(OC)c(OC)c(OC)c1)(c1ccccc1)N(C)C,387.4693600000001,352.15,905.95,111469.4591592997,,1125.5387,1330041.2,,
phenol 25,CC(C)(C)c1cc(CCC(O)=NCCN)cc(C(C)(C)C)c1O,320.46958,657.76,921.69,128183.77332413266,,1148.4862,1706123.3,,
potassium formate,O=C[O-].[K+],84.11574,440.15,,,,,,,
"6,6-dimethyl-5,7-dioxaspiro[2.5]octane-4,8-dione",CC1(C)OC(=O)C2(CC2)C(=O)O1,170.1626,338.15,504.5,76914.66867572545,,712.4658,3560016.2,,
"ethene, tetrabromo-",BrC(Br)=C(Br)Br,343.6374,329.65,499.15,57205.64758085122,151441.62012052126,788.15868,8701826.7,,
ccris 851,O=C(O)c1ccc2c(c1)c([N+](=O)[O-])cc[n+]2[O-],234.16504,644.89,778.76,184732.95586736605,,1019.6288,4672091.6,,
ac1l2lb0,O=C(c1ccccc1)c1ccc2c(c1)oc1ccccc12,272.29738000000003,526.43,812.99,135014.15254160724,,1078.156,2693001.3,,
dibenzo-15-crown-5,c1ccc2c(c1)OCCOCCOc1ccccc1OCCO2,316.3484,497.37,855.08,157544.65646104104,,1134.1249,2510030.1,,
15029-32-0,N#CCC(=O)N1CCOCC1,154.1665,360.15,575.05,135275.82191980747,387460.3508347607,797.41824,3673094.6,,
"2-chloropropane-1,3-diol",OCC(Cl)CO,110.53948,260.13,489.59,111959.99836438528,527802.8674742108,669.7,5065000,,
reumitsin,Cn1c(O)nc2nncnc2c1=O,179.1362,516.65,737.68,162206.18724746868,,1032.0236,6729651.7,,
"1,3-dioxole, 2,2,4-trifluoro-5-(trifluoromethoxy)-",FC1=C(OC(F)(F)F)OC(F)(F)O1,210.0314192,276.77,307.15,106693.56082701746,112241.04595091168,548.29802,3642126.1,,
"2,2,2-trichloroethyl chloroformate",O=C(Cl)OCC(Cl)(Cl)Cl,211.85878,274.15,444.7,81511.84482417958,170643.3001914024,693.20673,3763784.9,,
n-chlorosuccinimide,O=C1CCC(=O)N1Cl,133.53305999999998,422.15,489.65,54802.90798,364810.3709180713,730.76056,5228241.5,,
"1'-benzyl-[1,4'-bipiperidine]-4'-carbonitrile",N#CC1(N2CCCCC2)CCN(Cc2ccccc2)CC1,283.4112,378.15,800.55,86326.86358196147,,1048.4115,2054891.9,,
10416-59-8,CC(=N[Si](C)(C)C)O[Si](C)(C)C,203.42944,249.15,,,,,,,
maleopimaric acid,CC(C)C1=C[C@@]23CC[C@@H]4[C@](C)(CCC[C@@]4(C)C(=O)O)[C@H]2C[C@@H]1[C@H]1C(=O)OC(=O)[C@H]13,400.50788,499.15,,,,,,,
70613-36-4,C1CO1.CC(C)(c1ccc(OCC2CO2)cc1)c1ccc(OCC2CO2)cc1.CC1CO1,442.54456,624.34,1041.64,140141.81984295548,,1295.6946,1316562.8,,
"1,2-benzenedicarboxylic acid, 1-heptyl 2-undecyl ester",CCCCCCCCCCCOC(=O)c1ccccc1C(=O)OCCCCCCC,418.60928,506.38,942.58,156437.04793166555,0,878,1070000,,
dextraset,COCN1COCN(COC)C1=O,190.19706,301.4,539.93,130164.99834434876,297942.1522765085,737.42449,3403912.3,,
ctk1i5744,FC(F)(F)C#COC(F)(F)F,178.0326192,271.55,311.7,79075.39676302196,152318.59405531865,464.45347,3497138.1,,
6232-82-2,Cc1nnc(S)n1-c1ccccc1,191.25286,487.65,,,,,,,
stannic fluoride,[F-].[F-].[F-].[F-].[Sn+4],194.6946128,715.15,978.15,141760.47093995402,632489.2247315865,1539.6,17198000,,
77280-93-4,Cl.O=[N+]([O-])c1cccc2[nH]c3ccccc3c(=NCCO)c12,319.74296000000004,730.37,1008.4,155496.7777867572,,1262.8248,2838386,,
n-acetyl-l-tryptophan ethyl ester,CCOC(=O)[C@H](Cc1c[nH]c2ccccc12)N=C(C)O,274.31502,379.15,800.38,157807.6184089373,,1024.0113,2393526.4,,
"1,2-diethynylbenzene",C#Cc1ccccc1C#C,126.15464,335.34,440.3,168507.4762212472,,680.20027,4077711.4,,
fenpiverinium bromide,Br.C[N+]1(CCC(C(=N)[O-])(c2ccccc2)c2ccccc2)CCCCC1,417.38246,451.15,,,,,,,
tiemonium iodide,C[N+]1(CCC(O)(c2ccccc2)c2cccs2)CCOCC1.[I-],445.3581300000001,463.15,,,,,,,
diphemanil methylsulfate,COS(=O)(=O)[O-].C[N+]1(C)CCC(=C(c2ccccc2)c2ccccc2)CC1,389.50838,467.65,,,,,,,
pipenzolate bromide,CC[N+]1(C)CCCC(OC(=O)C(O)(c2ccccc2)c2ccccc2)C1.[Br-],434.36662000000007,452.65,,,,,,,
bevonium methyl sulfate,COS(=O)(=O)[O-].C[N+]1(C)CCCCC1COC(=O)C(O)(c1ccccc1)c1ccccc1,465.5597400000001,407.65,,,,,,,
monodral bromide,CC[N+](C)(CC)CCOC(=O)C(O)(c1cccs1)C1CCCC1.[Br-],420.4047,397.75,,,,,,,
oxyphenonium bromide,CC[N+](C)(CC)CCOC(=O)C(O)(c1ccccc1)C1CCCCC1.[Br-],428.40356,464.65,,,,,,,
"[(6s,6as,7s,10r,23ar,24r,27s)-2,3,6,15,16,17,18,19,20-nonahydroxy-5,8,13,22,26-pentaoxo-27-[(3,4,5-trihydroxybenzoyl)oxy]-5,6,6a,7,8,10,11,13,22,23a,24,26-dodecahydro-9ah-10,24-(epoxymethano)dibenzo[10',11':8',9'][1,6]dioxacyclododecino[3',2':2,3][1,5]dioxacycloundecino[9,8,7-de]chromen-7-yl]acetic acid",O=C(O)C[C@@H]1C(=O)OC2[C@H]3OC(=O)c4cc(O)c(O)c(O)c4-c4c(cc(O)c(O)c4O)C(=O)OC[C@H]2O[C@@H](OC(=O)c2cc(O)c(O)c(O)c2)[C@@H]3OC(=O)c2cc(O)c(O)c3c2[C@H]1[C@H](O)C(=O)O3,954.6607,2500.32,2764.84,198620.30562272025,,7578.6631,3415859.4,,
st50687377,CCN(CC)CCCNC(=O)c1ccc([N+](=O)[O-])c(C)c1,293.36142,393.4,847.76,166855.6144840041,,1067.3365,1938946.1,,
4-bromo-2-ethylacetanilide,CCc1cc(Br)ccc1N=C(C)O,242.11238,416.15,635.24,111113.69026234842,,865.00196,3333528.9,,2.27
1-chloropentane,CCCCCCl,106.59384,174.15,381.05,121048.27070682507,314620.48329619307,571,3300000,284.15,2.73
"propanenitrile, 3,3′-[1,3-phenylenebis(oxy)]bis-",N#CCCOc1cccc(OCCC#N)c1,216.23588,385.15,754.82,119665.617,,978.29741,2187684,,
embramine,CN(C)CCOC(C)(c1ccccc1)c1ccc(Br)cc1,348.27738,474.9,439.15,92308.60758,210798.01462385384,1006.0129,2010899.1,,
bisphenol a dimethacrylate,C=C(C)C(=O)Oc1ccc(C(C)(C)c2ccc(OC(=O)C(=C)C)cc2)cc1,364.43426,346.15,895.49,106395.04639327816,,1129.2905,1401690.8,,
zeranol,CC1CCCC(O)CCCCCc2cc(O)cc(O)c2C(=O)O1,322.39604,420.15,986.7,125798.69157201806,,1229.75,2595131.7,,
brn 0892808,CCN(CC)CCOc1cc(C)nn1Cc1ccccc1,287.39989999999995,511.7,740.2,149008.4025777323,,950.22183,1875651.4,,
fenpiprane,c1ccc(C(CCN2CCCCC2)c2ccccc2)cc1,279.41920000000005,314.15,742.51,100207.85973190102,,984.88457,1963075,,
coumermycin a1,CO[C@@H]1[C@@H](OC(=O)c2ccc(C)[nH]2)[C@@H](O)[C@H](Oc2ccc3c(O)c(N=C(O)c4c[nH]c(C(O)=Nc5c(O)c6ccc(O[C@@H]7OC(C)(C)[C@H](OC)[C@@H](OC(=O)c8ccc(C)[nH]8)[C@H]7O)c(C)c6oc5=O)c4C)c(=O)oc3c2C)OC1(C)C,1110.07846,2258.52,2731.48,168352.96488862598,,12500.824,631614.54,,
nifuratel,CSCC1CN(N=Cc2ccc([N+](=O)[O-])o2)C(=O)O1,285.27644000000004,455.15,854.01,,,1107.3437,2770083.1,,
chlordantoin,CCCCC(CC)C1N=C(O)N(SC(Cl)(Cl)Cl)C1=O,347.68888000000004,613.67,836.32,108418.76795139378,250608.5830303448,1084.2861,2282766.8,,
clemizole,Clc1ccc(Cn2c(CN3CCCC3)nc3ccccc32)cc1,325.83520000000004,440.15,840.61,130765.4912667508,,1090.7562,2261108.8,,
chlorothen,CN(C)CCN(Cc1ccc(Cl)s1)c1ccccn1,295.83082,565.51,428.65,133931.27869503252,277833.75077825645,979.79109,2445894.4,,
"piperazine, 1-(o-chlorophenyl)-4-nicotinoylmethyl-",O=C(CN1CCN(c2ccccc2Cl)CC1)c1cccnc1,315.79732,581.7,832.46,124823.73187967522,,1086.0595,2520120.6,,
undecylamine,CCCCCCCCCCCN,171.3229,290.15,502.15,171856.76870984555,287165.74679074145,682,2020000,365.15,
prostaglandin f1.alpha.,CCCCCC(O)C=CC1C(O)CC(O)C1CCCCCCC(=O)O,356.49684,636.32,437.25,178935.66742414882,178771.35295147984,1352.4645,1443538,,
"16-azatricyclo[9.2.2.14,8]hexadeca-2,4,6,8(16),9,11,13,14-octaene,6-methyl-",Cc1cc2nc(c1)/C=C\c1ccc(cc1)/C=C\2,219.28112,452.2,701.68,121565.41338351429,,970.61205,2841412.8,,
surecn2848895,CCN1CCCc2cc(C=C3COc4ccccc4C3=O)ccc21,319.39694000000003,595.29,889.32,124991.80486826204,,1143.8444,2041912.7,,
ac1nuokk,CCOC(=O)/C(N)=C1/C=CC(=O)C=C1O.Cl,245.65958,492.7,791.32,118729.34082196184,387893.4608,1018.2652,3181138.1,,
21528-24-5,CN(C)c1ccc(C(=O)c2ccc(N(C)C)cc2C(=O)O)cc1,312.363,542.15,904,150706.06954088673,,1136.5314,2102270.9,,
2963-66-8,O=C1C=CC=CC1=C1Nc2ccccc2N1,210.2313,515.15,736.69,154515.52647013078,,1018.0927,3975517.2,,
2-[(4-chlorobenzyl)amino]butan-1-ol,CCC(CO)NCc1ccc(Cl)cc1,213.70384,381.07,662.28,129894.71784877613,,861.78919,2823324.3,,
lauryl oleate,CCCCCCCCC=CCCCCCCCC(=O)OCCCCCCCCCCCC,450.78032,287.65,948.38,173093.18206260644,131205.8919582654,1173.2674,612381.83,,
carmofur,CCCCCCN=C(O)n1cc(F)c(O)nc1=O,257.26144320000003,383.65,775.31,152965.0129864466,,991.22568,2724011.8,,2.63
angolamycin,CCC1OC(=O)CC(O)C(C)C(OC2CC(N(C)C)C(OC3CC(C)(O)C(O)C(C)O3)C(C)O2)C(CC=O)CC(C)C(=O)/C=C/C2(C)OC2C1COC1OC(C)C(O)C(OC)C1OC,916.1000800000002,439.65,2058.65,150639.65500363233,225071.9516829318,4543.7125,470541.73,,
1-ethyl-4-piperidyl p-aminobenzoate hydrochloride,CCN1CCC(OC(=O)c2ccc(N)cc2)CC1.Cl,284.78174,468.99,748.18,121865.25723173122,,983.07231,2227091.6,,
52364-72-4,CCCCCCCOc1ccc(-c2ccc(C#N)cc2)cc1,293.40272,327.15,845.02,127994.72342996683,,1070.5717,1540285.2,,
"1,2,2,3-tetramethyl-2,3-dihydro-1h-perimidine",CN1c2cccc3cccc(c23)N(C)C1(C)C,226.31682,456.79,621.74,119155.96905258745,,843.09289,2522652.8,,
aphylline,O=C1[C@@H]2C[C@H](CN3CCCC[C@@H]23)[C@H]2CCCCN12,248.36386,325.65,473.15,106287.60561218527,160925.33122485923,908.72756,2421879.8,,
"2-propenoic acid, isooctyl ester, polymer with ethenylbenzene and 2-propenamide",C=CC(=N)O.C=CC(=O)OCCCCCC(C)C.C=Cc1ccccc1,359.50232000000005,453.88,906.66,121976.95970362582,,1125.2231,1176047.8,,
71673-14-8,CCOCCOCCN1c2cc(N)ccc2C(C)CC1(C)C,306.44300000000004,541.87,780.2,127726.85295470932,,987.25772,1623291.2,,
"arsine, dichloromethyl-",C[As](Cl)Cl,160.86212,230.65,405.65,,201616.37228780927,650.2492,4206096.5,,
helium,[He],4.002602,0.95,4.223806771,,20564.390720017087,5.1953,228320,,0.28
"1,2-dibromotetrafluoroethane",FC(F)(Br)C(F)(F)Br,259.8230128,162.75,320.25,27095.36743544373,101736.25913384896,487.8,3400000,,
"5-tert-butyl-1,3,4-thiadiazol-2-amine",CC(C)(C)c1n[nH]c(=N)s1,157.23664,456.15,589.64,111564.32750025694,,859.55939,4646648,,
hexazole,CCc1nncn1C1CCCCC1,179.26208000000003,362.65,586.77,132805.5548613516,,829.57799,3348979.8,,
4-phenyl-1h-pyrazol-3-amine,N=c1[nH][nH]cc1-c1ccccc1,159.18786,451.65,640.33,,,,,,
eperisone hydrochloride,CCc1ccc(C(=O)C(C)CN2CCCCC2)cc1.Cl,295.84743999999995,444.15,744.17,101112.925,,970.30633,1787877.3,,
"butanedioic acid, decyl phenylmethyl ester",CCCCCCCCCCOC(=O)CCC(=O)OCc1ccccc1,348.47637999999995,437.51,823.2,151875.4298354454,,1017.9448,1194821.8,,
5-isothiocyanato-3-methylisoquinoline,Cc1cc2c(N=C=S)cccc2cn1,200.25962,365.15,,,,,,,
loxiglumide,CCCCCN(CCCOC)C(=O)C(CCC(=O)O)N=C(O)c1ccc(Cl)c(Cl)c1,461.3793,387.15,1129.42,153732.5146576797,,1385.3066,1284670,,
1-diethylaminoethylphenobarbital,CCN(CC)CCN1C(=O)N=C(O)C(CC)(c2ccccc2)C1=O.Cl,367.87034,742.02,968.66,110721.07634445332,,1216.6702,1769871.1,,
congressane,C1C2CC3C4CC5CC(C14)C(C2)C3C5,188.3086,517.88,535.34,148713.3354504255,244886.0422994629,752.67885,2412373,,
vulpinic acid,COC(=O)/C(=C1/OC(=O)C(c2ccccc2)=C1O)c1ccccc1,322.31146,412.65,923.35,131534.26192168283,,1155.424,2322543.2,,
n-(2-(2-cyanoethoxy)ethyl)-n-(2-cyanoethyl)aniline,N#CCCOCCN(CCC#N)c1ccccc1,243.30428000000003,458.64,785.62,136775.2346978853,,1001.9622,1890359.2,,
"6-chloro-n,n'-diphenylquinoxaline-2,3-diamine",Clc1ccc2nc(Nc3ccccc3)c(Nc3ccccc3)nc2c1,346.8129,743,1016.33,144752.40107850658,,1301.3659,2619092.8,,
iodamide,CC(O)=NCc1c(I)c(N=C(C)O)c(I)c(C(=O)O)c1I,627.9401500000001,528.15,1158.75,88685.20351820152,,1442.0237,2659771.8,,
propyliodone,CCCOC(=O)Cn1cc(I)c(=O)c(I)c1,447.00818,459.15,781.39,71358.87311950309,,1042.7401,2687420,,
iophendylate,CCOC(=O)CCCCCCCCC(C)c1ccc(I)cc1,416.33683,428.22,816.9,105371.41285338603,,1029.0305,1336858.2,,
iodipamide,O=C(O)c1c(I)cc(I)c(N=C(O)CCCCC(O)=Nc2c(I)cc(I)c(C(=O)O)c2I)c1I,1139.76178,580.15,1808.34,81283.65209789715,,2234.3833,1739008.3,,
perfluoropentane,FC(F)(F)C(F)(F)C(F)(F)C(F)(F)C(F)(F)F,288.0343384,173.15,302.4528651,29843.66394559018,90648.70467294242,421,2063000,,4.4
acetrizoic acid,CC(O)=Nc1c(I)cc(I)c(C(=O)O)c1I,556.86225,553.4,981.09,74722.24953298594,,1278.0345,3411870,,
iocarmic acid,CN=C(O)c1c(I)c(N=C(O)CCCCC(O)=Nc2c(I)c(C(=O)O)c(I)c(C(O)=NC)c2I)c(I)c(C(=O)O)c1I,1253.86442,575.15,2117.9,92212.52166960762,,2830.6049,1413307.7,,
ioxaglic acid,CN=C(O)c1c(I)c(C(O)=NCC(O)=Nc2c(I)c(C(=O)O)c(I)c(C(O)=NCCO)c2I)c(I)c(N(C)C(C)=O)c1I,1268.87906,1600.82,2130.88,89990.45188751086,,2949.0812,1483852.1,,
iotroxic acid,O=C(O)c1c(I)cc(I)c(N=C(O)COCCOCCOCC(O)=Nc2c(I)cc(I)c(C(=O)O)c2I)c1I,1215.81314,1432.13,1921.36,83391.10399810287,,2443.5887,1433716.2,,
iobenzamic acid,Nc1c(I)cc(I)c(C(=O)N(CCC(=O)O)c2ccccc2)c1I,661.9994300000001,407.15,1202.73,85951.73563820137,,1504.0795,2472725.2,,
brn 3035512,CCCC(C(=O)O)c1c(I)cc(I)c(N)c1I,570.9318900000001,693.27,994.9,73154.08498201073,,1288.0436,2726857.5,,
rg 235,CCN(C(=O)CCC(=O)O)c1c(I)cc(I)c(N)c1I,613.95663,801.94,478.15,85509.29729,259958.3273501496,1367.1028,2608402.6,,
carboquone,COC(COC(=N)O)C1=C(N2CC2)C(=O)C(C)=C(N2CC2)C1=O,321.32846,475.15,912.79,114770.41280439336,337457.64561668213,1145.7966,2467814.2,,-0.15
62563-15-9,CCCCOC(=O)[C@@H](O)[C@H](O)C(=O)OCCCC,262.29948,401.3,774.08,139931.65369599665,356301.81211551337,952.42248,2143347.1,,
"s-triazine-1,3,5(2h,4h,6h)triacetonitrile",N#CCN1CN(CC#N)CN(CC#N)C1,204.23178,505.75,760.49,145476.86946664224,412617.15560059744,977.15124,2500000,,
aleuritic acid,O=C(O)CCCCCCCC(O)C(O)CCCCCCO,304.42228,372.9,986.85,172645.05081559732,353609.7605306599,1222.3785,1775842.8,,
"octanoic acid, 2,2,3,3,4,4,5,5,6,6,7,8,8,8-tetradecafluoro-7-(trifluoromethyl)-",O=C(O)C(F)(F)C(F)(F)C(F)(F)C(F)(F)C(F)(F)C(F)(C(F)(F)F)C(F)(F)F,464.0758944,381.18,512.78,47959.82783974569,103515.98282387583,648.38848,1472486,,
ethyl 5-chlorothiophene-2-carboxylate,CCOC(=O)c1ccc(Cl)s1,190.64728,366.05,531.47,108257.5109385248,,760.90571,3572795.2,,
1-(2-quinoxalinyl)ethanone,CC(=O)c1cnc2ccccc2n1,172.18332,350.15,640.31,140559.4920576511,,904.09129,4151610.2,,
5-chloro-2-methylphenol,Cc1ccc(Cl)cc1O,142.58288000000002,346.15,498.15,122861.87514237332,350132.4417831405,746.41354,4678485.1,,
tropacocaine,CN1[C@@H]2CC[C@H]1CC(OC(=O)c1ccccc1)C2,245.31686,322.15,653.22,127500.40906279332,,879.05433,2329273.6,,
einecs 236-970-9,CC[C@H](C)[C@@H]1N=C(O)CN=C(O)[C@@H]2Cc3c([nH]c4cc(O)ccc34)SC[C@H](N=C(O)CN=C1O)C(O)=N[C@H](CC(=N)O)C(=O)N1C[C@H](O)C[C@H]1C(O)=NC([C@@H](C)[C@@H](C)O)C(O)=N2,886.9708599999999,2406.14,474.15,151390.54286405758,,4506.0961,1303288.2,,
dichlorophenylphosphine,ClP(Cl)c1ccccc1,178.983661,222.15,509.15,,247454.4637571544,768.21451,3761902.5,,
2-chlorobenzoic acid,O=C(O)c1ccccc1Cl,156.5664,413.15,547.15,163508.90101579906,377126.5529312024,792,4030000,,2.05
iodine trifluoride,FI(F)F,183.8996796,116.85,291.95,32833.11864997942,130637.89331738364,470.06184,4672091.6,,
etofenprox,CCOc1ccc(C(C)(C)COCc2cccc(Oc3ccccc3)c2)cc1,376.48802,309.65,473.15,100935.48262173122,184641.2265701828,1164.5879,1385047.5,,7.05
72928-03-1,CCCC1CCC(OC(=O)c2ccc(C3CCC(CC)CC3)cc2)CC1,356.54144,447.79,868.36,117094.3831942789,,1097.2041,1225122.5,,
"4,n,n-trimethyl-3-nitro-benzenesulfonamide",Cc1ccc(S(=O)(=O)N(C)C)cc1[N+](=O)[O-],244.26758,359.65,,,,,,,
ac1mj53v,CCCC[C@@H](CC(=O)OC)[C@@H]1CCCC1=O,226.31198,342.72,637.92,104797.81052686652,264383.1347816209,842.1772,1996548.4,,
"3′,4′-dimethoxyflavone",COc1ccc(-c2cc(=O)c3ccccc3o2)cc1OC,282.29066,429.15,816.29,114644.24646568186,,1069.2835,2421879.8,,
"3-(2-pyridyl)-5,6-diphenyl-1,2,4-triazine",c1ccc(-c2nnc(-c3ccccn3)nc2-c2ccccc2)cc1,310.35196,464.65,988.68,140144.1125101965,,1308.9,2953686.2,,
ac1o5cgz,NCCNCCN.Oc1cccc(O)c1,213.27676,626.24,807.97,186522.90104182003,,1051.1274,4474222.9,,
rentiapril,O=C(O)[C@@H]1CS[C@H](c2ccccc2O)N1C(=O)CCS,313.3925,747.5,933.19,155772.71313129703,,1192.9601,3646526.2,,
"2,2-diphenylacetamide",N=C(O)C(c1ccccc1)c1ccccc1,211.25912,435.65,749.36,,,,,,
"2-propenenitrile, polymer with diethenylbenzene and ethenylethylbenzene",C=CC#N.C=Cc1ccccc1C=C.C=Cc1ccccc1CC,315.45130000000006,419.32,880.76,102354.94353645077,,1122.9913,1251262.4,,
sodium fluorosilicate,F[Si-2](F)(F)(F)(F)F.[Na+].[Na+],188.0554592,1120.15,,529630.9952,,,,,
pyrrole-3-carboxylic acid,O=C(O)c1cc[nH]c1,111.0987,434.65,531.31,210245.4844206098,,766.40019,5791742.8,,
zineb,[S-]C([S-])=NCCN=C(S)S.[Zn+2],275.74384,430.15,,,,,,,
molybdenum hexafluoride,[F-].[F-].[F-].[F-].[F-].[F-].[Mo+6],209.9504192,290.65,307.15,20623.916906187344,114640.27265552348,473,4750000,,
riodipine,COC(=O)C1=C(C)NC(C)=C(C(=O)OC)C1c1ccccc1OC(F)F,367.34396640000006,588.64,866.4,138573.12125979154,,1083.3741,1629851.3,,
naproxen methyl ester,COC(=O)[C@@H](C)c1ccc2cc(OC)ccc2c1,244.28574,360.15,678.62,110207.00594312216,,901.16194,2233411.1,,
"(4ar,16as)-3,4,4a,5,16a,17,18,19-octahydro-21,22,26-trimethoxy-4,17-dimethyl-2h-1,24:12,15-dietheno-6,10-metheno-16h-pyrido[2′,3′:17,18][1,10]dioxacycloeicosino[2,3,4-ij]isoquinolin-9-ol",COc1cc2c3cc1Oc1c(OC)c(OC)cc4c1[C@H](Cc1ccc(cc1)Oc1cc(ccc1O)C[C@H]3N(C)CC2)N(C)CC4,608.7233,489.65,1453.52,142642.8066742311,,1794.4326,1070062.4,,
bencyclane fumarate,CN(C)CCCOC1(Cc2ccccc2)CCCCCC1.O=C(O)/C=C/C(=O)O,405.5277,405.15,1108.02,133497.66242848514,,1359.3936,1374795.5,,
"3,4-dimethylthiophene",Cc1cscc1C,112.19272,282.53,418.15,84524.20085723922,314652.5017108101,640.2,3907700,,
1-chloronaphthalene,Clc1cccc2ccccc12,162.61558000000002,259.15,532.15,79328.19229252203,289774.2142808261,785,3400000,394.000859,3.9
butalamine,CCCCN(CCCC)CCN=c1nc(-c2ccccc2)[nH]o1,316.44112,413.65,863.31,181145.86372339985,,1085.2553,1801562.9,,
8-hexyltheophylline,CCCCCCc1nc2c(=O)n(C)c(=O)n(C)c2[nH]1,264.3235,475.6,800.16,160867.2705983388,,1025.2681,2510030.1,,
inositol niacinate,O=C(OC1C(OC(=O)c2cccnc2)C(OC(=O)c2cccnc2)C(OC(=O)c2cccnc2)C(OC(=O)c2cccnc2)C1OC(=O)c1cccnc1)c1cccnc1,810.7206,527.75,1988.36,151734.1486080408,,2577.3324,983928.12,,
difenacoum,O=c1oc2ccccc2c(O)c1C1CC(c2ccc(-c3ccccc3)cc2)Cc2ccccc21,444.52046,489.15,1187,131148.06909000318,,1470.4756,1625910.5,,
coumafuryl,CC(=O)CC(c1ccco1)c1c(O)c2ccccc2oc1=O,298.29006,397.15,476.15,149388.14923970314,313617.8274500852,1116.4098,2802438.5,,
dichlorophenylarsine,Cl[As](Cl)c1ccccc1,222.9315,254.15,529.15,,178282.7093020068,804.78474,3234607.8,,
chlorophacinone,O=C1c2ccccc2C(=O)C1C(=O)C(c1ccccc1)c1ccc(Cl)cc1,374.8164,413.15,1049.08,96311.15394096948,,1331.766,2012703.8,,
"1,4-pentadiyne",C#CCC#C,64.08526,240.05,294.24,228695.3349334933,376212.3581,481.9588,5087494.7,,
fluoroacetamide,N=C(O)CF,77.0576632,381.15,371.03,140310.50970151922,481873.75469835865,558.31748,5610963.8,,-1.05
"2-cyclopropen-1-one, 2,3-difluoro-",O=c1c(F)c1F,90.02830639999999,240.95,355.13,74465.46834,,542.88327,5160853.5,,
norbormide,O=C1N=C(O)C2C3C=C(C(O)(c4ccccc4)c4ccccn4)C(C3=C(c3ccccc3)c3ccccn3)C12,511.5699,467.15,1472.38,129350.84726446962,,1802.9678,1711775.1,,
1-(1-naphthyl)-2-thiourea,N=C(S)Nc1cccc2ccccc12,202.2755,466.15,,,,,,,1.65
pyrinuron,O=[N+]([O-])c1ccc(NC(O)=NCc2cccnc2)cc1,272.25938,497.15,396.65,166807.8433147097,454229.7995607857,1181.7103,3392027.9,,
phosacetim,CC(=N)NP(=S)(Oc1ccc(Cl)cc1)Oc1ccc(Cl)cc1,375.209981,378.15,,,,,,,
scilliroside,CC(=O)O[C@@H]1C[C@]2(O)[C@H](CC[C@]3(C)[C@@H](c4ccc(=O)oc4)CC[C@@]32O)[C@@]2(C)CC[C@H](O[C@@H]3O[C@H](CO)[C@@H](O)[C@H](O)[C@H]3O)C=C12,620.6845599999999,442.15,1705.23,122722.56297143915,,2609.3426,1349658.1,,
bensulide,CC(C)OP(=S)(OC(C)C)SCCNS(=O)(=O)c1ccccc1,397.513421,307.55,,,,,,,4.2
disulfoton,CCOP(=S)(OCC)SCCSCC,274.40402099999994,248.15,556.73,,170580.4831324206,757.74967,1868075.3,355.37222,4.02
"o,o-diisobutyl hydrogen phosphorodithioate",CC(C)COP(=S)(S)OCC(C)C,242.339021,462.65,,,,,,,
fenamiphos,CCOP(=O)(NC(C)C)Oc1ccc(SC)c(C)c1,303.357441,322.15,,,,,,,3.23
cyfluthrin,CC1(C)C(C=C(Cl)Cl)C1C(=O)OC(C#N)c1ccc(F)c(Oc2ccccc2)c1,434.2876232,333.15,1024.37,110353.1333609509,,1274.8656,1392292.3,,5.95
ac1o5cbk,C1CO1.C=CCOCC1CO1.CC(O)CO.CC1CO1,292.36852,414.2,832.88,149660.43539844852,328934.1668708571,1031.861,2041912.7,,
"3,5,6-trichloro-2-pyridinol",Oc1nc(Cl)c(Cl)cc1Cl,198.43448,447.65,580.14,113075.10670524598,,842.87881,4540798.2,,3.21
dechlorane plus,ClC1=C(Cl)C2(Cl)C3CCC4C(CCC3C1(Cl)C2(Cl)Cl)C1(Cl)C(Cl)=C(Cl)C4(Cl)C1(Cl)Cl,653.72388,904.6,1103.44,69708.33006742847,155955.17547520658,1410.2007,1540285.2,,
nocardicin a,N[C@H](CCOc1ccc(/C(=N/O)C(O)=N[C@H]2CN([C@@H](C(=O)O)c3ccc(O)cc3)C2=O)cc1)C(=O)O,500.45806,485.65,1609.67,,,2052.5588,2133458.5,,
di-(branched c16-28 alkyl) hexanedioate,CCCC[C@H](CCC)CC[C@@H](CCCC)COC(=O)CCCCC(=O)OCCC[C@@H](CCCC)[C@@H](CCC)CCCC,594.9917600000001,542.68,1183.72,149282.73964668013,95138.57474,1574.8745,429719.84,,
heedta,O=C(O)CN(CCO)CCN(CC(=O)O)CC(=O)O,278.25912,432.15,981.99,223586.5620505089,493532.54998983286,1202.268,3009031,,
6-hydroxy-4-methylcoumarin,Cc1cc(=O)oc2ccc(O)cc12,176.16872,516.15,610.18,144503.51912643743,,843.97143,4167706.9,,
3-pyridineacetamide,N=C(O)Cc1cccnc1,136.15122,396.15,616.66,,,,,,-0.71
21-hydroxy-20-methylpregn-4-en-3-one,CC(CO)[C@H]1CC[C@H]2[C@@H]3CCC4=CC(=O)CC[C@]4(C)[C@H]3CC[C@]12C,330.50416000000007,413.65,906.11,76337.91961952913,,1137.696,1593619.1,,
2-(2-methoxyethoxy)ethanol,COCCOCCO,120.14698,203.15,467.15,126262.01673982984,368495.88860652223,672,3670000,366.15,
"n,n'-ethane-1,2-diylbis(16-methylheptadecanamide)",CC(C)CCCCCCCCCCCCCCC(O)=NCCN=C(O)CCCCCCCCCCCCCCC(C)C,593.02224,386.45,1276.24,169514.7217412959,111440.22149846324,1768.8445,453079.04,,
sterinol,CCCCCCCCCCCC[N+](C)(C)Cc1ccccc1.[Br-],384.43712,313.65,,,,,,,
diflucortolone valerate,CCCCC(=O)OCC(=O)[C@H]1[C@H](C)C[C@H]2[C@@H]3C[C@H](F)C4=CC(=O)C=C[C@]4(C)[C@@]3(F)[C@@H](O)C[C@@]21C,478.5685464,468.15,1116.97,108590.50472691072,211544.54417752664,1367.8614,1087064.2,,
"6-amino-2,4-dichloro-3-methylphenol",Cc1c(Cl)cc(N)c(O)c1Cl,192.04258,406.65,629.39,136084.40378170295,,880.52449,4615134.7,,
decoquinate,CCCCCCCCCCOc1cc2c(=O)c(C(=O)OCC)c[nH]c2cc1OCC,417.5384,516.65,1029.59,149523.97192689343,,1260.7719,1114080,,
z-aib-oh,CC(C)(N=C(O)OCc1ccccc1)C(=O)O,237.2518,509.43,751.51,139404.63254651809,,976.18052,2732562.2,,
isolasalocid a,CC[C@@H](C(=O)[C@@H](C)[C@@H](O)[C@H](C)CCc1ccc(C)c(O)c1C(=O)O)[C@H]1O[C@](CC)([C@H]2CC[C@@](CC)([C@@H](C)O)O2)C[C@@H]1C,590.7877599999999,1003.31,1547.25,134752.28396742683,,2071.4189,905606.05,,
narasin,CC[C@@H](C(=O)O)[C@@H]1O[C@@H]([C@@H](C)[C@H](O)[C@H](C)C(=O)[C@H](CC)[C@H]2O[C@]3(C=C[C@@H](O)[C@]4(CC[C@@](C)([C@H]5CC[C@](O)(CC)[C@H](C)O5)O4)O3)[C@H](C)C[C@@H]2C)[C@@H](C)C[C@@H]1C,765.0251800000001,372.15,1834.94,136670.01130603306,150328.60714542962,2846.3499,608460.67,,
nicarbazin,Cc1cc(C)nc(O)n1.O=C(Nc1ccc([N+](=O)[O-])cc1)Nc1ccc([N+](=O)[O-])cc1,426.38282,539.15,1359.5,164389.8317,,1671.8766,2393526.4,,
oryzalin,CCCN(CCC)c1c([N+](=O)[O-])cc(S(N)(=O)=O)cc1[N+](=O)[O-],346.35952000000003,414.15,,,,,,,3.73
robenidine,N=C(N/N=C/c1ccc(Cl)cc1)N/N=C/c1ccc(Cl)cc1,334.20322,460.65,1033.6,,,1312.3422,1826283.9,,
coxistac,CC[C@@H](C(=O)O)C1CC[C@H](C)[C@H]([C@@H](C)[C@H](O)[C@H](C)C(=O)[C@H](CC)[C@H]2O[C@@]3(C=C[C@@H](O)[C@@]4(CC[C@@](C)([C@H]5CC[C@](O)(CC)[C@H](C)O5)O4)O3)[C@H](C)C[C@@H]2C)O1,750.9985999999999,386.15,1816.73,134347.7870664473,146820.3750235981,2761.3056,649113.55,,
"cyclohexanecarboxylic acid, 2,2,6-trimethyl-, ethyl ester, (1r,6r)-rel-",CCOC(=O)[C@@H]1[C@H](C)CCCC1(C)C,198.30188,290.13,542.83,95228.54750544978,234965.4652067572,747.17896,2102270.9,,
"1-aziridinepropionic acid, cinnamyl ester",O=C(CCN1CC1)OC/C=C/c1ccccc1,231.29028,369.38,628.56,141869.34271513703,,838.79335,2407640.5,,
potassium picrate,O=[N+]([O-])c1cc([N+](=O)[O-])c([O-])c([N+](=O)[O-])c1.[K+],267.19428000000005,523.25,,,,,,,
oxythane,Clc1ccc(OCOc2ccc(Cl)cc2)cc1,269.1233,343.65,464.65,102183.64593478158,183336.3723060345,925.38288,2651560.5,,
bismuthiol ii,S=c1sc(S)nn1-c1ccccc1,226.34164,523.15,283.15,,83112.85829266482,411.75926,1597790.5,,
benzazone-vii,N=C(S)N/N=C/c1ccc([N+](=O)[O-])o1,214.20184,523.15,,,,,,,1.64
flavaspidic acid,CCCC(=O)C1=C(O)C(Cc2c(O)c(C)c(O)c(C(=O)CCC)c2O)=C(O)C(C)(C)C1=O,446.4902,429.15,1425.17,147454.52419784354,,1797.193,2129522.2,,
ac1ntf82,O=C1C=CC=C/C1=C/NCCCSCCCN/C=C1/C=CC=CC1=O,356.48176,638.32,1020.32,134553.8689,307949.7643,1272.1111,1815406.2,,
fentin acetate,CC(=O)[O-].[Sn+].[c]1ccccc1.[c]1ccccc1.[c]1ccccc1,409.05672,398.35,,,,,,,
"benzene, [(1z)-1-methyl-1-propen-1-yl]-",C/C=C(/C)c1ccccc1,132.20228,209.84,448.15,110353.6187121735,288371.7082741322,654,3010000,,
zinc,[Zn],65.38,692.677,1180.15,108106.4546,2458605.9060918363,3170,290400000,,
lead(ii) thiocyanate,N#C[S-].N#C[S-].[Pb+2],323.3648,463.15,,,,,,,
"1,5-diisocyanatonaphthalene",O=C=Nc1cccc2c(N=C=O)cccc12,210.18824,403.65,603,,285005.23066941905,818,2720000,428.15,
ferron,O=S(=O)(O)c1cc(I)c(O)c2ncccc12,351.11771,533.15,,,,,,,
"2,2-dichloroacetamide",N=C(O)C(Cl)Cl,127.95732,372.35,507.15,98493.77902,536804.5989869209,665.67164,5438518.6,,0.19
ethylmagnesiumbromide,[Br-].[CH2-]C.[Mg+2],133.2701,346.25,,,,,,,
ccris 8754,CCCCOc1cc(OC)ccc1C(O)=NOC(C)=O,281.30436,488.38,763.66,137651.61691770438,,967.90301,2040068.6,,
chlorozotocin,O=C[C@H](N=C(O)N(CCCl)N=O)[C@@H](O)[C@H](O)[C@H](O)CO,313.69224,420.65,392.45,,,1390.199,3572795.2,,-1.02
mitozolomide,NC(=O)c1ncn2c(=O)n(CCCl)nnc12,242.62248,747.7,811.92,168001.74493311584,,1074.5375,5536068.6,,-0.47
3-fluorotoluene,Cc1cccc(F)c1,110.1288832,186.15,389.15,96414.30741395189,308210.24381888926,591.8,3900000,,2.75
perfluoroallene,FC(F)=C=C(F)F,112.0257128,99.44,272.51,138878.8306821646,210414.7608865264,421.20323,4260714.8,,
mesoxalonitrile,N#CC(=O)C#N,80.0449,237.15,338.65,101655.4458809993,428406.93989953154,754.42875,4486218.1,,
(chlorooxy)chlorane trioxide,[O-][Cl+3]([O-])([O-])OCl,134.9036,156.15,265.38,120159.87712707443,215176.7867615113,404.93588,8234492,,
muzolimine,CC(c1ccc(Cl)c(Cl)c1)N1NC(=N)CC1=O,272.13054,401.15,788.65,114073.92937227846,,1053.4534,3306746,,
d-glyceric acid,O=C(O)[C@H](O)CO,106.07734,390.81,597.67,172723.03396748073,,777.76018,6663890,,
"dichloro(1,5-cyclooctadiene)platinum(ii)",C1=C\CC/C=C\CC/1.[Cl-].[Cl-].[Pt+2],374.16488,538.15,,,,,,,
metronidazole-oh,O=[N+]([O-])c1cnc(CO)n1CCO,187.15336,391.15,763.18,190335.88282892705,,969.33242,5335720.9,,
"zirconocene, dichloride",[C-]1=CC=CC1.[Cl-].[Cl-].[Zr+4].c1cc[cH-]c1,292.3164,521.15,516.65,,201518.11724713512,649.23606,2239046.4,,
"sodium, 2,4-cyclopentadienide",[Na+].c1cc[cH-]c1,88.08296999999999,445.15,,,,,,,
149344-81-0,C=C(C)C(=O)OC.C=CC(=O)O.NCCO,233.26156,466.51,792.88,149424.5344153576,401607.1861152583,995.88453,2445894.4,,
triallyl aconitate,C=CCOC(=O)/C=C(/CC(=O)OCC=C)C(=O)OCC=C,294.29982,361.48,711.54,145310.99611273973,236994.41555435784,901.31208,1652455.5,,
l 11752,COc1cccc(-c2nc3n(n2)Cc2ccc(OC)cc2-3)c1,293.3199,666.2,848.37,137283.55969029036,,1103.6228,2701406,,
50987-86-5,COC(=O)c1ccc(C(=O)OC)cc1.OCCCCCCO.OCCCCO,402.47916,471.15,1176.82,148007.66330361055,,1506.4288,1456791.6,,
thiacetarsamide,NC(=O)c1ccc([As](SCC(=O)O)SCC(=O)O)cc1,377.26828,433.15,,,,,,,
"2',3'-dideoxy-2'-fluoroadenosine",Nc1ncnc2c1ncn2[C@@H]1O[C@H](CO)C[C@H]1F,253.2329832,508.15,841.75,198082.4115647823,,1081.3984,4486218.1,,-0.14
bromoacetaldehyde,O=CCBr,122.94862,410.15,382.5,69215.90498535079,343858.7747,556.92269,6229407.9,,
tolciclate,Cc1cccc(N(C)C(=S)Oc2ccc3c(c2)C2CCC3C2)c1,323.45184,366.15,,,,,,,
sulbentine,S=C1SCN(Cc2ccccc2)CN1Cc1ccccc1,314.46822,374.65,,,,,,,
22876-20-6,Sc1nc2ccc(Cl)cc2o1,185.63076,497.65,,,,,,,
"benzene, 1,2,5-tribromo-3-methoxy-",COc1cc(Br)cc(Br)c1Br,344.826,434.26,581.65,69029.01753348066,146605.74107388043,885.81459,5001510.5,,
"cholesta-4,6-dien-3-one",CC(C)CCCC(C)C1CCC2C3C=CC4=CC(=O)CCC4(C)C3CCC12C,382.62178,353.65,927.05,83087.27224048773,201970.7813372023,1162.063,1087064.2,,
cyclopentabenzo(e)pyrene,C1=Cc2cc3cccc4c5ccccc5c5ccc1c2c5c34,276.33068000000003,590.26,829.06,131263.02153637083,,1092.7706,2485067.2,,
"(1s)-1-(2-chlorophenyl)ethane-1,2-diol",OC[C@@H](O)c1ccccc1Cl,172.60886,355.42,635.65,109948.00614522338,,830.66329,4356871.3,,
2-octadecenal,CCCCCCCCCCCCCCC/C=C/C=O,266.46196,318.65,664.26,168380.5072964261,222800.6914017597,833.26409,1257482,,
"alcohols, c11-unsatd.",C/C=C/CC/C=C/CCCCO,168.2759,264.39,551.78,170779.05986537584,334519.7089598709,722.00989,2315841.9,,
5-hydroxy-l-tryptophan,N[C@@H](Cc1c[nH]c2ccc(O)cc12)C(=O)O,220.22458,546.15,845.26,195187.11308247244,,1098.0197,4782592.9,,
diphenylsilanediol,O[Si](O)(c1ccccc1)c1ccccc1,216.30798,474.65,,,,,,,
"1-nonyl 2-undecyl 1,2-benzenedicarboxylate",CCCCCCCCCCCOC(=O)c1ccccc1C(=O)OCCCCCCCCC,446.66244,528.92,988.34,158208.95976836557,0,914.6,995000,,
alpha-antiarin,C[C@H]1O[C@@H](O[C@H]2CC[C@]3(C=O)[C@H]4C[C@@H](O)[C@]5(C)[C@@H](C6=CC(=O)OC6)CC[C@]5(O)[C@@H]4CC[C@]3(O)C2)[C@H](O)[C@H](O)[C@H]1O,566.63718,515.4,1614.79,119014.42824489562,193428.22745431823,2335.7102,1625910.5,,
8-azaguanine,N=c1nc(O)c2nn[nH]c2[nH]1,152.11416,573.15,737.72,234981.4113294909,,1047.4319,10141484,,-0.71
2-(dodecylamino)ethanol,CCCCCCCCCCCCNCCO,229.40204,317.35,662.27,179610.4341530703,299450.33629511914,825.1337,1656493.3,,
"1,3,5-trinitrobenzene",O=[N+]([O-])c1cc([N+](=O)[O-])cc([N+](=O)[O-])c1,213.10452,394.65,588.15,72265.00873843502,319287.5039146935,846,3390000,,1.18
dipicrylamine,O=[N+]([O-])c1cc([N+](=O)[O-])c(Nc2c([N+](=O)[O-])cc([N+](=O)[O-])cc2[N+](=O)[O-])c([N+](=O)[O-])c1,439.2078,524.25,1518.61,195463.2863988299,,1863.5417,3407887.7,,
oxyclozanide,OC(=Nc1cc(Cl)cc(Cl)c1O)c1c(O)c(Cl)cc(Cl)c1Cl,401.45664,483.15,1027.73,136532.80214769894,,1299.5738,3501278,,
"aniline, 2-chloro-n-isopropyl-",CC(C)Nc1ccccc1Cl,169.65128,297.71,524.34,108994.16732959516,,745.2521,3149086.6,,
cesium oxide,[Cs].[Cs].[O],281.8103,768.15,,70969.7268,,,,,
enilconazole,C=CCOC(Cn1ccnc1)c1ccc(Cl)cc1Cl,297.17976,325.85,620.15,119876.93912936735,232592.30766338788,967.30076,2395870.1,,3.82
n-[tris(hydroxymethyl)methyl]acrylamide,C=CC(O)=NC(CO)(CO)CO,175.18242,405.15,798.49,,,982.09386,4103875.7,,
c5o2,O=C=C=C=C=C=O,92.0523,215.56,307.95,325554.0600289183,349360.5689396869,494.76759,9764251.9,,
vinylene carbonate,O=c1occo1,86.04617999999999,294.15,451.15,,572655.7551743159,688.6997,8215907.5,,
"3′,4′,7,8-tetramethoxyflavone",COc1ccc(-c2cc(=O)c3ccc(OC)c(OC)c3o2)cc1OC,342.34262,471.65,916.85,114332.82832269029,,1157.455,1910240.1,,
disulfides,SS,66.14587999999999,162.68,343.85,58053.50234965504,509060.3899297117,542.39,8836000,,
henkel's compound,O=c1n(C[C@H]2CO2)c(=O)n(C[C@@H]2CO2)c(=O)n1C[C@@H]1CO1,297.264,376.15,827.42,167645.59448840088,341684.96630799567,1061.8717,3284045.3,,
cadmium acetate,CC(=O)[O-].CC(=O)[O-].[Cd+2],230.49904,528.15,,,,,,,
acetoacetanilide,CC(=O)CC(O)=Nc1ccccc1,177.19984,359.15,612.99,135406.4428049145,402659.4972983082,879,3030000,423.15,
thioneine,C[N+](C)(C)C(Cc1cnc([S-])[nH]1)C(=O)O,229.2993,553.15,,,,,,,
"2,4,6-tri-tert-butylnitrosobenzene",CC(C)(C)c1cc(C(C)(C)C)c(N=O)c(C(C)(C)C)c1,275.42896,440.65,706.77,,,920.89955,1455680.1,,
niobium bromide (nbbr5),[Br-].[Br-].[Br-].[Br-].[Br-].[Nb+5],492.42638,527.15,634.75,48738.24996946752,108142.17467139392,1010,4615000,,
silver selenite,O=[Se]([O-])[O-].[Ag+].[Ag+],342.6946,803.15,,,,,,,
propylenediamine,CC(N)CN,74.1249,236.15,390.15,140263.25836527266,523833.1499421731,587,5270000,306.15,
methyl linolenate,CC/C=C\C/C=C\C/C=C\CCCCCCCC(=O)OC,292.45618,224.15,629.1291755,170764.0440355885,222051.42342233457,772,1369000,,6.29
"5α-pregnane-3α,20α-diol",C[C@H](O)[C@H]1CC[C@H]2[C@@H]3CC[C@H]4C[C@H](O)CC[C@]4(C)[C@H]3CC[C@]12C,320.50934,517.15,894.11,89005.20653,,1109.331,1681033.6,,
pregnanetriol,C[C@H](O)[C@@]1(O)CC[C@H]2[C@@H]3CC[C@@H]4C[C@H](O)CC[C@]4(C)[C@H]3CC[C@@]21C,336.50874,602.79,986.53,78205.99251,340215.9163443451,1209.9172,1887075.9,,
butyl cyclohexyl phthalate,CCCCOC(=O)c1ccccc1C(=O)OC1CCCCC1,304.38076,423.6,478.65,120247.4164,273171.0947591333,998.85813,1714611.5,,
20beta-dihydrocortisol,C[C@]12CCC(=O)C=C1CC[C@@H]1[C@@H]2[C@@H](O)C[C@@]2(C)[C@H]1CC[C@]2(O)[C@H](O)CO,364.47578,749.35,1155.34,81423.79172629798,389141.6074942602,1420.6593,2222893.5,,
ctk1g9551,CCCCC[C@@](C)(O)C=C[C@H]1[C@H](O)CC(=O)[C@@H]1CC=CCCCC(=O)O,366.49166,671.57,1088.8,155643.37807850796,298365.97298575443,1338.4143,1382987.9,,
perfluorotripentylamine,FC(F)(F)C(F)(F)C(F)(F)C(F)(F)C(F)(F)N(C(F)(F)C(F)(F)C(F)(F)C(F)(F)C(F)(F)F)C(F)(F)C(F)(F)C(F)(F)C(F)(F)C(F)(F)F,821.1145055999999,347.05,488.9,34169.412193611606,43161.87286135485,590.96126,671158.96,,
12-deoxyphorbol-13-(2-methylbutyrate),CCC(C)C(=O)O[C@@]12C[C@@H](C)[C@@]3(O)[C@@H](C=C(CO)C[C@]4(O)C(=O)C(C)=C[C@@H]34)[C@@H]1C2(C)C,432.54974,815.92,1204.07,92761.58621665106,282190.4800271252,1487.4946,1469101.6,,
methoxymethyl fluoride,COCF,64.05890319999999,135.12,268.7,81237.73183803124,368431.3366815302,417.87959,4615134.7,,
15214-89-8,C=CC(O)=NC(C)(C)CS(=O)(=O)O,207.24742,458.15,,,,,,,
nitrogen tribromide,BrN(Br)Br,253.7187,301.63,410.52,57670.16778818432,175412.28937746433,645.89238,9744983.5,,
"nitrogen fluoride (n2f2), [n(e)]- (9ci)",F/N=N/F,66.0102064,101.15,161.7,,214715.4647351601,260,5570000,,
"nitrogen fluoride (n2f2), (z)-",F/N=N\F,66.0102064,86.15,167.4,,235627.46369139449,272,7090000,,
homoharringtonine,COC(=O)CC(O)(CCCC(C)(C)O)C(=O)O[C@@H]1C(OC)=C[C@]23CCCN2CCc2cc4c(cc2[C@@H]13)OCO4,545.62126,909.21,1328.12,128105.34545519724,,1669.1338,1208148.4,,
70833-42-0,CC(C)(C#CC(C)(C)OO)OO.CC(C)(O)c1cccc(C(C)(C)O)c1,368.46448,724.88,1099.9,81522.10492582624,,1351.1455,1826283.9,,
fluanisone,COc1ccccc1N1CCN(CCCC(=O)c2ccc(F)cc2)CC1,356.4338032,341.15,859.52,124351.2809449494,,1081.7755,1711775.1,,3.6
araldite zd429,CN(C)CCCNCCC#N,155.24068,330.04,547.33,168138.9182268462,348288.8883734466,732.49253,2500000,,
3-methyl-4-nitrobenzonitrile,Cc1cc(C#N)ccc1[N+](=O)[O-],162.14543999999998,353.65,673.2,139418.0434553078,,932.16661,3468363.7,,
"2,6,8-trimethyl-4-nonanone",CC(C)CC(=O)CC(C)CC(C)C,184.31836,229.93,484.15,96930.11591465982,226697.7080633629,658,1970000,,
perfluorooctanesulfonamide,NS(=O)(=O)C(F)(F)C(F)(F)C(F)(F)C(F)(F)C(F)(F)C(F)(F)C(F)(F)C(F)(F)F,499.1448344,424.65,,,,,,,
"decanoic acid, 6-hydroxy-",CCCCC(O)CCCCC(=O)O,188.264,322.15,665.65,171907.5341010496,410749.4943355616,843.57305,2527728.6,,
"4-isopropyl-2,6-dinitrophenol",CC(C)c1cc([N+](=O)[O-])c(O)c([N+](=O)[O-])c1,226.1861,626.59,826.02,164957.0862223629,,1097.1938,3906250,,
iccb4_000111,Cc1ccc(C(=O)c2ccccc2C)cc1,210.27106000000003,386.62,590.15,111803.3076,233065.0944259853,903.27428,2595131.7,,
70289-11-1,Cc1cccc(Cl)c1N=C(O)C(C)C,211.68796000000003,382.7,628.95,117536.20753868096,,850.67348,2695798.5,,
"2-butanamine, hydrochloride",CCC(C)N.Cl,109.59778,425.65,401.34,94025.62716142608,,599.73406,3673094.6,,
triphenylborane,c1ccc(B(c2ccccc2)c2ccccc2)cc1,242.1227,420.15,,,,,,,
170918-42-0,CC1(C)OC(O)=N[C@@H]1c1ccccc1,191.22642,425.11,587.04,131540.40116423243,,822.82562,3188327.2,,
catharanthin,CCC1=C[C@H]2CN3CCc4c([nH]c5ccccc45)[C@@](C(=O)OC)(C2)[C@@H]13,336.42746,400.15,531.15,140374.98603710887,256616.9944,1114.9963,1949232.2,,
6-deoxyversicolorin a,O=C1c2cccc(O)c2C(=O)c2c1cc1c(c2O)C2C=COC2O1,322.2684,870.9,1055.28,161672.69269962554,,1339.405,4109138.7,,
manganese(ii) acetate,CC(=O)[O-].CC(=O)[O-].[Mn+2],173.026089,483.15,,,,,,,
trimethylantimony,[CH3].[CH3].[CH3].[Sb],166.86356,211.15,353.75,,,551.07151,,,
acridine monohydrate,O.c1ccc2nc3ccccc3cc2c1,197.23254,358,,,,,,,
"1-(chloromethyl)-2,4,5-trimethylbenzene",Cc1cc(C)c(CCl)cc1C,168.66322,296.36,507.45,111031.9131817832,,721.72985,2687420,,
dinitrogen trioxide,O=N[N+](=O)[O-],76.0116,172.05,315.9,,321074.47959829576,425,6990000,,
"1,4-difluorobenzene",Fc1ccc(F)cc1,114.0927664,260.15,362.05,97359.37124231216,274588.04072032426,556.7,4400000,,2.13
sparsomycin,CSCS(=O)C[C@H](CO)N=C(O)/C=C/c1c(C)nc(O)nc1O,361.43706,481.65,,,,,,,-1.71
pentachloronitrobenzene,O=[N+]([O-])c1c(Cl)c(Cl)c(Cl)c(Cl)c1Cl,295.33470000000005,417.15,601.15,121008.46937390017,242633.66790756903,1001.2994,3415859.4,,4.64
isophthalonitrile,N#Cc1cccc(C#N)c1,128.13076,434.15,618.46,102551.48724630992,,867.17833,3380205.5,,0.8
dimethylphenylphosphine,CP(C)c1ccccc1,138.146701,375.15,465.15,,288152.3806029471,689.82349,3252234,,2.57
36978-41-3,O=C1OC(=O)c2cc(-c3cccc4c3C(=O)OC4=O)ccc21,294.21524,472.15,,,,,,,
methyl 2-iodopropanoate,COC(=O)C(C)I,214.00165,220.23,442.04,53121.085748637925,185465.64837977168,659.64576,3853087.9,,
tris(phosphonomethyl)amine,O=P(O)(O)CN(CP(=O)(O)O)CP(=O)(O)O,299.049963,488.15,,,,,,,
6153-39-5,Cc1cc(O)cc(O)c1.O,142.1525,328,,,,,,,
490881_aldrich,CC1(C)O[C@H]2[C@@H]3O[C@@H]3C=C[C@H]2O1,168.18977999999998,337.38,500.92,192484.94171286747,276911.0116,725.52308,3547305.6,,
"1,2-bis(dimethylphosphino)ethane",CP(C)CCP(C)C,150.138762,453.15,461.2,,265632.3932665357,658.79366,2679401.6,,
5-hydroxy-2-methyl-1h-imidazole-4-carboxamide,Cc1nc(C(N)=O)c(O)[nH]1,141.12798,609.29,651.5,216420.5850604536,,910.07768,7587806.1,,
tbabr3,,482.17574,345.65,,,,,,,
octadecyl isonicotinate,CCCCCCCCCCCCCCCCCCOC(=O)c1ccncc1,375.58784,500.53,887.32,163647.47058903717,,1088.8395,985782.55,,
nitro-l-arginine,N=C(NCCCC(N)C(=O)O)N[N+](=O)[O-],219.19852,500.65,905.58,,542790.6490672462,1149.9975,3637734.1,,
scandium sulfide (sc2s3),[S].[Sc],77.02091,2048.15,,,,,,,
hexachlorocyclopentadiene,ClC1=C(Cl)C(Cl)(Cl)C(Cl)=C1Cl,272.7715,264.15,512.15,82167.67514201447,162462.67797787188,746,3010000,,5.04
"6-chloro-3,20-dioxopregna-4,6-dien-17-yl acetate",CC(=O)OC1(C(C)=O)CCC2C3C=C(Cl)C4=CC(=O)CCC4(C)C3CCC21C,404.92696,486.15,991.15,78915.46663131544,233691.1701242866,1246.3742,1474748.8,,
agaritine,N[C@@H](CCC(O)=NNc1ccc(CO)cc1)C(=O)O,267.28108,480.15,,,,,,,
"methylene-bis(n,n-dimethylurea)",CN(C)C(O)=NCN=C(O)N(C)C,188.22754,423,592.72,177041.04298446444,359997.2161,779.92379,3295366.3,,
taurolithocholate,C[C@H](CCC(O)=NCCS(=O)(=O)O)[C@H]1CC[C@H]2[C@@H]3CC[C@@H]4C[C@H](O)CC[C@]4(C)[C@H]3CC[C@]12C,483.7042,485.65,,,,,,,
1-methyl-3-nitro-1-nitrosoguanidine,CN(N=O)C(=N)N[N+](=O)[O-],147.0928,393.9,622.13,,478804.1530400883,860.64599,4684891.8,,
(1e)-ethanal phenylhydrazone,C/C=N/Nc1ccccc1,134.17839999999998,372.65,536.17,,,768.54471,3276530.3,,
2-(p-aminophenyl)-2-phenylpropionamide,CC(C(=N)O)(c1ccccc1)c1ccc(N)cc1,240.30034,543.04,796.84,111851.69359310936,,1062.4028,3035615.4,,
6-(phenylmethoxy)-1h-indole,c1ccc(COc2ccc3cc[nH]c3c2)cc1,223.26982,384.65,687.66,138729.00511139393,,941.97795,3022279.3,,
1-benzyl-5-phenylbarbituric acid,O=C1N=C(O)C(c2ccccc2)C(=O)N1Cc1ccccc1,294.30466,437.15,921.65,111938.42462433316,,1203.4093,2829334.5,,
tetrahydro-11-deoxycortisol,C[C@]12CC[C@@H](O)C[C@H]1CC[C@@H]1[C@@H]2CC[C@@]2(C)[C@H]1CC[C@]2(O)C(=O)CO,350.49226,499.15,1040.84,89699.55570488205,,1274.4865,1980586.7,,
cyanogen azide ((cn)(n3)),N#CN=[N+]=[N-],68.0375,308.9,,,,,,,
bismuth(v) fluoride,[Bi+5].[F-].[F-].[F-].[F-].[F-],303.972416,424.55,503.15,,,470,5716000,,
europium oxide,[Eu+3].[Eu+3].[O-2].[O-2].[O-2],351.9262,2623.15,4063.15,332456.06607294374,,,,,
resazurin,O=c1ccc2[n+]([O-])c3ccc(O)cc3oc-2c1,229.18828,589.15,717.4,158786.47895956985,,963.25339,5430506.1,,
benzenesulfonic acid,O=S(=O)(O)c1ccccc1,158.17504,321.15,,,,,,,
calcium titanate,[Ca+2].[O-].[O-].[O].[Ti],135.9432,2253.15,,,,,,,
"2-hydroxyethyl 3-(2-benzyl-1,3-dioxolan-2-yl)propanoate",O=C(CCC1(Cc2ccccc2)OCCO1)OCCO,280.3163,476.32,789.3,145189.55908022472,,1000.3582,2443476.9,,
75864-24-3,CC(O)CO.CC1CO1.Nc1ccc(Cc2ccc(N)cc2)cc1,332.43722,633.96,1063.11,140486.67595042454,,1305.3039,2145333,,
3-methoxy-4-(2-oxiranylmethoxy)benzaldehyde,COc1cc(C=O)ccc1OCC1CO1,208.21058,376.65,,,,,,,
beryllium carbide,[Be].[Be].[C],30.035064,2400.15,,2507069.736891521,,,,,
68928-90-5,CCOC(=O)CC(CC(=O)OCC)(OC(=O)C(C)=O)C(=O)OCC,346.32978,480.48,826.32,133592.32347850653,244629.34077055188,1022.8302,1530658.5,,
magnesium acetate,CC(=O)[O-].CC(=O)[O-].[Mg+2],142.39304,596.15,,,,,,,
5-bromo-2-methylpyridine,Cc1ccc(Br)cn1,172.02254,305.15,488.4,89354.56946514103,,737.71678,5044227.8,,
1-[4-(4-chlorophenoxy)phenyl]urea,N=C(O)Nc1ccc(Oc2ccc(Cl)cc2)cc1,262.69164,435.65,796.78,129467.38617186296,,1049.8896,3246726.9,,
"(1,1'-biphenyl)-2-ol, diisopropanolamine salt",CC(O)CNCC(C)O.Oc1ccccc1-c1ccccc1,303.396,568.74,980.47,128894.25041859486,,1206.6697,2475186.3,,
beryllium sulfate,O=S(=O)([O-])[O-].[Be+2],105.074782,1400.15,,57102.18842043375,,,,,
zolimidine,CS(=O)(=O)c1ccc(-c2cn3ccccc3n2)cc1,272.32228,515.65,,,,,,,
3576-44-1,CN(C)CCC(=O)N1c2ccccc2Sc2ccccc21,298.40262,586.77,781.33,132880.87081809135,,1016.8189,2374899.8,,
sulfisoxazole acetyl,CC(=O)N(c1onc(C)c1C)S(=O)(=O)c1ccc(N)cc1,309.3409,466.65,,,,,,,
glisoxepide,Cc1cc(C(=O)NCCc2ccc(S(=O)(=O)NC(O)=NN3CCCCCC3)cc2)no1,449.52388,462.15,,,,,,,
glibornuride,Cc1ccc(S(=O)(=O)NC(O)=NC2C3CCC(C)(C2O)C3(C)C)cc1,366.47504,465.15,,,,,,,
"thiourea, (methoxymethyl)-",COCNC(=N)S,120.17342,415.65,,,,,,,
nitretamin,O=P(O)(O)O.O=P(O)(O)O.O=[N+]([O-])OCCN(CCO[N+](=O)[O-])CCO[N+](=O)[O-],480.171242,381.15,,,,,,,
propatyl nitrate,CCC(CO[N+](=O)[O-])(CO[N+](=O)[O-])CO[N+](=O)[O-],269.16624,324.65,,,,,,,
bietaserpine,CCN(CC)CCn1c2c(c3ccc(OC)cc31)CCN1C[C@H]3C[C@@H](OC(=O)c4cc(OC)c(OC)c(OC)c4)[C@H](OC)C(C(=O)OC)[C@H]3C[C@H]21,707.85282,1023.51,1467.05,140806.10712266428,,1920.1115,634162.02,,
decaserpil,COC(=O)[C@H]1[C@H]2C[C@@H]3c4[nH]c5ccc(OC)cc5c4CCN3C[C@H]2C[C@@H](OC(=O)c2cc(OC)c(OC)c(OC)c2)[C@@H]1OC,608.6786999999999,444.15,1357.71,140596.34417961398,,1685.005,895874.24,,
buthiazide,CC(C)CC1Nc2cc(Cl)c(S(N)(=O)=O)cc2S(=O)(=O)N1,353.84544,494.65,,,,,,,
alaproclate hydrochloride,CC(N)C(=O)OC(C)(C)Cc1ccc(Cl)cc1.Cl,292.20146,431.69,731.34,97258.24094102748,,965.38545,2045608.5,,
hydrogenated mdi,O=C=NC1CCC(CC2CCC(N=C=O)CC2)CC1,262.34738,418.15,705.9,,,935.82679,2131489,474.81667,
pyrrolnitrin,O=[N+]([O-])c1c(Cl)cccc1-c1c[nH]cc1Cl,257.07284,397.65,768.52,150906.6457584551,,1050.7995,3633349.9,,
mesulfen,Cc1ccc2c(c1)Sc1ccc(C)cc1S2,244.37508,396.15,696,102383.59819667372,,970.35131,2973044,,
"5-hydroxy-1,3-benzoxathiol-2-one",O=c1oc2ccc(O)cc2s1,168.16986,474.31,580.96,134453.34377991396,,829.32057,5800568.3,,
1-(2-chloroethyl)-3-(2-methyl-1-phenylpropan-2-yl)urea,CC(C)(Cc1ccccc1)NC(O)=NCCCl,254.75576,450.28,712.13,125794.99674511777,,931.16076,2347364.9,,
chlorproethazine,CCN(CC)CCCN1c2ccccc2Sc2ccc(Cl)cc21,346.91732,601.82,484.15,135597.15035271228,243240.7365506313,1042.0828,1796983.6,,6.46
dixyrazine,CC(CN1CCN(CCOCCO)CC1)CN1c2ccccc2Sc2ccccc21,427.60272,465.15,1029.9,130777.9333115561,,1262.4991,1577206.5,,
thiopropazate,CC(=O)OCCN1CCN(CCCN2c3ccccc3Sc3ccc(Cl)cc32)CC1,446.00532,740.36,993.49,133978.22250191992,,1229.5549,1535460.5,,
thioproperazine,CN1CCN(CCCN2c3ccccc3Sc3ccc(S(=O)(=O)N(C)C)cc32)CC1,446.6292,413.15,,,,,,,
butaperazine,CCCC(=O)c1ccc2c(c1)N(CCCN1CCN(C)CC1)c1ccccc1S2,409.58744,729.31,974.59,135204.34122686964,,1208.0504,1534257.9,,
moperone,Cc1ccc(C2(O)CCN(CCCC(=O)c3ccc(F)cc3)CC2)cc1,355.44574320000004,391.15,939.56,111029.60368776757,,1165.9023,1787877.3,,
clothiapine,CN1CCN(C2=Nc3ccccc3Sc3ccc(Cl)cc32)CC1,343.87362,392.15,436.55,119770.74600837364,270058.18584580417,1145.5251,2492516.8,,
oxaflozane,CC(C)N1CCOC(c2cccc(C(F)(F)F)c2)C1,273.2940296,345.61,600.39,105768.86748059424,,805.68012,2094580.8,,
thiram,CN(C)C(=S)SSC(=S)N(C)C,240.43288,428.65,,,,,,,1.73
dixanthogen,CCOC(=S)SSC(=S)OCC,242.4024,303.15,,,,,,,
gamma-otb,Cn1cnc2c1c(=O)n(CCCO)c(=O)n2C,238.24316,639.59,778.34,145897.15818074273,,988.15775,3659774.2,,
dyphylline,Cn1c(=O)c2c(ncn2CC(O)CO)n(C)c1=O,254.24256000000003,434.65,870.08,138938.18564444914,,1078.1855,4146265.3,,
aspidospermine,CC[C@@]12CCCN3CC[C@]4(c5cccc(OC)c5N(C(C)=O)[C@@H]4CC1)[C@H]32,354.48580000000004,481.15,493.15,104015.44998417424,237564.5869,1092.9966,1733221.2,,
"n,n,2,3,5-pentamethyl-6-quinoxalinamine",Cc1nc2ccc(N(C)C)c(C)c2nc1C,215.29418,521.02,682.46,149688.2080137977,,921.38979,2629848.8,,
phenylsilatrane,c1ccc([Si]23OCCN(CCO2)CCO3)cc1,251.35378,482.15,,,,,,,
heptafluorobutyric acid,O=C(O)C(F)(F)C(F)(F)C(F)(F)F,214.0383624,255.4,394.65,72776.67342123152,184504.8949000996,530,2650000,,
nonylamine,CCCCCCCCCN,143.26973999999998,272.15,471.15,169351.8812835146,309466.8524985216,648,2360000,343.15,
α-aminoadipic acid,NC(CCCC(=O)O)C(=O)O,161.15583999999998,460.15,699.99,206359.26070069816,,914.63386,4156965.3,,
fgin-1-27,CCCCCCN(CCCCCC)C(=O)Cc1c(-c2ccc(F)cc2)[nH]c2ccccc12,436.6045832,369.65,1038.22,161193.9102521084,,1271.471,1065178.7,,
dp-1904,Cl.O=C(O)c1ccc2c(c1)CCC(Cn1ccnc1)C2,292.76068000000004,623.03,854.23,143902.52133585696,,1108.1207,2584587.7,,
n-nitrosodiethanolamine,O=NN(CCO)CCO,134.1338,473.15,551.32,,342791.9589732399,887.1,4836000,,
aflatoxin g2,COc1cc2c(c3oc(=O)c4c(c13)CCOC4=O)C1CCOC1O2,330.28886,511.65,493.15,161062.04732427243,177856.79321832737,1094.4001,2351920.7,,
71712-04-4,COc1ccc(C(C)c2cc(C(C)(C)C)cc(C(C)(C)C)c2O)cc1,340.49898,563.16,890.28,90634.63273810688,,1127.1116,1444635.6,,
auxiloson,C[C@@H]1C[C@H]2[C@@H]3CCC4=CC(=O)C=C[C@]4(C)[C@@]3(F)[C@@H](O)C[C@]2(C)[C@@]1(O)C(=O)COC(=O)c1ccncc1,497.5551832,524.15,1318.05,95217.57907395063,,1619.1475,1499987.1,,
dexamethasone valerate,CCCCC(=O)O[C@]1(C(=O)CO)[C@H](C)C[C@H]2[C@@H]3CCC4=CC(=O)C=C[C@]4(C)[C@@]3(F)[C@@H](O)C[C@@]21C,476.5774832,823.6,1214.79,95696.9257,243509.9687242876,1495.6611,1259267.6,,
fluprednisolone,C[C@]12C=CC(=O)C=C1[C@@H](F)C[C@@H]1[C@@H]2[C@@H](O)C[C@@]2(C)[C@H]1CC[C@]2(O)C(=O)CO,378.4344832,483.15,1111.23,95350.71882159812,,1360.9331,2066115.7,,
u-21240,C=C1CC2C3C=C(C)C4=CC(=O)CCC4(C)C3CCC2(C)C1(OC(C)=O)C(C)=O,396.51918,497.15,998.64,80144.92514586559,234638.1205251084,1247.5219,1331983.6,,
"2-propenoic acid, butyl ester, polymer with ethenylmethylbenzene and 3a,4,7,7a-tetrahydro-4,7-methano-1h-indenyl 2-propenoate",C=CC(=O)OC1C=CC2C3C=CC(C3)C12.C=CC(=O)OCCCC.C=Cc1ccccc1C,448.59374,512.77,1017.53,132812.82079415553,,1251.942,915497.31,,
"progesterone 16,17-acetonide",CC(=O)C12OC(C)(C)OC1CC1C3CCC4=CC(=O)CCC4(C)C3CCC12C,386.52436,483.15,970.45,87994.45395886562,236407.8992,1230.5738,1519935.9,,
anordiol,C#C[C@@]1(O)C[C@@H]2CC[C@@H]3[C@H](CC[C@@]4(C)[C@H]3CC[C@@]4(O)C#C)[C@@]2(C)C1,326.47240000000005,442.65,893.88,92179.30826618112,302106.11309794604,1125.8288,2100344.4,,
isoxazol,CC1(C)C2=CCC3[C@H](CCC4(C)[C@H]3CC[C@]4(C)O)C2(C)Cc2cnoc21,355.51362000000006,706.96,957.76,90446.60511178164,,1204.3862,1750669.6,,
82823-46-9,c1ccc2c(c1)OC1(O2)Oc2cc3ccccc3cc2O1,278.2589,578.27,797.76,167602.90506431242,,1073.4086,3415859.4,,
1-naphthyl isothiocyanate,S=C=Nc1cccc2ccccc12,185.24498,331.15,,,,,,,4.34
menogaril,CO[C@H]1C[C@](C)(O)Cc2cc3c(c(O)c21)C(=O)c1c(O)cc2c(c1C3=O)OC1OC2(C)[C@H](O)[C@@H](N(C)C)[C@@H]1O,541.5464400000001,521.15,1603.36,144212.9321356078,,2083.2857,2083124.6,,
nogalamycin,COC(=O)C1c2cc3c(c(O)c2C(OC2OC(C)C(OC)C(C)(OC)C2OC)CC1(C)O)C(=O)c1c(O)cc2c(c1C3=O)OC1OC2(C)C(O)C(N(C)C)C1O,787.8034600000001,468.65,2003.91,143934.3767289369,,3267.8228,966268.63,,
medorubicin [inn],CC1OC(OC2CC(O)(C(=O)CO)Cc3c(O)c4c(c(O)c32)C(=O)c2ccccc2C4=O)CC(N)C1O,513.49328,1264.47,1636.21,143049.5838231807,,2116.2439,2595131.7,,
salicylidene p-aminoacetophenone,CC(=O)c1ccc(N/C=C2\C=CC=CC2=O)cc1,239.26922,492.06,775.5,117010.45374745651,,1028.8488,2793558.3,,
trichodermin,CC(=O)O[C@@H]1C[C@H]2O[C@@H]3C=C(C)CC[C@]3(C)[C@]1(C)[C@]21CO1,292.37006,332.15,731.7,111276.7839497656,,967.9271,2060492.3,,
ostreogrycin b,CCC1N=C(O)C(N=C(O)c2ncccc2O)C(C)OC(=O)C(c2ccccc2)N=C(O)C2CC(=O)CCN2C(=O)C(Cc2ccc(N(C)C)cc2)N(C)C(=O)C2CCCN2C1=O,866.95786,1760.75,2217.36,135924.7149567339,,3204.0181,807535.21,,
etruscomicina,CCCCC1C/C=C/C=C/C=C/C=C/C(O[C@@H]2OC(C)[C@@H](O)C(N)C2O)CC2OC(O)(CC(O)CC3OC3/C=C/C(=O)O1)CC(O)C2C(=O)O,707.80492,1174.37,1925.41,162943.2019206648,189692.0906239256,3207.8988,981463.68,,
maytansine,COc1cc2cc(c1Cl)N(C)C(=O)C[C@H](OC(=O)[C@H](C)N(C)C(C)=O)[C@]1(C)O[C@H]1[C@H](C)[C@@H]1C[C@@](O)(N=C(O)O1)[C@H](OC)/C=C/C=C(\C)C2,692.1961399999999,444.65,1571.14,128047.52132827556,,2033.4059,844069.62,,
13965-03-2,[Cl-].[Cl-].[Pd+2].c1ccc(P(c2ccccc2)c2ccccc2)cc1.c1ccc(P(c2ccccc2)c2ccccc2)cc1,701.896922,570.65,,,,,,,
brn 0833217,Cc1cc(OCCN2CCCCC2C)n(Cc2ccccc2)n1,313.43718,545.14,801.24,133806.71686747565,,1028.4272,1856306.6,,
"2,6-diethylnaphthalene",CCc1ccc2cc(CC)ccc2c1,184.27684,331.7,575.54,121002.72611577234,276010.5083918579,807,2580000,,
ammonium dihydrogen phosphate,N.O=P(O)(O)O,115.025701,463.15,,,,,,,
quinomycin a,CSC1SCC2C(=O)N(C)C(C(C)C)C(=O)OCC(N=C(O)c3cnc4ccccc4n3)C(O)=NC(C)C(=O)N(C)C1C(=O)N(C)C(C(C)C)C(=O)OCC(N=C(O)c1cnc3ccccc3n1)C(O)=NC(C)C(=O)N2C,1101.25706,2174.32,2721.43,139119.19892708794,,5360.6253,582599.53,,
brn 5970376,COC1=CC(=O)c2c(nc(C)c3c4c([nH]c23)CCCC4)C1=O,296.32053999999994,791.67,951.5,119721.70407086868,,1222.7646,2673542.3,,
67801-59-6,COC(=O)c1ccc2c(c1)c(=O)oc1c(C(=O)OC)cccc12,312.27358,544,835.1,137004.8661,,1062.2232,2173428.7,,
"1,1-dichloro-1-fluoroethane",CC(F)(Cl)Cl,116.9496232,169.65,305.1953925,42719.24836778781,222704.83716042087,477.5,4212000,,
o-chloranil,O=C1C(=O)C(Cl)=C(Cl)C(Cl)=C1Cl,245.875,403.65,664.7,76282.66395526181,274228.05415162345,935.92827,3801003.8,,
"1,3-bis(1,1-dimethylethyl) 2-(3-cyanophenyl)imidodicarbonate",CC(C)(C)OC(=O)N(C(=O)OC(C)(C)C)c1cccc(C#N)c1,318.36758,333.5,844.72,100120.11901463084,,1067.8086,1583488.9,,
"6h-pyrido[4,3-b]carbazole-5-methanol,11-methyl-, methylcarbamate (ester) (9ci)",CNC(=O)O.Cc1c2cnccc2c(CO)c2[nH]c3ccccc3c12,337.37246,899.16,1125.94,178082.1113851439,,1384.4468,2589851.7,,
4-amino-4'-hydroxyazobenzene,Nc1ccc(NN=C2C=CC(=O)C=C2)cc1,213.23524,460.65,483.15,,353678.07104593085,1069.9157,3202778.5,,
(e)-2-(2-methylphenylethenyl)pyridine,Cc1ccccc1/C=C/c1ccccn1,195.25972,379.36,636.12,128285.54706521142,,894.94675,2884301.4,,
2-nitrobenzaldehyde,O=Cc1ccccc1[N+](=O)[O-],151.1195,318.15,426.15,,595569.9964841065,613.04049,2683471,,1.74
3-cyano-2-hydroxy-5-methylbenzoic acid,Cc1cc(C#N)c(O)c(C(=O)O)c1,177.15678,486.65,770.37,167992.44149729973,,1016.0594,4067315.7,,
7-aca,CC(=O)OCC1=C(C(=O)O)N2C(=O)C(N)C2SC1,272.27768,730.95,859.62,154867.63365987255,396794.2675096684,1099.909,3423859,,
bropirimine,N=c1nc(O)c(Br)c(-c2ccccc2)[nH]1,266.09402,520.15,801.32,121979.4417025982,,1099.6328,5138680.1,,
potassium hydrosulfide,[K+].[SH-],72.17124,723.15,,,,,,,
skf 83959 hydrobromide,Br.Cc1cccc(C2CN(C)CCc3c2cc(O)c(O)c3Cl)c1,398.72184,726.7,968.72,119664.87714844014,,1236.2856,2707031,,
94350-18-2,CC(C)(c1ccc(O)cc1)c1ccc(O)cc1.N#CCl,289.75674000000004,610.95,917.96,109640.24512423766,,1192.3922,2698600.1,,
trans-4'-hydroxy-aas,CC(O)=Nc1ccc(/C=C/c2ccc(O)cc2)cc1,253.2958,544.67,812.84,148332.50294714718,,1062.9731,2986055.1,,
"benzeneacetic acid, 2-amino-3-benzoyl-, methyl ester",COC(=O)Cc1cccc(C(=O)c2ccccc2)c1N,269.2952,326.15,813.62,132438.30562148898,,1056.6211,2507516.9,,
tai-248,ON=C(O)C1(c2ccc(C3CCCCC3)c(Cl)c2)CC1,293.7885,564.09,862.5,99098.50113261752,,1097.8115,2651560.5,,
4-methoxy-3-nitrobenzaldehyde,COc1ccc(C=O)cc1[N+](=O)[O-],181.14548,359.15,,,,,,,
"mercury, diphenyl-",[Hg].[c]1ccccc1.[c]1ccccc1,354.7978,398.15,,,,,,,
digallic acid,O=C(O)c1cc(O)c(O)c(OC(=O)c2cc(O)c(O)c(O)c2)c1,322.2238,542.15,1185.09,195938.35092255755,,1464.8017,8637249.3,,
thietane,C1CSC1,74.14474,199.95,368.15,111268.85062918828,426315.9367809064,603.15,6099765,271.15,
"thiirene, dimethyl-",CC1=C(C)S1,86.15544,266.27,359.48,84510.04370704856,365539.4685259426,564.15585,4829235.8,,
2-methyltetrahydrothiophene,CC1CCCS1,102.1979,172.45,407.15,61625.53242287757,335522.259,631.2,4300233,299.088908,
ethynethiol,C#CS,58.10227999999999,195.73,298.34,136879.31007182508,440108.41870624176,504.40756,6967650.6,,
2-ethyltetrahydrothiophene,CCC1CCCS1,116.22448,251.73,430.15,76472.70179225582,313637.3906774028,657.8,3810000,,
2-propyne-1-thiol,C#CCS,72.12886,207,321.22,146168.95373086445,383682.5854267522,527.40928,5972160.2,,
"1,3-dithietane",C1SCS1,92.18316,378.65,356.7,34865.370204275925,341122.2779,588.22505,6567040.3,,
"1,3,7,9-tetrachlorooxanthrene",Clc1cc(Cl)c2c(c1)Oc1cc(Cl)cc(Cl)c1O2,321.97096000000005,492.15,768.16,138192.5873066316,,1035.4032,2999151.8,,
pyrethrin i,C=CC=CCC1=C(C)C(OC(=O)C2C(C=C(C)C)C2(C)C)CC1=O,328.44522,481.16,833.04,122385.7055980294,225794.3129,1053.9907,1324239.5,,5.9
thiodiacetic acid,O=C(O)CSCC(=O)O,150.15304,402.15,650.92,203339.20645229693,534285.7520115487,877.95932,5051400.5,,
"benzonitrile, 4-amino-2,5-dimethoxy-, monohydrochloride",COc1cc(C#N)c(OC)cc1N.Cl,214.64884,461.43,704.72,109639.5396313346,,942.39737,2738284.9,,
rhodizonic acid,O=c1c(O)c(O)c(=O)c(=O)c1=O,170.07648,521.15,792.78,75777.67367,,1083.9702,8541722.9,,
"acrylamide, acrylic acid, glyoxal polymer",C=CC(=N)O.C=CC(=O)O.O=CC=O,201.17664,488.71,748.03,142685.55235836527,444448.1614636776,971.76961,3376278.5,,
5-hydroxy-2-nitrobenzoic acid,O=C(O)c1cc(O)ccc1[N+](=O)[O-],183.1183,444.9,769.39,190177.6064980944,,1032.9115,5704584.7,,
"3-(2-(1,3-dioxo-2-methylindanyl))glutarimide",CC1(C2CCC(O)=NC2=O)C(=O)c2ccccc2C1=O,271.26802,724.88,920.82,72105.80886,,1215.9728,3096733.6,,
"2,4,6-triaminopyrimidine",N=c1cc(N)[nH]c(=N)[nH]1,125.13188,523.15,652.75,201755.14025682345,,932.25495,7859262.6,,
"1,3-dinitro-1,3-diazacyclohexane",O=[N+]([O-])N1CCCN([N+](=O)[O-])C1,176.13072,353.79028,635.36,169442.33237677108,408328.69389028585,890.39298,5146055.3,,
"ethene, 1,2-bis(ethylthio)-",CCS/C=C/SCC,148.28948,221.1,478.6,133239.39095342436,288760.47621433594,701.56342,3427869.4,,
anilazine,Clc1nc(Cl)[nH]c(=Nc2ccccc2Cl)n1,275.5218,432.9,797.38,141858.10342412107,,1089.7377,4109138.7,,3.88
unii-6uop1jug3a,C/C1=C\C(=O)O[C@@H]2CCN3CC=C(COC(=O)[C@](C)(O)[C@H](C)C1)[C@H]23,335.3948,556.53,873.65,121251.1344838978,286053.6589427709,1087.8872,1887075.9,,
bis(4-nitrophenyl)amine,O=[N+]([O-])c1ccc(Nc2ccc([N+](=O)[O-])cc2)cc1,259.21756,483.15,891.33,161875.60750128195,286087.5258573794,926,2620000,,
azure a,CN(C)c1ccc2nc3ccc(=N)cc-3sc2c1.Cl,291.79906,660.81,824.55,129695.41437179408,,1098.4416,2969804.5,,
bromacil,CCC(C)n1c(O)nc(C)c(Br)c1=O,261.11572,431.15,696.94,98680.38584578516,,941.21993,3488880.4,,2.11
57855-22-8,CCCCC=CBr,163.05554,212.1,407.2,102928.11884833842,223770.8484878846,600.61168,3572795.2,,
"2-buten-1-ol, 2-chloro-",CC=C(Cl)CO,106.55078,206.54,432.15,124757.4161352925,439488.2219028221,605.94678,4504301.6,,
"cyanotrimethylcyclododeca-1,5-diene",C/C1=C\C[C@H](C)/C=C(\C#N)CCCCC[C@H]1C,231.3764,343.65,716.54,89352.24162879187,263710.21403101145,957.19793,1714611.5,,
"2,3-dihydro-4-nitro-2,3-dioxo-9,10-secostrychnidin-10-oic acid",O=C(O)C[C@@H]1OCC=C2CN3CC[C@]45C6=CC(=O)C(=O)C([N+](=O)[O-])=C6N[C@H]4[C@H]1[C@H]2C[C@H]35,427.40734,573.15,1271.9,162800.19898581997,368866.788,1563.0569,2265415.6,,
cartap hydrochloride,CN(C)C(CSC(=N)O)CSC(=N)O.Cl,273.80384000000004,534.85,800.25,137876.07945892942,344841.7675063348,1044.0371,3368444.9,,
chloranilic acid,O=C1C(O)=C(Cl)C(=O)C(O)=C1Cl,208.98368,556.4,774.2,88705.49126132719,529381.9547677693,996.28643,5374910.8,,
2-chlorostyrene,C=Cc1ccccc1Cl,138.59418,210.1,461.75,94123.72150114816,271285.5709029484,671.77398,3607210.8,332.03889,
chloroxuron,CN(C)C(=O)Nc1ccc(Oc2ccc(Cl)cc2)cc1,290.74480000000005,424.15,782.45,127307.5219,,1018.1599,2485067.2,,3.7
chlorthiamid,N=C(S)c1c(Cl)cccc1Cl,206.0923,424.4,,,,,,,
cyclodecane,C1CCCCCCCCC1,140.2658,283.15,475.45,28659.872898454218,280361.0258164412,709,3040000,,
cyclododecane,C1CCCCCCCCCCC1,168.31896,333.85,517.15,29705.50673554542,245121.87528850857,747.23,2546000,,
demeton-s,CCOP(=O)(OCC)SCCSCC,258.338421,369.15,557.95,,191174.4666,750.46301,1961124.9,318.15,
"aluminum, chlorodiethyl-",[Al+].[CH2]C.[CH2]C.[Cl-],120.556738,199.15,481.15,,296880.41423611104,723.15,3000000,,
diheptyl phthalate,CCCCCCCOC(=O)c1ccccc1C(=O)OCCCCCCC,362.50296,461.3,633.15,152070.48240378505,204175.8518317415,830,1240000,,
3-(p-methyl)acrylonitrile,CC(C)[C@H]1CC[C@H](C)[C@H](/C=C/C#N)C1,191.31254,280.08,613.05,112841.53145423716,274157.06292856706,831.37259,1903578.4,,
n-(8-bromooctyl)phthalimide,O=C1c2ccccc2C(=O)N1CCCCCCCCBr,338.2395,563.43,818.72,110389.2360294998,,1045.1471,2137405.7,,
xenagol,Br.C[C@H]1[C@@H]2Cc3ccc(O)cc3[C@]1(C)CCN2CCc1ccccc1,402.3678200000001,646.22,930.27,109051.9614615304,,1186.4456,1938946.1,,
tetracosylbenzene,CCCCCCCCCCCCCCCCCCCCCCCCc1ccccc1,414.74976,454.28,727.15,162741.50466054518,,890.74,705000,,
cft 1201,C=CCC(CC=C)(C(=O)OCCN(CC)CC)c1ccccc1,315.44976,415.28,744.67,123674.21043528452,,943.31759,1370726.6,,
nafoxidine,COc1ccc2c(c1)CCC(c1ccccc1)=C2c1ccc(OCCN2CCCC2)cc1,425.5619400000001,673.46,1055.86,111830.95931934136,,1311.1502,1363649.3,,
2-hydroxy-4-tridecyloxybenzophenone,CCCCCCCCCCCCCOc1ccc(C(=O)c2ccccc2)c(O)c1,396.56224,632.02,1009.73,149683.94368561162,,1238.6191,1212358.7,,
norethisterone enanthate,C#C[C@]1(OC(=O)CCCCCC)CC[C@H]2[C@@H]3CCC4=CC(=O)CC[C@@H]4[C@H]3CC[C@@]21C,410.58882,342.65,977.11,109498.84120079062,209648.62008474377,1217.3261,1163247.3,,
4-cyano-4'-decylbiphenyl,CCCCCCCCCCc1ccc(-c2ccc(C#N)cc2)cc1,319.48306,318,891.24,138148.16973394458,,1112.7211,1258374.3,,
cafestol,C[C@@]12CCc3occc3[C@H]1CC[C@@]13C[C@@H](CC[C@H]12)[C@@](O)(CO)C3,316.43452,427.15,923.62,94265.94797558748,,1150.1444,2336033.2,,
epitiostanol,CC12CCC3C(CCC4CC5SC5CC43C)C1CCC2O,306.5059,400.15,802.64,93877.47511548718,259046.69710587664,1035.6832,1935535.4,,
silandrone,C[C@]12CC[C@H]3[C@@H](CCC4=CC(=O)CC[C@@]43C)[C@@H]1CC[C@@H]2O[Si](C)(C)C,360.6055400000001,406.65,,,,,,,
thiomesterone,CC(=O)S[C@H]1CC(=O)C=C2C[C@@H](SC(C)=O)[C@@H]3[C@H](CC[C@@]4(C)[C@H]3CC[C@]4(C)O)[C@]21C,450.65436,478.65,1188.51,91500.27973,276928.62590340234,1460.2057,1518751.4,,
"1,2-diphenyl-4,5,6,7-tetrahydroindole",c1ccc(-c2cc3c(n2-c2ccccc2)CCCC3)cc1,273.37156000000004,476.87,767.62,109243.25851599193,,1027.3795,2322543.2,,
raupin,C/C=C1/CN2[C@H]3C[C@@H]1[C@@H](CO)[C@@H]2Cc1c3[nH]c2ccc(O)cc12,310.39018000000004,593.15,938.22,182051.50691300863,,1169.0488,2679080.5,,
dodecanedioic acid,O=C(O)CCCCCCCCCCC(=O)O,230.30068,402.15,621.15,204610.7723173028,228715.4494368812,859,2100000,,
753-65-1,FC(Cl)(Br)I,273.2705732,251.82,415.25,28909.07684457552,136560.33721264708,660.84367,5653230.8,,
"2,5-diaminopyrimidine",N=c1ncc(N)c[nH]1,110.11724,483.38,575.24,185602.18182003108,,847.81555,7305135.5,,
chlorproguanil,CC(C)NC(=N)NC(=N)Nc1ccc(Cl)c(Cl)c1,288.1763,393.65,910.69,,,1170.4976,2241879,,
sophoricoside,O=c1c(-c2ccc(O[C@@H]3O[C@H](CO)[C@@H](O)[C@H](O)[C@H]3O)cc2)coc2cc(O)cc(O)c12,432.3775,547.15,1438.19,171007.9733566155,,1820.7761,3655350.2,,
atomic oxygen,[O],15.9994,391.4,,,,,,,
"2-butene, 2,3-dichloro-, (e)-",C/C(Cl)=C(/C)Cl,124.99644,161.68,375.15,96738.75512,312927.1672,640,3798000,,
calcium bromate,[Ca+2].[O-][Br+2]([O-])[O-].[O-][Br+2]([O-])[O-],295.8824,453.15,,,,,,,
5-hydroxyflavone,O=c1cc(-c2ccccc2)oc2cccc(O)c12,238.2381,429.65,796.35,131666.5974082231,,1074.4335,3777677.6,,4.3
rhamnetin,COc1cc(O)c2c(=O)c(O)c(-c3ccc(O)c(O)c3)oc2c1,316.26228000000003,568.15,1088.49,164755.6578672613,,1369.1854,5845000,,
nobiletin,COc1ccc(-c2cc(=O)c3c(OC)c(OC)c(OC)c(OC)c3o2)cc1OC,402.39458,410.15,1017.41,114114.36008904492,,1256.2158,1545132.7,,
tectochrysin,COc1cc(O)c2c(=O)cc(-c3ccccc3)oc2c1,268.26408,438.15,846.63,129562.63097169028,,1113.7491,3246726.9,,
"1-benzopyrylium, 2-(2,4-dihydroxyphenyl)-7-hydroxy-3-methoxy-, chloride",COc1cc2ccc(O)cc2[o+]c1-c1ccc(O)cc1[O-].Cl,320.72442,777.79,977.76,155706.88381009465,,1250.8923,4135606.5,,
cesium sulfate,O=S(=O)([O-])[O-].[Cs+].[Cs+],361.8735,1278.15,,98653.25866635716,,,,,
pelargonidin chloride,Cl.[O-]c1cc2c(O)cc(O)cc2[o+]c1-c1ccc(O)cc1,306.69784000000004,623.15,1008.1,170633.7416657385,,1294.0703,6122633.9,,
taxifolin,O=C1c2c(O)cc(O)cc2O[C@H](c2ccc(O)c(O)c2)[C@H]1O,304.25158,273.387,1116.91,177859.38860202467,,1387.4821,7243096.4,,0.95
trinitromethane,O=[N+]([O-])C([N+](=O)[O-])[N+](=O)[O-],151.03513999999998,288.15,319.15,191385.92515622525,299526.6398212077,961.64921,6200012.4,,
"(2r,3r)-2-(3,4-dihydroxyphenyl)-2,3-dihydro-3,5,7,8-tetrahydroxy-4h-1-benzopyran-4-one",O=C1c2c(O)cc(O)c(O)c2O[C@H](c2ccc(O)c(O)c2)[C@H]1O,320.25098,1048.56,997.75,187031.43390849265,,1477.2862,9499599.1,,
rugulosin,Cc1cc(O)c2c(c1)C(=O)C13C(=C2O)C(=O)C2C(O)C1C1C(O)C3C(=O)C3=C(O)c4c(O)cc(C)cc4C(=O)C321,542.48968,566.15,1801.8,127899.2072,,2458.5193,2701406,,
iso-rubijervine,C[C@H]1CC[C@@H]2[C@@H](C)[C@H]3[C@H](C[C@H]4[C@@H]5CC=C6C[C@@H](O)CC[C@]6(C)[C@H]5CC[C@]34CO)N2C1,413.63582,515.65,1057.22,117941.91325112994,252605.8730876319,1294.7147,1296726.1,,
(±)-naringenin,O=C1CC(c2ccc(O)cc2)Oc2cc(O)cc(O)c21,272.25278000000003,521.15,948.78,158573.2200787812,,1231.3211,5228241.5,,
rubratoxin b,CCCCCC[C@@H](O)[C@@H]1C2=C(C[C@H]([C@H](O)[C@@H]3CC=CC(=O)O3)CC3=C(C(=O)OC3=O)[C@@H]1O)C(=O)OC2=O,518.5098,443.65,,,,,,,
"1-chloro-2,4-dinitrobenzene",O=[N+]([O-])c1ccc(Cl)c([N+](=O)[O-])c1,202.55202,326.15,588.15,155406.99125093888,301061.61965376907,813.77,3490000,433.7014306,2.17
cyanidin chloride,Cl.[O-]c1cc2c(O)cc(O)cc2[o+]c1-c1ccc(O)c(O)c1,322.69724,955.21,1088.72,180094.50592140172,,1378.455,7845346.3,,
chaconine,C[C@H]1CC[C@@H]2[C@@H](C)[C@H]3[C@H](CC4[C@@H]5CC=C6CC(O[C@@H]7O[C@H](CO)C(O[C@@H]8O[C@@H](C)[C@H](O)[C@@H](O)[C@H]8O)[C@H](O)[C@H]7O[C@@H]7O[C@@H](C)[C@H](O)[C@@H](O)[C@H]7O)CC[C@]6(C)[C@H]5CC[C@@]43C)N2C1,852.05942,516.15,2172.86,159367.99337304433,435741.0564001769,7822.8921,688167.59,,
"2,3,3',4,4'5,7-hetahydroxyflavan",Oc1cc(O)c2c(c1)OC(O)(c1ccc(O)c(O)c1)C(O)C2O,322.26686,1009.92,1229.02,178588.01863772154,,1505.0966,9725772.1,,
dimethyldioctadecylammonium bromide,CCCCCCCCCCCCCCCCCC[N+](C)(C)CCCCCCCCCCCCCCCCCC.[Br-],630.9525,431.65,,,,,,,
2-(1-hydroxyethyl)acrylonitrile,C=C(C#N)C(C)O,97.11518,241.2,504.38,84301.95979660441,560958.6730584471,697.04434,4026128,,
trans-2-benzoylcyclohexane-1-carboxylic acid,O=C(O)[C@@H]1CCCC[C@H]1C(=O)c1ccccc1,232.27504,487.63,760.86,132192.42153612373,,1005.8461,2749784.2,,
2-[4-(phenylmethoxy)phenoxy]acetic acid,O=C(O)COc1ccc(OCc2ccccc2)cc1,258.26926000000003,413.15,791.49,134812.7918901382,,1027.3058,2613739.5,,
methysticin,COC1=CC(=O)O[C@@H](/C=C/c2ccc3c(c2)OCO3)C1,274.26866,410.15,744.7,158669.24059059462,,978.3784,2510030.1,,
diethylene glycol dibenzoate,O=C(OCCOCCOC(=O)c1ccccc1)c1ccccc1,314.33252,306.65,803.66,128475.41196182946,,1026.114,1905240.6,,
caffeic acid phenethyl ester,O=C(/C=C/c1ccc(O)c(O)c1)OCCc1ccccc1,284.30654,427.15,865.54,154780.11867050262,,1114.2289,2976288.8,,
bis(pinacolato)diboron,CC1(C)OB(B2OC(C)(C)C(C)(C)O2)OC1(C)C,253.93856,389.15,,,,,,,
2-[(2-cyanoethyl)(phenyl)amino]ethyl ethylcarbamate,CCN=C(O)OCCN(CCC#N)c1ccccc1,261.31956,466.41,769.51,153268.2819,,978.57713,1992984.7,,
3-acetyl-7-(diethylamino)-2h-chromen-2-one,CCN(CC)c1ccc2cc(C(C)=O)c(=O)oc2c1,259.30038,424.65,715.25,142132.45657410915,,925.34148,2200014.8,,
indisan,CC1C2CCC(C3(O)CCCCC3)(C2)C1(C)C,236.39292,433.86,686.54,44574.09299737065,283514.04945982114,909.61915,2261108.8,,
antirrhinin,C[C@@H]1O[C@@H](OC[C@H]2O[C@@H](Oc3cc4c(O)cc(O)cc4[o+]c3-c3ccc(O)c([O-])c3)[C@H](O)[C@@H](O)[C@@H]2O)[C@H](O)[C@H](O)[C@H]1O.Cl,630.97904,1434.61,1941.2,187207.48632157416,,3229.7029,3089852,,
"3-bromo-2,4,6-trimethylaniline",Cc1cc(C)c(Br)c(C)c1N,214.10228,309.15,590.81,102908.75930886866,,829.15833,3522087.9,,
primeverose,OC1O[C@H](CO[C@@H]2OC[C@@H](O)[C@H](O)[C@H]2O)[C@@H](O)[C@H](O)[C@H]1O,312.2705,483.15,1179.27,195903.8718034525,502022.51450078585,1527.2381,4528583.5,,
cythioate,COP(=S)(OC)Oc1ccc(S(N)(=O)=O)cc1,297.28834099999995,345.9801,,,,,,,
(methylthio)acetonitrile,CSCC#N,87.14349999999999,222.96,439.1,105136.92931773455,466680.0836953858,659.0498,4362628.7,,
"1,2-benzenedicarboxylic acid, 3-nitro-, 1,2-dimethyl ester",COC(=O)c1cccc([N+](=O)[O-])c1C(=O)OC,239.18156,341.15,733.32,146407.6076767791,,970.19681,2906110.8,,
brn 0759971,C=CCN(C(=O)Cn1nc(C)ccc1=O)C(C)Cc1ccccc1,325.40482000000003,597.36,880.76,127263.01964426956,,1114.2303,1896951.5,,
4173-73-3,CC1=NN(c2ccccc2)C(=O)C1=CNc1ccccc1,277.3205,427.15,852.51,132539.78699735506,,1118.0206,2761356.1,,
brn 0411786,CCOC(=O)C1(c2cccc(O)c2)CCN(C)C1,249.30556,498.8,709.13,116190.75001776936,,940.60847,2832346.9,,
dichloromethane,ClCCl,84.93258,178.1,312.95,54160.605977117375,333985.69817918283,508,6350000,,1.25
disuccinimidyl suberate,O=C(CCCCCCC(=O)ON1C(=O)CCC1=O)ON1C(=O)CCC1=O,368.3386,336.15,1009.64,108443.69827110165,317617.7959377755,1247.2452,2007296.9,,
"(1z,3z,5z)-7-bromocycloocta-1,3,5-triene",BrC1C=CC=CC=CC1,185.06106,242.34,474.37,70582.10949402321,227647.54307129045,720.31248,4140930.8,,
5-isopropyl-1h-pyrazole-3-carboxylic acid ethyl ester,CCOC(=O)c1cc(C(C)C)[nH]n1,182.21966,335.15,593.78,160081.5191950199,,815.96363,3127987.2,,
1-benzyl-1-phenylhydrazine hydrochloride,Cl.NN(Cc1ccccc1)c1ccccc1,234.7246,444.15,673.5,120315.46757348826,,927.65457,2884301.4,,
51228-92-3,CC(=O)OCCN(CCC#N)c1cccc(C)c1,246.30492,426.27,724.32,140330.12414043536,,933.74023,1944079,,
plumericin,C/C=C1/C(=O)O[C@]23C=C[C@@H]4C(C(=O)OC)=CO[C@H](O[C@@H]12)[C@@H]43,290.26806,485.15,745.61,168785.36343268357,269451.06161683844,970.00027,2384185.8,,
trp-p-1 acetate,CC(=O)O.Cc1c(=N)[nH]c(C)c2c1[nH]c1ccccc12,271.31438,791.16,945.62,179537.11115496347,,1206.8615,2847480.9,,
1-(4-pyridyl)piperazine,c1cc(N2CCNCC2)ccn1,163.21962000000002,413.15,566.84,145325.66611783556,,822.27321,4362628.7,,
102408-25-3,CN1c2c(ccc3ncccc23)NC1N,200.23978,611.65,696.59,188319.22408224776,,954.75059,4205631.8,,
"2-azapentalene, 1,3-bis(dimethylamino)-5-methyl-",CC1=CC2=C(N(C)C)N=C(N(C)C)C2=C1,203.28348,464.44,605.64,151940.5315178587,292381.4291970398,821.3237,2690208.5,,
"2-amino-5-methyl-4h-[1,2,4]triazolo[1,5-a]pyrimidin-7-one",Cc1cc(=O)n2[nH]c(=N)[nH]c2n1,165.15268,666.6,689.4,189624.53409778152,,963.02003,6524672.4,,
4′-methoxychalcone,COc1ccc(C(=O)C=Cc2ccccc2)cc1,238.28116,379.15,704.47,116996.24091136706,,947.74591,2477651,,
thioanisole,CSc1ccccc1,124.20342,258.15,467.45,97074.62161669944,332128.3903845018,706,4100000,345.15,2.74
"2,3-dichloro-5,6-dicyano-1,4-benzoquinone",N#CC1=C(C#N)C(=O)C(Cl)=C(Cl)C1=O,227.0038,487.9,839.76,81734.31457975594,407783.7420635293,1112.039,3121001.2,,
"2,3-pyridinedicarboxylic anhydride",O=C1OC(=O)c2ncccc21,149.10361999999998,409.15,,,,,,,
"phorbol 12,13-dibutyrate",CCCC(=O)O[C@@H]1[C@@H](C)[C@@]2(O)[C@@H](C=C(CO)C[C@]3(O)C(=O)C(C)=C[C@@H]23)[C@@H]2C(C)(C)[C@]12OC(=O)CCC,504.6124,902.82,1326.7,112674.59935586204,215571.1527281625,1688.5052,1162454.3,,
bay k 8644,COC(=O)C1=C(C)NC(C)=C([N+](=O)[O-])C1c1ccccc1C(F)(F)F,356.2965096,663.16,888.32,142344.92517745396,,1124.8642,1898605,,
benzalazine,C(=N/N=C/c1ccccc1)\c1ccccc1,208.25848,366.15,726.64,,,995.77615,2246131,,
"butanedioic acid, methoxy-, dimethyl ester",COC(=O)CC(OC)C(=O)OC,176.16718,260.54,498.18,115169.01161726036,276247.1488057161,680.94528,2802438.5,,
cyclononane,C1CCCCCCCC1,126.23922,284.15,446.15,27962.78367372676,301759.7420421543,682,3344000,,
triacontane,CCCCCCCCCCCCCCCCCCCCCCCCCCCCCC,422.81328,339.15,724.15,161537.02646236654,156812.78109848345,843,600000,,
3-(1-naphthyl)acrylic acid,O=C(O)/C=C/c1cccc2ccccc12,198.2173,484.15,697.35,153578.92575471467,,942.47827,3213681.5,,
2-aminoethyl hydrogen sulfate,NCCOS(=O)(=O)O,141.14628,435.65,,,,,,,
ctk2i5820,CCN1C(=O)C(C)c2ccccc21,175.22702,374.82,556.15,117927.01833313148,294791.64981030923,789.34296,3018959.1,,
35503-54-9,O=c1nc(CO)nc(CCO)n1CO,201.17994,636.58,852.19,166452.97736941365,,1054.6559,5704584.7,,
cyclorphan,Oc1ccc2c(c1)[C@@]13CCCC[C@H]1[C@@H](C2)N(CC1CC1)CC3,297.43448,461.15,813.39,114828.6506661904,,1061.2422,2300318,,
tiamulin,C=C[C@]1(C)C[C@@H](OC(=O)CSCCN(CC)CC)C2(C)[C@H](C)CCC3(CCC(=O)[C@H]32)[C@@H](C)[C@@H]1O,493.74208,728.52,1155.3,106290.31254536782,198117.1469054845,1415.3929,957320.36,,
diethyl dibenzylpropanedioate,CCOC(=O)C(Cc1ccccc1)(Cc1ccccc1)C(=O)OCC,340.41286,466.35,846.65,116188.32496516145,,1072.3669,1546348.2,,
"3,3',4,4',5-pentamethoxybenzophenone",COc1ccc(C(=O)c2cc(OC)c(OC)c(OC)c2)cc1OC,332.3478,569.14,855.67,108476.72227708442,,1076.8088,1763929.4,,
ambazone,N=C(S)N=Nc1ccc(NNC(=N)N)cc1,237.28484,466.15,433.15,,172719.11223165676,563.25699,1837564.2,,1.23
diofenolan,CCC1OCC(COc2ccc(Oc3ccccc3)cc2)O1,300.349,462.24,523.15,144528.5318079967,156238.63318753123,1017.6796,2058623,,4.35
potassium amide,[K+].[NH2-],55.12088000000001,608.15,,,,,,,
potassium azide,[K+].[N]N=[N-],81.11840000000001,627.15,,,,,,,
phenylmethanimine,N=Cc1ccccc1,105.13718,277.81,470.9,,,,,,
chebi:73832,CC(C)[C@H](N=C(O)[C@@H](N)CC(=O)O)C(=O)O,232.23374,653.24,871.79,175159.73346508565,497725.9457907628,1092.1186,3276530.3,,
13750-57-7,CCC=CCN1CCCC1,139.23798,237.24,437.8,123910.1572717444,277761.1822830546,629.22926,2940885.8,,
kasugamycin,CC1OC(OC2C(O)C(O)C(O)C(O)C2O)C(N)CC1N=C(N)C(=O)O,379.363,476.15,1399.06,,408322.27247328166,1826.6616,2832346.9,,
"guanidine, n-cyano-n',n''-bis(methoxymethyl)-",COCNC(=NC#N)NCOC,172.18508,395,660.7,,408959.3774825837,868.66793,2693001.3,,
2-methyl-1-dodecanol,CCCCCCCCCCC(C)CO,200.36082,282.09,588.78,149684.95337561506,434465.0056006817,682.5,1826000,,
"benzene, 1-methyl-3,5-bis(1-methylethyl)-",Cc1cc(C(C)C)cc(C(C)C)c1,176.29789999999997,212,489.65,88730.49537,249756.72139656608,681.4,2239000,,
histamine dihydrochloride,Cl.Cl.NCCc1cnc[nH]1,184.06694,524.45,588.29,155269.59920124713,,844.93055,4051796.5,,
octadecyltrimethoxysilane,CCCCCCCCCCCCCCCCCC[Si](OC)(OC)OC,374.67364,288.15,,,,,,,
carbonyl dibromide,O=C(Br)Br,187.8181,410.15,337.15,55985.01954816921,168664.3743504983,532.92,6227000,,
1-(4-chlorophenyl)pyrrolidine,Clc1ccc(N2CCCC2)cc1,181.66198,322.45,525.61,96277.71315,,759.87864,3407887.7,,
medronic acid,O=P(O)(O)CP(=O)(O)O,176.002262,474.4,,,,,,,
72214-40-5,CC1CCC2C(C)(C)C2(/C=C/C#N)C1,189.29666,367.86,612.17,78448.29380507824,282100.6145516705,843.67158,2204148.2,,
dithizone,SC(N=Nc1ccccc1)=NNc1ccccc1,256.32618,441.15,,,,,,,
1-[4-(dimethylamino)phenyl]-3-methylurea,CN=C(O)Nc1ccc(N(C)C)cc1,193.2456,429.12,626.71,155894.8819533278,,839.3802,3173973.4,,
"7,8-dihydroxy-4-methylcoumarin",Cc1cc(=O)oc2c(O)c(O)ccc12,192.16812,511.15,690.8,162565.98649141178,,932.85823,5102040.8,,
tricaprylin,CCCCCCCC(=O)OCC(COC(=O)CCCCCCC)OC(=O)CCCCCCC,470.6823,283.15,720.15,159916.78463371153,112889.8251,850.7,593000,,
"n,n'-diallyl-6-chloroquinoxaline-2,3-diamine",C=CCNc1nc2ccc(Cl)cc2nc1NCC=C,274.7487,619.02,819.05,160219.13843450398,,1062.1308,2613739.5,,
n-butylcyclohexanamine,CCCCNC1CCCCC1,155.28044,481.45,480.15,119718.87766417972,,697.25034,2603082,,
"semicarbazide, 4-(p-methoxyphenyl)-1-(2-pyrrolylmethylene)-",COc1ccc(NC(O)=NN/C=C2/C=CC=N2)cc1,258.27586,603.91,834.11,162349.66752216022,,1075.6676,3265306.1,,
"naphthalene, 2-methyl-1-(2-methylphenyl)-",Cc1ccccc1-c1c(C)ccc2ccccc12,232.31964,415.72,408,113249.14243152236,270060.3062448205,950.99656,2302526.1,,
50274-95-8,O=[N+]([O-])c1ccc(CCl)c(Cl)c1,206.0261,322.15,623.1,130585.39670459228,,881.35413,3668646.4,,
p-terphenyl,c1ccc(-c2ccc(-c3ccccc3)cc2)cc1,230.30376,486.15,649.15,153275.83014710658,282123.3310747404,908,2990000,467.0255195,6.03
p-cyanophenyl p-octyloxybenzoate,CCCCCCCCOc1ccc(C(=O)Oc2ccc(C#N)cc2)cc1,351.43880000000007,545.13,949,134029.02582185002,,1175.8951,1336858.2,,
nortetrazepam,OC1=Nc2ccc(Cl)cc2C(C2=CCCCC2)=NC1,274.7454,480.65,839.39,115008.29495234496,,1126.5628,2953686.2,,
binapacryl,CCC(C)c1cc([N+](=O)[O-])cc([N+](=O)[O-])c1OC(=O)C=C(C)C,322.31322,343.15,949.92,154942.45008008048,,1199.2034,1927048.1,,
captafol,O=C1C2CC=CCC2C(=O)N1SC(Cl)(Cl)C(Cl)Cl,349.06096,433.65,812.49,77264.44114517991,238707.2532266516,1092.9889,2865802.5,,3.8
chlorobenzilate,CCOC(=O)C(O)(c1ccc(Cl)cc1)c1ccc(Cl)cc1,325.18656,309.65,430.15,104361.63167383056,291491.6961818955,1083.3584,2311390.5,,4.74
chlornaphazine,ClCCN(CCCl)c1ccc2ccccc2c1,268.1816,328.15,657.86,127160.10345228756,,883.50014,2318072.5,,
benzenehexacarbonitrile,N#Cc1c(C#N)c(C#N)c(C#N)c(C#N)c1C#N,228.1686,583.15,1138.22,122576.02492192177,,1410.4592,1950954.6,,
pentachlorobenzene,Clc1cc(Cl)c(Cl)c(Cl)c1Cl,250.33714000000003,359.15,552.15,98930.58617,203858.6949187548,791.17,3428000,,5.03
phosphamidon,CCN(CC)C(=O)/C(Cl)=C(\C)OP(=O)(OC)OC,299.68832100000003,228.15,435.15,,119480.10188172298,559.84609,1255077.8,,0.79
piperic acid,O=C(O)/C=C/C=C/c1ccc2c(c1)OCO2,218.2054,488.15,729.94,200123.3699990926,,970.74989,3337381.6,,
aurintricarboxylic acid,O=C(O)C1=CC(=C(c2ccc(O)c(C(=O)O)c2)c2ccc(O)c(C(=O)O)c2)C=CC1=O,422.34116,573.15,1465.91,173738.6903043028,,1796.8128,3195540.6,,
"7',10,11-trimethoxyemetan-6'-ol",CCC1CN2CCc3cc(OC)c(OC)cc3C2CC1CC1NCCc2cc(O)c(OC)cc21,466.61232,388.65,1151.46,144974.74048692072,,1411.0645,1283749.6,,
"cyclopent-4-ene-1,2,3-trione",O=c1ccc(=O)c1=O,110.06758,449.15,536.57,12010.802817687098,496424.9034374222,798.79838,5536068.6,,
"2-propenoic acid, polymer with ethene, compd. with morpholine",C1COCCN1.C=C.C=CC(=O)O,187.23618,429.33,639.43,142985.18587593487,338698.0427,875.34657,2950478.3,,
acefylline,Cn1c(=O)c2c(ncn2CC(=O)O)n(C)c1=O,238.2001,544.15,808.79,160470.1257472184,,1043.0697,4109138.7,,
"7,8,9,11-tetramethylbenz(c)acridine",Cc1cc(C)c2nc3c(ccc4ccccc43)c(C)c2c1C,285.38226000000003,427.15,847.28,133322.93324749757,,1100.8921,1963075,,
n-hexylethylenediamine,CCCCCCNCCN,144.2578,315.84,505.34,185584.41900541945,328937.3053015194,715,3150000,,
"2,3,4,5,6-penta-o-acetyl-d-glucose",CC(=O)OC[C@@H](OC(C)=O)[C@@H](OC(C)=O)[C@H](OC(C)=O)[C@H](C=O)OC(C)=O,390.33928,403.65,903.68,121017.79764516652,,1109.6329,1453461.1,,0.63
"1,1,2-tribromopropane",CC(Br)C(Br)Br,280.7838,272.97,472.15,43930.597135589735,172409.88567668234,718.16,6075000,,
2-nitroacetic acid,O=C(O)C[N+](=O)[O-],105.04952,361.15,542.71,213613.5414992853,,774.56791,5836072.9,,
"2,4,6-tribromophenol",Oc1c(Br)cc(Br)cc1Br,330.79942,362.15,559.15,79193.00463102384,211975.2603463577,935.27879,7735334,,4.13
cgs-12066b,CN1CCN(c2nc3cc(C(F)(F)F)ccc3n3cccc23)CC1,334.3388896,596.29,756.74,122797.56043073253,,978.54226,2315841.9,,
pyromellitic acid,O=C(O)c1cc(C(=O)O)c(C(=O)O)cc1C(=O)O,254.14984,552.4,722,216809.10757213147,398893.3092259822,883,3140000,,
"2,2-dibromo-2-cyanoacetamide",N#CC(Br)(Br)C(=N)O,241.86878,397.15,625.81,61950.94712099677,302302.1048515308,890.15488,6359235.8,,0.82
fmoc-o-tert-butyl-l-serine,CC(C)(C)OC[C@H](N=C(O)OCC1c2ccccc2-c2ccccc21)C(=O)O,383.4376000000001,402.65,1037.13,136233.37930343812,,1277.5784,1598720.8,,
"9,10-anthracenedione, 1,7-dihydroxy-",O=C1c2ccc(O)cc2C(=O)c2c(O)cccc21,240.21092,711,887.26,121018.6447810116,,1170.6776,4931511.2,,
ac1nuxno,O=C1C=CC=C/C1=C\NCCCCCCCN/C=C1\C=CC=CC1=O,338.44334,615.19,974.42,137175.1029286025,299751.0353453677,1212.3891,1652455.5,,
alkaloid q,CC(=O)O[C@@H]1C[C@H]2[C@@H]3CC=C4C[C@@H](O)CC[C@]4(C)[C@H]3CC[C@]2(C)[C@H]1[C@H](C)[C@@H]1CC[C@H](C)CN1,457.68838,483.65,1110.76,115486.87340500102,216022.1734965848,1361.5782,1056884,,
"bis(2,4,6-trichlorophenyl) oxalate",O=C(Oc1c(Cl)cc(Cl)cc1Cl)C(=O)Oc1c(Cl)cc(Cl)cc1Cl,448.89716,639.68,944.18,115135.5023052496,,1201.5601,2062364.2,,
rufigallol,O=C1c2cc(O)c(O)c(O)c2C(=O)c2cc(O)c(O)c(O)c21,304.20852,1157.88,1209.74,171599.40162096708,,1508.6881,14586105,,
"1,2,5,6-tetrahydroxy-9,10-anthraquinone",O=C1c2ccc(O)c(O)c2C(=O)c2ccc(O)c(O)c21,272.20972,613.15,1048.5,149281.95804323224,,1338.2259,7887206.6,,
"2,5-dihydroxy-1,4-benzoquinone",O=C1C=C(O)C(=O)C=C1O,140.09356,484.15,689.38,77962.1847,698564.0638,903.80859,6298815.8,,
"3-oxabicyclo[3.2.0]hept-1(5)-ene-2,4-dione",O=C1OC(=O)C2=C1CC2,124.09416,508.15,,,,,,,
7416-48-0,CC(O)OC(=O)COO,136.10332,306.04,482.65,119952.98865597109,343716.44991441094,723.15914,4945393,,
uranium,[U],238.02891,1408.15,4404.15,38398.69703222184,,13712.6,842160000,,
ac1o5cct,O=C(O)c1ccccc1C(=O)O.O=C(OCCOCCOCCO)c1ccccc1,420.40986,827.86,1226.08,156023.93340631927,,1508.0718,1687947.2,,
diphenyl oxide,c1ccc(Oc2ccccc2)cc1,170.2072,300.65,531.15,101170.80828543092,278523.5413080942,767,3100000,388.15,4.21
tridecane,CCCCCCCCCCCCC,184.36142,268.15,508.55,154587.65722242757,252071.82178681955,675,1680000,363.15,
tetradecane,CCCCCCCCCCCCCC,198.388,279.05,526.65,227181.07950077625,241965.61693279195,693,1570000,380.6457317,7.2
nonadecane,CCCCCCCCCCCCCCCCCCC,268.5209,305.7,603.15,170564.00451510478,209837.9766764227,755,1160000,420.4876809,
ethanol,CCO,46.06844,159.05,351.5704417,107036.40062480952,849611.6169365061,514.71,6268000,285.15,-0.3
1-propanol,CCCO,60.09502,146.6,370.19,89358.48594442601,692309.7706679342,536.8,5169000,288.15,0.25
isopropanol,CC(C)O,60.09502,183.65,355.36,90024.09850267127,664868.0172381938,508.3,4764000,285.15,0.05
1-butanol,CCCCO,74.1216,183.35,390.75,126413.8928463498,581987.8130906415,563,4414000,308.15,0.84
2-methyl-1-propanol,CC(C)CO,74.1216,165.15,380.99,85265.29378750593,564050.4012463859,547.8,4295000,301.15,0.76
tert-butanol,CC(C)(C)O,74.1216,298.35,355.45,90392.00448991929,526739.2635423244,506.2,3972000,283.15,0.35
1-pentanol,CCCCCO,88.14818,194.7,410.75,119117.60401632795,497880.9278113591,588.1,3897000,315.15,1.51
1-hexanol,CCCCCCO,102.17476,226,430.05,150526.4118065949,444712.97259548417,610.3,3417000,333.15,2.03
1-octanol,CCCCCCCCO,130.22792,257.65,467.85,181988.6242520037,366905.3617,652.5,2777000,354.15,3.07
ethylene glycol,OCCO,62.06784,260.15,470.3134827,160469.57651498745,879091.8650347278,719,10508700,365.2623446,-1.36
"1,2-propanediol",CC(O)CO,76.09442,213.15,460.45,107484.88522548696,716333.7359706515,676,5900000,358.6524318,-0.92
benzyl alcohol,OCc1ccccc1,108.13782,258.15,478.45,82949.70251850833,449024.7378702165,715,4300000,,1.05
menthol,CC1CCC(C(C)C)C(O)C1,156.26520000000002,308.15,530.35,103657.11623573257,330818.0306163156,719.93802,2659771.8,,
d-sorbitol,OC[C@@H](O)[C@@H](O)[C@H](O)[C@@H](O)CO,182.17176,378.15,704,119294.01132206222,648103.0697489729,868,4640000,,-2.2
cyclohexanol,OC1CCCCC1,100.15888,297.15,434.05,17771.764221005666,453710.9233,650.1,4260000,334.15,1.23
d-mannitol,OC[C@@H](O)[C@@H](O)[C@H](O)[C@H](O)CO,182.17176,440.65,888.2,119294.01132206222,871334.1119820984,1093.1477,6830134.6,,-3.1
myo-inositol,OC1C(O)C(O)C(O)C(O)C1O,180.15588,499.15,886.16,183252.41452013663,,850,5320000,,
cinnamyl alcohol,OC/C=C/c1ccccc1,134.1751,307.15,523.15,129658.9307554084,354073.5656,732.35854,3872293.3,,1.95
cyclopentanol,OC1CCCC1,86.1323,254.15,413.55,17821.421232220666,444880.6076039533,619.5,4900000,,
borneol,CC1(C)C2CCC1(C)C(O)C2,154.24932,480.65,486.35,61329.28171093396,259931.0672687229,730.48949,3166832.9,,2.69
formic acid,O=CO,46.02538,281.45,374.15,275500.16968898464,479611.30495375895,588,5810000,315.15,-0.54
acetic acid,CC(=O)O,60.05196,289.85,391.05,195330.8434895381,398337.0166237087,590.7,5780000,312.15,-0.17
propionic acid,CCC(=O)O,74.07854,252.15,414.65,143901.32418916462,419937.79346590536,598.5,4670000,326.15,0.33
butyric acid,CCCC(=O)O,88.10512,267.45,436.85,131547.40609853322,403243.1969198439,615.2,4060000,345.15,0.79
valeric acid,CCCCC(=O)O,102.1317,239.15,459.25,138644.51487638018,413247.5819021925,637.2,3630000,352.2156286,1.39
hexanoic acid,CCCCCC(=O)O,116.15828,270.15,478.05,184567.1268548398,395547.2417976484,655,3380000,365.2202863,1.92
octanoic acid,CCCCCCCC(=O)O,144.21143999999998,289.45,513.15,148046.50726738464,385689.4219770961,693,2870000,388.8372829,3.05
nonanoic acid,CCCCCCCCC(=O)O,158.23802,285.15,529.15,125254.34784889244,355947.91664221825,712,2350000,,3.42
decanoic acid,CCCCCCCCCC(=O)O,172.2646,304.15,543.15,161379.6450344412,346380.7598449262,722,2100000,410.251758,4.09
lauric acid,CCCCCCCCCCCC(=O)O,200.31776,316.75,572.15,181212.09023104093,274803.75131187256,743,1900000,433.8951633,4.6
tetradecanoic acid,CCCCCCCCCCCCCC(=O)O,228.37092,328.15,599.15,197485.73942776956,248634.46733976912,763,1600000,,6.1
palmitic acid,CCCCCCCCCCCCCCCC(=O)O,256.42408,334.95,624.15,209418.70981851625,231623.6910330707,785,1500000,465.15,7.17
stearic acid,CCCCCCCCCCCCCCCCCC(=O)O,284.47724,342.45,644.15,215131.44601656008,217242.07627853265,803,1300000,469,8.23
linoleic acid,CCCCC/C=C\C/C=C\CCCCCCCC(=O)O,280.44548000000003,264.65,638.35,188710.4759185279,228018.1902077312,775,1410000,,7.05
benzoic acid,O=C(O)c1ccccc1,122.12134,395.55,523.35,147558.15814009248,471629.18507459614,752,4559625,394.26,1.88
malonic acid,O=C(O)CC(=O)O,104.06146,409.15,536.65,228826.31091280092,745876.3517224747,834,6100000,,-0.81
succinic acid,O=C(O)CCC(=O)O,118.08804,460.65,507.15,274371.5620989221,703976.2575471054,851,4710000,,-0.59
glutaric acid,O=C(O)CCCC(=O)O,132.11462,370.15,546.15,153654.4555023509,612680.9304930218,840,4300000,,-0.29
adipic acid,O=C(O)CCCCC(=O)O,146.1412,426.15,610.65,248389.91331671012,527564.3579672022,841,3800000,,0.08
phthalic acid,O=C(O)c1ccccc1C(=O)O,166.13084,503.15,598,183072.57099283917,428648.6897,800,3950000,441.15,0.73
lactic acid,CC(O)C(=O)O,90.07794,291.15,505.49,158018.71135152513,651449.6044689005,675,5960000,,-0.72
malic acid,O=C(O)CC(O)C(=O)O,134.08744000000002,404.15,602,201115.03359300463,638579.8895508088,781,5070000,,-1.26
salicylic acid,O=C(O)c1ccccc1O,138.12074,432.15,529,102808.60064896842,433883.87904404354,739,5180000,401.968953,2.2
ascorbic acid,O=C1O[C@H]([C@@H](O)CO)C(O)=C1O,176.12412,464.15,637,153715.4593022239,642411.0327639942,783,5290000,,-1.85
